model,domain,sample_id,variant_type,relation,cosine,rank,negative_count,hard_negative_count,hard_set_margin,hard_negative_win_rate,hardest_sample_id,hardest_cosine,negative_percentile,negative_median,negative_p95,median_margin,hardest_margin,recall_at_1,reciprocal_rank
clip_b16,person,person::train::00197_4.png,llm_brief,information_reduced,0.9171200122259254,1,49,5,0.12182840116987159,1.0,person::train::10252_1.jpg,0.7952916110560538,1.0,0.6621475542855665,0.7660765560286364,0.25497245794035894,0.12182840116987159,1.0,1.0
clip_b16,person,person::train::00197_4.png,llm_balanced,information_reduced,0.9999999999997407,1,49,5,0.19909919932301046,1.0,person::train::11561_6.jpg,0.8009008006767302,1.0,0.6102121225699185,0.7371906394056459,0.3897878774298221,0.19909919932301046,1.0,1.0
clip_b16,person,person::train::00197_4.png,llm_detailed,information_reduced,0.9683256611330968,1,49,5,0.18242476273463915,1.0,person::train::01742_4.jpg,0.7859008983984577,1.0,0.5866990744350921,0.7119062182162816,0.38162658669800475,0.18242476273463915,1.0,1.0
clip_b16,person,person::train::00197_4.png,llm_human_description,information_reduced,0.8940042496546831,1,49,5,0.15080855219018108,1.0,person::query::26761_2.jpg,0.7499013219674646,1.0,0.6282593805506758,0.7403829771596843,0.2657448691040073,0.14410292768721844,1.0,1.0
clip_b16,person,person::query::26685_1.jpg,llm_brief,information_reduced,0.8645878206345446,1,49,5,0.050582895636054004,1.0,person::train::12462_1.jpg,0.8364619234463102,1.0,0.6325672338108779,0.7801511364584252,0.23202058682366677,0.02812589718823444,1.0,1.0
clip_b16,person,person::query::26685_1.jpg,llm_balanced,information_reduced,0.8556395996225872,2,49,5,0.006071148285213157,1.0,person::train::06597_2.jpg,0.8608700360942148,0.9795918367346939,0.7011007838634762,0.84834687005627,0.154538815759111,-0.005230436471627575,0.0,0.5
clip_b16,person,person::query::26685_1.jpg,llm_detailed,information_reduced,0.8470765045806727,4,49,5,-0.0012038081353452634,0.8,person::train::08528_6.jpg,0.8522650072828005,0.9387755102040817,0.6993267995093082,0.8473750359361168,0.14774970507136453,-0.005188502702127784,0.0,0.25
clip_b16,person,person::query::26685_1.jpg,llm_human_description,information_reduced,0.9232889917951492,1,49,5,0.056420703088629454,1.0,person::train::12050_5.jpg,0.8668682887065198,1.0,0.680879205555515,0.8164985451047503,0.24240978623963427,0.056420703088629454,1.0,1.0
clip_b16,person,person::gallery::26474_5.jpg,llm_brief,information_reduced,0.9314648754677637,1,49,5,0.117587199263951,1.0,person::gallery::26735_2.jpg,0.8138776762038127,1.0,0.61524638415184,0.7675923213812271,0.3162184913159237,0.117587199263951,1.0,1.0
clip_b16,person,person::gallery::26474_5.jpg,llm_balanced,information_reduced,0.9658597649335262,1,49,5,0.1405543856330419,1.0,person::gallery::26735_2.jpg,0.8253053793004843,1.0,0.6372765022070812,0.775294632480188,0.328583262726445,0.1405543856330419,1.0,1.0
clip_b16,person,person::gallery::26474_5.jpg,llm_detailed,information_reduced,0.9545163570195179,1,49,5,0.10112124398768663,1.0,person::gallery::15194_3.png,0.8533951130318312,1.0,0.6679187244590992,0.7845735536138015,0.2865976325604187,0.10112124398768663,1.0,1.0
clip_b16,person,person::gallery::26474_5.jpg,llm_human_description,information_reduced,0.5102724310974982,27,49,5,-0.07661022758176317,0.4,person::train::05158_3.jpg,0.7429632943397225,0.46938775510204084,0.518633380775136,0.6736354259050192,-0.008360949677637786,-0.23269086324222432,0.0,0.037037037037037035
clip_b16,person,person::train::03736_1.jpg,llm_brief,information_reduced,0.8660108313504133,1,49,5,0.11303802762400927,1.0,person::train::02167_1.jpg,0.7529728037264041,1.0,0.5660286911184649,0.6648070164242276,0.29998214023194847,0.11303802762400927,1.0,1.0
clip_b16,person,person::train::03736_1.jpg,llm_balanced,information_reduced,0.9665496585621483,1,49,5,0.11831636052033179,1.0,person::train::02167_1.jpg,0.8482332980418165,1.0,0.6855984740041641,0.7894362009768027,0.2809511845579842,0.11831636052033179,1.0,1.0
clip_b16,person,person::train::03736_1.jpg,llm_detailed,information_reduced,0.9666071843889324,1,49,5,0.12019736063564757,1.0,person::train::02167_1.jpg,0.8464098237532849,1.0,0.6862984571415328,0.7765811880490299,0.28030872724739964,0.12019736063564757,1.0,1.0
clip_b16,person,person::train::03736_1.jpg,llm_human_description,information_reduced,0.9414565206058843,1,49,5,0.11328635612999738,1.0,person::train::02167_1.jpg,0.8281701644758869,1.0,0.6748729034242711,0.7739085438163762,0.26658361718161316,0.11328635612999738,1.0,1.0
clip_b16,person,person::query::14604_1.png,llm_brief,information_reduced,0.9718114239800069,1,49,5,0.0947878106222203,1.0,person::train::06085_7.jpg,0.8770236133577866,1.0,0.7231419221611699,0.8178083274656435,0.24866950181883696,0.0947878106222203,1.0,1.0
clip_b16,person,person::query::14604_1.png,llm_balanced,information_reduced,0.9882464643129544,1,49,5,0.15376728201219392,1.0,person::train::06085_7.jpg,0.8344791823007605,1.0,0.6932909273130778,0.7914507887940885,0.29495553699987653,0.15376728201219392,1.0,1.0
clip_b16,person,person::query::14604_1.png,llm_detailed,information_reduced,0.9817087838929229,1,49,5,0.12185416138423444,1.0,person::train::06085_7.jpg,0.8598546225086885,1.0,0.7249050244399686,0.811019382432384,0.2568037594529543,0.12185416138423444,1.0,1.0
clip_b16,person,person::query::14604_1.png,llm_human_description,information_reduced,0.9636010981827471,1,49,5,0.12611718590784393,1.0,person::train::06085_7.jpg,0.8374839122749032,1.0,0.7000661611720493,0.7833006286389349,0.26353493701069775,0.12611718590784393,1.0,1.0
clip_b16,vehicle,vehicle::train_images::19666_c077_02.jpg,llm_brief,information_reduced,0.8004003237047116,1,49,5,0.11295066413845001,1.0,vehicle::train_images::05432_c163_04.jpg,0.7011011252311761,1.0,0.5369535412620263,0.6652719167615907,0.26344678244268527,0.09929919847353552,1.0,1.0
clip_b16,vehicle,vehicle::train_images::19666_c077_02.jpg,llm_balanced,information_reduced,0.8589029206202748,1,49,5,0.15463616978668615,1.0,vehicle::gallery_images::20762_c156_00.jpg,0.7042667508335887,1.0,0.5127579324949687,0.6380924125166932,0.34614498812530614,0.15463616978668615,1.0,1.0
clip_b16,vehicle,vehicle::train_images::19666_c077_02.jpg,llm_detailed,information_reduced,0.8591207766543537,1,49,5,0.16692631873377195,1.0,vehicle::gallery_images::20762_c156_00.jpg,0.6921944579205818,1.0,0.5220809003179698,0.6489630346056375,0.3370398763363839,0.16692631873377195,1.0,1.0
clip_b16,vehicle,vehicle::train_images::19666_c077_02.jpg,llm_human_description,information_reduced,0.8839083588826648,1,49,5,0.09602493916382715,1.0,vehicle::gallery_images::20762_c156_00.jpg,0.7878834197188377,1.0,0.6887519225906336,0.7732563153667023,0.19515643629203128,0.09602493916382715,1.0,1.0
clip_b16,vehicle,vehicle::query_images::20204_c041_01.jpg,llm_brief,information_reduced,0.8612421225480135,2,49,5,-0.05079076805036886,0.8,vehicle::train_images::16253_c139_00.jpg,0.9120328905983823,0.9795918367346939,0.7602068895893307,0.8215437843174871,0.10103523295868277,-0.05079076805036886,0.0,0.5
clip_b16,vehicle,vehicle::query_images::20204_c041_01.jpg,llm_balanced,information_reduced,0.8761942169186725,1,49,5,0.030245573564058992,1.0,vehicle::train_images::16253_c139_00.jpg,0.8459486433546135,1.0,0.739756911324048,0.8232640075842644,0.13643730559462453,0.030245573564058992,1.0,1.0
clip_b16,vehicle,vehicle::query_images::20204_c041_01.jpg,llm_detailed,information_reduced,0.9164983041621522,1,49,5,0.05111571393776382,1.0,vehicle::train_images::08854_c110_02.jpg,0.8653825902243883,1.0,0.7743821140017583,0.8551158695125234,0.1421161901603939,0.05111571393776382,1.0,1.0
clip_b16,vehicle,vehicle::query_images::20204_c041_01.jpg,llm_human_description,information_reduced,0.9446246237820474,1,49,5,0.025567077774523272,1.0,vehicle::train_images::16253_c139_00.jpg,0.9190575460075241,1.0,0.8173703278947974,0.8974683614590495,0.12725429588725,0.025567077774523272,1.0,1.0
clip_b16,vehicle,vehicle::gallery_images::20591_c110_03.jpg,llm_brief,information_reduced,0.8711328480419447,1,49,5,0.1290286477626147,1.0,vehicle::query_images::20949_c003_01.jpg,0.74210420027933,1.0,0.6328082436231959,0.7254348447827335,0.2383246044187488,0.1290286477626147,1.0,1.0
clip_b16,vehicle,vehicle::gallery_images::20591_c110_03.jpg,llm_balanced,information_reduced,0.9047373446543194,1,49,5,0.1564878301954823,1.0,vehicle::train_images::12849_c170_02.jpg,0.7537758441108128,1.0,0.642858232724577,0.7473511421685329,0.26187911192974245,0.15096150054350665,1.0,1.0
clip_b16,vehicle,vehicle::gallery_images::20591_c110_03.jpg,llm_detailed,information_reduced,0.8914508207257138,1,49,5,0.14923912389054939,1.0,vehicle::query_images::20949_c003_01.jpg,0.7422116968351644,1.0,0.5555676322449858,0.6388225415431624,0.33588318848072796,0.14923912389054939,1.0,1.0
clip_b16,vehicle,vehicle::gallery_images::20591_c110_03.jpg,llm_human_description,information_reduced,0.8847098137428734,1,49,5,0.16349871154801465,1.0,vehicle::query_images::20949_c003_01.jpg,0.7212111021948587,1.0,0.5882613502260061,0.6506853733371227,0.29644846351686727,0.16349871154801465,1.0,1.0
clip_b16,vehicle,vehicle::train_images::13184_c012_02.jpg,llm_brief,information_reduced,0.826078721960599,2,49,5,-0.08247798950936003,0.8,vehicle::train_images::05685_c100_04.jpg,0.908556711469959,0.9795918367346939,0.7321921787418959,0.8040650346958438,0.09388654321870304,-0.08247798950936003,0.0,0.5
clip_b16,vehicle,vehicle::train_images::13184_c012_02.jpg,llm_balanced,information_reduced,0.9236546798737755,1,49,5,0.10106604177909273,1.0,vehicle::train_images::05685_c100_04.jpg,0.8225886380946827,1.0,0.5851925275792862,0.7361073849171277,0.3384621522944893,0.10106604177909273,1.0,1.0
clip_b16,vehicle,vehicle::train_images::13184_c012_02.jpg,llm_detailed,information_reduced,0.9089871678111658,1,49,5,0.09934795882506164,1.0,vehicle::train_images::09221_c139_03.jpg,0.8096392089861042,1.0,0.5138149759336944,0.7114692291305118,0.39517219187747143,0.09934795882506164,1.0,1.0
clip_b16,vehicle,vehicle::train_images::13184_c012_02.jpg,llm_human_description,information_reduced,0.8459806249359956,2,49,5,-0.014560392697660407,0.8,vehicle::train_images::05685_c100_04.jpg,0.860541017633656,0.9795918367346939,0.7419445870420394,0.8029908005703978,0.10403603789395621,-0.014560392697660407,0.0,0.5
clip_b16,vehicle,vehicle::query_images::21022_c078_01.jpg,llm_brief,information_reduced,0.8135400155684442,1,49,5,0.035724610710685334,1.0,vehicle::train_images::19520_c034_01.jpg,0.7778154048577589,1.0,0.647912982297104,0.7399500436142025,0.1656270332713402,0.035724610710685334,1.0,1.0
clip_b16,vehicle,vehicle::query_images::21022_c078_01.jpg,llm_balanced,information_reduced,0.8500380520580849,1,49,5,0.052373954842026005,1.0,vehicle::train_images::19520_c034_01.jpg,0.7976640972160589,1.0,0.6764054395160031,0.7656726268879344,0.17363261254208184,0.052373954842026005,1.0,1.0
clip_b16,vehicle,vehicle::query_images::21022_c078_01.jpg,llm_detailed,information_reduced,0.8692361472297891,1,49,5,0.05190709952397532,1.0,vehicle::train_images::19520_c034_01.jpg,0.8173290477058138,1.0,0.6866084545240384,0.783530390667414,0.18262769270575074,0.05190709952397532,1.0,1.0
clip_b16,vehicle,vehicle::query_images::21022_c078_01.jpg,llm_human_description,information_reduced,0.9170255390487039,1,49,5,0.043102083876091934,1.0,vehicle::train_images::19520_c034_01.jpg,0.8739234551726119,1.0,0.7423339740659052,0.8426760242464217,0.1746915649827987,0.043102083876091934,1.0,1.0
clip_b16,face,face::train::170623.jpg,llm_brief,information_reduced,0.8528210443747433,8,49,5,-0.05316845694378025,0.2,face::train::141457.jpg,0.9059895013185235,0.8571428571428571,0.7827831131087593,0.874251261078472,0.07003793126598401,-0.05316845694378025,0.0,0.125
clip_b16,face,face::train::170623.jpg,llm_balanced,information_reduced,0.8933866720268989,5,49,5,-0.027281137130594324,0.4,face::train::141457.jpg,0.9206678091574932,0.9183673469387755,0.8317395024386904,0.9007259887837089,0.061647169588208484,-0.027281137130594324,0.0,0.2
clip_b16,face,face::train::170623.jpg,llm_detailed,information_reduced,0.9770531321450253,1,49,5,0.01769321679407443,1.0,face::train::157804.jpg,0.9603133501777813,1.0,0.9035118180526212,0.9582095180553393,0.07354131409240416,0.016739781967244016,1.0,1.0
clip_b16,face,face::train::170623.jpg,llm_human_description,information_reduced,0.8118434824421963,4,49,5,-0.0068166730215855065,0.4,face::train::141457.jpg,0.8186601554637818,0.9387755102040817,0.7342652362829667,0.8120348874001925,0.07757824615922959,-0.0068166730215855065,0.0,0.25
clip_b16,face,face::test::189457.jpg,llm_brief,information_reduced,0.8394530454719673,13,49,5,-0.021567588925027747,0.6,face::train::008309.jpg,0.8883759539614542,0.7551020408163265,0.8086471479941784,0.8830577639547671,0.030805897477788946,-0.04892290848948688,0.0,0.07692307692307693
clip_b16,face,face::test::189457.jpg,llm_balanced,information_reduced,0.8630567906637814,15,49,5,-0.01967411139362829,0.4,face::train::032580.jpg,0.9042125976646251,0.7142857142857143,0.8246496055320652,0.8855659443343544,0.03840718513171615,-0.04115580700084376,0.0,0.06666666666666667
clip_b16,face,face::test::189457.jpg,llm_detailed,information_reduced,0.8949222946036853,7,49,5,-0.0006658563469003065,0.8,face::train::092618.jpg,0.9125790414297857,0.8775510204081632,0.8510011272402882,0.9051058541644483,0.04392116736339713,-0.01765674682610041,0.0,0.14285714285714285
clip_b16,face,face::test::189457.jpg,llm_human_description,information_reduced,0.7783491317191982,19,49,5,-0.03266815143570101,0.2,face::train::157804.jpg,0.8578748685880759,0.6326530612244898,0.7559923176843644,0.828799267628634,0.022356814034833805,-0.07952573686887776,0.0,0.05263157894736842
clip_b16,face,face::train::081413.jpg,llm_brief,information_reduced,0.7419566785078078,3,49,5,-0.003131503010388892,0.8,face::train::008309.jpg,0.7718816447617003,0.9591836734693877,0.6318752065883348,0.7319237900096613,0.11008147191947293,-0.029924966253892515,0.0,0.3333333333333333
clip_b16,face,face::train::081413.jpg,llm_balanced,information_reduced,0.8275518194611559,2,49,5,-0.004137009510459144,0.8,face::train::141457.jpg,0.831688828971615,0.9795918367346939,0.7215334731381619,0.8216840640620682,0.106018346322994,-0.004137009510459144,0.0,0.5
clip_b16,face,face::train::081413.jpg,llm_detailed,information_reduced,0.9143713259803847,2,49,5,-0.007332346824423519,0.8,face::train::157804.jpg,0.9217036728048082,0.9795918367346939,0.868684399753743,0.9037529477042563,0.04568692622664172,-0.007332346824423519,0.0,0.5
clip_b16,face,face::train::081413.jpg,llm_human_description,information_reduced,0.83425816709533,1,49,5,0.004137994851200588,1.0,face::train::157804.jpg,0.8301201722441294,1.0,0.7375827172343314,0.8282818793761872,0.09667544986099852,0.004137994851200588,1.0,1.0
clip_b16,face,face::test::186223.jpg,llm_brief,information_reduced,0.7788789882763274,13,49,5,-0.010118412569047885,0.8,face::train::091980.jpg,0.8634509948659161,0.7551020408163265,0.7238844908143773,0.8180164740001618,0.054994497461950065,-0.08457200658958874,0.0,0.07692307692307693
clip_b16,face,face::test::186223.jpg,llm_balanced,information_reduced,0.6318577321687906,10,49,5,-0.024007711982404478,0.6,face::train::091980.jpg,0.7030030083978932,0.8163265306122449,0.5766381528164054,0.6768693756348902,0.055219579352385195,-0.0711452762291026,0.0,0.1
clip_b16,face,face::test::186223.jpg,llm_detailed,information_reduced,0.7385362381867898,13,49,5,-0.03030671779006855,0.6,face::train::082954.jpg,0.8090599960621498,0.7551020408163265,0.6875009536202834,0.7836559752288863,0.05103528456650641,-0.07052375787536003,0.0,0.07692307692307693
clip_b16,face,face::test::186223.jpg,llm_human_description,information_reduced,0.6169987053131338,12,49,5,-0.030856117061657362,0.6,face::train::091980.jpg,0.6710601704187598,0.7755102040816326,0.5641310242508205,0.6564775408344505,0.05286768106231332,-0.05406146510562593,0.0,0.08333333333333333
clip_b16,face,face::train::137722.jpg,llm_brief,information_reduced,0.7178699217858949,1,49,5,0.04576566294026818,1.0,face::train::178129.jpg,0.7066233818945605,1.0,0.6230856014662017,0.6879234388300434,0.0947843203196932,0.011246539891334395,1.0,1.0
clip_b16,face,face::train::137722.jpg,llm_balanced,information_reduced,0.7282275060559938,1,49,5,0.07108618310405823,1.0,face::train::178129.jpg,0.6900313241198575,1.0,0.583847968482406,0.6671562407595921,0.1443795375735878,0.038196181936136386,1.0,1.0
clip_b16,face,face::train::137722.jpg,llm_detailed,information_reduced,0.8209501628663061,1,49,5,0.06252847534842587,1.0,face::train::178129.jpg,0.7803157819302642,1.0,0.7190541702445095,0.7603622577476072,0.1018959926217966,0.04063438093604188,1.0,1.0
clip_b16,face,face::train::137722.jpg,llm_human_description,information_reduced,0.7878240781982737,1,49,5,0.06544304321341965,1.0,face::train::091980.jpg,0.7428119712571805,1.0,0.649729396330015,0.7347600578078466,0.13809468186825868,0.045012106941093255,1.0,1.0
clip_b16,person,person::train::06597_2.jpg,llm_brief,information_reduced,0.9183849604760993,1,49,5,0.04155010310810059,1.0,person::train::00233_10.png,0.8768348573679987,1.0,0.6789165698787654,0.8120133801685714,0.23946839059733394,0.04155010310810059,1.0,1.0
clip_b16,person,person::train::06597_2.jpg,llm_balanced,information_reduced,0.9944159913906957,1,49,5,0.04813444133093403,1.0,person::train::00233_10.png,0.9462815500597617,1.0,0.6914245731488566,0.8534485981503296,0.30299141824183906,0.04813444133093403,1.0,1.0
clip_b16,person,person::train::06597_2.jpg,llm_detailed,information_reduced,0.9944159913906957,1,49,5,0.04813444133093403,1.0,person::train::00233_10.png,0.9462815500597617,1.0,0.6914245731488566,0.8534485981503296,0.30299141824183906,0.04813444133093403,1.0,1.0
clip_b16,person,person::train::06597_2.jpg,llm_human_description,information_reduced,0.8978629589745669,1,49,5,0.014117152970838931,1.0,person::train::00233_10.png,0.883745806003728,1.0,0.6652062845174673,0.8173231365948005,0.2326566744570996,0.014117152970838931,1.0,1.0
clip_b16,person,person::train::10977_1.jpg,llm_brief,information_reduced,0.9283418726910702,1,49,5,0.18364205068616468,1.0,person::train::09634_1.jpg,0.7446998220049055,1.0,0.5912209265967535,0.6959481451893199,0.33712094609431664,0.18364205068616468,1.0,1.0
clip_b16,person,person::train::10977_1.jpg,llm_balanced,information_reduced,0.9894987091049383,1,49,5,0.24836885742301296,1.0,person::train::09634_1.jpg,0.7411298516819254,1.0,0.5984308164500467,0.7144306733548421,0.3910678926548916,0.24836885742301296,1.0,1.0
clip_b16,person,person::train::10977_1.jpg,llm_detailed,information_reduced,0.9999999999996846,1,49,5,0.2604693476993366,1.0,person::train::09634_1.jpg,0.739530652300348,1.0,0.600347092141182,0.7123118150611961,0.3996529078585026,0.2604693476993366,1.0,1.0
clip_b16,person,person::train::10977_1.jpg,llm_human_description,information_reduced,0.9252404087070082,1,49,5,0.18166680632316112,1.0,person::train::09634_1.jpg,0.7435736023838471,1.0,0.6124018734247011,0.7348596392477229,0.3128385352823071,0.18166680632316112,1.0,1.0
clip_b16,person,person::train::12050_5.jpg,llm_brief,information_reduced,0.8767855345101871,1,49,5,0.05950719075523658,1.0,person::gallery::15309_3.png,0.8172783437549506,1.0,0.6284441726856396,0.7664105534025667,0.24834136182454758,0.05950719075523658,1.0,1.0
clip_b16,person,person::train::12050_5.jpg,llm_balanced,information_reduced,0.954906881946655,1,49,5,0.06343150844079226,1.0,person::gallery::15309_3.png,0.8914753735058627,1.0,0.6742404259114287,0.8478444401354689,0.2806664560352262,0.06343150844079226,1.0,1.0
clip_b16,person,person::train::12050_5.jpg,llm_detailed,information_reduced,0.9559008863098002,1,49,5,0.08111295904308757,1.0,person::gallery::15309_3.png,0.8747879272667126,1.0,0.6529681720265692,0.8277025626201697,0.302932714283231,0.08111295904308757,1.0,1.0
clip_b16,person,person::train::12050_5.jpg,llm_human_description,information_reduced,0.6983537385613908,2,49,5,-0.022282270330795995,0.8,person::query::26685_1.jpg,0.7206360088921868,0.9795918367346939,0.46536100919603973,0.660681261763172,0.2329927293653511,-0.022282270330795995,0.0,0.5
clip_b16,person,person::train::08529_4.jpg,llm_brief,information_reduced,0.9260752263370905,1,49,5,0.07195711298076712,1.0,person::train::08528_6.jpg,0.8541181133563234,1.0,0.7151162829304798,0.7811657760512937,0.2109589434066107,0.07195711298076712,1.0,1.0
clip_b16,person,person::train::08529_4.jpg,llm_balanced,information_reduced,0.9631807882313792,1,49,5,0.08878725013571476,1.0,person::train::08528_6.jpg,0.8743935380956644,1.0,0.7242357687134086,0.804850362429614,0.23894501951797065,0.08878725013571476,1.0,1.0
clip_b16,person,person::train::08529_4.jpg,llm_detailed,information_reduced,0.9973974291948957,1,49,5,0.16111431039138147,1.0,person::train::08528_6.jpg,0.8362831188035142,1.0,0.703235074178941,0.7825918027860075,0.29416235501595467,0.16111431039138147,1.0,1.0
clip_b16,person,person::train::08529_4.jpg,llm_human_description,information_reduced,0.9256959363341389,1,49,5,0.07000992688737717,1.0,person::train::08528_6.jpg,0.8556860094467618,1.0,0.7232919226829142,0.8071133749129142,0.20240401365122473,0.07000992688737717,1.0,1.0
clip_b16,person,person::train::01742_4.jpg,llm_brief,information_reduced,0.9548828598209842,1,49,5,0.1459664538052261,1.0,person::train::00197_4.png,0.8089164060157581,1.0,0.6082611894803347,0.7214623315546668,0.3466216703406495,0.1459664538052261,1.0,1.0
clip_b16,person,person::train::01742_4.jpg,llm_balanced,information_reduced,0.9706626087423379,1,49,5,0.15710442271268976,1.0,person::train::00197_4.png,0.8135581860296481,1.0,0.5978316459964523,0.7482795383241044,0.37283096274588556,0.15710442271268976,1.0,1.0
clip_b16,person,person::train::01742_4.jpg,llm_detailed,information_reduced,0.9536905455512014,1,49,5,0.18057154029610023,1.0,person::train::00197_4.png,0.7731190052551011,1.0,0.6229523333028723,0.7304740466322539,0.3307382122483291,0.18057154029610023,1.0,1.0
clip_b16,person,person::train::01742_4.jpg,llm_human_description,information_reduced,0.918568979855861,1,49,5,0.15260847582563142,1.0,person::query::26761_2.jpg,0.7696079176045806,1.0,0.6352394360273937,0.7440325555297534,0.2833295438284672,0.14896106225128036,1.0,1.0
clip_b16,person,person::train::05158_3.jpg,llm_brief,information_reduced,0.82661614492887,3,49,5,-0.018852130178046878,0.6,person::query::26761_2.jpg,0.8454682751069169,0.9591836734693877,0.6640529461980741,0.8083066204260708,0.16256319873079594,-0.018852130178046878,0.0,0.3333333333333333
clip_b16,person,person::train::05158_3.jpg,llm_balanced,information_reduced,0.8348790113650423,4,49,5,-0.0360545711871354,0.6,person::query::26761_2.jpg,0.8709335825521777,0.9387755102040817,0.693438399353983,0.8416175469774033,0.14144061201105929,-0.0360545711871354,0.0,0.25
clip_b16,person,person::train::05158_3.jpg,llm_detailed,information_reduced,0.8232172326801256,5,49,5,-0.05631709518669792,0.4,person::query::26761_2.jpg,0.8795343278668235,0.9183673469387755,0.7203827028781281,0.8371481572015779,0.10283452980199748,-0.05631709518669792,0.0,0.2
clip_b16,person,person::train::05158_3.jpg,llm_human_description,information_reduced,0.9092343041936461,1,49,5,0.08148561316694025,1.0,person::train::01108_7.png,0.8277486910267059,1.0,0.5599035839804019,0.7619635110291044,0.3493307202132443,0.08148561316694025,1.0,1.0
clip_b16,person,person::train::02167_1.jpg,llm_brief,information_reduced,0.9459005364327014,1,49,5,0.0819080092012473,1.0,person::train::03736_1.jpg,0.8639925272314541,1.0,0.6769551383727552,0.8041697578246324,0.2689453980599462,0.0819080092012473,1.0,1.0
clip_b16,person,person::train::02167_1.jpg,llm_balanced,information_reduced,0.9411360595728356,1,49,5,0.06989831214063214,1.0,person::train::03736_1.jpg,0.8712377474322035,1.0,0.6752264976869748,0.7838259799679071,0.2659095618858608,0.06989831214063214,1.0,1.0
clip_b16,person,person::train::02167_1.jpg,llm_detailed,information_reduced,0.9420372793228655,1,49,5,0.06688604409897103,1.0,person::train::03736_1.jpg,0.8751512352238945,1.0,0.6933801580004134,0.8054522081518889,0.2486571213224521,0.06688604409897103,1.0,1.0
clip_b16,person,person::train::02167_1.jpg,llm_human_description,information_reduced,0.9169012967103346,1,49,5,0.05921281326738592,1.0,person::train::03736_1.jpg,0.8576884834429487,1.0,0.7076155654275957,0.7969928334197935,0.20928573128273886,0.05921281326738592,1.0,1.0
clip_b16,person,person::train::00233_10.png,llm_brief,information_reduced,0.9311170229497975,1,49,5,0.04771036119245631,1.0,person::train::06597_2.jpg,0.8834066617573412,1.0,0.71971148264502,0.8242044929942068,0.21140554030477743,0.04771036119245631,1.0,1.0
clip_b16,person,person::train::00233_10.png,llm_balanced,information_reduced,0.9864951286876115,1,49,5,0.02979275667888981,1.0,person::train::06597_2.jpg,0.9567023720087217,1.0,0.7264563819384788,0.8512228534216351,0.26003874674913263,0.02979275667888981,1.0,1.0
clip_b16,person,person::train::00233_10.png,llm_detailed,information_reduced,0.9752354343802432,1,49,5,0.018734675263572198,1.0,person::train::06597_2.jpg,0.956500759116671,1.0,0.7253273674247176,0.8548221855593908,0.2499080669555256,0.018734675263572198,1.0,1.0
clip_b16,person,person::train::00233_10.png,llm_human_description,information_reduced,0.9380863531926291,2,49,5,-0.012034411513850984,0.8,person::train::06597_2.jpg,0.9501207647064801,0.9795918367346939,0.694936292574412,0.8147813063566484,0.2431500606182171,-0.012034411513850984,0.0,0.5
clip_b16,person,person::train::01108_7.png,llm_brief,information_reduced,0.9074735317062658,1,49,5,0.06256445395361332,1.0,person::query::26761_2.jpg,0.8449090777526524,1.0,0.7140920826936142,0.8294835929919664,0.19338144901265153,0.06256445395361332,1.0,1.0
clip_b16,person,person::train::01108_7.png,llm_balanced,information_reduced,0.8888662646109896,1,49,5,0.03667306587596053,1.0,person::query::26761_2.jpg,0.8521931987350291,1.0,0.728065167966026,0.8225767116932579,0.16080109664496356,0.03667306587596053,1.0,1.0
clip_b16,person,person::train::01108_7.png,llm_detailed,information_reduced,0.8980717105758225,1,49,5,0.02026593552280842,1.0,person::query::26761_2.jpg,0.877805775053014,1.0,0.7325889655853364,0.8372530923003536,0.1654827449904861,0.02026593552280842,1.0,1.0
clip_b16,person,person::train::01108_7.png,llm_human_description,information_reduced,0.8638062854291513,2,49,5,-0.0026850414348714713,0.8,person::query::26761_2.jpg,0.8664913268640227,0.9795918367346939,0.7156842869029186,0.8008058490854475,0.14812199852623265,-0.0026850414348714713,0.0,0.5
clip_b16,person,person::train::06085_7.jpg,llm_brief,information_reduced,0.8401550895624836,3,49,5,-0.05529411932863837,0.6,person::gallery::15309_3.png,0.895449208891122,0.9591836734693877,0.6903657393817508,0.8120383268942494,0.1497893501807328,-0.05529411932863837,0.0,0.3333333333333333
clip_b16,person,person::train::06085_7.jpg,llm_balanced,information_reduced,0.9406246259562296,1,49,5,0.06716140572404006,1.0,person::gallery::15309_3.png,0.8734632202321896,1.0,0.7534499300454418,0.8576822350464018,0.18717469591078784,0.06716140572404006,1.0,1.0
clip_b16,person,person::train::06085_7.jpg,llm_detailed,information_reduced,0.946484151233284,1,49,5,0.07951556798692094,1.0,person::query::14604_1.png,0.8680248138019117,1.0,0.7473113378183766,0.8488612889889791,0.19917281341490745,0.07845933743137234,1.0,1.0
clip_b16,person,person::train::06085_7.jpg,llm_human_description,information_reduced,0.9143224179580283,1,49,5,0.06837806936271407,1.0,person::gallery::15309_3.png,0.8459443485953142,1.0,0.7234614594374095,0.8047511226022074,0.1908609585206188,0.06837806936271407,1.0,1.0
clip_b16,person,person::train::12462_1.jpg,llm_brief,information_reduced,0.9448943870254407,1,49,5,0.1660983656250572,1.0,person::train::06597_2.jpg,0.7787960214003835,1.0,0.6172160516593624,0.7513340813955897,0.32767833536607827,0.1660983656250572,1.0,1.0
clip_b16,person,person::train::12462_1.jpg,llm_balanced,information_reduced,0.9985367187679473,1,49,5,0.15915221018471826,1.0,person::train::06597_2.jpg,0.839384508583229,1.0,0.6135137635504272,0.7815289023328001,0.38502295521752006,0.15915221018471826,1.0,1.0
clip_b16,person,person::train::12462_1.jpg,llm_detailed,information_reduced,0.9813503691434365,1,49,5,0.12945897932112882,1.0,person::train::06597_2.jpg,0.8518913898223077,1.0,0.6530065188435995,0.8138781287889009,0.32834385029983704,0.12945897932112882,1.0,1.0
clip_b16,person,person::train::12462_1.jpg,llm_human_description,information_reduced,0.9268199140205136,1,49,5,0.09364242464259753,1.0,person::gallery::15309_3.png,0.833177489377916,1.0,0.6379065961757571,0.8021203577400222,0.2889133178447565,0.09364242464259753,1.0,1.0
clip_b16,person,person::train::01924_2.jpg,llm_brief,information_reduced,0.8848506777907879,1,49,5,0.14026783918106556,1.0,person::train::03736_1.jpg,0.7775533466207233,1.0,0.6483714658662816,0.7448060210280608,0.23647921192450627,0.10729733117006457,1.0,1.0
clip_b16,person,person::train::01924_2.jpg,llm_balanced,information_reduced,0.9632183461657715,1,49,5,0.20036120791121848,1.0,person::gallery::26474_5.jpg,0.762857138254553,1.0,0.6180579662496366,0.712684851486411,0.3451603799161349,0.20036120791121848,1.0,1.0
clip_b16,person,person::train::01924_2.jpg,llm_detailed,information_reduced,0.9714116988870091,1,49,5,0.19430055005832947,1.0,person::gallery::26474_5.jpg,0.7771111488286796,1.0,0.6563865826141744,0.7465705941027235,0.3150251162728347,0.19430055005832947,1.0,1.0
clip_b16,person,person::train::01924_2.jpg,llm_human_description,information_reduced,0.7279979647601991,1,49,5,0.08524366593198174,1.0,person::train::01108_7.png,0.7189933120857916,1.0,0.5458828463103216,0.6977141936511775,0.1821151184498775,0.00900465267440742,1.0,1.0
clip_b16,person,person::train::00969_2.png,llm_brief,information_reduced,0.7477486242342407,2,49,5,0.03521891547570111,1.0,person::train::08924_1.jpg,0.7658286019649624,0.9795918367346939,0.6117489994289445,0.7042271192694919,0.13599962480529626,-0.018079977730721675,0.0,0.5
clip_b16,person,person::train::00969_2.png,llm_balanced,information_reduced,0.925418621461602,1,49,5,0.12319288711076859,1.0,person::train::03736_1.jpg,0.8022257343508334,1.0,0.6619252002227489,0.7609979016473364,0.2634934212388531,0.12319288711076859,1.0,1.0
clip_b16,person,person::train::00969_2.png,llm_detailed,information_reduced,0.9437365289316091,1,49,5,0.10928959409760863,1.0,person::train::03736_1.jpg,0.8344469348340005,1.0,0.6926021222704543,0.7868319570281708,0.25113440666115483,0.10928959409760863,1.0,1.0
clip_b16,person,person::train::00969_2.png,llm_human_description,information_reduced,0.7455003015198134,2,49,5,0.10794385493804226,1.0,person::train::05158_3.jpg,0.7490947217711593,0.9795918367346939,0.5298364457189089,0.6619167265730812,0.21566385580090452,-0.003594420251345931,0.0,0.5
clip_b16,person,person::train::09634_1.jpg,llm_brief,information_reduced,0.8894587143770902,1,49,5,0.17565851215700112,1.0,person::train::01287_5.jpg,0.7184820845081334,1.0,0.5878640092885395,0.7013719855225912,0.3015947050885507,0.1709766298689568,1.0,1.0
clip_b16,person,person::train::09634_1.jpg,llm_balanced,information_reduced,0.9425131776614084,1,49,5,0.23240806251237522,1.0,person::train::10977_1.jpg,0.7101051151490332,1.0,0.6049920596004199,0.7015024049025101,0.3375211180609885,0.23240806251237522,1.0,1.0
clip_b16,person,person::train::09634_1.jpg,llm_detailed,information_reduced,0.9636994221335309,1,49,5,0.23433347526982296,1.0,person::train::10252_1.jpg,0.7293659468637079,1.0,0.5932610222423718,0.7165204795893544,0.3704383998911591,0.23433347526982296,1.0,1.0
clip_b16,person,person::train::09634_1.jpg,llm_human_description,information_reduced,0.9399594422775386,1,49,5,0.17275288965594127,1.0,person::train::09751_6.jpg,0.7672065526215973,1.0,0.6244983061508176,0.718146801473906,0.315461136126721,0.17275288965594127,1.0,1.0
clip_b16,person,person::train::11561_6.jpg,llm_brief,information_reduced,0.8646536021549817,1,49,5,0.09154737273758584,1.0,person::train::00197_4.png,0.7731062294173958,1.0,0.6419508798838839,0.7628883687323474,0.22270272227109777,0.09154737273758584,1.0,1.0
clip_b16,person,person::train::11561_6.jpg,llm_balanced,information_reduced,0.9671188058432085,1,49,5,0.1349114974352802,1.0,person::train::00197_4.png,0.8322073084079283,1.0,0.6461254340068494,0.7928596264717017,0.3209933718363591,0.1349114974352802,1.0,1.0
clip_b16,person,person::train::11561_6.jpg,llm_detailed,information_reduced,0.9751251516544579,1,49,5,0.16958527145935942,1.0,person::train::00197_4.png,0.8055398801950985,1.0,0.625663443556864,0.7687317021130536,0.3494617080975939,0.16958527145935942,1.0,1.0
clip_b16,person,person::train::11561_6.jpg,llm_human_description,information_reduced,0.4715127221835753,29,49,5,-0.23653583847470627,0.6,person::train::05158_3.jpg,0.7666732170132051,0.42857142857142855,0.4934541865796457,0.6976245896282155,-0.021941464396070365,-0.2951604948296298,0.0,0.034482758620689655
clip_b16,person,person::train::08528_6.jpg,llm_brief,information_reduced,0.9266946583635791,1,49,5,0.061389779785254284,1.0,person::gallery::15309_3.png,0.8653048785783248,1.0,0.7237688928197645,0.8330807694209966,0.20292576554381458,0.061389779785254284,1.0,1.0
clip_b16,person,person::train::08528_6.jpg,llm_balanced,information_reduced,0.9537051537949305,1,49,5,0.11652348330641626,1.0,person::train::08529_4.jpg,0.8371816704885142,1.0,0.7445149152028672,0.8331714477255108,0.20919023859206332,0.11652348330641626,1.0,1.0
clip_b16,person,person::train::08528_6.jpg,llm_detailed,information_reduced,0.9639940768827044,1,49,5,0.13232834329855203,1.0,person::query::27100_1.jpg,0.8316657335841524,1.0,0.7288808227929262,0.80970802997975,0.23511325408977823,0.13232834329855203,1.0,1.0
clip_b16,person,person::train::08528_6.jpg,llm_human_description,information_reduced,0.7598914551635159,6,49,5,0.0026570299557181487,1.0,person::train::01108_7.png,0.8007914856803774,0.8979591836734694,0.6383219807440468,0.785545004816666,0.12156947441946908,-0.04090003051686153,0.0,0.16666666666666666
clip_b16,person,person::train::01287_5.jpg,llm_brief,information_reduced,0.9071294542876884,1,49,5,0.17473757542912471,1.0,person::train::01742_4.jpg,0.7323918788585637,1.0,0.554438762408091,0.6707848849592809,0.35269069187959745,0.17473757542912471,1.0,1.0
clip_b16,person,person::train::01287_5.jpg,llm_balanced,information_reduced,0.9653197600717154,1,49,5,0.1857216522990719,1.0,person::train::01742_4.jpg,0.7795981077726435,1.0,0.6283570029093641,0.7502995137774815,0.33696275716235125,0.1857216522990719,1.0,1.0
clip_b16,person,person::train::01287_5.jpg,llm_detailed,information_reduced,0.9574140350476472,1,49,5,0.17667432610312006,1.0,person::train::01742_4.jpg,0.7807397089445272,1.0,0.6086570918255548,0.7363483533207217,0.3487569432220924,0.17667432610312006,1.0,1.0
clip_b16,person,person::train::01287_5.jpg,llm_human_description,information_reduced,0.6510446997787501,7,49,5,-0.016696263278221712,0.8,person::train::03720_4.jpg,0.7159763625320266,0.8775510204081632,0.5517681432735342,0.6845872755771746,0.09927655650521594,-0.06493166275327644,0.0,0.14285714285714285
clip_b16,person,person::train::10252_1.jpg,llm_brief,information_reduced,0.9003499607374746,1,49,5,0.09089065141132757,1.0,person::train::08924_1.jpg,0.8094593093261471,1.0,0.6634836768186374,0.7318791536918122,0.23686628391883724,0.09089065141132757,1.0,1.0
clip_b16,person,person::train::10252_1.jpg,llm_balanced,information_reduced,0.9569673423171795,1,49,5,0.07564866379265978,1.0,person::train::08924_1.jpg,0.8813186785245197,1.0,0.7112208890664065,0.7503365484515847,0.24574645325077304,0.07564866379265978,1.0,1.0
clip_b16,person,person::train::10252_1.jpg,llm_detailed,information_reduced,0.9253831573251052,1,49,5,0.03851244176299995,1.0,person::train::08924_1.jpg,0.8868707155621053,1.0,0.7160213137395712,0.7806189672787031,0.209361843585534,0.03851244176299995,1.0,1.0
clip_b16,person,person::train::10252_1.jpg,llm_human_description,information_reduced,0.7012060242713419,10,49,5,-0.05357922674243054,0.8,person::train::01108_7.png,0.7842925431791168,0.8163265306122449,0.6212928972566637,0.7628596325133081,0.07991312701467823,-0.08308651890777485,0.0,0.1
clip_b16,person,person::train::08924_1.jpg,llm_brief,information_reduced,0.8080604475338476,1,49,5,0.046035744645342436,1.0,person::train::06597_2.jpg,0.7827929933492341,1.0,0.643835201793131,0.7565526751912467,0.16422524574071662,0.025267454184613514,1.0,1.0
clip_b16,person,person::train::08924_1.jpg,llm_balanced,information_reduced,0.9757542344316352,1,49,5,0.12761828943638576,1.0,person::query::27008_3.jpg,0.8481359449952495,1.0,0.6805285156625837,0.751455400992485,0.29522571876905157,0.12761828943638576,1.0,1.0
clip_b16,person,person::train::08924_1.jpg,llm_detailed,information_reduced,0.9631459775276044,1,49,5,0.1270517786803116,1.0,person::train::10252_1.jpg,0.8360941988472929,1.0,0.6552745640698834,0.730168888982078,0.30787141345772107,0.1270517786803116,1.0,1.0
clip_b16,person,person::train::08924_1.jpg,llm_human_description,information_reduced,0.9238010922499014,1,49,5,0.12441533751365463,1.0,person::query::27008_3.jpg,0.7993857547362467,1.0,0.678854494365459,0.7610524697584978,0.2449465978844424,0.12441533751365463,1.0,1.0
clip_b16,person,person::train::02319_1.jpg,llm_brief,information_reduced,0.908724439342717,1,49,5,0.14295525122861408,1.0,person::query::26761_2.jpg,0.7657691881141029,1.0,0.6459663973996597,0.738749323752752,0.2627580419430573,0.14295525122861408,1.0,1.0
clip_b16,person,person::train::02319_1.jpg,llm_balanced,information_reduced,0.8975362602357502,1,49,5,0.09570194290731615,1.0,person::query::26761_2.jpg,0.801834317328434,1.0,0.6929109082039822,0.7719665168184057,0.20462535203176802,0.09570194290731615,1.0,1.0
clip_b16,person,person::train::02319_1.jpg,llm_detailed,information_reduced,0.9215149041243579,1,49,5,0.14195623640113608,1.0,person::train::01924_2.jpg,0.7990468978613432,1.0,0.67754644000513,0.7783095836365969,0.2439684641192279,0.12246800626301468,1.0,1.0
clip_b16,person,person::train::02319_1.jpg,llm_human_description,information_reduced,0.9366362488000506,1,49,5,0.09436597216046017,1.0,person::query::26761_2.jpg,0.8422702766395904,1.0,0.658232051336333,0.77289209315563,0.2784041974637176,0.09436597216046017,1.0,1.0
clip_b16,person,person::train::09715_3.jpg,llm_brief,information_reduced,0.9784694272272879,1,49,5,0.20583849136418042,1.0,person::query::14604_1.png,0.7726309358631075,1.0,0.613718419822311,0.7105619024854456,0.3647510074049769,0.20583849136418042,1.0,1.0
clip_b16,person,person::train::09715_3.jpg,llm_balanced,information_reduced,0.9884709294761623,1,49,5,0.20401099751111906,1.0,person::query::14604_1.png,0.7844599319650433,1.0,0.6204033937760598,0.7204563818254935,0.36806753570010253,0.20401099751111906,1.0,1.0
clip_b16,person,person::train::09715_3.jpg,llm_detailed,information_reduced,0.982281103990293,1,49,5,0.2008507092439482,1.0,person::query::14604_1.png,0.7814303947463448,1.0,0.6341821396679383,0.7311739789545887,0.34809896432235465,0.2008507092439482,1.0,1.0
clip_b16,person,person::train::09715_3.jpg,llm_human_description,information_reduced,0.7669093474590059,2,49,5,0.012855048903836597,1.0,person::train::05158_3.jpg,0.832848242291639,0.9795918367346939,0.5472601065817885,0.7012761048135544,0.21964924087721738,-0.06593889483263315,0.0,0.5
clip_b16,person,person::train::13508_2.jpg,llm_brief,information_reduced,0.9393391373748348,1,49,5,0.27572516175736606,1.0,person::train::00233_10.png,0.6636139756174687,1.0,0.5373804826606765,0.6510220047372145,0.40195865471415826,0.27572516175736606,1.0,1.0
clip_b16,person,person::train::13508_2.jpg,llm_balanced,information_reduced,0.9579118260248776,1,49,5,0.2487560242318172,1.0,person::train::00233_10.png,0.7091558017930604,1.0,0.572617246991086,0.6967789691084689,0.3852945790337916,0.2487560242318172,1.0,1.0
clip_b16,person,person::train::13508_2.jpg,llm_detailed,information_reduced,0.9648405021986088,1,49,5,0.26930714164908653,1.0,person::train::00233_10.png,0.6955333605495223,1.0,0.5599243381470977,0.659497469504231,0.4049161640515111,0.26930714164908653,1.0,1.0
clip_b16,person,person::train::13508_2.jpg,llm_human_description,information_reduced,0.8575124095011157,1,49,5,0.1479631642079342,1.0,person::gallery::15309_3.png,0.7095492452931815,1.0,0.5775435936129468,0.6927189640181902,0.2799688158881689,0.1479631642079342,1.0,1.0
clip_b16,person,person::train::09751_6.jpg,llm_brief,information_reduced,0.8744572122715548,1,49,5,0.03626579224285009,1.0,person::gallery::15309_3.png,0.8381914200287047,1.0,0.59774023608889,0.7771978992101012,0.2767169761826648,0.03626579224285009,1.0,1.0
clip_b16,person,person::train::09751_6.jpg,llm_balanced,information_reduced,0.9291789973886017,1,49,5,0.059119769268200395,1.0,person::gallery::15309_3.png,0.8700592281204013,1.0,0.6711578891669716,0.8368662454452701,0.25802110822163005,0.059119769268200395,1.0,1.0
clip_b16,person,person::train::09751_6.jpg,llm_detailed,information_reduced,0.9354917460765453,1,49,5,0.06826997992683204,1.0,person::gallery::15309_3.png,0.8672217661497132,1.0,0.6860793607088616,0.8395810144246116,0.24941238536768373,0.06826997992683204,1.0,1.0
clip_b16,person,person::train::09751_6.jpg,llm_human_description,information_reduced,0.9228588185832696,1,49,5,0.08764731930853575,1.0,person::gallery::15309_3.png,0.8352114992747338,1.0,0.642335486801895,0.7949825914765333,0.28052333178137456,0.08764731930853575,1.0,1.0
clip_b16,person,person::train::11903_4.jpg,llm_brief,information_reduced,0.8127871269481435,1,49,5,0.044942863748030026,1.0,person::train::09634_1.jpg,0.7678442632001135,1.0,0.5838206704861338,0.7425823112342561,0.22896645646200964,0.044942863748030026,1.0,1.0
clip_b16,person,person::train::11903_4.jpg,llm_balanced,information_reduced,0.8988792445846907,1,49,5,0.11145658908972012,1.0,person::train::09634_1.jpg,0.7874226554949706,1.0,0.530926663404859,0.6617312683265204,0.36795258117983176,0.11145658908972012,1.0,1.0
clip_b16,person,person::train::11903_4.jpg,llm_detailed,information_reduced,0.9560403636548191,1,49,5,0.20247454497864226,1.0,person::train::09634_1.jpg,0.7535658186761769,1.0,0.5159543965901008,0.6508468850483451,0.44008596706471836,0.20247454497864226,1.0,1.0
clip_b16,person,person::train::11903_4.jpg,llm_human_description,information_reduced,0.8471723220326366,1,49,5,0.07076681481143521,1.0,person::train::09634_1.jpg,0.7764055072212014,1.0,0.5367113747657393,0.6822148568409534,0.3104609472668973,0.07076681481143521,1.0,1.0
clip_b16,person,person::train::03720_4.jpg,llm_brief,information_reduced,0.8222738442001258,1,49,5,0.0955826184362496,1.0,person::train::02319_1.jpg,0.7266912257638762,1.0,0.5528260861861365,0.6688566096251063,0.26944775801398935,0.0955826184362496,1.0,1.0
clip_b16,person,person::train::03720_4.jpg,llm_balanced,information_reduced,0.7914369487796493,1,49,5,0.062446587675266896,1.0,person::train::01924_2.jpg,0.7423766522291351,1.0,0.5837812875087831,0.7181496365770005,0.2076556612708662,0.04906029655051425,1.0,1.0
clip_b16,person,person::train::03720_4.jpg,llm_detailed,information_reduced,0.8633646768378097,1,49,5,0.10027388455864827,1.0,person::query::26761_2.jpg,0.7630907922791614,1.0,0.6411615656163653,0.7279960399801619,0.22220311122144443,0.10027388455864827,1.0,1.0
clip_b16,person,person::train::03720_4.jpg,llm_human_description,information_reduced,0.8223162981552612,1,49,5,0.060346428488575965,1.0,person::query::26761_2.jpg,0.7619698696666852,1.0,0.6497599558983622,0.7241213780798251,0.17255634225689898,0.060346428488575965,1.0,1.0
clip_b16,person,person::train::26249_12.jpg,llm_brief,information_reduced,0.7029990011007841,25,49,5,-0.13883932736256455,0.2,person::train::00233_10.png,0.8418383284633486,0.5102040816326531,0.7013725262827967,0.8394314775161403,0.001626474817987389,-0.13883932736256455,0.0,0.04
clip_b16,person,person::train::26249_12.jpg,llm_balanced,information_reduced,0.9548365221793084,1,49,5,0.20168669334639688,1.0,person::train::00837_3.png,0.7531498288329115,1.0,0.6257276269451043,0.7186413841671992,0.32910889523420406,0.20168669334639688,1.0,1.0
clip_b16,person,person::train::26249_12.jpg,llm_detailed,information_reduced,0.9747585463956712,1,49,5,0.23079301584044454,1.0,person::train::00837_3.png,0.7439655305552266,1.0,0.6378494368487829,0.7266791024607305,0.33690910954688824,0.23079301584044454,1.0,1.0
clip_b16,person,person::train::26249_12.jpg,llm_human_description,information_reduced,0.8349351437191966,1,49,5,0.11050338461710363,1.0,person::train::06085_7.jpg,0.724431759102093,1.0,0.6044515321716419,0.6925987386041601,0.2304836115475547,0.11050338461710363,1.0,1.0
clip_b16,person,person::train::08634_3.jpg,llm_brief,information_reduced,0.8823520001079381,1,49,5,0.16866242900154305,1.0,person::train::10977_1.jpg,0.7136895711063951,1.0,0.48627049223338903,0.6115013126864073,0.3960815078745491,0.16866242900154305,1.0,1.0
clip_b16,person,person::train::08634_3.jpg,llm_balanced,information_reduced,0.9250037027141268,1,49,5,0.17907653061928464,1.0,person::train::10977_1.jpg,0.7459271720948422,1.0,0.5717889540841137,0.7037967413331985,0.3532147486300131,0.17907653061928464,1.0,1.0
clip_b16,person,person::train::08634_3.jpg,llm_detailed,information_reduced,0.909632866807689,1,49,5,0.1479718527638434,1.0,person::train::10977_1.jpg,0.7616610140438456,1.0,0.5696482960972058,0.68898955185646,0.33998457071048316,0.1479718527638434,1.0,1.0
clip_b16,person,person::train::08634_3.jpg,llm_human_description,information_reduced,0.6256120774065553,7,49,5,-0.009206049927452109,0.6,person::gallery::15309_3.png,0.6636674695210254,0.8775510204081632,0.5343089442553344,0.6386219655033547,0.09130313315122096,-0.038055392114470066,0.0,0.14285714285714285
clip_b16,person,person::train::00837_3.png,llm_brief,information_reduced,0.9151519234817285,1,49,5,0.09832198445144269,1.0,person::query::14994_1.png,0.8168299390302858,1.0,0.6565509871996641,0.7325746181703501,0.2586009362820644,0.09832198445144269,1.0,1.0
clip_b16,person,person::train::00837_3.png,llm_balanced,information_reduced,0.9664937968827492,1,49,5,0.14533283374687234,1.0,person::train::06085_7.jpg,0.8211609631358768,1.0,0.7161931770623915,0.8069308823232684,0.2503006198203577,0.14533283374687234,1.0,1.0
clip_b16,person,person::train::00837_3.png,llm_detailed,information_reduced,0.9817688680498678,1,49,5,0.13786940533366565,1.0,person::query::14994_1.png,0.8438994627162022,1.0,0.7037889063559419,0.7906637635011454,0.2779799616939259,0.13786940533366565,1.0,1.0
clip_b16,person,person::train::00837_3.png,llm_human_description,information_reduced,0.9316842607052961,1,49,5,0.126222115583427,1.0,person::train::06085_7.jpg,0.8054621451218691,1.0,0.7016764337510382,0.7892719493023023,0.23000782695425792,0.126222115583427,1.0,1.0
clip_b16,person,person::query::27008_3.jpg,llm_brief,information_reduced,0.8543049525941186,2,49,5,-0.04294807723115823,0.8,person::query::26761_2.jpg,0.8972530298252769,0.9795918367346939,0.7296267684971586,0.8470568141338636,0.12467818409696008,-0.04294807723115823,0.0,0.5
clip_b16,person,person::query::27008_3.jpg,llm_balanced,information_reduced,0.974736081989769,1,49,5,0.12480362063340145,1.0,person::train::08924_1.jpg,0.8499324613563676,1.0,0.6704541751191464,0.7857955094715743,0.3042819068706226,0.12480362063340145,1.0,1.0
clip_b16,person,person::query::27008_3.jpg,llm_detailed,information_reduced,0.9425004028118154,1,49,5,0.06238391284462941,1.0,person::train::08924_1.jpg,0.8801164899671859,1.0,0.7272617481565329,0.8321346931611456,0.21523865465528247,0.06238391284462941,1.0,1.0
clip_b16,person,person::query::27008_3.jpg,llm_human_description,information_reduced,0.9183172036278362,1,49,5,0.08564409155975095,1.0,person::train::08924_1.jpg,0.8326731120680853,1.0,0.6806567860267954,0.7960597682468877,0.23766041760104084,0.08564409155975095,1.0,1.0
clip_b16,person,person::query::14994_1.png,llm_brief,information_reduced,0.9364079913211596,1,49,5,0.09012948803879128,1.0,person::train::00837_3.png,0.8462785032823683,1.0,0.6801002804905425,0.7842723586955371,0.2563077108306171,0.09012948803879128,1.0,1.0
clip_b16,person,person::query::14994_1.png,llm_balanced,information_reduced,0.9588619932539306,1,49,5,0.11663092740762049,1.0,person::train::00837_3.png,0.8422310658463101,1.0,0.7095225763893414,0.8040853785368246,0.24933941686458927,0.11663092740762049,1.0,1.0
clip_b16,person,person::query::14994_1.png,llm_detailed,information_reduced,0.9849782609700173,1,49,5,0.1377760560235668,1.0,person::train::00837_3.png,0.8472022049464505,1.0,0.7208474117385344,0.8182315905789105,0.2641308492314829,0.1377760560235668,1.0,1.0
clip_b16,person,person::query::14994_1.png,llm_human_description,information_reduced,0.899245708685006,1,49,5,0.04793271159757073,1.0,person::train::06085_7.jpg,0.8513129970874352,1.0,0.7011874240233139,0.809004484916876,0.19805828466169206,0.04793271159757073,1.0,1.0
clip_b16,person,person::query::14459_1.png,llm_brief,information_reduced,0.8713090905368736,1,49,5,0.1728933926029197,1.0,person::gallery::26735_2.jpg,0.6984156979339539,1.0,0.5590580146786168,0.6717148744286886,0.31225107585825673,0.1728933926029197,1.0,1.0
clip_b16,person,person::query::14459_1.png,llm_balanced,information_reduced,0.9528987420256286,1,49,5,0.1731556819929453,1.0,person::train::12462_1.jpg,0.7797430600326833,1.0,0.6303837566195525,0.7470343044522079,0.32251498540607615,0.1731556819929453,1.0,1.0
clip_b16,person,person::query::14459_1.png,llm_detailed,information_reduced,0.9585155779717309,1,49,5,0.20190547067352882,1.0,person::train::12462_1.jpg,0.7566101072982021,1.0,0.6189358431189629,0.7204054242921201,0.33957973485276804,0.20190547067352882,1.0,1.0
clip_b16,person,person::query::14459_1.png,llm_human_description,information_reduced,0.9536843539328973,1,49,5,0.21599100473891797,1.0,person::gallery::26735_2.jpg,0.7376933491939793,1.0,0.6182424847965033,0.7117246454600633,0.33544186913639396,0.21599100473891797,1.0,1.0
clip_b16,person,person::query::26943_3.jpg,llm_brief,information_reduced,0.939835440391577,1,49,5,0.1029094221277469,1.0,person::gallery::15309_3.png,0.8369260182638301,1.0,0.6544601538857809,0.8194585114885357,0.285375286505796,0.1029094221277469,1.0,1.0
clip_b16,person,person::query::26943_3.jpg,llm_balanced,information_reduced,0.999999999999953,1,49,5,0.10712915860493355,1.0,person::gallery::15309_3.png,0.8928708413950195,1.0,0.6584018414688902,0.837117010351072,0.3415981585310628,0.10712915860493355,1.0,1.0
clip_b16,person,person::query::26943_3.jpg,llm_detailed,information_reduced,1.0000000000000004,1,49,5,0.10712915333657991,1.0,person::gallery::15309_3.png,0.8928708466634205,1.0,0.6584018568354737,0.8371170109392966,0.34159814316452675,0.10712915333657991,1.0,1.0
clip_b16,person,person::query::26943_3.jpg,llm_human_description,information_reduced,0.9627498832880309,1,49,5,0.12205191368484802,1.0,person::gallery::26789_1.jpg,0.8406979696031829,1.0,0.6363294014138355,0.8323659743827122,0.32642048187419537,0.12205191368484802,1.0,1.0
clip_b16,person,person::query::26789_3.jpg,llm_brief,information_reduced,0.9449738033817896,1,49,5,0.08437210147781116,1.0,person::train::06085_7.jpg,0.8606017019039784,1.0,0.7106081797746318,0.8232141943624754,0.23436562360715785,0.08437210147781116,1.0,1.0
clip_b16,person,person::query::26789_3.jpg,llm_balanced,information_reduced,0.940796464796127,1,49,5,0.09768445880692089,1.0,person::train::06085_7.jpg,0.8431120059892061,1.0,0.6889307543442607,0.815514435513574,0.25186571045186634,0.09768445880692089,1.0,1.0
clip_b16,person,person::query::26789_3.jpg,llm_detailed,information_reduced,0.9481654108838488,1,49,5,0.10692947681273968,1.0,person::train::06085_7.jpg,0.8412359340711091,1.0,0.6820343537708,0.809465297406548,0.26613105711304874,0.10692947681273968,1.0,1.0
clip_b16,person,person::query::26789_3.jpg,llm_human_description,information_reduced,0.8816686550893538,1,49,5,0.03746824731449738,1.0,person::train::06085_7.jpg,0.8442004077748564,1.0,0.6861260799987052,0.7917129825745174,0.19554257509064854,0.03746824731449738,1.0,1.0
clip_b16,person,person::query::26935_2.jpg,llm_brief,information_reduced,0.9199545445034203,1,49,5,0.14998761255800797,1.0,person::train::00837_3.png,0.7699669319454123,1.0,0.6202465047652871,0.7472504975995043,0.2997080397381332,0.14998761255800797,1.0,1.0
clip_b16,person,person::query::26935_2.jpg,llm_balanced,information_reduced,0.9437814330565755,1,49,5,0.09390505584743436,1.0,person::train::00837_3.png,0.8498763772091411,1.0,0.6961623170344848,0.8089217468480946,0.24761911602209064,0.09390505584743436,1.0,1.0
clip_b16,person,person::query::26935_2.jpg,llm_detailed,information_reduced,0.9477984959026657,1,49,5,0.10522531056644058,1.0,person::train::08529_4.jpg,0.8425731853362252,1.0,0.678029605243479,0.8117877008084428,0.26976889065918674,0.10522531056644058,1.0,1.0
clip_b16,person,person::query::26935_2.jpg,llm_human_description,information_reduced,0.9202360969429472,1,49,5,0.12107698435189762,1.0,person::train::00837_3.png,0.7991591125910495,1.0,0.6734237522181206,0.7772763829892482,0.2468123447248266,0.12107698435189762,1.0,1.0
clip_b16,person,person::query::27100_1.jpg,llm_brief,information_reduced,0.9064189443328037,1,49,5,0.13968426985617155,1.0,person::query::26789_3.jpg,0.7667346744766321,1.0,0.6073958106281583,0.729256547915501,0.2990231337046454,0.13968426985617155,1.0,1.0
clip_b16,person,person::query::27100_1.jpg,llm_balanced,information_reduced,0.9596783448729713,1,49,5,0.09810817456462195,1.0,person::train::08528_6.jpg,0.8615701703083494,1.0,0.7087315135843766,0.8076869234600546,0.25094683128859474,0.09810817456462195,1.0,1.0
clip_b16,person,person::query::27100_1.jpg,llm_detailed,information_reduced,0.9999999999999518,1,49,5,0.1499223363709189,1.0,person::train::08528_6.jpg,0.8500776636290329,1.0,0.7095804366095109,0.8199579483473829,0.29041956339044095,0.1499223363709189,1.0,1.0
clip_b16,person,person::query::27100_1.jpg,llm_human_description,information_reduced,0.9437868315966755,1,49,5,0.13988311666887365,1.0,person::train::08528_6.jpg,0.8039037149278019,1.0,0.6874726308163518,0.7872924062323748,0.25631420078032374,0.13988311666887365,1.0,1.0
clip_b16,person,person::query::26761_2.jpg,llm_brief,information_reduced,0.9028309985911879,1,49,5,0.057105742449714114,1.0,person::train::01108_7.png,0.8457252561414738,1.0,0.7051244948167706,0.7719521630472638,0.19770650377441723,0.057105742449714114,1.0,1.0
clip_b16,person,person::query::26761_2.jpg,llm_balanced,information_reduced,0.9531676309525026,1,49,5,0.09719430029929654,1.0,person::train::01108_7.png,0.855973330653206,1.0,0.744506736137746,0.8346929542270534,0.20866089481475658,0.09719430029929654,1.0,1.0
clip_b16,person,person::query::26761_2.jpg,llm_detailed,information_reduced,0.9539780596376823,1,49,5,0.1022988811820299,1.0,person::train::01108_7.png,0.8516791784556524,1.0,0.7397610810617989,0.8352986616519644,0.2142169785758834,0.1022988811820299,1.0,1.0
clip_b16,person,person::query::26761_2.jpg,llm_human_description,information_reduced,0.738752475494715,3,49,5,-0.04062915527921229,0.8,person::train::05158_3.jpg,0.8516249882564866,0.9591836734693877,0.5400753192024967,0.7189093763091594,0.19867715629221827,-0.11287251276177157,0.0,0.3333333333333333
clip_b16,person,person::gallery::27153_5.jpg,llm_brief,information_reduced,0.9050626039692222,1,49,5,0.03832365447156838,1.0,person::gallery::15309_3.png,0.8667389494976538,1.0,0.7125162217900712,0.8063260320654972,0.192546382179151,0.03832365447156838,1.0,1.0
clip_b16,person,person::gallery::27153_5.jpg,llm_balanced,information_reduced,0.9840628949691979,1,49,5,0.06659163154651271,1.0,person::gallery::15309_3.png,0.9174712634226851,1.0,0.7171748200146872,0.8501230487321798,0.2668880749545106,0.06659163154651271,1.0,1.0
clip_b16,person,person::gallery::27153_5.jpg,llm_detailed,information_reduced,0.9601765432521407,1,49,5,0.04923102937689994,1.0,person::gallery::15309_3.png,0.9109455138752408,1.0,0.7172368638689202,0.8537506833818934,0.24293967938322059,0.04923102937689994,1.0,1.0
clip_b16,person,person::gallery::27153_5.jpg,llm_human_description,information_reduced,0.8126908185831001,2,49,5,0.034294457658797795,1.0,person::gallery::26721_4.jpg,0.8181057949374005,0.9795918367346939,0.6213627192661215,0.7712918484242911,0.19132809931697858,-0.005414976354300438,0.0,0.5
clip_b16,person,person::gallery::26789_1.jpg,llm_brief,information_reduced,0.9149231815437391,1,49,5,0.10771361211969666,1.0,person::gallery::26721_4.jpg,0.8072095694240424,1.0,0.6541383800797199,0.7490630245940313,0.26078480146401917,0.10771361211969666,1.0,1.0
clip_b16,person,person::gallery::26789_1.jpg,llm_balanced,information_reduced,0.9999999999999518,1,49,5,0.17412437625583221,1.0,person::query::26943_3.jpg,0.8258756237441196,1.0,0.7011487037178685,0.8142699351840291,0.2988512962820833,0.17412437625583221,1.0,1.0
clip_b16,person,person::gallery::26789_1.jpg,llm_detailed,information_reduced,0.9999999999999999,1,49,5,0.17412436412968624,1.0,person::query::26943_3.jpg,0.8258756358703137,1.0,0.7011487281682072,0.8142699530075745,0.2988512718317927,0.17412436412968624,1.0,1.0
clip_b16,person,person::gallery::26789_1.jpg,llm_human_description,information_reduced,0.9408340315113013,1,49,5,0.06979172103846443,1.0,person::gallery::26721_4.jpg,0.8710423104728369,1.0,0.6986844941433419,0.7978770744172242,0.2421495373679594,0.06979172103846443,1.0,1.0
clip_b16,person,person::gallery::26721_4.jpg,llm_brief,information_reduced,0.9039653489889324,1,49,5,0.03710136649017126,1.0,person::query::26761_2.jpg,0.8668639824987612,1.0,0.7190418268909272,0.8345040327912637,0.18492352209800522,0.03710136649017126,1.0,1.0
clip_b16,person,person::gallery::26721_4.jpg,llm_balanced,information_reduced,0.9329833348756071,1,49,5,0.04513765559537686,1.0,person::query::26761_2.jpg,0.8878456792802303,1.0,0.7239984773906297,0.8457622776501057,0.20898485748497742,0.04513765559537686,1.0,1.0
clip_b16,person,person::gallery::26721_4.jpg,llm_detailed,information_reduced,0.9071306623359879,1,49,5,0.011863416344696343,1.0,person::query::26761_2.jpg,0.8952672459912916,1.0,0.736661952336229,0.8458983547610732,0.17046870999975894,0.011863416344696343,1.0,1.0
clip_b16,person,person::gallery::26721_4.jpg,llm_human_description,information_reduced,0.9226320252684452,1,49,5,0.042763027202234793,1.0,person::query::26761_2.jpg,0.8798689980662104,1.0,0.7115621243932649,0.8261209432117512,0.2110699008751803,0.042763027202234793,1.0,1.0
clip_b16,person,person::gallery::26991_3.jpg,llm_brief,information_reduced,0.8847363892742157,1,49,5,0.07063401837859495,1.0,person::query::27008_3.jpg,0.8141023708956208,1.0,0.6204092168993229,0.7247996314415663,0.2643271723748928,0.07063401837859495,1.0,1.0
clip_b16,person,person::gallery::26991_3.jpg,llm_balanced,information_reduced,0.940424495656687,1,49,5,0.0848407941419963,1.0,person::query::27008_3.jpg,0.8555837015146907,1.0,0.6659451587805467,0.7807756188782303,0.27447933687614023,0.0848407941419963,1.0,1.0
clip_b16,person,person::gallery::26991_3.jpg,llm_detailed,information_reduced,0.9587357094036456,1,49,5,0.1405989872916088,1.0,person::query::27008_3.jpg,0.8181367221120368,1.0,0.6555065289221329,0.7596890542479885,0.3032291804815127,0.1405989872916088,1.0,1.0
clip_b16,person,person::gallery::26991_3.jpg,llm_human_description,information_reduced,0.8476959326488153,1,49,5,0.02406091778888131,1.0,person::train::09751_6.jpg,0.823635014859934,1.0,0.6621210439139447,0.7930535048569909,0.1855748887348706,0.02406091778888131,1.0,1.0
clip_b16,person,person::gallery::26735_2.jpg,llm_brief,information_reduced,0.8239159578116285,1,49,5,0.038365354650657824,1.0,person::query::26789_3.jpg,0.7855506031609707,1.0,0.625994054869712,0.7461112605404557,0.19792190294191647,0.038365354650657824,1.0,1.0
clip_b16,person,person::gallery::26735_2.jpg,llm_balanced,information_reduced,0.962978277941492,1,49,5,0.10597505422218989,1.0,person::train::06085_7.jpg,0.8570032237193022,1.0,0.7083120856543816,0.8149044194456069,0.2546661922871104,0.10597505422218989,1.0,1.0
clip_b16,person,person::gallery::26735_2.jpg,llm_detailed,information_reduced,0.9641289875324517,1,49,5,0.11531129544696772,1.0,person::train::06085_7.jpg,0.848817692085484,1.0,0.7044989703954407,0.8051259256329159,0.25963001713701095,0.11531129544696772,1.0,1.0
clip_b16,person,person::gallery::26735_2.jpg,llm_human_description,information_reduced,0.6787285997234667,7,49,5,-0.03133937221873684,0.8,person::gallery::26774_3.jpg,0.7375681953288359,0.8775510204081632,0.5541544379066183,0.7085455393160265,0.12457416181684833,-0.05883959560536922,0.0,0.14285714285714285
clip_b16,person,person::gallery::14888_1.png,llm_brief,information_reduced,0.9422451004339678,1,49,5,0.08725650619692515,1.0,person::gallery::26774_3.jpg,0.8549885942370427,1.0,0.6212920634086203,0.7730495359940045,0.3209530370253475,0.08725650619692515,1.0,1.0
clip_b16,person,person::gallery::14888_1.png,llm_balanced,information_reduced,0.9379729008519057,1,49,5,0.10542800710176803,1.0,person::train::11561_6.jpg,0.8325448937501376,1.0,0.6877831060640938,0.810613563864936,0.2501897947878119,0.10542800710176803,1.0,1.0
clip_b16,person,person::gallery::14888_1.png,llm_detailed,information_reduced,0.948407868552506,1,49,5,0.1035220345232335,1.0,person::train::08528_6.jpg,0.8448858340292725,1.0,0.6955754597928403,0.816418369027239,0.2528324087596657,0.1035220345232335,1.0,1.0
clip_b16,person,person::gallery::14888_1.png,llm_human_description,information_reduced,0.8663383224311971,1,49,5,0.017311737465905086,1.0,person::gallery::26774_3.jpg,0.849026584965292,1.0,0.6463855077691233,0.7424438840966251,0.21995281466207384,0.017311737465905086,1.0,1.0
clip_b16,person,person::gallery::26774_3.jpg,llm_brief,information_reduced,0.9410291328345968,1,49,5,0.06430334004850369,1.0,person::gallery::14888_1.png,0.8767257927860931,1.0,0.6899058752364708,0.7975007945801418,0.2511232575981259,0.06430334004850369,1.0,1.0
clip_b16,person,person::gallery::26774_3.jpg,llm_balanced,information_reduced,0.8909027596261986,1,49,5,0.03008091981344163,1.0,person::query::14604_1.png,0.8718745948441536,1.0,0.7201330618021162,0.8233897908845272,0.17076969782408236,0.019028164782044943,1.0,1.0
clip_b16,person,person::gallery::26774_3.jpg,llm_detailed,information_reduced,0.9306958852839046,1,49,5,0.05311358546688594,1.0,person::gallery::14888_1.png,0.8775822998170186,1.0,0.7061457356995149,0.8443687959129821,0.22455014958438968,0.05311358546688594,1.0,1.0
clip_b16,person,person::gallery::26774_3.jpg,llm_human_description,information_reduced,0.8920288717481142,1,49,5,0.06367462916198319,1.0,person::train::01108_7.png,0.828354242586131,1.0,0.6461854823850366,0.7738241963583186,0.2458433893630776,0.06367462916198319,1.0,1.0
clip_b16,person,person::gallery::15309_3.png,llm_brief,information_reduced,0.9386712950508873,1,49,5,0.06477713516446904,1.0,person::train::06085_7.jpg,0.8738941598864183,1.0,0.7017724217572976,0.8504357718631659,0.23689887329358972,0.06477713516446904,1.0,1.0
clip_b16,person,person::gallery::15309_3.png,llm_balanced,information_reduced,0.9934105861487947,1,49,5,0.07547368550834255,1.0,person::gallery::27153_5.jpg,0.9179369006404522,1.0,0.6981551771019316,0.9047991911655259,0.2952554090468631,0.07547368550834255,1.0,1.0
clip_b16,person,person::gallery::15309_3.png,llm_detailed,information_reduced,0.9806368410612408,1,49,5,0.05426994614832692,1.0,person::gallery::27153_5.jpg,0.9263668949129139,1.0,0.7066564485547508,0.9044091738523508,0.27398039250649,0.05426994614832692,1.0,1.0
clip_b16,person,person::gallery::15309_3.png,llm_human_description,information_reduced,0.9450592909265696,1,49,5,0.033988676441229826,1.0,person::train::06597_2.jpg,0.9110706144853398,1.0,0.6861884074868365,0.8832670695901228,0.2588708834397331,0.033988676441229826,1.0,1.0
clip_b16,person,person::gallery::15194_3.png,llm_brief,information_reduced,0.8985590783243991,1,49,5,0.049815169527930414,1.0,person::gallery::26474_5.jpg,0.8487439087964687,1.0,0.6810566711513355,0.7751350341977995,0.21750240717306357,0.049815169527930414,1.0,1.0
clip_b16,person,person::gallery::15194_3.png,llm_balanced,information_reduced,0.9523327047504252,1,49,5,0.10013588408949603,1.0,person::gallery::26474_5.jpg,0.8521968206609292,1.0,0.6828466804554623,0.7808472098933416,0.26948602429496293,0.10013588408949603,1.0,1.0
clip_b16,person,person::gallery::15194_3.png,llm_detailed,information_reduced,0.9475691031471312,1,49,5,0.09961890854435429,1.0,person::gallery::26474_5.jpg,0.8479501946027769,1.0,0.6874964568819742,0.7754854398618263,0.2600726462651569,0.09961890854435429,1.0,1.0
clip_b16,person,person::gallery::15194_3.png,llm_human_description,information_reduced,0.7953405892229302,2,49,5,-0.0005848125500971246,0.8,person::train::06085_7.jpg,0.7959254017730273,0.9795918367346939,0.6513602394319642,0.7645269434179232,0.14398034979096597,-0.0005848125500971246,0.0,0.5
clip_b16,vehicle,vehicle::train_images::13608_c139_04.jpg,llm_brief,information_reduced,0.8457972074064914,1,49,5,0.009004172960819012,1.0,vehicle::query_images::20204_c041_01.jpg,0.8367930344456724,1.0,0.7178215084738783,0.803398909152764,0.12797569893261318,0.009004172960819012,1.0,1.0
clip_b16,vehicle,vehicle::train_images::13608_c139_04.jpg,llm_balanced,information_reduced,0.8734275825127805,1,49,5,0.09879875959904683,1.0,vehicle::query_images::20204_c041_01.jpg,0.7746288229137337,1.0,0.6790423059207835,0.7495811897500351,0.194385276591997,0.09879875959904683,1.0,1.0
clip_b16,vehicle,vehicle::train_images::13608_c139_04.jpg,llm_detailed,information_reduced,0.8219315611585255,1,49,5,0.10274899691010064,1.0,vehicle::query_images::20949_c003_01.jpg,0.8072949466915675,1.0,0.6447261313207711,0.7349051386748972,0.17720542983775445,0.014636614466957965,1.0,1.0
clip_b16,vehicle,vehicle::train_images::13608_c139_04.jpg,llm_human_description,information_reduced,0.8783325656835664,1,49,5,0.02632566170625328,1.0,vehicle::query_images::20204_c041_01.jpg,0.8520069039773132,1.0,0.7627539674311572,0.8349045402411709,0.11557859825240924,0.02632566170625328,1.0,1.0
clip_b16,vehicle,vehicle::train_images::12849_c170_02.jpg,llm_brief,information_reduced,0.8006570457938131,1,49,5,0.018066414255113905,1.0,vehicle::train_images::05432_c163_04.jpg,0.7825906315386992,1.0,0.5662741968400375,0.6977337906298268,0.2343828489537756,0.018066414255113905,1.0,1.0
clip_b16,vehicle,vehicle::train_images::12849_c170_02.jpg,llm_balanced,information_reduced,0.8577824721325702,1,49,5,0.066002175206189,1.0,vehicle::train_images::05432_c163_04.jpg,0.7917802969263812,1.0,0.5973700989001813,0.7255197313218508,0.26041237323238886,0.066002175206189,1.0,1.0
clip_b16,vehicle,vehicle::train_images::12849_c170_02.jpg,llm_detailed,information_reduced,0.8745045827909328,1,49,5,0.03277559656717721,1.0,vehicle::train_images::05432_c163_04.jpg,0.8417289862237556,1.0,0.62160434932847,0.756310207469799,0.2529002334624628,0.03277559656717721,1.0,1.0
clip_b16,vehicle,vehicle::train_images::12849_c170_02.jpg,llm_human_description,information_reduced,0.9179825624837211,1,49,5,0.05003652709130901,1.0,vehicle::query_images::20249_c003_00.jpg,0.8679460353924121,1.0,0.729157046783963,0.8462096836554759,0.18882551569975814,0.05003652709130901,1.0,1.0
clip_b16,vehicle,vehicle::train_images::10839_c110_00.jpg,llm_brief,information_reduced,0.7425227297226431,4,49,5,-0.019430769178466423,0.8,vehicle::gallery_images::20535_c170_02.jpg,0.7756517070240821,0.9387755102040817,0.6390968619158839,0.7332530486661746,0.10342586780675922,-0.033128977301439044,0.0,0.25
clip_b16,vehicle,vehicle::train_images::10839_c110_00.jpg,llm_balanced,information_reduced,0.7849208430087402,1,49,5,0.06819238241879366,1.0,vehicle::gallery_images::20535_c170_02.jpg,0.7823553280660905,1.0,0.599800936890112,0.718879231778522,0.18511990611862816,0.0025655149426496715,1.0,1.0
clip_b16,vehicle,vehicle::train_images::10839_c110_00.jpg,llm_detailed,information_reduced,0.796462764528851,1,49,5,0.1149750080626013,1.0,vehicle::gallery_images::20535_c170_02.jpg,0.7239164359399155,1.0,0.5913466937037372,0.6789647426606004,0.20511607082511385,0.0725463285889355,1.0,1.0
clip_b16,vehicle,vehicle::train_images::10839_c110_00.jpg,llm_human_description,information_reduced,0.8558760910794043,1,49,5,0.059039112446023,1.0,vehicle::gallery_images::21216_c003_04.jpg,0.7968369786333813,1.0,0.7070024881214694,0.7606757446169772,0.14887360295793495,0.059039112446023,1.0,1.0
clip_b16,vehicle,vehicle::train_images::02440_c090_02.jpg,llm_brief,information_reduced,0.8678761649402175,1,49,5,0.20333108109103082,1.0,vehicle::train_images::18263_c110_02.jpg,0.6645450838491866,1.0,0.5534489201169478,0.6283236206973701,0.31442724482326967,0.20333108109103082,1.0,1.0
clip_b16,vehicle,vehicle::train_images::02440_c090_02.jpg,llm_balanced,information_reduced,0.8813387901251735,1,49,5,0.28916421926970637,1.0,vehicle::train_images::19520_c034_01.jpg,0.5921745708554671,1.0,0.49036807638984936,0.5786137379473262,0.3909707137353241,0.28916421926970637,1.0,1.0
clip_b16,vehicle,vehicle::train_images::02440_c090_02.jpg,llm_detailed,information_reduced,0.9083955140570655,1,49,5,0.3465359631318191,1.0,vehicle::query_images::21112_c079_00.jpg,0.6254565337113807,1.0,0.47226957242203704,0.5519866124307397,0.4361259416350285,0.2829389803456849,1.0,1.0
clip_b16,vehicle,vehicle::train_images::02440_c090_02.jpg,llm_human_description,information_reduced,0.8865183425166627,1,49,5,0.3313301124816501,1.0,vehicle::query_images::21112_c079_00.jpg,0.5942987538517728,1.0,0.45648152497580075,0.5478519618557423,0.430036817540862,0.29221958866488995,1.0,1.0
clip_b16,vehicle,vehicle::train_images::12341_c073_00.jpg,llm_brief,information_reduced,0.8181146297176729,1,49,5,0.020993562215646633,1.0,vehicle::train_images::16614_c041_04.jpg,0.7971210675020263,1.0,0.6649416337443859,0.7527705017617586,0.15317299597328704,0.020993562215646633,1.0,1.0
clip_b16,vehicle,vehicle::train_images::12341_c073_00.jpg,llm_balanced,information_reduced,0.8216410528423057,1,49,5,0.031432695950310396,1.0,vehicle::train_images::16614_c041_04.jpg,0.7902083568919953,1.0,0.6503578822262843,0.7436484750459407,0.17128317061602139,0.031432695950310396,1.0,1.0
clip_b16,vehicle,vehicle::train_images::12341_c073_00.jpg,llm_detailed,information_reduced,0.8723118190999454,1,49,5,0.06247063386781915,1.0,vehicle::train_images::16614_c041_04.jpg,0.8098411852321262,1.0,0.67898417229781,0.7671796993018796,0.19332764680213532,0.06247063386781915,1.0,1.0
clip_b16,vehicle,vehicle::train_images::12341_c073_00.jpg,llm_human_description,information_reduced,0.9172857654028883,1,49,5,0.05386708215980118,1.0,vehicle::train_images::16614_c041_04.jpg,0.8634186832430871,1.0,0.7539359590105734,0.8358263880891823,0.1633498063923149,0.05386708215980118,1.0,1.0
clip_b16,vehicle,vehicle::train_images::18263_c110_02.jpg,llm_brief,information_reduced,0.726162494463824,1,49,5,0.10220712716704172,1.0,vehicle::train_images::02440_c090_02.jpg,0.6703298781534333,1.0,0.5071790429150695,0.6153678328205944,0.21898345154875443,0.055832616310390715,1.0,1.0
clip_b16,vehicle,vehicle::train_images::18263_c110_02.jpg,llm_balanced,information_reduced,0.7612285040620359,1,49,5,0.11274211910763732,1.0,vehicle::train_images::02440_c090_02.jpg,0.6892527528256582,1.0,0.5225673413284051,0.6511914329399301,0.2386611627336308,0.07197575123637767,1.0,1.0
clip_b16,vehicle,vehicle::train_images::18263_c110_02.jpg,llm_detailed,information_reduced,0.7468945252935522,1,49,5,0.11209452737228631,1.0,vehicle::train_images::02440_c090_02.jpg,0.694505676522815,1.0,0.5138869963843273,0.651403547138966,0.23300752890922483,0.05238884877073713,1.0,1.0
clip_b16,vehicle,vehicle::train_images::18263_c110_02.jpg,llm_human_description,information_reduced,0.847825438315738,1,49,5,0.07654323079928782,1.0,vehicle::train_images::19520_c034_01.jpg,0.7712822075164502,1.0,0.6655132775955187,0.7462880599581772,0.18231216072021927,0.07654323079928782,1.0,1.0
clip_b16,vehicle,vehicle::train_images::10529_c003_02.jpg,llm_brief,information_reduced,0.666273853391351,3,49,5,0.05734426508892854,1.0,vehicle::train_images::05685_c100_04.jpg,0.7315145294169703,0.9591836734693877,0.5630075323261733,0.6595816701623164,0.10326632106517775,-0.06524067602561923,0.0,0.3333333333333333
clip_b16,vehicle,vehicle::train_images::10529_c003_02.jpg,llm_balanced,information_reduced,0.6780224956058251,4,49,5,0.056758631701553486,1.0,vehicle::train_images::05685_c100_04.jpg,0.7105498972182683,0.9387755102040817,0.5479094458808161,0.6758915334617397,0.13011304972500892,-0.032527401612443274,0.0,0.25
clip_b16,vehicle,vehicle::train_images::10529_c003_02.jpg,llm_detailed,information_reduced,0.7249248018801125,1,49,5,0.11753484795192515,1.0,vehicle::train_images::07345_c110_03.jpg,0.6836169198400144,1.0,0.521738520949748,0.6065244292487695,0.2031862809303645,0.041307882040098165,1.0,1.0
clip_b16,vehicle,vehicle::train_images::10529_c003_02.jpg,llm_human_description,information_reduced,0.8541562275092596,1,49,5,0.08140221256169866,1.0,vehicle::train_images::05685_c100_04.jpg,0.7872850178100003,1.0,0.7109342120930832,0.7675462993160822,0.1432220154161764,0.0668712096992593,1.0,1.0
clip_b16,vehicle,vehicle::train_images::15907_c041_04.jpg,llm_brief,information_reduced,0.7361539352487199,1,49,5,0.20321344261713437,1.0,vehicle::train_images::03678_c014_03.jpg,0.5516725374095556,1.0,0.45673511169560366,0.5314150939685945,0.2794188235531162,0.18448139783916429,1.0,1.0
clip_b16,vehicle,vehicle::train_images::15907_c041_04.jpg,llm_balanced,information_reduced,0.8199197290656601,1,49,5,0.1951146864759541,1.0,vehicle::train_images::03678_c014_03.jpg,0.6346239084818924,1.0,0.518068299936257,0.6084424060961072,0.3018514291294031,0.1852958205837677,1.0,1.0
clip_b16,vehicle,vehicle::train_images::15907_c041_04.jpg,llm_detailed,information_reduced,0.8006560729355386,1,49,5,0.18894068952602305,1.0,vehicle::train_images::16614_c041_04.jpg,0.6117153834095156,1.0,0.49802980906097033,0.5913920517388137,0.3026262638745683,0.18894068952602305,1.0,1.0
clip_b16,vehicle,vehicle::train_images::15907_c041_04.jpg,llm_human_description,information_reduced,0.9266240851481593,1,49,5,0.16215853423319748,1.0,vehicle::train_images::16614_c041_04.jpg,0.7644655509149618,1.0,0.6685659270401946,0.7548238686162608,0.25805815810796473,0.16215853423319748,1.0,1.0
clip_b16,vehicle,vehicle::train_images::08854_c110_02.jpg,llm_brief,information_reduced,0.9105667909758315,1,49,5,0.0045605296241088,1.0,vehicle::train_images::16253_c139_00.jpg,0.9060062613517227,1.0,0.7785731435576528,0.8476660964616103,0.13199364741817865,0.0045605296241088,1.0,1.0
clip_b16,vehicle,vehicle::train_images::08854_c110_02.jpg,llm_balanced,information_reduced,0.8665654497756454,1,49,5,0.053504682902029144,1.0,vehicle::query_images::20949_c003_01.jpg,0.8529429431935209,1.0,0.7149861196575986,0.8126967681105693,0.1515793301180468,0.013622506582124494,1.0,1.0
clip_b16,vehicle,vehicle::train_images::08854_c110_02.jpg,llm_detailed,information_reduced,0.8564633909089419,3,49,5,0.019437911238905148,1.0,vehicle::train_images::05685_c100_04.jpg,0.8631334178769675,0.9591836734693877,0.7348486622526158,0.8359485799638405,0.12161472865632605,-0.006670026968025655,0.0,0.3333333333333333
clip_b16,vehicle,vehicle::train_images::08854_c110_02.jpg,llm_human_description,information_reduced,0.9346065908854239,1,49,5,0.015421304662833646,1.0,vehicle::query_images::20204_c041_01.jpg,0.9191852862225902,1.0,0.8042786075519714,0.8780953389891208,0.1303279833334524,0.015421304662833646,1.0,1.0
clip_b16,vehicle,vehicle::train_images::04922_c023_01.jpg,llm_brief,information_reduced,0.7944432541816744,1,49,5,0.24005379976663266,1.0,vehicle::train_images::15907_c041_04.jpg,0.6318901326394596,1.0,0.5025913710833337,0.5812179125676573,0.29185188309834065,0.1625531215422148,1.0,1.0
clip_b16,vehicle,vehicle::train_images::04922_c023_01.jpg,llm_balanced,information_reduced,0.8466720634790524,1,49,5,0.22853337055294332,1.0,vehicle::train_images::03678_c014_03.jpg,0.6785899257791314,1.0,0.563758737292826,0.6205850293811505,0.28291332618622644,0.16808213769992109,1.0,1.0
clip_b16,vehicle,vehicle::train_images::04922_c023_01.jpg,llm_detailed,information_reduced,0.8793551695195072,1,49,5,0.22592343142119087,1.0,vehicle::train_images::15907_c041_04.jpg,0.6931577317195547,1.0,0.5907380097028254,0.6508785800831994,0.2886171598166818,0.18619743779995246,1.0,1.0
clip_b16,vehicle,vehicle::train_images::04922_c023_01.jpg,llm_human_description,information_reduced,0.8924142912374963,1,49,5,0.05897354715296743,1.0,vehicle::train_images::04724_c110_02.jpg,0.8334407440845288,1.0,0.7321319926531424,0.8159491827916052,0.16028229858435383,0.05897354715296743,1.0,1.0
clip_b16,vehicle,vehicle::train_images::19263_c030_03.jpg,llm_brief,information_reduced,0.8360424707000685,1,49,5,0.1923563650480552,1.0,vehicle::train_images::16747_c163_03.jpg,0.6536285382939846,1.0,0.5876355780297047,0.6429771088398908,0.24840689267036387,0.18241393240608395,1.0,1.0
clip_b16,vehicle,vehicle::train_images::19263_c030_03.jpg,llm_balanced,information_reduced,0.843067655503853,1,49,5,0.21954665680868657,1.0,vehicle::train_images::07345_c110_03.jpg,0.6774890493099843,1.0,0.5775488401998252,0.6314851961089455,0.26551881530402777,0.16557860619386866,1.0,1.0
clip_b16,vehicle,vehicle::train_images::19263_c030_03.jpg,llm_detailed,information_reduced,0.8510133589254695,1,49,5,0.2317682981345658,1.0,vehicle::train_images::07345_c110_03.jpg,0.6709244055334307,1.0,0.567033440644702,0.6293047345355931,0.2839799182807675,0.1800889533920388,1.0,1.0
clip_b16,vehicle,vehicle::train_images::19263_c030_03.jpg,llm_human_description,information_reduced,0.9217353938060482,1,49,5,0.10242075662487071,1.0,vehicle::gallery_images::21216_c003_04.jpg,0.8193146371811775,1.0,0.7351505629795944,0.8053587001665117,0.18658483082645383,0.10242075662487071,1.0,1.0
clip_b16,vehicle,vehicle::train_images::07345_c110_03.jpg,llm_brief,information_reduced,0.8819612313814683,1,49,5,0.21682572977023995,1.0,vehicle::query_images::20506_c051_01.jpg,0.6651355016112284,1.0,0.5479757054902985,0.6425744249841895,0.3339855258911698,0.21682572977023995,1.0,1.0
clip_b16,vehicle,vehicle::train_images::07345_c110_03.jpg,llm_balanced,information_reduced,0.9400126197111836,1,49,5,0.21831543282683563,1.0,vehicle::query_images::20506_c051_01.jpg,0.7216971868843479,1.0,0.6110514010092111,0.6851678528034671,0.3289612187019725,0.21831543282683563,1.0,1.0
clip_b16,vehicle,vehicle::train_images::07345_c110_03.jpg,llm_detailed,information_reduced,0.931136346888957,1,49,5,0.24799430340601702,1.0,vehicle::train_images::09221_c139_03.jpg,0.729330018599913,1.0,0.5522292447926258,0.6791779362366959,0.37890710209633116,0.201806328289044,1.0,1.0
clip_b16,vehicle,vehicle::train_images::07345_c110_03.jpg,llm_human_description,information_reduced,0.8876938651139732,1,49,5,0.1290612554303776,1.0,vehicle::query_images::20506_c051_01.jpg,0.7586326096835956,1.0,0.6901038376187935,0.753954930655987,0.19759002749517973,0.1290612554303776,1.0,1.0
clip_b16,vehicle,vehicle::train_images::19520_c034_01.jpg,llm_brief,information_reduced,0.7988093868755752,1,49,5,0.07844096599607275,1.0,vehicle::train_images::14387_c163_04.jpg,0.7203684208795025,1.0,0.5877179525507026,0.6995911384882691,0.21109143432487265,0.07844096599607275,1.0,1.0
clip_b16,vehicle,vehicle::train_images::19520_c034_01.jpg,llm_balanced,information_reduced,0.7465530272583449,1,49,5,0.11371640261780969,1.0,vehicle::query_images::21112_c079_00.jpg,0.708360666378167,1.0,0.5121445002516722,0.6455774097857915,0.2344085270066727,0.03819236088017797,1.0,1.0
clip_b16,vehicle,vehicle::train_images::19520_c034_01.jpg,llm_detailed,information_reduced,0.775042312790964,1,49,5,0.15708158376086434,1.0,vehicle::query_images::21112_c079_00.jpg,0.7223148772977798,1.0,0.5085582579907875,0.618183634482409,0.26648405480017656,0.05272743549318426,1.0,1.0
clip_b16,vehicle,vehicle::train_images::19520_c034_01.jpg,llm_human_description,information_reduced,0.8521023544960917,1,49,5,0.12948253282716482,1.0,vehicle::query_images::21112_c079_00.jpg,0.7500437844316187,1.0,0.5969308069526214,0.7109471980371642,0.2551715475434704,0.10205857006447305,1.0,1.0
clip_b16,vehicle,vehicle::train_images::16253_c139_00.jpg,llm_brief,information_reduced,0.875617423098536,1,49,5,0.049820195798337075,1.0,vehicle::train_images::08854_c110_02.jpg,0.8257972273001989,1.0,0.6998968855773501,0.7863344010385178,0.17572053752118588,0.049820195798337075,1.0,1.0
clip_b16,vehicle,vehicle::train_images::16253_c139_00.jpg,llm_balanced,information_reduced,0.8825486499437213,1,49,5,0.06468618688202776,1.0,vehicle::query_images::20949_c003_01.jpg,0.8409717210328282,1.0,0.7223516412116497,0.7914863328341114,0.16019700873207154,0.04157692891089304,1.0,1.0
clip_b16,vehicle,vehicle::train_images::16253_c139_00.jpg,llm_detailed,information_reduced,0.8779554231952511,1,49,5,0.06510131490993021,1.0,vehicle::query_images::20949_c003_01.jpg,0.8673444618809495,1.0,0.7228298792902681,0.8086391072354439,0.155125543904983,0.010610961314301615,1.0,1.0
clip_b16,vehicle,vehicle::train_images::16253_c139_00.jpg,llm_human_description,information_reduced,0.9424522934218255,1,49,5,0.06547784533713763,1.0,vehicle::query_images::20204_c041_01.jpg,0.8769744480846878,1.0,0.773087955508994,0.8522173783424589,0.16936433791283145,0.06547784533713763,1.0,1.0
clip_b16,vehicle,vehicle::train_images::06987_c051_04.jpg,llm_brief,information_reduced,0.866105715783076,1,49,5,0.014244002432961644,1.0,vehicle::train_images::08854_c110_02.jpg,0.8518617133501144,1.0,0.7541595117028074,0.8354608422824105,0.11194620408026867,0.014244002432961644,1.0,1.0
clip_b16,vehicle,vehicle::train_images::06987_c051_04.jpg,llm_balanced,information_reduced,0.8598067841926397,1,49,5,0.11005717074735044,1.0,vehicle::query_images::20949_c003_01.jpg,0.7781396029659884,1.0,0.6622214208633054,0.7656968831809845,0.1975853633293343,0.08166718122665129,1.0,1.0
clip_b16,vehicle,vehicle::train_images::06987_c051_04.jpg,llm_detailed,information_reduced,0.7817427675214021,1,49,5,0.16153512297424388,1.0,vehicle::query_images::20949_c003_01.jpg,0.7453894957983963,1.0,0.5578579920201472,0.6951279607150102,0.22388477550125496,0.03635327172300584,1.0,1.0
clip_b16,vehicle,vehicle::train_images::06987_c051_04.jpg,llm_human_description,information_reduced,0.9448198208432528,1,49,5,0.10925686303120741,1.0,vehicle::train_images::08854_c110_02.jpg,0.8355629578120454,1.0,0.7418253864528496,0.8260794766649141,0.2029944343904032,0.10925686303120741,1.0,1.0
clip_b16,vehicle,vehicle::train_images::05685_c100_04.jpg,llm_brief,information_reduced,0.8950854099424923,1,49,5,0.09969310266220366,1.0,vehicle::train_images::13184_c012_02.jpg,0.7953923072802886,1.0,0.6885001875570937,0.7708618305616134,0.20658522238539856,0.09969310266220366,1.0,1.0
clip_b16,vehicle,vehicle::train_images::05685_c100_04.jpg,llm_balanced,information_reduced,0.9127728154210095,1,49,5,0.059676968008340214,1.0,vehicle::train_images::13184_c012_02.jpg,0.8530958474126693,1.0,0.6342661681558674,0.777838648301436,0.27850664726514207,0.059676968008340214,1.0,1.0
clip_b16,vehicle,vehicle::train_images::05685_c100_04.jpg,llm_detailed,information_reduced,0.9302392390377934,1,49,5,0.07668168885691484,1.0,vehicle::train_images::13184_c012_02.jpg,0.8535575501808785,1.0,0.6719565510952409,0.7962829823865583,0.2582826879425525,0.07668168885691484,1.0,1.0
clip_b16,vehicle,vehicle::train_images::05685_c100_04.jpg,llm_human_description,information_reduced,0.8918154733807985,2,49,5,0.02378822000294889,1.0,vehicle::train_images::13946_c012_04.jpg,0.894730612193825,0.9795918367346939,0.7949645085064918,0.8806597863786172,0.09685096487430667,-0.0029151388130265188,0.0,0.5
clip_b16,vehicle,vehicle::train_images::16614_c041_04.jpg,llm_brief,information_reduced,0.7184642986963663,1,49,5,0.05828632377176257,1.0,vehicle::gallery_images::20591_c110_03.jpg,0.6794140349081946,1.0,0.5363830708096936,0.6496392523133723,0.1820812278866727,0.03905026378817167,1.0,1.0
clip_b16,vehicle,vehicle::train_images::16614_c041_04.jpg,llm_balanced,information_reduced,0.840349135571038,1,49,5,0.07762651654765496,1.0,vehicle::train_images::12341_c073_00.jpg,0.762722619023383,1.0,0.6299360566537134,0.7232714538099934,0.21041307891732453,0.07762651654765496,1.0,1.0
clip_b16,vehicle,vehicle::train_images::16614_c041_04.jpg,llm_detailed,information_reduced,0.8213212122236488,1,49,5,0.0873999476375813,1.0,vehicle::train_images::12341_c073_00.jpg,0.7339212645860675,1.0,0.607602862611669,0.6972392556624794,0.21371834961197989,0.0873999476375813,1.0,1.0
clip_b16,vehicle,vehicle::train_images::16614_c041_04.jpg,llm_human_description,information_reduced,0.8820906923156215,1,49,5,0.05215570054293006,1.0,vehicle::train_images::12341_c073_00.jpg,0.8299349917726915,1.0,0.7124144868216992,0.7843596206636513,0.16967620549392237,0.05215570054293006,1.0,1.0
clip_b16,vehicle,vehicle::train_images::13946_c012_04.jpg,llm_brief,information_reduced,0.8230100448791011,1,49,5,0.09408991751475038,1.0,vehicle::query_images::20298_c122_00.jpg,0.7601252052906742,1.0,0.6465106835574228,0.7274235336976087,0.17649936132167832,0.06288483958842694,1.0,1.0
clip_b16,vehicle,vehicle::train_images::13946_c012_04.jpg,llm_balanced,information_reduced,0.8711780450990869,1,49,5,0.09233902108380887,1.0,vehicle::gallery_images::20762_c156_00.jpg,0.818057252275157,1.0,0.7099526605997899,0.7963504027892078,0.16122538449929702,0.0531207928239299,1.0,1.0
clip_b16,vehicle,vehicle::train_images::13946_c012_04.jpg,llm_detailed,information_reduced,0.856285829612042,1,49,5,0.09094854395859897,1.0,vehicle::train_images::05685_c100_04.jpg,0.8171688799473669,1.0,0.7036070002574197,0.7884293007416537,0.1526788293546223,0.03911694966467516,1.0,1.0
clip_b16,vehicle,vehicle::train_images::13946_c012_04.jpg,llm_human_description,information_reduced,0.8975751912322536,1,49,5,0.08963740760797945,1.0,vehicle::gallery_images::20762_c156_00.jpg,0.8086481874572244,1.0,0.734326879379788,0.8035057626622536,0.16324831185246558,0.08892700377502916,1.0,1.0
clip_b16,vehicle,vehicle::train_images::14133_c170_01.jpg,llm_brief,information_reduced,0.8178152832113958,1,49,5,0.18142824515661382,1.0,vehicle::query_images::20949_c003_01.jpg,0.7269175586419051,1.0,0.5622766027617743,0.6327317455932165,0.2555386804496216,0.09089772456949075,1.0,1.0
clip_b16,vehicle,vehicle::train_images::14133_c170_01.jpg,llm_balanced,information_reduced,0.9040085240846817,1,49,5,0.1907577402602555,1.0,vehicle::query_images::20949_c003_01.jpg,0.789467939092747,1.0,0.6408583989593482,0.711186596086544,0.26315012512533353,0.11454058499193465,1.0,1.0
clip_b16,vehicle,vehicle::train_images::14133_c170_01.jpg,llm_detailed,information_reduced,0.8177144404943335,1,49,5,0.17875634323683742,1.0,vehicle::query_images::20949_c003_01.jpg,0.7851721676232963,1.0,0.5854481075266021,0.6773355616883797,0.23226633296773136,0.03254227287103717,1.0,1.0
clip_b16,vehicle,vehicle::train_images::14133_c170_01.jpg,llm_human_description,information_reduced,0.9354072346326048,1,49,5,0.1208190167909502,1.0,vehicle::query_images::20204_c041_01.jpg,0.8145882178416546,1.0,0.7283432813285483,0.7917714686638906,0.20706395330405647,0.1208190167909502,1.0,1.0
clip_b16,vehicle,vehicle::train_images::16747_c163_03.jpg,llm_brief,information_reduced,0.7771567786340622,1,49,5,0.058075897797352116,1.0,vehicle::train_images::07345_c110_03.jpg,0.7398723413840861,1.0,0.6147882800564872,0.7148009481224581,0.16236849857757496,0.0372844372499761,1.0,1.0
clip_b16,vehicle,vehicle::train_images::16747_c163_03.jpg,llm_balanced,information_reduced,0.8366059600469083,1,49,5,0.09656837475632896,1.0,vehicle::train_images::03678_c014_03.jpg,0.7400375852905794,1.0,0.6428018657918028,0.7299139217034722,0.19380409425510559,0.09656837475632896,1.0,1.0
clip_b16,vehicle,vehicle::train_images::16747_c163_03.jpg,llm_detailed,information_reduced,0.7772704328406654,1,49,5,0.07070836770217948,1.0,vehicle::train_images::07345_c110_03.jpg,0.7630980888162447,1.0,0.5797105010335765,0.6849690188270625,0.19755993180708897,0.014172344024420691,1.0,1.0
clip_b16,vehicle,vehicle::train_images::16747_c163_03.jpg,llm_human_description,information_reduced,0.916284266404334,1,49,5,0.13713782093558657,1.0,vehicle::train_images::03678_c014_03.jpg,0.7791464454687475,1.0,0.6903884526263818,0.7641131000665897,0.2258958137779522,0.13713782093558657,1.0,1.0
clip_b16,vehicle,vehicle::train_images::05432_c163_04.jpg,llm_brief,information_reduced,0.8488427641060208,1,49,5,0.060381632511746774,1.0,vehicle::train_images::12849_c170_02.jpg,0.788461131594274,1.0,0.5794114373323758,0.7313617059238429,0.269431326773645,0.060381632511746774,1.0,1.0
clip_b16,vehicle,vehicle::train_images::05432_c163_04.jpg,llm_balanced,information_reduced,0.9172158093878366,1,49,5,0.10459590607000424,1.0,vehicle::train_images::12849_c170_02.jpg,0.8126199033178324,1.0,0.5864496777851991,0.7627976438375236,0.33076613160263757,0.10459590607000424,1.0,1.0
clip_b16,vehicle,vehicle::train_images::05432_c163_04.jpg,llm_detailed,information_reduced,0.934068951472848,1,49,5,0.11913350266409606,1.0,vehicle::gallery_images::20535_c170_02.jpg,0.8149354488087519,1.0,0.5912363579268858,0.7754846638767477,0.3428325935459622,0.11913350266409606,1.0,1.0
clip_b16,vehicle,vehicle::train_images::05432_c163_04.jpg,llm_human_description,information_reduced,0.9062443860890632,1,49,5,0.01729944840936637,1.0,vehicle::query_images::20249_c003_00.jpg,0.8889449376796968,1.0,0.7366451946193491,0.8587012719473984,0.16959919146971414,0.01729944840936637,1.0,1.0
clip_b16,vehicle,vehicle::train_images::19057_c170_04.jpg,llm_brief,information_reduced,0.735660088837853,1,49,5,0.0011510237713450167,1.0,vehicle::train_images::09221_c139_03.jpg,0.734509065066508,1.0,0.5908944972180233,0.7080928285642306,0.14476559161982971,0.0011510237713450167,1.0,1.0
clip_b16,vehicle,vehicle::train_images::19057_c170_04.jpg,llm_balanced,information_reduced,0.8387819626445964,1,49,5,0.11804251359739315,1.0,vehicle::train_images::09221_c139_03.jpg,0.7207394490472032,1.0,0.5634173201416868,0.7081053981254134,0.2753646425029096,0.11804251359739315,1.0,1.0
clip_b16,vehicle,vehicle::train_images::19057_c170_04.jpg,llm_detailed,information_reduced,0.9773702134685608,1,49,5,0.33827766703493367,1.0,vehicle::gallery_images::20559_c170_01.jpg,0.6390925464336271,1.0,0.3752392155728611,0.5954791386745368,0.6021309978956997,0.33827766703493367,1.0,1.0
clip_b16,vehicle,vehicle::train_images::19057_c170_04.jpg,llm_human_description,information_reduced,0.8553510144773968,1,49,5,0.15812663086510526,1.0,vehicle::train_images::14133_c170_01.jpg,0.7043152413220134,1.0,0.5837428219553626,0.683132005003321,0.27160819252203416,0.1510357731553834,1.0,1.0
clip_b16,vehicle,vehicle::train_images::04455_c078_00.jpg,llm_brief,information_reduced,0.866411900943169,1,49,5,0.061861454331436416,1.0,vehicle::gallery_images::20159_c003_00.jpg,0.8045504466117326,1.0,0.6907657446302637,0.7772395466536568,0.17564615631290525,0.061861454331436416,1.0,1.0
clip_b16,vehicle,vehicle::train_images::04455_c078_00.jpg,llm_balanced,information_reduced,0.7158235662418856,1,49,5,0.0877433925998522,1.0,vehicle::query_images::20949_c003_01.jpg,0.6887237125187394,1.0,0.5235016177055385,0.6581740337206834,0.1923219485363471,0.02709985372314616,1.0,1.0
clip_b16,vehicle,vehicle::train_images::04455_c078_00.jpg,llm_detailed,information_reduced,0.7940511876506372,1,49,5,0.08258190646460051,1.0,vehicle::query_images::20949_c003_01.jpg,0.7675454477882301,1.0,0.6112343191211096,0.7086520607170199,0.1828168685295276,0.02650573986240712,1.0,1.0
clip_b16,vehicle,vehicle::train_images::04455_c078_00.jpg,llm_human_description,information_reduced,0.8530686344046193,1,49,5,0.04761310101987626,1.0,vehicle::gallery_images::20159_c003_00.jpg,0.8054555333847431,1.0,0.6787504179638226,0.7384670016263526,0.1743182164407967,0.04761310101987626,1.0,1.0
clip_b16,vehicle,vehicle::train_images::14387_c163_04.jpg,llm_brief,information_reduced,0.7779157565941904,1,49,5,0.14723995391151512,1.0,vehicle::gallery_images::20535_c170_02.jpg,0.6704030104664609,1.0,0.5126885043192724,0.6303420869342989,0.26522725227491806,0.10751274612772954,1.0,1.0
clip_b16,vehicle,vehicle::train_images::14387_c163_04.jpg,llm_balanced,information_reduced,0.8100976260983305,1,49,5,0.19632383055919356,1.0,vehicle::train_images::19666_c077_02.jpg,0.6726351807347251,1.0,0.5115295379272089,0.6406062362587644,0.29856808817112157,0.1374624453636054,1.0,1.0
clip_b16,vehicle,vehicle::train_images::14387_c163_04.jpg,llm_detailed,information_reduced,0.7839043878585495,1,49,5,0.18529345154126642,1.0,vehicle::query_images::21112_c079_00.jpg,0.6758758103870939,1.0,0.5205396605390121,0.6363665448704645,0.2633647273195374,0.10802857747145567,1.0,1.0
clip_b16,vehicle,vehicle::train_images::14387_c163_04.jpg,llm_human_description,information_reduced,0.8663288901198911,1,49,5,0.10217395354812486,1.0,vehicle::gallery_images::21216_c003_04.jpg,0.7641549365717663,1.0,0.6515163269292624,0.7385190039244447,0.2148125631906287,0.10217395354812486,1.0,1.0
clip_b16,vehicle,vehicle::train_images::09221_c139_03.jpg,llm_brief,information_reduced,0.8399552198968904,1,49,5,0.07821924817037174,1.0,vehicle::train_images::05685_c100_04.jpg,0.7617359717265186,1.0,0.5972854293712522,0.7182569826100911,0.2426697905256382,0.07821924817037174,1.0,1.0
clip_b16,vehicle,vehicle::train_images::09221_c139_03.jpg,llm_balanced,information_reduced,0.8808574349160394,1,49,5,0.13422903887914794,1.0,vehicle::train_images::05685_c100_04.jpg,0.7466283960368915,1.0,0.5456368103884108,0.7266108091599919,0.3352206245276286,0.13422903887914794,1.0,1.0
clip_b16,vehicle,vehicle::train_images::09221_c139_03.jpg,llm_detailed,information_reduced,0.9219650961968002,1,49,5,0.07828884811700587,1.0,vehicle::train_images::05685_c100_04.jpg,0.8436762480797944,1.0,0.6799674207574594,0.7810673686409894,0.2419976754393408,0.07828884811700587,1.0,1.0
clip_b16,vehicle,vehicle::train_images::09221_c139_03.jpg,llm_human_description,information_reduced,0.9089144344407747,1,49,5,0.13244414924301218,1.0,vehicle::train_images::13184_c012_02.jpg,0.7764702851977625,1.0,0.6054522184299964,0.7376333838815492,0.3034622160107783,0.13244414924301218,1.0,1.0
clip_b16,vehicle,vehicle::train_images::04724_c110_02.jpg,llm_brief,information_reduced,0.8819048091919265,1,49,5,0.04682300233389747,1.0,vehicle::query_images::20506_c051_01.jpg,0.835081806858029,1.0,0.7091613268809223,0.7997329334269989,0.17274348231100423,0.04682300233389747,1.0,1.0
clip_b16,vehicle,vehicle::train_images::04724_c110_02.jpg,llm_balanced,information_reduced,0.8680058305980201,2,49,5,0.03179164772377874,1.0,vehicle::train_images::05685_c100_04.jpg,0.8681322868263779,0.9795918367346939,0.7382657513835813,0.8252375064027616,0.12974007921443875,-0.00012645622835782966,0.0,0.5
clip_b16,vehicle,vehicle::train_images::04724_c110_02.jpg,llm_detailed,information_reduced,0.8321045248808574,4,49,5,0.030735225554295198,1.0,vehicle::train_images::05685_c100_04.jpg,0.8613551509976144,0.9387755102040817,0.7125599971110637,0.8244060560584544,0.11954452776979374,-0.029250626116756995,0.0,0.25
clip_b16,vehicle,vehicle::train_images::04724_c110_02.jpg,llm_human_description,information_reduced,0.9632566508500311,1,49,5,0.04144603434011396,1.0,vehicle::train_images::13946_c012_04.jpg,0.9218106165099171,1.0,0.7886688732531042,0.8906885590026921,0.1745877775969269,0.04144603434011396,1.0,1.0
clip_b16,vehicle,vehicle::train_images::08361_c094_04.jpg,llm_brief,information_reduced,0.6298177252523801,3,49,5,0.1063513332124213,1.0,vehicle::train_images::09221_c139_03.jpg,0.6633369598207447,0.9591836734693877,0.49055249701989523,0.6120151750518988,0.13926522823248488,-0.033519234568364586,0.0,0.3333333333333333
clip_b16,vehicle,vehicle::train_images::08361_c094_04.jpg,llm_balanced,information_reduced,0.7023763743349885,1,49,5,0.12824379337508374,1.0,vehicle::train_images::05685_c100_04.jpg,0.6852219260439054,1.0,0.5483867078897497,0.6648750766475982,0.1539896664452387,0.017154448291083035,1.0,1.0
clip_b16,vehicle,vehicle::train_images::08361_c094_04.jpg,llm_detailed,information_reduced,0.6500372294637493,4,49,5,0.1436122187899076,1.0,vehicle::train_images::09221_c139_03.jpg,0.700231245678016,0.9387755102040817,0.4838882275409003,0.6559294084230242,0.16614900192284904,-0.05019401621426667,0.0,0.25
clip_b16,vehicle,vehicle::train_images::08361_c094_04.jpg,llm_human_description,information_reduced,0.7432361084232766,1,49,5,0.14416540918364773,1.0,vehicle::gallery_images::20762_c156_00.jpg,0.6864926125414881,1.0,0.5747068987945341,0.6595886783904615,0.16852920962874252,0.05674349588178851,1.0,1.0
clip_b16,vehicle,vehicle::train_images::03678_c014_03.jpg,llm_brief,information_reduced,0.7768969637931893,1,49,5,0.07745256776510812,1.0,vehicle::train_images::07345_c110_03.jpg,0.7216440263821927,1.0,0.5691736700712263,0.6694135811503558,0.20772329372196296,0.05525293741099657,1.0,1.0
clip_b16,vehicle,vehicle::train_images::03678_c014_03.jpg,llm_balanced,information_reduced,0.6842296463199881,2,49,5,0.09039937322675173,1.0,vehicle::train_images::09221_c139_03.jpg,0.6894618487145211,0.9795918367346939,0.40609692374041284,0.6527902497689463,0.2781327225795752,-0.0052322023945330365,0.0,0.5
clip_b16,vehicle,vehicle::train_images::03678_c014_03.jpg,llm_detailed,information_reduced,0.7159284226424498,2,49,5,0.06340323026356964,1.0,vehicle::train_images::09221_c139_03.jpg,0.7415885627408125,0.9795918367346939,0.4672533262728854,0.6897472213033856,0.24867509636956442,-0.025660140098362705,0.0,0.5
clip_b16,vehicle,vehicle::train_images::03678_c014_03.jpg,llm_human_description,information_reduced,0.8511157660602383,1,49,5,0.09244042066472846,1.0,vehicle::train_images::16747_c163_03.jpg,0.7586753453955098,1.0,0.6781140904325669,0.7414180984290905,0.17300167562767144,0.09244042066472846,1.0,1.0
clip_b16,vehicle,vehicle::query_images::20039_c015_00.jpg,llm_brief,information_reduced,0.8436879946053928,1,49,5,0.08250008243546147,1.0,vehicle::train_images::05685_c100_04.jpg,0.7611879121699313,1.0,0.6057089358981003,0.6817854802386464,0.23797905870729252,0.08250008243546147,1.0,1.0
clip_b16,vehicle,vehicle::query_images::20039_c015_00.jpg,llm_balanced,information_reduced,0.8777899896080454,1,49,5,0.1443905074126196,1.0,vehicle::train_images::05685_c100_04.jpg,0.7333994821954258,1.0,0.5901140917339739,0.6951175140466176,0.28767589787407155,0.1443905074126196,1.0,1.0
clip_b16,vehicle,vehicle::query_images::20039_c015_00.jpg,llm_detailed,information_reduced,0.8464814622846798,1,49,5,0.14099552974645524,1.0,vehicle::train_images::05685_c100_04.jpg,0.7054859325382246,1.0,0.5414858019721762,0.6853192684846494,0.3049956603125036,0.14099552974645524,1.0,1.0
clip_b16,vehicle,vehicle::query_images::20039_c015_00.jpg,llm_human_description,information_reduced,0.8458281215608133,1,49,5,0.14033683679211817,1.0,vehicle::train_images::05685_c100_04.jpg,0.7054912847686952,1.0,0.609264179095142,0.685156211701643,0.23656394246567136,0.14033683679211817,1.0,1.0
clip_b16,vehicle,vehicle::query_images::20298_c122_00.jpg,llm_brief,information_reduced,0.871349094256586,1,49,5,0.02567624679411551,1.0,vehicle::train_images::13946_c012_04.jpg,0.8456728474624705,1.0,0.69020181187443,0.7729885751354455,0.18114728238215605,0.02567624679411551,1.0,1.0
clip_b16,vehicle,vehicle::query_images::20298_c122_00.jpg,llm_balanced,information_reduced,0.9344542162165222,1,49,5,0.11264683393436437,1.0,vehicle::train_images::13946_c012_04.jpg,0.8218073822821579,1.0,0.7114761207882756,0.7857141550796748,0.22297809542824665,0.11264683393436437,1.0,1.0
clip_b16,vehicle,vehicle::query_images::20298_c122_00.jpg,llm_detailed,information_reduced,0.9018636567744127,1,49,5,0.094603595880143,1.0,vehicle::train_images::05685_c100_04.jpg,0.8185802273934416,1.0,0.7149051853338192,0.7820868986579371,0.18695847144059352,0.08328342938097111,1.0,1.0
clip_b16,vehicle,vehicle::query_images::20298_c122_00.jpg,llm_human_description,information_reduced,0.9134678321336084,1,49,5,0.09238033123888523,1.0,vehicle::train_images::13946_c012_04.jpg,0.8210875008947232,1.0,0.7123115462414367,0.7890520504143277,0.20115628589217172,0.09238033123888523,1.0,1.0
clip_b16,vehicle,vehicle::query_images::21010_c163_01.jpg,llm_brief,information_reduced,0.7254493317467404,1,49,5,0.1173944347611845,1.0,vehicle::train_images::02440_c090_02.jpg,0.6973068715342724,1.0,0.5686788295959746,0.6536551402767953,0.15677050215076582,0.028142460212468023,1.0,1.0
clip_b16,vehicle,vehicle::query_images::21010_c163_01.jpg,llm_balanced,information_reduced,0.7211423349416853,1,49,5,0.14539797940364663,1.0,vehicle::train_images::02440_c090_02.jpg,0.6774341854463098,1.0,0.5350369470226379,0.6084316526614996,0.1861053879190474,0.04370814949537549,1.0,1.0
clip_b16,vehicle,vehicle::query_images::21010_c163_01.jpg,llm_detailed,information_reduced,0.6742921001592,1,49,5,0.26358333458837013,1.0,vehicle::train_images::02440_c090_02.jpg,0.589283762915566,1.0,0.37910604537388337,0.5466516977917181,0.2951860547853167,0.0850083372436341,1.0,1.0
clip_b16,vehicle,vehicle::query_images::21010_c163_01.jpg,llm_human_description,information_reduced,0.8575183495275338,1,49,5,0.21329337382489721,1.0,vehicle::train_images::02440_c090_02.jpg,0.7357577973277988,1.0,0.5943780119082517,0.6416878192088373,0.2631403376192821,0.12176055219973503,1.0,1.0
clip_b16,vehicle,vehicle::query_images::20249_c003_00.jpg,llm_brief,information_reduced,0.7541380129557431,3,49,5,-0.09470474264843776,0.6,vehicle::train_images::05432_c163_04.jpg,0.8488427556041809,0.9591836734693877,0.5794114203535715,0.7313616883536329,0.1747265926021716,-0.09470474264843776,0.0,0.3333333333333333
clip_b16,vehicle,vehicle::query_images::20249_c003_00.jpg,llm_balanced,information_reduced,0.7521466388605571,3,49,5,-0.0798645656626984,0.6,vehicle::train_images::05432_c163_04.jpg,0.8320112045232555,0.9591836734693877,0.5753590904288106,0.7298221795680339,0.1767875484317465,-0.0798645656626984,0.0,0.3333333333333333
clip_b16,vehicle,vehicle::query_images::20249_c003_00.jpg,llm_detailed,information_reduced,0.9035126102422744,2,49,5,-0.0013714062822426376,0.8,vehicle::train_images::05432_c163_04.jpg,0.904884016524517,0.9795918367346939,0.7213841605013678,0.8482787181187106,0.18212844974090658,-0.0013714062822426376,0.0,0.5
clip_b16,vehicle,vehicle::query_images::20249_c003_00.jpg,llm_human_description,information_reduced,0.9166465231843646,1,49,5,0.017141701555744016,1.0,vehicle::train_images::12849_c170_02.jpg,0.8995048216286206,1.0,0.7459834843364613,0.872952888474482,0.17066303884790324,0.017141701555744016,1.0,1.0
clip_b16,vehicle,vehicle::query_images::20506_c051_01.jpg,llm_brief,information_reduced,0.8598829920045457,1,49,5,0.06414085736863584,1.0,vehicle::train_images::04724_c110_02.jpg,0.7957421346359098,1.0,0.6614055912242333,0.7308106404847493,0.1984774007803124,0.06414085736863584,1.0,1.0
clip_b16,vehicle,vehicle::query_images::20506_c051_01.jpg,llm_balanced,information_reduced,0.887434903158506,1,49,5,0.10752421078130547,1.0,vehicle::train_images::07345_c110_03.jpg,0.7953396156701822,1.0,0.6672576761705282,0.7448915253931645,0.22017722698797781,0.09209528748832385,1.0,1.0
clip_b16,vehicle,vehicle::query_images::20506_c051_01.jpg,llm_detailed,information_reduced,0.8776078787011666,1,49,5,0.09034359485779486,1.0,vehicle::train_images::04724_c110_02.jpg,0.7872642838433718,1.0,0.6582838770978969,0.7375527925922145,0.2193240016032697,0.09034359485779486,1.0,1.0
clip_b16,vehicle,vehicle::query_images::20506_c051_01.jpg,llm_human_description,information_reduced,0.9376042084792093,1,49,5,0.04707834448701387,1.0,vehicle::train_images::04724_c110_02.jpg,0.8905258639921955,1.0,0.7573029466151023,0.8305346931509763,0.180301261864107,0.04707834448701387,1.0,1.0
clip_b16,vehicle,vehicle::query_images::21112_c079_00.jpg,llm_brief,information_reduced,0.8151481750064133,1,49,5,0.07895925736023146,1.0,vehicle::train_images::19520_c034_01.jpg,0.7361889176461819,1.0,0.5669360503255625,0.7048194066408838,0.24821212468085085,0.07895925736023146,1.0,1.0
clip_b16,vehicle,vehicle::query_images::21112_c079_00.jpg,llm_balanced,information_reduced,0.8633118891036058,1,49,5,0.22425464847695176,1.0,vehicle::train_images::02440_c090_02.jpg,0.639057240626654,1.0,0.45713317010205123,0.5884512652724359,0.40617871900155456,0.22425464847695176,1.0,1.0
clip_b16,vehicle,vehicle::query_images::21112_c079_00.jpg,llm_detailed,information_reduced,0.9106383754768788,1,49,5,0.33737712939236475,1.0,vehicle::train_images::19057_c170_04.jpg,0.60694485449972,1.0,0.3947941913836135,0.5293563289767662,0.5158441840932653,0.30369352097715874,1.0,1.0
clip_b16,vehicle,vehicle::query_images::21112_c079_00.jpg,llm_human_description,information_reduced,0.9133161366203446,1,49,5,0.14301182481106833,1.0,vehicle::query_images::21010_c163_01.jpg,0.7703043118092763,1.0,0.6549547608705263,0.7513163964217284,0.2583613757498183,0.14301182481106833,1.0,1.0
clip_b16,vehicle,vehicle::query_images::20949_c003_01.jpg,llm_brief,information_reduced,0.8787916731685945,1,49,5,0.045135733369392916,1.0,vehicle::train_images::16253_c139_00.jpg,0.8664324426571486,1.0,0.7426340092632373,0.8220430504996054,0.13615766390535722,0.01235923051144594,1.0,1.0
clip_b16,vehicle,vehicle::query_images::20949_c003_01.jpg,llm_balanced,information_reduced,0.9216182718951299,1,49,5,0.08273715855669883,1.0,vehicle::train_images::05685_c100_04.jpg,0.8388811133384311,1.0,0.711059564627665,0.8058589039009915,0.21055870726746495,0.08273715855669883,1.0,1.0
clip_b16,vehicle,vehicle::query_images::20949_c003_01.jpg,llm_detailed,information_reduced,0.9023450743832307,1,49,5,0.13795595757069934,1.0,vehicle::gallery_images::20591_c110_03.jpg,0.7643891168125314,1.0,0.6010641442678403,0.7164042716713535,0.3012809301153905,0.13795595757069934,1.0,1.0
clip_b16,vehicle,vehicle::query_images::20949_c003_01.jpg,llm_human_description,information_reduced,0.914198670386954,1,49,5,0.05657352751748479,1.0,vehicle::gallery_images::20877_c110_00.jpg,0.8576251428694692,1.0,0.7778287652142389,0.8478070058642833,0.13636990517271508,0.05657352751748479,1.0,1.0
clip_b16,vehicle,vehicle::query_images::20272_c102_00.jpg,llm_brief,information_reduced,0.7820734241974692,1,49,5,0.004536399681169367,1.0,vehicle::train_images::12849_c170_02.jpg,0.7775370245162998,1.0,0.621538855561433,0.7329044515321521,0.1605345686360362,0.004536399681169367,1.0,1.0
clip_b16,vehicle,vehicle::query_images::20272_c102_00.jpg,llm_balanced,information_reduced,0.8793390419698494,2,49,5,-0.018055797856275424,0.8,vehicle::train_images::12849_c170_02.jpg,0.8973948398261248,0.9795918367346939,0.6730838814764315,0.7962088672151829,0.20625516049341786,-0.018055797856275424,0.0,0.5
clip_b16,vehicle,vehicle::query_images::20272_c102_00.jpg,llm_detailed,information_reduced,0.8637269495660609,2,49,5,-0.008140286720127232,0.8,vehicle::train_images::12849_c170_02.jpg,0.8718672362861881,0.9795918367346939,0.6878832539874187,0.7942997017027056,0.1758436955786422,-0.008140286720127232,0.0,0.5
clip_b16,vehicle,vehicle::query_images::20272_c102_00.jpg,llm_human_description,information_reduced,0.8948382130496886,1,49,5,0.009870277394255167,1.0,vehicle::train_images::12849_c170_02.jpg,0.8849679356554334,1.0,0.7693350000138752,0.8792017915594578,0.12550321303581335,0.009870277394255167,1.0,1.0
clip_b16,vehicle,vehicle::gallery_images::20535_c170_02.jpg,llm_brief,information_reduced,0.8607214871830914,1,49,5,0.07918549984298462,1.0,vehicle::train_images::05432_c163_04.jpg,0.7815359873401068,1.0,0.5607273143874261,0.6985185888518076,0.2999941727956653,0.07918549984298462,1.0,1.0
clip_b16,vehicle,vehicle::gallery_images::20535_c170_02.jpg,llm_balanced,information_reduced,0.9231344450621161,1,49,5,0.0617637409599493,1.0,vehicle::train_images::05432_c163_04.jpg,0.8613707041021668,1.0,0.5936189623368724,0.7561280810883705,0.32951548272524367,0.0617637409599493,1.0,1.0
clip_b16,vehicle,vehicle::gallery_images::20535_c170_02.jpg,llm_detailed,information_reduced,0.9077356754925997,1,49,5,0.04923523189843093,1.0,vehicle::train_images::05432_c163_04.jpg,0.8585004435941688,1.0,0.5900715126756397,0.7473014232403267,0.31766416281695997,0.04923523189843093,1.0,1.0
clip_b16,vehicle,vehicle::gallery_images::20535_c170_02.jpg,llm_human_description,information_reduced,0.924952725975961,1,49,5,0.027919287660094882,1.0,vehicle::gallery_images::21216_c003_04.jpg,0.8970334383158661,1.0,0.7204853757584551,0.8324693467717688,0.20446735021750595,0.027919287660094882,1.0,1.0
clip_b16,vehicle,vehicle::gallery_images::20877_c110_00.jpg,llm_brief,information_reduced,0.8376828718484093,4,49,5,-0.0010035157827131824,0.8,vehicle::train_images::16253_c139_00.jpg,0.8537989303680158,0.9387755102040817,0.740501009244292,0.8373024041623718,0.09718186260411732,-0.016116058519606513,0.0,0.25
clip_b16,vehicle,vehicle::gallery_images::20877_c110_00.jpg,llm_balanced,information_reduced,0.8454012807750366,3,49,5,-0.007057968139349224,0.6,vehicle::query_images::20949_c003_01.jpg,0.8524592489143858,0.9591836734693877,0.7063643471153808,0.7980760371974851,0.13903693365965586,-0.007057968139349224,0.0,0.3333333333333333
clip_b16,vehicle,vehicle::gallery_images::20877_c110_00.jpg,llm_detailed,information_reduced,0.841990112602965,1,49,5,0.059421700770487584,1.0,vehicle::query_images::20949_c003_01.jpg,0.7825684118324774,1.0,0.5718614903879455,0.7293529419994479,0.27012862221501943,0.059421700770487584,1.0,1.0
clip_b16,vehicle,vehicle::gallery_images::20877_c110_00.jpg,llm_human_description,information_reduced,0.8855516895640849,1,49,5,0.05939227553309345,1.0,vehicle::train_images::08854_c110_02.jpg,0.8345518914798981,1.0,0.7419680055210109,0.8200552871952125,0.14358368404307398,0.050999798084186865,1.0,1.0
clip_b16,vehicle,vehicle::gallery_images::20159_c003_00.jpg,llm_brief,information_reduced,0.6888026706283656,6,49,5,-0.04138255481749842,0.8,vehicle::train_images::04455_c078_00.jpg,0.7301852254458641,0.8979591836734694,0.5939454862924278,0.7085795022769824,0.09485718433593782,-0.04138255481749842,0.0,0.16666666666666666
clip_b16,vehicle,vehicle::gallery_images::20159_c003_00.jpg,llm_balanced,information_reduced,0.8375847611506084,1,49,5,0.036260714260063276,1.0,vehicle::train_images::04455_c078_00.jpg,0.8013240468905451,1.0,0.6759117075121481,0.770734601159198,0.1616730536384603,0.036260714260063276,1.0,1.0
clip_b16,vehicle,vehicle::gallery_images::20159_c003_00.jpg,llm_detailed,information_reduced,0.8079030629184986,1,49,5,0.05097993286268687,1.0,vehicle::train_images::04455_c078_00.jpg,0.7569231300558117,1.0,0.6302814676071476,0.7282443718824338,0.1776215953113509,0.05097993286268687,1.0,1.0
clip_b16,vehicle,vehicle::gallery_images::20159_c003_00.jpg,llm_human_description,information_reduced,0.8505079946474625,1,49,5,0.03267651327193233,1.0,vehicle::train_images::04455_c078_00.jpg,0.8178314813755302,1.0,0.7028860465508864,0.7723337615026614,0.14762194809657614,0.03267651327193233,1.0,1.0
clip_b16,vehicle,vehicle::gallery_images::21199_c014_04.jpg,llm_brief,information_reduced,0.7512680806616815,2,49,5,0.05167043250792447,1.0,vehicle::train_images::05685_c100_04.jpg,0.8304019799398887,0.9795918367346939,0.6325703408141893,0.7211009256966718,0.11869773984749221,-0.07913389927820724,0.0,0.5
clip_b16,vehicle,vehicle::gallery_images::21199_c014_04.jpg,llm_balanced,information_reduced,0.8872238355080153,1,49,5,0.10605911926706812,1.0,vehicle::train_images::05685_c100_04.jpg,0.8575990750532374,1.0,0.6942909497430876,0.7793176775854532,0.19293288576492773,0.02962476045477791,1.0,1.0
clip_b16,vehicle,vehicle::gallery_images::21199_c014_04.jpg,llm_detailed,information_reduced,0.9061952744290144,1,49,5,0.09221734007304294,1.0,vehicle::train_images::05685_c100_04.jpg,0.8535034708701272,1.0,0.7221243430074872,0.7948232391885125,0.1840709314215272,0.05269180355888714,1.0,1.0
clip_b16,vehicle,vehicle::gallery_images::21199_c014_04.jpg,llm_human_description,information_reduced,0.8939705013896697,1,49,5,0.026459164565941995,1.0,vehicle::train_images::08854_c110_02.jpg,0.8675113368237277,1.0,0.7613126653051979,0.8422446338350246,0.1326578360844718,0.026459164565941995,1.0,1.0
clip_b16,vehicle,vehicle::gallery_images::20762_c156_00.jpg,llm_brief,information_reduced,0.824816889326611,1,49,5,0.1125473565294135,1.0,vehicle::train_images::19666_c077_02.jpg,0.7122695327971975,1.0,0.5890737721422827,0.6584110496862643,0.23574311718432828,0.1125473565294135,1.0,1.0
clip_b16,vehicle,vehicle::gallery_images::20762_c156_00.jpg,llm_balanced,information_reduced,0.8925660786404207,1,49,5,0.16182174800283633,1.0,vehicle::train_images::19666_c077_02.jpg,0.7307443306375844,1.0,0.5867858729880083,0.6585511216046809,0.3057802056524124,0.16182174800283633,1.0,1.0
clip_b16,vehicle,vehicle::gallery_images::20762_c156_00.jpg,llm_detailed,information_reduced,0.8410910154154805,1,49,5,0.15742768547880104,1.0,vehicle::train_images::19666_c077_02.jpg,0.6836633299366794,1.0,0.526704725135676,0.6336699653734696,0.31438629027980447,0.15742768547880104,1.0,1.0
clip_b16,vehicle,vehicle::gallery_images::20762_c156_00.jpg,llm_human_description,information_reduced,0.9378541828661497,1,49,5,0.10228266039163925,1.0,vehicle::train_images::13946_c012_04.jpg,0.8355715224745105,1.0,0.738599231524041,0.8052023640069534,0.1992549513421087,0.10228266039163925,1.0,1.0
clip_b16,vehicle,vehicle::gallery_images::20070_c017_01.jpg,llm_brief,information_reduced,0.887500845892422,1,49,5,0.2851930234743665,1.0,vehicle::train_images::09221_c139_03.jpg,0.6023078224180555,1.0,0.5145949368361981,0.5914204926525674,0.3729059090562239,0.2851930234743665,1.0,1.0
clip_b16,vehicle,vehicle::gallery_images::20070_c017_01.jpg,llm_balanced,information_reduced,0.9124143578877919,1,49,5,0.2624099381553451,1.0,vehicle::train_images::09221_c139_03.jpg,0.6500044197324468,1.0,0.4752169087737679,0.6066749993776165,0.43719744911402403,0.2624099381553451,1.0,1.0
clip_b16,vehicle,vehicle::gallery_images::20070_c017_01.jpg,llm_detailed,information_reduced,0.9049240533065133,1,49,5,0.3284523680436231,1.0,vehicle::gallery_images::20559_c170_01.jpg,0.5764716852628902,1.0,0.3714369572046895,0.5273932103115097,0.5334870961018238,0.3284523680436231,1.0,1.0
clip_b16,vehicle,vehicle::gallery_images::20070_c017_01.jpg,llm_human_description,information_reduced,0.8749217790558346,1,49,5,0.2160121520022107,1.0,vehicle::query_images::20039_c015_00.jpg,0.6589096270536239,1.0,0.5719891659168422,0.6386418865870117,0.30293261313899233,0.2160121520022107,1.0,1.0
clip_b16,vehicle,vehicle::gallery_images::21216_c003_04.jpg,llm_brief,information_reduced,0.7176441092716048,3,49,5,-0.10537300956267026,0.8,vehicle::gallery_images::20535_c170_02.jpg,0.8230171188342751,0.9591836734693877,0.5460197941543568,0.6761388392710783,0.17162431511724807,-0.10537300956267026,0.0,0.3333333333333333
clip_b16,vehicle,vehicle::gallery_images::21216_c003_04.jpg,llm_balanced,information_reduced,0.766143399218802,3,49,5,-0.08989529773826,0.8,vehicle::gallery_images::20535_c170_02.jpg,0.856038696957062,0.9591836734693877,0.5687975579793428,0.7230620122227516,0.1973458412394592,-0.08989529773826,0.0,0.3333333333333333
clip_b16,vehicle,vehicle::gallery_images::21216_c003_04.jpg,llm_detailed,information_reduced,0.7628110046034865,3,49,5,-0.0878789508500809,0.8,vehicle::gallery_images::20535_c170_02.jpg,0.8506899554535674,0.9591836734693877,0.560432158891036,0.7212639390140205,0.20237884571245046,-0.0878789508500809,0.0,0.3333333333333333
clip_b16,vehicle,vehicle::gallery_images::21216_c003_04.jpg,llm_human_description,information_reduced,0.9155982474385969,1,49,5,0.024611991101567643,1.0,vehicle::gallery_images::20535_c170_02.jpg,0.8909862563370292,1.0,0.7307227322376462,0.8273192984259706,0.1848755152009507,0.024611991101567643,1.0,1.0
clip_b16,vehicle,vehicle::gallery_images::20559_c170_01.jpg,llm_brief,information_reduced,0.8727803694655802,1,49,5,0.08926000890318231,1.0,vehicle::train_images::09221_c139_03.jpg,0.7835203605623979,1.0,0.6052486462811137,0.7480419217114782,0.2675317231844665,0.08926000890318231,1.0,1.0
clip_b16,vehicle,vehicle::gallery_images::20559_c170_01.jpg,llm_balanced,information_reduced,0.9391434782440462,1,49,5,0.17775760918508132,1.0,vehicle::train_images::13184_c012_02.jpg,0.7613858690589649,1.0,0.63282148030787,0.7517207669854749,0.3063219979361762,0.17775760918508132,1.0,1.0
clip_b16,vehicle,vehicle::gallery_images::20559_c170_01.jpg,llm_detailed,information_reduced,0.9512661849383512,1,49,5,0.20959610354445002,1.0,vehicle::train_images::09221_c139_03.jpg,0.7416700813939012,1.0,0.5055398899177543,0.701607085996776,0.4457262950205969,0.20959610354445002,1.0,1.0
clip_b16,vehicle,vehicle::gallery_images::20559_c170_01.jpg,llm_human_description,information_reduced,0.867514988722623,1,49,5,0.11018371749069278,1.0,vehicle::train_images::03678_c014_03.jpg,0.7669668463891937,1.0,0.6743765612736581,0.7519177963785606,0.19313842744896492,0.10054814233342935,1.0,1.0
clip_b16,vehicle,vehicle::gallery_images::20401_c023_03.jpg,llm_brief,information_reduced,0.8759529048008784,1,49,5,0.3390717401344937,1.0,vehicle::train_images::07345_c110_03.jpg,0.5804014520826456,1.0,0.4240555344111502,0.5238686562854317,0.4518973703897282,0.2955514527182328,1.0,1.0
clip_b16,vehicle,vehicle::gallery_images::20401_c023_03.jpg,llm_balanced,information_reduced,0.8532083691953511,1,49,5,0.35000773977041244,1.0,vehicle::train_images::07345_c110_03.jpg,0.5357176132665562,1.0,0.3398988828266969,0.4737315202368941,0.5133094863686543,0.31749075592879494,1.0,1.0
clip_b16,vehicle,vehicle::gallery_images::20401_c023_03.jpg,llm_detailed,information_reduced,0.945564563116528,1,49,5,0.31318819829324696,1.0,vehicle::train_images::09221_c139_03.jpg,0.6323763648232811,1.0,0.46263054513789215,0.5956133784409038,0.4829340179786359,0.31318819829324696,1.0,1.0
clip_b16,vehicle,vehicle::gallery_images::20401_c023_03.jpg,llm_human_description,information_reduced,0.8945650515110368,1,49,5,0.2762428088651403,1.0,vehicle::gallery_images::20762_c156_00.jpg,0.6183222426458965,1.0,0.5255563794414784,0.5994663119139494,0.36900867206955845,0.2762428088651403,1.0,1.0
clip_b16,face,face::train::071174.jpg,llm_brief,information_reduced,0.818018055272028,1,49,5,0.0093427108317784,1.0,face::train::178129.jpg,0.8086753444402496,1.0,0.7041417673711421,0.805668280536484,0.11387628790088589,0.0093427108317784,1.0,1.0
clip_b16,face,face::train::071174.jpg,llm_balanced,information_reduced,0.8269913240140148,1,49,5,0.005418466427036472,1.0,face::train::101485.jpg,0.8215728575869783,1.0,0.7188846144697425,0.804603709473822,0.10810670954427226,0.005418466427036472,1.0,1.0
clip_b16,face,face::train::071174.jpg,llm_detailed,information_reduced,0.88220665938098,3,49,5,-0.016007020831978025,0.8,face::train::101485.jpg,0.898213680212958,0.9591836734693877,0.793696683442991,0.8792456031855551,0.08850997593798893,-0.016007020831978025,0.0,0.3333333333333333
clip_b16,face,face::train::071174.jpg,llm_human_description,information_reduced,0.7944976816701687,2,49,5,0.010672564469794699,1.0,face::train::025692.jpg,0.7958565626132111,0.9795918367346939,0.6944601995998053,0.7834892353351369,0.10003748207036334,-0.0013588809430424842,0.0,0.5
clip_b16,face,face::train::166091.jpg,llm_brief,information_reduced,0.7488019798573474,27,49,5,-0.06953357403321325,0.2,face::train::141457.jpg,0.8636771285216829,0.46938775510204084,0.7590845791947037,0.8338994576768409,-0.010282599337356313,-0.11487514866433546,0.0,0.037037037037037035
clip_b16,face,face::train::166091.jpg,llm_balanced,information_reduced,0.7773298373064564,33,49,5,-0.06939124408572916,0.2,face::train::141457.jpg,0.89986360858133,0.3469387755102041,0.7935688511338727,0.8813624376747633,-0.016239013827416215,-0.12253377127487353,0.0,0.030303030303030304
clip_b16,face,face::train::166091.jpg,llm_detailed,information_reduced,0.8850602378748567,22,49,5,-0.027137168808536782,0.6,face::train::141457.jpg,0.9396541669504765,0.5714285714285714,0.8776458013220245,0.9202416985239367,0.007414436552832138,-0.054593929075619885,0.0,0.045454545454545456
clip_b16,face,face::train::166091.jpg,llm_human_description,information_reduced,0.7219770088317699,28,49,5,-0.07326785094400579,0.2,face::train::141457.jpg,0.8514398005648519,0.4489795918367347,0.7309497510258466,0.8219222145387886,-0.008972742194076733,-0.12946279173308206,0.0,0.03571428571428571
clip_b16,face,face::train::157804.jpg,llm_brief,information_reduced,0.8938725480443981,4,49,5,-0.010338921667369605,0.4,face::train::141457.jpg,0.9042114697117677,0.9387755102040817,0.8143709855974869,0.893435737932705,0.0795015624469112,-0.010338921667369605,0.0,0.25
clip_b16,face,face::train::157804.jpg,llm_balanced,information_reduced,0.9146380429069864,2,49,5,-0.0001939378160185079,0.8,face::train::141457.jpg,0.9148319807230049,0.9795918367346939,0.8101900274098854,0.900235754317176,0.10444801549710092,-0.0001939378160185079,0.0,0.5
clip_b16,face,face::train::157804.jpg,llm_detailed,information_reduced,0.9619905781705967,1,49,5,0.004268939673040983,1.0,face::train::141457.jpg,0.9577216384975558,1.0,0.8706337200478793,0.9315084401869582,0.09135685812271743,0.004268939673040983,1.0,1.0
clip_b16,face,face::train::157804.jpg,llm_human_description,information_reduced,0.8988392256878794,2,49,5,-0.0005976892457555394,0.8,face::train::081413.jpg,0.899436914933635,0.9795918367346939,0.8030065220406826,0.8924136533311716,0.09583270364719687,-0.0005976892457555394,0.0,0.5
clip_b16,face,face::train::091980.jpg,llm_brief,information_reduced,0.8913859082890779,1,49,5,0.051583061933073604,1.0,face::train::008309.jpg,0.8415090942190867,1.0,0.7698338675600239,0.8252254899242317,0.12155204072905401,0.04987681406999123,1.0,1.0
clip_b16,face,face::train::091980.jpg,llm_balanced,information_reduced,0.8655980565025677,1,49,5,0.038777873371740434,1.0,face::train::025692.jpg,0.8268201831308273,1.0,0.7336676747521453,0.7944326952409124,0.13193038175042238,0.038777873371740434,1.0,1.0
clip_b16,face,face::train::091980.jpg,llm_detailed,information_reduced,0.9257333243930841,1,49,5,0.012702689776787457,1.0,face::train::178129.jpg,0.9130306346162966,1.0,0.8328729402539421,0.893105542755789,0.092860384139142,0.012702689776787457,1.0,1.0
clip_b16,face,face::train::091980.jpg,llm_human_description,information_reduced,0.8843955790474656,1,49,5,0.02353595639519568,1.0,face::train::025692.jpg,0.8608596226522699,1.0,0.7603750020323565,0.8186833189101873,0.12402057701510905,0.02353595639519568,1.0,1.0
clip_b16,face,face::train::121281.jpg,llm_brief,information_reduced,0.7151231644044131,30,49,5,-0.04817732298751842,0.0,face::train::008309.jpg,0.8185166224979223,0.40816326530612246,0.7243588955753397,0.7798857047191666,-0.009235731170926575,-0.1033934580935092,0.0,0.03333333333333333
clip_b16,face,face::train::121281.jpg,llm_balanced,information_reduced,0.7151217883760027,18,49,5,-0.0484119876055048,0.2,face::train::091980.jpg,0.7829998491974447,0.6530612244897959,0.7011458140787545,0.7632778924751882,0.013975974297248173,-0.06787806082144199,0.0,0.05555555555555555
clip_b16,face,face::train::121281.jpg,llm_detailed,information_reduced,0.8676339005232758,19,49,5,-0.01285297007604036,0.6,face::train::008309.jpg,0.910581344354312,0.6326530612244898,0.8604577067148926,0.8922092564031048,0.007176193808383191,-0.042947443831036214,0.0,0.05263157894736842
clip_b16,face,face::train::121281.jpg,llm_human_description,information_reduced,0.6372983186630239,32,49,5,-0.04712433522115944,0.0,face::train::001042.jpg,0.7279974916698466,0.3673469387755102,0.6467128955401555,0.7127006603578626,-0.009414576877131653,-0.09069917300682273,0.0,0.03125
clip_b16,face,face::train::114832.jpg,llm_brief,information_reduced,0.8276798211058541,7,49,5,-0.022703498842650327,0.4,face::train::141457.jpg,0.853557150166292,0.8775510204081632,0.774035274972265,0.8441652576299703,0.053644546133589155,-0.025877329060437826,0.0,0.14285714285714285
clip_b16,face,face::train::114832.jpg,llm_balanced,information_reduced,0.8701626032392064,7,49,5,-0.023774878298294166,0.6,face::train::141457.jpg,0.8957611851097879,0.8775510204081632,0.8080705126057997,0.885511419012535,0.062092090633406705,-0.025598581870581505,0.0,0.14285714285714285
clip_b16,face,face::train::114832.jpg,llm_detailed,information_reduced,0.892886614436869,4,49,5,-0.011480906814413383,0.8,face::train::157804.jpg,0.9134758288901992,0.9387755102040817,0.8385969098176944,0.8983177561362976,0.054289704619174595,-0.020589214453330174,0.0,0.25
clip_b16,face,face::train::114832.jpg,llm_human_description,information_reduced,0.813476849986186,12,49,5,-0.02986448549827414,0.6,face::train::157804.jpg,0.8481884208835919,0.7755102040816326,0.769882756086873,0.8397545432883902,0.04359409389931301,-0.03471157089740595,0.0,0.08333333333333333
clip_b16,face,face::train::090489.jpg,llm_brief,information_reduced,0.7597937636395485,12,49,5,-0.010588649229132274,0.8,face::train::008309.jpg,0.813850625432425,0.7755102040816326,0.7356375609081858,0.7917220265060501,0.024156202731362764,-0.0540568617928765,0.0,0.08333333333333333
clip_b16,face,face::train::090489.jpg,llm_balanced,information_reduced,0.8080104916864821,9,49,5,-0.008310016507278473,0.8,face::train::008309.jpg,0.8420631021398833,0.8367346938775511,0.7767420335664679,0.8279173542112344,0.03126845812001422,-0.034052610453401244,0.0,0.1111111111111111
clip_b16,face,face::train::090489.jpg,llm_detailed,information_reduced,0.8841268788237284,2,49,5,0.0027165067353462913,1.0,face::train::178129.jpg,0.8994455713923774,0.9795918367346939,0.843745105492519,0.8806077941972626,0.0403817733312094,-0.015318692568648928,0.0,0.5
clip_b16,face,face::train::090489.jpg,llm_human_description,information_reduced,0.8290589442201025,8,49,5,-0.004810139390266754,0.8,face::train::025692.jpg,0.8552906634371227,0.8571428571428571,0.7663279861501354,0.8477057021504516,0.06273095806996709,-0.026231719217020166,0.0,0.125
clip_b16,face,face::train::008309.jpg,llm_brief,information_reduced,0.8581281641919025,1,49,5,0.03128060244258657,1.0,face::train::141457.jpg,0.826847561749316,1.0,0.7012481821609251,0.8019364890193158,0.15687998203097742,0.03128060244258657,1.0,1.0
clip_b16,face,face::train::008309.jpg,llm_balanced,information_reduced,0.8885566550259814,1,49,5,0.01906887213671682,1.0,face::train::141457.jpg,0.8694877828892645,1.0,0.7464322082572581,0.8456054942618918,0.14212444676872327,0.01906887213671682,1.0,1.0
clip_b16,face,face::train::008309.jpg,llm_detailed,information_reduced,0.9424314421735775,1,49,5,0.006700130981348362,1.0,face::train::141457.jpg,0.9357313111922292,1.0,0.8341058395642842,0.9203444065992697,0.10832560260929336,0.006700130981348362,1.0,1.0
clip_b16,face,face::train::008309.jpg,llm_human_description,information_reduced,0.8994827663470012,1,49,5,0.008875874633894831,1.0,face::train::141457.jpg,0.8906068917131064,1.0,0.7858492143611528,0.8713411083900777,0.11363355198584835,0.008875874633894831,1.0,1.0
clip_b16,face,face::train::129132.jpg,llm_brief,information_reduced,0.8052514316262844,9,49,5,-0.05189165792077133,0.4,face::train::141457.jpg,0.8571430895470558,0.8367346938775511,0.7378680159303572,0.8331006551572232,0.0673834156959272,-0.05189165792077133,0.0,0.1111111111111111
clip_b16,face,face::train::129132.jpg,llm_balanced,information_reduced,0.7949235654162538,7,49,5,-0.046624609393213445,0.6,face::train::141457.jpg,0.8415481748094672,0.8775510204081632,0.7300087940903002,0.8226017879633906,0.06491477132595358,-0.046624609393213445,0.0,0.14285714285714285
clip_b16,face,face::train::129132.jpg,llm_detailed,information_reduced,0.8994698638100176,10,49,5,-0.049974397758618117,0.6,face::train::157804.jpg,0.949523108802637,0.8163265306122449,0.8485699472859072,0.9324574169901766,0.05089991652411041,-0.05005324499261943,0.0,0.1
clip_b16,face,face::train::129132.jpg,llm_human_description,information_reduced,0.7213472547251416,8,49,5,-0.03959834274491092,0.6,face::train::141457.jpg,0.7609455974700525,0.8571428571428571,0.6603163111748721,0.7433018355044456,0.0610309435502695,-0.03959834274491092,0.0,0.125
clip_b16,face,face::train::053065.jpg,llm_brief,information_reduced,0.8925567502032812,5,49,5,0.00233155044521427,1.0,face::train::178129.jpg,0.9228045999519986,0.9183673469387755,0.8263030608289803,0.8983021580871954,0.06625368937430087,-0.030247849748717415,0.0,0.2
clip_b16,face,face::train::053065.jpg,llm_balanced,information_reduced,0.8725821255273308,2,49,5,-0.005509942788484934,0.8,face::train::001042.jpg,0.8780920683158158,0.9795918367346939,0.8051311090151371,0.8559634173074033,0.06745101651219376,-0.005509942788484934,0.0,0.5
clip_b16,face,face::train::053065.jpg,llm_detailed,information_reduced,0.953941726294055,1,49,5,0.009605076202816809,1.0,face::train::178129.jpg,0.9468729258983246,1.0,0.8863705141736714,0.9376694664408957,0.06757121212038364,0.007068800395730435,1.0,1.0
clip_b16,face,face::train::053065.jpg,llm_human_description,information_reduced,0.8596759151412818,1,49,5,0.009939481052258836,1.0,face::train::091980.jpg,0.8508416106614862,1.0,0.7756707237896979,0.8477834414806452,0.08400519135158391,0.008834304479795607,1.0,1.0
clip_b16,face,face::train::143554.jpg,llm_brief,information_reduced,0.5416708434915555,22,49,5,-0.054016048882181034,0.0,face::train::082954.jpg,0.6608994885849442,0.5714285714285714,0.5274941801831696,0.6048315235984129,0.01417666330838585,-0.11922864509338871,0.0,0.045454545454545456
clip_b16,face,face::train::143554.jpg,llm_balanced,information_reduced,0.5350586398613598,2,49,5,0.057412496704253746,1.0,face::train::082954.jpg,0.5466852925196085,0.9795918367346939,0.37008872286872013,0.4898342879998712,0.1649699169926397,-0.011626652658248693,0.0,0.5
clip_b16,face,face::train::143554.jpg,llm_detailed,information_reduced,0.5921362420086502,2,49,5,0.03195169689278243,1.0,face::train::082954.jpg,0.616128323226595,0.9795918367346939,0.44862271508354434,0.560120996453772,0.14351352692510588,-0.023992081217944827,0.0,0.5
clip_b16,face,face::train::143554.jpg,llm_human_description,information_reduced,0.5182954104460052,2,49,5,0.04598576525818254,1.0,face::train::082954.jpg,0.5390196398034791,0.9795918367346939,0.36991579607713154,0.490232115864987,0.1483796143688737,-0.020724229357473867,0.0,0.5
clip_b16,face,face::train::178182.jpg,llm_brief,information_reduced,0.80868988377712,7,49,5,0.0026449219314808037,1.0,face::train::001042.jpg,0.8370983211350073,0.8775510204081632,0.7575974271210334,0.826563821131568,0.05109245665608664,-0.02840843735788723,0.0,0.14285714285714285
clip_b16,face,face::train::178182.jpg,llm_balanced,information_reduced,0.837812137952495,13,49,5,-0.02676623824573987,0.4,face::train::178129.jpg,0.8898225344918211,0.7551020408163265,0.7876424167320553,0.8697432645095531,0.05016972122043972,-0.052010396539326154,0.0,0.07692307692307693
clip_b16,face,face::train::178182.jpg,llm_detailed,information_reduced,0.8583483628282749,14,49,5,-0.029183295291936195,0.4,face::train::178129.jpg,0.904711216813175,0.7346938775510204,0.8119574532071622,0.8924633353324775,0.0463909096211127,-0.04636285398490014,0.0,0.07142857142857142
clip_b16,face,face::train::178182.jpg,llm_human_description,information_reduced,0.7144878584958458,9,49,5,0.008980628582819561,1.0,face::train::001042.jpg,0.7717129649994934,0.8367346938775511,0.6731519536407773,0.7352941341362377,0.04133590485506855,-0.05722510650364754,0.0,0.1111111111111111
clip_b16,face,face::train::063618.jpg,llm_brief,information_reduced,0.853611045755051,4,49,5,-0.00960990039450571,0.6,face::train::141457.jpg,0.8632209461495567,0.9387755102040817,0.7480550499485092,0.8519926159147763,0.10555599580654174,-0.00960990039450571,0.0,0.25
clip_b16,face,face::train::063618.jpg,llm_balanced,information_reduced,0.8715545552839951,3,49,5,-0.010349881341233158,0.8,face::train::141457.jpg,0.8819044366252282,0.9591836734693877,0.7633836865883727,0.8696927223142509,0.10817086869562231,-0.010349881341233158,0.0,0.3333333333333333
clip_b16,face,face::train::063618.jpg,llm_detailed,information_reduced,0.933770821400077,3,49,5,-0.003373310354306658,0.6,face::train::081413.jpg,0.9371441317543836,0.9591836734693877,0.8384503640269945,0.9254984999031103,0.09532045737308248,-0.003373310354306658,0.0,0.3333333333333333
clip_b16,face,face::train::063618.jpg,llm_human_description,information_reduced,0.8386333262289105,5,49,5,-0.01131525616299045,0.2,face::train::081413.jpg,0.849948582391901,0.9183673469387755,0.7399342714372275,0.8446425705659275,0.09869905479168306,-0.01131525616299045,0.0,0.2
clip_b16,face,face::train::089537.jpg,llm_brief,information_reduced,0.8420152281891009,13,49,5,-0.02414698240017077,0.4,face::train::178129.jpg,0.8980604885835659,0.7551020408163265,0.7936596547566326,0.8797495276336147,0.048355573432468324,-0.056045260394465,0.0,0.07692307692307693
clip_b16,face,face::train::089537.jpg,llm_balanced,information_reduced,0.77963872565487,18,49,5,-0.03047586658235424,0.2,face::train::001042.jpg,0.8436347851082358,0.6530612244897959,0.7560396956105236,0.8270335599800284,0.02359903004434638,-0.06399605945336573,0.0,0.05555555555555555
clip_b16,face,face::train::089537.jpg,llm_detailed,information_reduced,0.9033235703483743,12,49,5,-0.0153933086176955,0.6,face::train::101485.jpg,0.9350294908985688,0.7755102040816326,0.8550174410787394,0.9269574710784229,0.048306129269634845,-0.0317059205501945,0.0,0.08333333333333333
clip_b16,face,face::train::089537.jpg,llm_human_description,information_reduced,0.7419312905956998,14,49,5,-0.0019886104355930634,0.8,face::train::001042.jpg,0.7873774437444584,0.7346938775510204,0.7110104741182032,0.7697439403387486,0.03092081647749667,-0.04544615314875855,0.0,0.07142857142857142
clip_b16,face,face::train::065762.jpg,llm_brief,information_reduced,0.8307789098123788,10,49,5,-0.017897110139767136,0.8,face::train::001042.jpg,0.8486760199521459,0.8163265306122449,0.810062348554628,0.8381924485496113,0.020716561257750787,-0.017897110139767136,0.0,0.1
clip_b16,face,face::train::065762.jpg,llm_balanced,information_reduced,0.8515576003966742,21,49,5,-0.034548899576540726,0.6,face::train::001042.jpg,0.8861064999732149,0.5918367346938775,0.8423147496663032,0.8785707403769684,0.00924285073037101,-0.034548899576540726,0.0,0.047619047619047616
clip_b16,face,face::train::065762.jpg,llm_detailed,information_reduced,0.8639221104335569,21,49,5,-0.022251737984700037,0.8,face::train::090489.jpg,0.9010559504174378,0.5918367346938775,0.8577603674201522,0.8878839286229878,0.006161743013404775,-0.03713383998388087,0.0,0.047619047619047616
clip_b16,face,face::train::065762.jpg,llm_human_description,information_reduced,0.8486608003318973,4,49,5,-0.020126608497830656,0.8,face::train::001042.jpg,0.8687874088297279,0.9387755102040817,0.8215750170863818,0.850797003636505,0.02708578324551547,-0.020126608497830656,0.0,0.25
clip_b16,face,face::train::168471.jpg,llm_brief,information_reduced,0.7490442551765153,22,49,5,-0.06202328658294598,0.4,face::train::091980.jpg,0.8694093937880407,0.5714285714285714,0.739591947578085,0.8357457402613498,0.009452307598430298,-0.12036513861152542,0.0,0.045454545454545456
clip_b16,face,face::train::168471.jpg,llm_balanced,information_reduced,0.8004137892730769,21,49,5,-0.05544674557993812,0.4,face::train::091980.jpg,0.8869504711789274,0.5918367346938775,0.7842552636030157,0.8645170325056377,0.016158525670061263,-0.08653668190585051,0.0,0.047619047619047616
clip_b16,face,face::train::168471.jpg,llm_detailed,information_reduced,0.8915155656483037,17,49,5,-0.042085029864897594,0.4,face::train::090489.jpg,0.9336005955132013,0.673469387755102,0.859227715287231,0.920036323435009,0.032287850361072734,-0.042085029864897594,0.0,0.058823529411764705
clip_b16,face,face::train::168471.jpg,llm_human_description,information_reduced,0.7614625435871352,25,49,5,-0.04777467692103632,0.2,face::train::091980.jpg,0.8654873294866753,0.5102040816326531,0.7596565200140095,0.8296627042850321,0.001806023573125648,-0.10402478589954012,0.0,0.04
clip_b16,face,face::train::101485.jpg,llm_brief,information_reduced,0.7403652707738133,5,49,5,-0.018364387567731177,0.8,face::train::091980.jpg,0.7728305889859131,0.9183673469387755,0.6836172705970651,0.7525808380114489,0.05674800017674819,-0.03246531821209975,0.0,0.2
clip_b16,face,face::train::101485.jpg,llm_balanced,information_reduced,0.7947260501847375,4,49,5,-0.01942213458065256,0.8,face::train::091980.jpg,0.828811689238071,0.9387755102040817,0.7128151104766984,0.8034037768862827,0.08191093970803909,-0.034085639053333505,0.0,0.25
clip_b16,face,face::train::101485.jpg,llm_detailed,information_reduced,0.8889301188657754,3,49,5,-0.0061001499000489234,0.8,face::train::025692.jpg,0.9001173953591388,0.9591836734693877,0.8031789447008453,0.887068796537206,0.08575117416493017,-0.011187276493363374,0.0,0.3333333333333333
clip_b16,face,face::train::101485.jpg,llm_human_description,information_reduced,0.7753786728130703,6,49,5,-0.012446755343138771,0.8,face::train::091980.jpg,0.8047990470393879,0.8979591836734694,0.6965148139596126,0.7842681317797412,0.0788638588534577,-0.029420374226317603,0.0,0.16666666666666666
clip_b16,face,face::train::023736.jpg,llm_brief,information_reduced,0.7547737085948353,20,49,5,-0.04712217858820156,0.6,face::train::008309.jpg,0.8755299063160695,0.6122448979591837,0.7320493933467023,0.8159347081343511,0.02272431524813301,-0.12075619772123425,0.0,0.05
clip_b16,face,face::train::023736.jpg,llm_balanced,information_reduced,0.8061269322772813,17,49,5,-0.03658657296182133,0.6,face::train::008309.jpg,0.89264426846965,0.673469387755102,0.7785363153312992,0.8654481977498529,0.027590616945982083,-0.08651733619236868,0.0,0.058823529411764705
clip_b16,face,face::train::023736.jpg,llm_detailed,information_reduced,0.8927530651586317,16,49,5,-0.0334949984369064,0.6,face::train::141457.jpg,0.9474020779524035,0.6938775510204082,0.8549520698933362,0.9369156222960907,0.03780099526529557,-0.05464901279377177,0.0,0.0625
clip_b16,face,face::train::023736.jpg,llm_human_description,information_reduced,0.7421369827323006,16,49,5,-0.0354061276349642,0.6,face::train::008309.jpg,0.8276334533255996,0.6938775510204082,0.7150566451245385,0.7986419151254988,0.027080337607762073,-0.08549647059329901,0.0,0.0625
clip_b16,face,face::train::063708.jpg,llm_brief,information_reduced,0.7206624566108801,37,49,5,-0.07104957314358551,0.2,face::train::008309.jpg,0.8378563219627977,0.2653061224489796,0.7373041799736068,0.7969813788554748,-0.016641723362726624,-0.11719386535191756,0.0,0.02702702702702703
clip_b16,face,face::train::063708.jpg,llm_balanced,information_reduced,0.7512706766034809,40,49,5,-0.07638146630747333,0.0,face::train::008309.jpg,0.8814472044509327,0.20408163265306123,0.782604680749195,0.848905178270965,-0.03133400414571408,-0.13017652784745182,0.0,0.025
clip_b16,face,face::train::063708.jpg,llm_detailed,information_reduced,0.7768521727939771,27,49,5,-0.06529943912190539,0.2,face::train::008309.jpg,0.8787473394620243,0.46938775510204084,0.7844873681011415,0.8511774069955568,-0.0076351953071643885,-0.10189516666804721,0.0,0.037037037037037035
clip_b16,face,face::train::063708.jpg,llm_human_description,information_reduced,0.7056210377138142,37,49,5,-0.07449842569392184,0.0,face::train::008309.jpg,0.836513413247967,0.2653061224489796,0.728783915736249,0.8053716915740936,-0.023162878022434774,-0.13089237553415278,0.0,0.02702702702702703
clip_b16,face,face::train::138886.jpg,llm_brief,information_reduced,0.8056769572032714,4,49,5,-0.0052337721978500396,0.8,face::train::091980.jpg,0.8393500063605608,0.9387755102040817,0.7345515505194474,0.8085930121004667,0.07112540668382394,-0.033673049157289414,0.0,0.25
clip_b16,face,face::train::138886.jpg,llm_balanced,information_reduced,0.7999922662169253,12,49,5,-0.016218743419211923,0.2,face::train::091980.jpg,0.8601117605402148,0.7755102040816326,0.7453449630021765,0.8394765981417281,0.054647303214748866,-0.060119494323289446,0.0,0.08333333333333333
clip_b16,face,face::train::138886.jpg,llm_detailed,information_reduced,0.9296838493905109,3,49,5,-0.0025766398426860793,0.8,face::test::196611.jpg,0.9322604892331969,0.9591836734693877,0.8417669945213768,0.9279640811180586,0.08791685486913403,-0.0025766398426860793,0.0,0.3333333333333333
clip_b16,face,face::train::138886.jpg,llm_human_description,information_reduced,0.8040698115703921,12,49,5,-0.019118872337281267,0.2,face::train::091980.jpg,0.8576089906866355,0.7755102040816326,0.7551935076739464,0.834097536554671,0.048876303896445705,-0.053539179116243396,0.0,0.08333333333333333
clip_b16,face,face::train::149220.jpg,llm_brief,information_reduced,0.5341752445181543,34,49,5,-0.047329993103155776,0.4,face::train::141457.jpg,0.6118665017747116,0.32653061224489793,0.5541779451560593,0.5932253352274623,-0.02000270063790499,-0.07769125725655723,0.0,0.029411764705882353
clip_b16,face,face::train::149220.jpg,llm_balanced,information_reduced,0.5533177652873926,30,49,5,-0.05586210891312704,0.4,face::train::141457.jpg,0.6397416076981592,0.40816326530612246,0.5608850000318654,0.6126743904602603,-0.0075672347444727395,-0.08642384241076662,0.0,0.03333333333333333
clip_b16,face,face::train::149220.jpg,llm_detailed,information_reduced,0.7306884720933331,19,49,5,-0.03838817225451785,0.4,face::train::141457.jpg,0.777333218539796,0.6326530612244898,0.7240889485901173,0.7669673526909916,0.006599523503215798,-0.04664474644646288,0.0,0.05263157894736842
clip_b16,face,face::train::149220.jpg,llm_human_description,information_reduced,0.6713053069921411,14,49,5,-0.02707616311842831,0.8,face::train::157804.jpg,0.6990777233801092,0.7346938775510204,0.6504298109153233,0.6955638973108402,0.020875496076817823,-0.027772416387968124,0.0,0.07142857142857142
clip_b16,face,face::train::060309.jpg,llm_brief,information_reduced,0.6216285640912664,47,49,5,-0.06708174487517504,0.0,face::train::141457.jpg,0.7569401798377455,0.061224489795918366,0.6626866579034534,0.7437200753548727,-0.04105809381218695,-0.1353116157464791,0.0,0.02127659574468085
clip_b16,face,face::train::060309.jpg,llm_balanced,information_reduced,0.6689028817304954,45,49,5,-0.06378995497537376,0.0,face::train::141457.jpg,0.7927549458166913,0.10204081632653061,0.7014761588308774,0.7746080205325796,-0.03257327710038205,-0.12385206408619587,0.0,0.022222222222222223
clip_b16,face,face::train::060309.jpg,llm_detailed,information_reduced,0.8457833397545718,22,49,5,-0.026596249119624882,0.4,face::train::141457.jpg,0.9250315572850077,0.5714285714285714,0.8358381729695792,0.9008707210188068,0.009945166784992576,-0.07924821753043598,0.0,0.045454545454545456
clip_b16,face,face::train::060309.jpg,llm_human_description,information_reduced,0.6290324643716665,31,49,5,-0.02543553860840797,0.2,face::train::141457.jpg,0.7230197011701037,0.3877551020408163,0.6401123422602667,0.7166040514121225,-0.01107987788860021,-0.09398723679843723,0.0,0.03225806451612903
clip_b16,face,face::train::025692.jpg,llm_brief,information_reduced,0.8168713954082159,3,49,5,-0.03341433949891304,0.6,face::train::091980.jpg,0.8502857349071289,0.9591836734693877,0.7267993919946212,0.8081561706899335,0.09007200341359467,-0.03341433949891304,0.0,0.3333333333333333
clip_b16,face,face::train::025692.jpg,llm_balanced,information_reduced,0.8748259871023616,3,49,5,-0.02546146367349278,0.6,face::train::178129.jpg,0.9002874507758544,0.9591836734693877,0.7842967156996584,0.8621013081049121,0.09052927140270317,-0.02546146367349278,0.0,0.3333333333333333
clip_b16,face,face::train::025692.jpg,llm_detailed,information_reduced,0.9414036212277828,1,49,5,0.012913288212730634,1.0,face::train::091980.jpg,0.9284903330150521,1.0,0.8476511577292618,0.9230022908979325,0.09375246349852095,0.012913288212730634,1.0,1.0
clip_b16,face,face::train::025692.jpg,llm_human_description,information_reduced,0.8439607155834852,3,49,5,-0.018635831174802275,0.6,face::train::178129.jpg,0.8625965467582875,0.9591836734693877,0.7548186480626478,0.8408977931301693,0.08914206752083742,-0.018635831174802275,0.0,0.3333333333333333
clip_b16,face,face::train::060555.jpg,llm_brief,information_reduced,0.8237553066127415,8,49,5,0.00686747764296336,1.0,face::train::141457.jpg,0.8749859077043967,0.8571428571428571,0.7555404116587019,0.8454496389515578,0.06821489495403965,-0.051230601091655115,0.0,0.125
clip_b16,face,face::train::060555.jpg,llm_balanced,information_reduced,0.8139277527348672,8,49,5,-0.004307735859304551,0.8,face::train::141457.jpg,0.8723362363668845,0.8571428571428571,0.7418809261488732,0.8408868437870917,0.07204682658599393,-0.05840848363201734,0.0,0.125
clip_b16,face,face::train::060555.jpg,llm_detailed,information_reduced,0.8864198824044507,10,49,5,-0.02157735153945628,0.8,face::train::141457.jpg,0.950466601883126,0.8163265306122449,0.8465927507481978,0.9168534560006526,0.039827131656252845,-0.06404671947867535,0.0,0.1
clip_b16,face,face::train::060555.jpg,llm_human_description,information_reduced,0.8391949418271057,9,49,5,0.0080067716972676,1.0,face::train::141457.jpg,0.8901979287504189,0.8367346938775511,0.7674594581473377,0.864529522837541,0.07173548367976801,-0.051002986923313176,0.0,0.1111111111111111
clip_b16,face,face::train::150659.jpg,llm_brief,information_reduced,0.7669457488810454,16,49,5,-0.0371280409960999,0.6,face::train::101485.jpg,0.8195103115168414,0.6938775510204082,0.7267604730509243,0.8044477550788738,0.0401852758301211,-0.05256456263579601,0.0,0.0625
clip_b16,face,face::train::150659.jpg,llm_balanced,information_reduced,0.7862738756978435,16,49,5,-0.039942533439054295,0.6,face::train::101485.jpg,0.8460184781363694,0.6938775510204082,0.7519060364025745,0.8258497283427556,0.03436783929526899,-0.05974460243852597,0.0,0.0625
clip_b16,face,face::train::150659.jpg,llm_detailed,information_reduced,0.8958981072816264,12,49,5,-0.032364087088741056,0.6,face::train::090489.jpg,0.9282621943703675,0.7755102040816326,0.8504319581202124,0.9059934993846763,0.045466149161414005,-0.032364087088741056,0.0,0.08333333333333333
clip_b16,face,face::train::150659.jpg,llm_human_description,information_reduced,0.7838552368713381,19,49,5,-0.04956674222670232,0.4,face::train::025692.jpg,0.8505760440180319,0.6326530612244898,0.7681218146974437,0.8445644460957534,0.015733422173894396,-0.06672080714669382,0.0,0.05263157894736842
clip_b16,face,face::train::026996.jpg,llm_brief,information_reduced,0.7832141505658652,9,49,5,-0.006579873379669698,0.6,face::train::025692.jpg,0.8353098272286656,0.8367346938775511,0.7511872033443849,0.8042228794962067,0.03202694722148025,-0.05209567666280046,0.0,0.1111111111111111
clip_b16,face,face::train::026996.jpg,llm_balanced,information_reduced,0.8483964884440143,13,49,5,-0.028337510428797064,0.6,face::train::091980.jpg,0.8875910517047549,0.7551020408163265,0.8199663165145861,0.8800594989604444,0.028430171929428205,-0.03919456326074067,0.0,0.07692307692307693
clip_b16,face,face::train::026996.jpg,llm_detailed,information_reduced,0.8956145660483207,12,49,5,-0.02238377293141458,0.6,face::train::178129.jpg,0.9404240098805383,0.7755102040816326,0.856107922371593,0.9279113042765013,0.039506643676727626,-0.04480944383221763,0.0,0.08333333333333333
clip_b16,face,face::train::026996.jpg,llm_human_description,information_reduced,0.8464169645326454,10,49,5,-0.021153579556212998,0.6,face::train::025692.jpg,0.9106669680612517,0.8163265306122449,0.8066565061990225,0.8860810237275487,0.03976045833362285,-0.06425000352860633,0.0,0.1
clip_b16,face,face::train::082954.jpg,llm_brief,information_reduced,0.8000912365983064,1,49,5,0.04368913365541505,1.0,face::train::091980.jpg,0.7956764282475423,1.0,0.6687445708266524,0.7508475081752478,0.131346665771654,0.004414808350764132,1.0,1.0
clip_b16,face,face::train::082954.jpg,llm_balanced,information_reduced,0.8204521919557145,2,49,5,0.010052610200197432,1.0,face::train::091980.jpg,0.835942228857081,0.9795918367346939,0.6982640228932668,0.794428548243359,0.12218816906244767,-0.015490036901366522,0.0,0.5
clip_b16,face,face::train::082954.jpg,llm_detailed,information_reduced,0.9231086615189881,1,49,5,0.02868851077307122,1.0,face::train::091980.jpg,0.9014978091708763,1.0,0.8184622774323747,0.8941667153369824,0.10464638408661342,0.021610852348111775,1.0,1.0
clip_b16,face,face::train::082954.jpg,llm_human_description,information_reduced,0.8110328150384041,1,49,5,0.02473350486907966,1.0,face::train::091980.jpg,0.809354493380661,1.0,0.6783601348599945,0.7730986337731557,0.1326726801784096,0.0016783216577430649,1.0,1.0
clip_b16,face,face::train::042973.jpg,llm_brief,information_reduced,0.7752409674674952,26,49,5,-0.06360823034732055,0.0,face::train::091980.jpg,0.8797234897802735,0.4897959183673469,0.7784473951276434,0.8652521939400974,-0.0032064276601482256,-0.10448252231277833,0.0,0.038461538461538464
clip_b16,face,face::train::042973.jpg,llm_balanced,information_reduced,0.7924932781140155,28,49,5,-0.06666004757132149,0.0,face::train::178129.jpg,0.893388626681148,0.4489795918367347,0.7980493699631488,0.8842444900665245,-0.0055560918491333044,-0.10089534856713256,0.0,0.03571428571428571
clip_b16,face,face::train::042973.jpg,llm_detailed,information_reduced,0.8317213379147201,23,49,5,-0.050279043800858236,0.0,face::train::178129.jpg,0.9177710032165689,0.5510204081632653,0.8234276040834876,0.9050201169785386,0.008293733831232553,-0.08604966530184877,0.0,0.043478260869565216
clip_b16,face,face::train::042973.jpg,llm_human_description,information_reduced,0.744931714832991,28,49,5,-0.047560020497344424,0.0,face::test::188858.jpg,0.8304490917707225,0.4489795918367347,0.7532805802140443,0.8208218725235281,-0.008348865381053283,-0.08551737693773143,0.0,0.03571428571428571
clip_b16,face,face::train::092618.jpg,llm_brief,information_reduced,0.7415847695805431,4,49,5,0.007769301671795015,1.0,face::train::141457.jpg,0.761107180337809,0.9387755102040817,0.6879610254513011,0.740374774955444,0.05362374412924198,-0.019522410757265907,0.0,0.25
clip_b16,face,face::train::092618.jpg,llm_balanced,information_reduced,0.7778285945116625,5,49,5,0.009742733189775699,1.0,face::train::008309.jpg,0.8068364195534279,0.9183673469387755,0.7200713128156528,0.7854401727831131,0.05775728169600969,-0.029007825041765356,0.0,0.2
clip_b16,face,face::train::092618.jpg,llm_detailed,information_reduced,0.8567107280941477,4,49,5,0.0076619945827836045,1.0,face::train::141457.jpg,0.8683951613591906,0.9387755102040817,0.8069156803236434,0.8585175868716931,0.049795047770504364,-0.01168443326504287,0.0,0.25
clip_b16,face,face::train::092618.jpg,llm_human_description,information_reduced,0.7155436559742794,7,49,5,0.0028480232083004653,1.0,face::train::141457.jpg,0.7501701221859883,0.8775510204081632,0.6550254234271584,0.7244061908371372,0.060518232547120965,-0.03462646621170895,0.0,0.14285714285714285
clip_b16,face,face::train::073196.jpg,llm_brief,information_reduced,0.7679771948814367,17,49,5,-0.03785375712592698,0.4,face::train::008309.jpg,0.8467644066995095,0.673469387755102,0.7328437081474031,0.8135990369802064,0.0351334867340336,-0.0787872118180728,0.0,0.058823529411764705
clip_b16,face,face::train::073196.jpg,llm_balanced,information_reduced,0.8016113338435513,17,49,5,-0.026445294286830845,0.4,face::train::008309.jpg,0.8700893545987971,0.673469387755102,0.7666254015555218,0.8497649134727002,0.034985932288029487,-0.06847802075524578,0.0,0.058823529411764705
clip_b16,face,face::train::073196.jpg,llm_detailed,information_reduced,0.8915541526546291,19,49,5,-0.020580773288832677,0.2,face::train::032580.jpg,0.9497918684662701,0.6326530612244898,0.8840133847805715,0.9226517118128916,0.007540767874057663,-0.058237715811640944,0.0,0.05263157894736842
clip_b16,face,face::train::073196.jpg,llm_human_description,information_reduced,0.7122637291268166,21,49,5,-0.053238125144895676,0.4,face::train::008309.jpg,0.8039725986649255,0.5918367346938775,0.6935128494030834,0.7825721139236316,0.018750879723733127,-0.09170886953810897,0.0,0.047619047619047616
clip_b16,face,face::train::178129.jpg,llm_brief,information_reduced,0.8771597067718631,1,49,5,0.017576859916104026,1.0,face::train::141457.jpg,0.873341903173513,1.0,0.8014201315431533,0.8591291555177545,0.07573957522870978,0.0038178035983500447,1.0,1.0
clip_b16,face,face::train::178129.jpg,llm_balanced,information_reduced,0.898187193491435,1,49,5,0.020992559730668936,1.0,face::train::141457.jpg,0.8934093140983104,1.0,0.8420539377395624,0.8810061896700336,0.05613325575187267,0.004777879393124684,1.0,1.0
clip_b16,face,face::train::178129.jpg,llm_detailed,information_reduced,0.9160982259028169,6,49,5,0.014498877452280734,1.0,face::train::141457.jpg,0.9304012870486525,0.8979591836734694,0.8743667588189227,0.9225864816919683,0.04173146708389419,-0.014303061145835683,0.0,0.16666666666666666
clip_b16,face,face::train::178129.jpg,llm_human_description,information_reduced,0.8558385557159227,4,49,5,0.008662996267540968,1.0,face::train::157804.jpg,0.877809284026699,0.9387755102040817,0.8165500083084927,0.856214097558303,0.03928854740743004,-0.02197072831077629,0.0,0.25
clip_b16,face,face::train::123459.jpg,llm_brief,information_reduced,0.6978420553216175,29,49,5,-0.08128813534969448,0.6,face::train::008309.jpg,0.8176522080416578,0.42857142857142855,0.704768391868075,0.7807952607999434,-0.006926336546457579,-0.11981015272004036,0.0,0.034482758620689655
clip_b16,face,face::train::123459.jpg,llm_balanced,information_reduced,0.7615413449958222,24,49,5,-0.06726706029701335,0.6,face::train::008309.jpg,0.8461628075259294,0.5306122448979592,0.7569213426446715,0.8354689732143888,0.004620002351150676,-0.08462146253010727,0.0,0.041666666666666664
clip_b16,face,face::train::123459.jpg,llm_detailed,information_reduced,0.8779840529847487,11,49,5,-0.021750373893937636,0.8,face::train::157804.jpg,0.9175904221498004,0.7959183673469388,0.8360831918295213,0.8976438653963084,0.0419008611552274,-0.03960636916505167,0.0,0.09090909090909091
clip_b16,face,face::train::123459.jpg,llm_human_description,information_reduced,0.7581415901668038,29,49,5,-0.08948846411419265,0.4,face::train::008309.jpg,0.8707528609017807,0.42857142857142855,0.7621016821946808,0.850213265664281,-0.003960092027876949,-0.1126112707349769,0.0,0.034482758620689655
clip_b16,face,face::train::088914.jpg,llm_brief,information_reduced,0.6341811127643038,11,49,5,-0.00023329433524710286,0.8,face::train::141457.jpg,0.6778235555323706,0.7959183673469388,0.5947945739258098,0.6741404629391448,0.03938653883849397,-0.043642442768066836,0.0,0.09090909090909091
clip_b16,face,face::train::088914.jpg,llm_balanced,information_reduced,0.6675327245696928,10,49,5,-0.006397684324470632,0.8,face::train::157804.jpg,0.7129707523998098,0.8163265306122449,0.6227888194656719,0.70417393737346,0.04474390510402093,-0.04543802783011697,0.0,0.1
clip_b16,face,face::train::088914.jpg,llm_detailed,information_reduced,0.7572375754467926,9,49,5,-0.006737126676003569,0.8,face::train::157804.jpg,0.7910175953622514,0.8367346938775511,0.7004405295220482,0.7720051153674915,0.05679704592474444,-0.03378001991545876,0.0,0.1111111111111111
clip_b16,face,face::train::088914.jpg,llm_human_description,information_reduced,0.6331028332524443,9,49,5,0.0014274062851629132,1.0,face::train::157804.jpg,0.6720743398116098,0.8367346938775511,0.5853494659170435,0.6658101361986576,0.04775336733540081,-0.03897150655916548,0.0,0.1111111111111111
clip_b16,face,face::train::141457.jpg,llm_brief,information_reduced,0.700279289878786,2,49,5,-0.005578922324709246,0.8,face::train::008309.jpg,0.7058582122034952,0.9795918367346939,0.5987767205125685,0.6747385144678001,0.10150256936621749,-0.005578922324709246,0.0,0.5
clip_b16,face,face::train::141457.jpg,llm_balanced,information_reduced,0.7541978844794544,1,49,5,0.0072072409964885065,1.0,face::train::008309.jpg,0.7469906434829658,1.0,0.6352319238116209,0.728343480787794,0.11896596066783349,0.0072072409964885065,1.0,1.0
clip_b16,face,face::train::141457.jpg,llm_detailed,information_reduced,0.9499718658345397,1,49,5,0.016226823847015237,1.0,face::train::157804.jpg,0.9337450419875245,1.0,0.8321920542764454,0.9196612249093286,0.11777981155809436,0.016226823847015237,1.0,1.0
clip_b16,face,face::train::141457.jpg,llm_human_description,information_reduced,0.6867403383002351,2,49,5,-0.0016752339349235257,0.8,face::train::008309.jpg,0.6884155722351586,0.9795918367346939,0.5678621670843116,0.6626058457416382,0.11887817121592348,-0.0016752339349235257,0.0,0.5
clip_b16,face,face::train::001042.jpg,llm_brief,information_reduced,0.8869993426257469,4,49,5,0.01928003680628787,1.0,face::train::141457.jpg,0.8953742414779724,0.9387755102040817,0.8354319286365184,0.8901411591947758,0.05156741398922848,-0.008374898852225532,0.0,0.25
clip_b16,face,face::train::001042.jpg,llm_balanced,information_reduced,0.8944909036028529,4,49,5,0.01570041490443097,1.0,face::train::032580.jpg,0.9069094790783794,0.9387755102040817,0.8531948489919874,0.8971370450257393,0.041296054610865496,-0.012418575475526494,0.0,0.25
clip_b16,face,face::train::001042.jpg,llm_detailed,information_reduced,0.9352641900588672,1,49,5,0.029988357031335178,1.0,face::train::065762.jpg,0.905275833027532,1.0,0.8507181910775007,0.8962977993286426,0.0845459989813665,0.029988357031335178,1.0,1.0
clip_b16,face,face::train::001042.jpg,llm_human_description,information_reduced,0.8489578079002918,2,49,5,0.00903623187226732,1.0,face::train::157804.jpg,0.8602043577608337,0.9795918367346939,0.8080478177012459,0.8442436832124615,0.040909990199045954,-0.011246549860541855,0.0,0.5
clip_b16,face,face::train::032580.jpg,llm_brief,information_reduced,0.8234494045969276,4,49,5,-0.03121715774831557,0.8,face::train::008309.jpg,0.8737191127168215,0.9387755102040817,0.7393958597488874,0.8231985495500806,0.08405354484804017,-0.05026970811989384,0.0,0.25
clip_b16,face,face::train::032580.jpg,llm_balanced,information_reduced,0.87823132504274,3,49,5,-0.01056880261697557,0.8,face::train::008309.jpg,0.892367296287887,0.9591836734693877,0.7870654468508178,0.8738739557212786,0.09116587819192223,-0.014135971245146983,0.0,0.3333333333333333
clip_b16,face,face::train::032580.jpg,llm_detailed,information_reduced,0.9491200835456987,1,49,5,0.013435474861488772,1.0,face::train::141457.jpg,0.9356846086842099,1.0,0.8626714396690389,0.920305349758352,0.08644864387665974,0.013435474861488772,1.0,1.0
clip_b16,face,face::train::032580.jpg,llm_human_description,information_reduced,0.8577453884656794,3,49,5,-0.006505046816090765,0.8,face::train::008309.jpg,0.874863374864116,0.9591836734693877,0.7601998271657373,0.8450543696990447,0.09754556129994207,-0.017117986398436646,0.0,0.3333333333333333
clip_b16,face,face::train::109762.jpg,llm_brief,information_reduced,0.8875974299531204,3,49,5,-0.003543502232805529,0.8,face::train::008309.jpg,0.8933323459216731,0.9591836734693877,0.7835457523782164,0.8767172483314738,0.10405167757490397,-0.00573491596855269,0.0,0.3333333333333333
clip_b16,face,face::train::109762.jpg,llm_balanced,information_reduced,0.9004992226983937,3,49,5,-0.0057596622915322415,0.8,face::train::141457.jpg,0.9062588849899259,0.9591836734693877,0.8079243219206698,0.8931994608534791,0.0925749007777239,-0.0057596622915322415,0.0,0.3333333333333333
clip_b16,face,face::train::109762.jpg,llm_detailed,information_reduced,0.9170925088779722,4,49,5,-0.01529226422947405,0.6,face::train::157804.jpg,0.9372647731068465,0.9387755102040817,0.8503223785880394,0.9155381422621007,0.06677013028993284,-0.020172264228874304,0.0,0.25
clip_b16,face,face::train::109762.jpg,llm_human_description,information_reduced,0.8465197965912152,1,49,5,0.006786994195162488,1.0,face::train::032580.jpg,0.8402312922271018,1.0,0.7590116716213129,0.83484999816767,0.08750812496990235,0.006288504364113434,1.0,1.0
clip_b16,face,face::test::185812.jpg,llm_brief,information_reduced,0.733105803854768,26,49,5,-0.06813744086938955,0.4,face::train::141457.jpg,0.832054712852202,0.4897959183673469,0.7353676940165317,0.824343268118227,-0.002261890161763702,-0.09894890899743403,0.0,0.038461538461538464
clip_b16,face,face::test::185812.jpg,llm_balanced,information_reduced,0.7788236370784362,20,49,5,-0.06489090839549305,0.4,face::train::141457.jpg,0.8658807353705127,0.6122448979591837,0.7659457013704469,0.8529093157850304,0.01287793570798923,-0.08705709829207653,0.0,0.05
clip_b16,face,face::test::185812.jpg,llm_detailed,information_reduced,0.8998065715524666,4,49,5,-0.012884962624807761,0.8,face::train::141457.jpg,0.915208686316131,0.9387755102040817,0.8315168503330183,0.905334232904929,0.06828972121944832,-0.015402114763664376,0.0,0.25
clip_b16,face,face::test::185812.jpg,llm_human_description,information_reduced,0.7480701309293234,23,49,5,-0.07170663048794457,0.4,face::train::141457.jpg,0.8438432355644583,0.5510204081632653,0.7436201006154958,0.8301561586755923,0.004450030313827624,-0.09577310463513489,0.0,0.043478260869565216
clip_b16,face,face::test::189858.jpg,llm_brief,information_reduced,0.6830424674386366,6,49,5,-0.002309578545040436,0.8,face::train::091980.jpg,0.7391627043940581,0.8979591836734694,0.6249072255195328,0.6931979577097058,0.0581352419191038,-0.056120236955421454,0.0,0.16666666666666666
clip_b16,face,face::test::189858.jpg,llm_balanced,information_reduced,0.6743782179512057,11,49,5,-0.02595643047556495,0.6,face::train::091980.jpg,0.7554730107845643,0.7959183673469388,0.6215189926255908,0.7193592797293367,0.05285922532561482,-0.08109479283335863,0.0,0.09090909090909091
clip_b16,face,face::test::189858.jpg,llm_detailed,information_reduced,0.7804393024904114,11,49,5,-0.01541559836300499,0.4,face::train::091980.jpg,0.8400958830064761,0.7959183673469388,0.7261986452245865,0.8219235591192079,0.05424065726582483,-0.059656580516064706,0.0,0.09090909090909091
clip_b16,face,face::test::189858.jpg,llm_human_description,information_reduced,0.6953529000779932,12,49,5,-0.03434060215630219,0.6,face::train::091980.jpg,0.7519262274305409,0.7755102040816326,0.6517897007998125,0.7241416463642621,0.04356319927818075,-0.05657332735254772,0.0,0.08333333333333333
clip_b16,face,face::test::183801.jpg,llm_brief,information_reduced,0.8267879455831121,3,49,5,-0.011213673336201047,0.8,face::test::188858.jpg,0.8380016189193131,0.9591836734693877,0.7389563046411312,0.8228726066834816,0.08783164094198093,-0.011213673336201047,0.0,0.3333333333333333
clip_b16,face,face::test::183801.jpg,llm_balanced,information_reduced,0.8472331890062822,4,49,5,-0.0004176693529408526,0.8,face::train::178129.jpg,0.8668446344666161,0.9387755102040817,0.7634393291711421,0.8467491048036524,0.0837938598351401,-0.019611445460333887,0.0,0.25
clip_b16,face,face::test::183801.jpg,llm_detailed,information_reduced,0.922961279874743,3,49,5,-0.002594674636226757,0.8,face::test::196611.jpg,0.9255559545109697,0.9591836734693877,0.8470044696436793,0.9136399837749745,0.07595681023106371,-0.002594674636226757,0.0,0.3333333333333333
clip_b16,face,face::test::183801.jpg,llm_human_description,information_reduced,0.8452168588572195,5,49,5,-0.007658469365595111,0.8,face::test::188858.jpg,0.8528753282228146,0.9183673469387755,0.7566964440914953,0.8480234001692555,0.08852041476572425,-0.007658469365595111,0.0,0.2
clip_b16,face,face::test::188858.jpg,llm_brief,information_reduced,0.8447639100412667,5,49,5,0.011966843277441686,1.0,face::train::025692.jpg,0.862663473690414,0.9183673469387755,0.7618297718899243,0.8491201771710116,0.08293413815134243,-0.017899563649147243,0.0,0.2
clip_b16,face,face::test::188858.jpg,llm_balanced,information_reduced,0.8728981937526361,4,49,5,0.004712068291013782,1.0,face::train::178129.jpg,0.8925396500275041,0.9387755102040817,0.7819587192621797,0.8752854318744256,0.09093947449045636,-0.01964145627486802,0.0,0.25
clip_b16,face,face::test::188858.jpg,llm_detailed,information_reduced,0.9186841233917376,3,49,5,0.005585715298202842,1.0,face::train::178129.jpg,0.9285983494515446,0.9591836734693877,0.8335767345471101,0.9145205518382348,0.08510738884462743,-0.009914226059807074,0.0,0.3333333333333333
clip_b16,face,face::test::188858.jpg,llm_human_description,information_reduced,0.797844088643639,2,49,5,0.022290674767048713,1.0,face::train::001042.jpg,0.8109787542092466,0.9795918367346939,0.7211522028549715,0.775233257627288,0.07669188578866748,-0.013134665565607606,0.0,0.5
clip_b16,face,face::test::196777.jpg,llm_brief,information_reduced,0.8501490663048231,8,49,5,-0.016266008701195322,0.6,face::train::008309.jpg,0.8704512126186286,0.8571428571428571,0.7944970060867743,0.8666151765930283,0.055652060218048804,-0.020302146313805447,0.0,0.125
clip_b16,face,face::test::196777.jpg,llm_balanced,information_reduced,0.8527829345055618,11,49,5,-0.021645439950959244,0.6,face::train::157804.jpg,0.8897224518297524,0.7959183673469388,0.8146347591474679,0.8853714521873898,0.038148175358093894,-0.03693951732419065,0.0,0.09090909090909091
clip_b16,face,face::test::196777.jpg,llm_detailed,information_reduced,0.8912617602168598,13,49,5,-0.024975927288821143,0.2,face::train::032580.jpg,0.9302633886276628,0.7551020408163265,0.8517152407090837,0.9119981892465507,0.0395465195077761,-0.03900162841080301,0.0,0.07692307692307693
clip_b16,face,face::test::196777.jpg,llm_human_description,information_reduced,0.8318606953444838,12,49,5,-0.027536203184133523,0.6,face::train::032580.jpg,0.8771819113330532,0.7755102040816326,0.7985501082610167,0.8644373300028761,0.033310587083467125,-0.04532121598856942,0.0,0.08333333333333333
clip_b16,face,face::test::184003.jpg,llm_brief,information_reduced,0.818090962285194,11,49,5,-0.016389339935639957,0.4,face::train::141457.jpg,0.8631498535821057,0.7959183673469388,0.7741045922348442,0.8443751028198468,0.04398637005034978,-0.04505889129691176,0.0,0.09090909090909091
clip_b16,face,face::test::184003.jpg,llm_balanced,information_reduced,0.8312509450643819,12,49,5,-0.028993598195083514,0.6,face::train::032580.jpg,0.8724051894695231,0.7755102040816326,0.7894687672697133,0.8632792400706139,0.04178217779466864,-0.04115424440514115,0.0,0.08333333333333333
clip_b16,face,face::test::184003.jpg,llm_detailed,information_reduced,0.8779381857702966,7,49,5,-0.0002527322228063067,0.8,face::train::141457.jpg,0.8947212088054288,0.8775510204081632,0.8438556458028632,0.8911182453786354,0.03408253996743338,-0.01678302303513224,0.0,0.14285714285714285
clip_b16,face,face::test::184003.jpg,llm_human_description,information_reduced,0.8473080441135792,14,49,5,-0.015396399447790032,0.6,face::train::157804.jpg,0.8967244877578466,0.7346938775510204,0.8134443945270831,0.8789637262422955,0.033863649586496125,-0.04941644364426745,0.0,0.07142857142857142
clip_b16,face,face::test::201409.jpg,llm_brief,information_reduced,0.8527974820780807,5,49,5,0.000736440056498644,1.0,face::train::141457.jpg,0.8822683577116955,0.9183673469387755,0.7816042433273525,0.8631074469625722,0.07119323875072825,-0.029470875633614835,0.0,0.2
clip_b16,face,face::test::201409.jpg,llm_balanced,information_reduced,0.86131432959785,6,49,5,-0.015319124323129207,0.8,face::train::141457.jpg,0.9004389404124679,0.8979591836734694,0.7970557677761146,0.8808510784304353,0.0642585618217354,-0.03912461081461782,0.0,0.16666666666666666
clip_b16,face,face::test::201409.jpg,llm_detailed,information_reduced,0.8987552301269843,5,49,5,-0.009843615865079314,0.8,face::train::141457.jpg,0.9217155539381114,0.9183673469387755,0.837833425012604,0.9047564721433621,0.06092180511438028,-0.022960323811127115,0.0,0.2
clip_b16,face,face::test::201409.jpg,llm_human_description,information_reduced,0.8133471552502568,6,49,5,-0.010303194407252136,0.8,face::train::008309.jpg,0.8260689221453823,0.8979591836734694,0.7394826804486438,0.818525117656341,0.07386447480161296,-0.012721766895125497,0.0,0.16666666666666666
clip_b16,face,face::test::196611.jpg,llm_brief,information_reduced,0.7801510360352957,8,49,5,-0.021811224556611886,0.4,face::train::091980.jpg,0.8445165489137764,0.8571428571428571,0.7229531272116174,0.8086641738803085,0.057197908823678256,-0.06436551287848069,0.0,0.125
clip_b16,face,face::test::196611.jpg,llm_balanced,information_reduced,0.7287616265876151,6,49,5,0.004609592428711062,1.0,face::train::091980.jpg,0.7805138760884449,0.8979591836734694,0.6559006682349464,0.7533451649694151,0.0728609583526687,-0.051752249500829794,0.0,0.16666666666666666
clip_b16,face,face::test::196611.jpg,llm_detailed,information_reduced,0.9270945919069103,2,49,5,0.006516292893737785,1.0,face::train::025692.jpg,0.9274593223619572,0.9795918367346939,0.8485295118251224,0.9204654338699587,0.07856508008178797,-0.00036473045504681334,0.0,0.5
clip_b16,face,face::test::196611.jpg,llm_human_description,information_reduced,0.6176727283444801,8,49,5,-0.006300185933679869,0.8,face::train::025692.jpg,0.6729091737560542,0.8571428571428571,0.5660897750673404,0.6447919972149082,0.05158295327713969,-0.05523644541157413,0.0,0.125
clip_b16,person,person::train::00197_4.png,llm_attribute_list,information_reduced,0.7725985499071267,2,49,5,0.12325268096519915,1.0,person::train::01108_7.png,0.7925865971407319,0.9795918367346939,0.5774665257754277,0.7305552805855059,0.19513202413169906,-0.019988047233605144,0.0,0.5
clip_b16,person,person::train::00197_4.png,llm_distinctive_first,information_reduced,0.9621887519581955,1,49,5,0.17057820502899168,1.0,person::train::11561_6.jpg,0.7916105469292039,1.0,0.5643506935580035,0.7069164759539511,0.39783805840019204,0.17057820502899168,1.0,1.0
clip_b16,person,person::train::03736_1.jpg,llm_attribute_list,information_reduced,0.8558824090173206,1,49,5,0.05750706508660264,1.0,person::train::00969_2.png,0.802248964963229,1.0,0.6902416502069086,0.7968413425183619,0.16564075881041196,0.05363344405409165,1.0,1.0
clip_b16,person,person::train::03736_1.jpg,llm_distinctive_first,information_reduced,0.9507817254931843,1,49,5,0.07846812722658247,1.0,person::train::02167_1.jpg,0.8723135982666018,1.0,0.6697325936053338,0.7768235690140649,0.2810491318878505,0.07846812722658247,1.0,1.0
clip_b16,person,person::train::06597_2.jpg,llm_attribute_list,information_reduced,0.7837590191497219,4,49,5,-0.030830751247525878,0.6,person::query::26685_1.jpg,0.8216687717821991,0.9387755102040817,0.5839975010677129,0.7812791334016448,0.19976151808200904,-0.0379097526324772,0.0,0.25
clip_b16,person,person::train::06597_2.jpg,llm_distinctive_first,information_reduced,0.9388241323524178,1,49,5,0.04212828560795567,1.0,person::train::00233_10.png,0.8966958467444621,1.0,0.6477009387880746,0.7886816186864146,0.29112319356434324,0.04212828560795567,1.0,1.0
clip_b16,person,person::train::10977_1.jpg,llm_attribute_list,information_reduced,0.9032112155737251,1,49,5,0.13989373992758314,1.0,person::train::08634_3.jpg,0.7633174756461419,1.0,0.5146361214062445,0.6708650556947191,0.3885750941674806,0.13989373992758314,1.0,1.0
clip_b16,person,person::train::10977_1.jpg,llm_distinctive_first,information_reduced,0.9480783894614203,1,49,5,0.20364965027104975,1.0,person::train::08634_3.jpg,0.7444287391903706,1.0,0.5490585042672094,0.6742379498939819,0.39901988519421094,0.20364965027104975,1.0,1.0
clip_b16,person,person::train::12050_5.jpg,llm_attribute_list,information_reduced,0.8184895695885246,2,49,5,-0.01228138173199067,0.8,person::query::26685_1.jpg,0.8307709513205153,0.9795918367346939,0.5414152376918884,0.7278932083904132,0.2770743318966362,-0.01228138173199067,0.0,0.5
clip_b16,person,person::train::12050_5.jpg,llm_distinctive_first,information_reduced,0.9163027842607301,1,49,5,0.09205516100551625,1.0,person::gallery::15309_3.png,0.8242476232552138,1.0,0.6351357786204648,0.7982009733753493,0.2811670056402653,0.09205516100551625,1.0,1.0
clip_b16,person,person::train::08529_4.jpg,llm_attribute_list,information_reduced,0.7273013082395022,8,49,5,-0.003660813667189289,0.8,person::train::01108_7.png,0.8284844157478799,0.8571428571428571,0.6228503221196469,0.7958407155756253,0.10445098611985537,-0.10118310750837767,0.0,0.125
clip_b16,person,person::train::08529_4.jpg,llm_distinctive_first,information_reduced,0.9537959403812262,1,49,5,0.11780095017709025,1.0,person::train::08528_6.jpg,0.8359949902041359,1.0,0.7183898367262752,0.8010324681575398,0.23540610365495096,0.11780095017709025,1.0,1.0
clip_b16,person,person::train::01742_4.jpg,llm_attribute_list,information_reduced,0.9456941181625547,1,49,5,0.17226321085989205,1.0,person::train::00197_4.png,0.7734309073026626,1.0,0.624873626684292,0.7421183315388948,0.32082049147826264,0.17226321085989205,1.0,1.0
clip_b16,person,person::train::01742_4.jpg,llm_distinctive_first,information_reduced,0.9463616528456246,1,49,5,0.1812230848098908,1.0,person::train::00197_4.png,0.7651385680357338,1.0,0.54171897978491,0.72153587010139,0.40464267306071455,0.1812230848098908,1.0,1.0
clip_b16,person,person::train::05158_3.jpg,llm_attribute_list,information_reduced,0.9424204178407085,1,49,5,0.10363168819701463,1.0,person::train::01108_7.png,0.8387887296436939,1.0,0.5693951624552922,0.780416532139996,0.3730252553854163,0.10363168819701463,1.0,1.0
clip_b16,person,person::train::05158_3.jpg,llm_distinctive_first,information_reduced,0.8773877109312362,1,49,5,0.012129851443432704,1.0,person::query::26761_2.jpg,0.8652578594878035,1.0,0.65556621971289,0.825121356650693,0.22182149121834627,0.012129851443432704,1.0,1.0
clip_b16,person,person::train::02167_1.jpg,llm_attribute_list,information_reduced,0.9502388783053892,1,49,5,0.1436365779900215,1.0,person::train::03736_1.jpg,0.8066023003153677,1.0,0.655238928582448,0.7671735715774091,0.2949999497229412,0.1436365779900215,1.0,1.0
clip_b16,person,person::train::02167_1.jpg,llm_distinctive_first,information_reduced,0.9126459807943144,1,49,5,0.10194086055265816,1.0,person::train::03736_1.jpg,0.8107051202416562,1.0,0.641353260286256,0.7571520823829505,0.2712927205080583,0.10194086055265816,1.0,1.0
clip_b16,person,person::train::00233_10.png,llm_attribute_list,information_reduced,0.8319421124098069,1,49,5,0.01674434613060749,1.0,person::query::26685_1.jpg,0.8226252361269195,1.0,0.6185004168784456,0.7758958426297887,0.21344169553136128,0.009316876282887354,1.0,1.0
clip_b16,person,person::train::00233_10.png,llm_distinctive_first,information_reduced,0.9407115105159853,1,49,5,0.024626883743525507,1.0,person::train::06597_2.jpg,0.9160846267724598,1.0,0.6852579057013821,0.7853093842276673,0.2554536048146032,0.024626883743525507,1.0,1.0
clip_b16,person,person::train::01108_7.png,llm_attribute_list,information_reduced,0.9309249016145906,1,49,5,0.061031461831534406,1.0,person::train::05158_3.jpg,0.8698934397830562,1.0,0.6275000066697595,0.8067070725135929,0.30342489494483116,0.061031461831534406,1.0,1.0
clip_b16,person,person::train::01108_7.png,llm_distinctive_first,information_reduced,0.9388614737973142,1,49,5,0.06863939386671813,1.0,person::query::26761_2.jpg,0.8702220799305961,1.0,0.711540351147923,0.8261113042292867,0.2273211226493912,0.06863939386671813,1.0,1.0
clip_b16,person,person::train::06085_7.jpg,llm_attribute_list,information_reduced,0.926213338776849,1,49,5,0.07651580706397354,1.0,person::gallery::15309_3.png,0.8496975317128754,1.0,0.7297767224459051,0.8096059091752563,0.1964366163309439,0.07651580706397354,1.0,1.0
clip_b16,person,person::train::06085_7.jpg,llm_distinctive_first,information_reduced,0.927829529609697,1,49,5,0.10793354256768872,1.0,person::query::14604_1.png,0.8603848364097538,1.0,0.7162378040243855,0.8166155599953098,0.21159172558531147,0.06744469319994317,1.0,1.0
clip_b16,person,person::train::12462_1.jpg,llm_attribute_list,information_reduced,0.8372278243098251,1,49,5,0.044289881890671845,1.0,person::query::26685_1.jpg,0.830774145168224,1.0,0.625414466556178,0.7762627545767474,0.21181335775364707,0.00645367914160111,1.0,1.0
clip_b16,person,person::train::12462_1.jpg,llm_distinctive_first,information_reduced,0.9580536938608832,1,49,5,0.14931877388865789,1.0,person::train::06597_2.jpg,0.8087349199722254,1.0,0.5986850586206425,0.7672470006895873,0.35936863524024076,0.14931877388865789,1.0,1.0
clip_b16,person,person::train::01924_2.jpg,llm_attribute_list,information_reduced,0.909697933473665,1,49,5,0.15133820769842787,1.0,person::train::02319_1.jpg,0.7998751870627712,1.0,0.663226499536774,0.7684478223775556,0.24647143393689097,0.10982274641089385,1.0,1.0
clip_b16,person,person::train::01924_2.jpg,llm_distinctive_first,information_reduced,0.9094156567504565,1,49,5,0.18869220345263193,1.0,person::gallery::26474_5.jpg,0.7207234532978246,1.0,0.5550861655975277,0.6874965701505944,0.3543294911529289,0.18869220345263193,1.0,1.0
clip_b16,person,person::train::00969_2.png,llm_attribute_list,information_reduced,0.9157211814378086,1,49,5,0.13280401054292024,1.0,person::query::26761_2.jpg,0.7829171708948883,1.0,0.6811367674400857,0.7603016583779556,0.2345844139977229,0.13280401054292024,1.0,1.0
clip_b16,person,person::train::00969_2.png,llm_distinctive_first,information_reduced,0.8876622221481245,1,49,5,0.21079860919476257,1.0,person::train::10977_1.jpg,0.7078694338268826,1.0,0.5657329861031946,0.6595871443783028,0.32192923604492996,0.1797927883212419,1.0,1.0
clip_b16,person,person::train::09634_1.jpg,llm_attribute_list,information_reduced,0.8453952101360979,1,49,5,0.10918219240904281,1.0,person::train::09751_6.jpg,0.736213017727055,1.0,0.6324036243301028,0.7216748493933915,0.2129915858059951,0.10918219240904281,1.0,1.0
clip_b16,person,person::train::09634_1.jpg,llm_distinctive_first,information_reduced,0.9256369210683592,1,49,5,0.209384303266413,1.0,person::train::08634_3.jpg,0.740661265533171,1.0,0.6289167588129321,0.6987737334224642,0.2967201622554271,0.18497565553518813,1.0,1.0
clip_b16,person,person::train::11561_6.jpg,llm_attribute_list,information_reduced,0.9373323959781532,1,49,5,0.13373972380980315,1.0,person::train::00197_4.png,0.8035926721683501,1.0,0.6438249291930983,0.7829979828323039,0.2935074667850549,0.13373972380980315,1.0,1.0
clip_b16,person,person::train::11561_6.jpg,llm_distinctive_first,information_reduced,0.9277684732859728,1,49,5,0.09852484764180947,1.0,person::gallery::14888_1.png,0.8292436256441633,1.0,0.6169371784713397,0.7679097929182359,0.3108312948146331,0.09852484764180947,1.0,1.0
clip_b16,person,person::train::08528_6.jpg,llm_attribute_list,information_reduced,0.7970410139984541,4,49,5,0.016758739065317663,1.0,person::train::01108_7.png,0.8242281621155998,0.9387755102040817,0.6632191419646098,0.7998713838479214,0.1338218720338442,-0.027187148117145732,0.0,0.25
clip_b16,person,person::train::08528_6.jpg,llm_distinctive_first,information_reduced,0.9454949090737557,1,49,5,0.112591459030977,1.0,person::train::08529_4.jpg,0.8329034500427787,1.0,0.7113274806665462,0.7827995722524949,0.2341674284072095,0.112591459030977,1.0,1.0
clip_b16,person,person::train::01287_5.jpg,llm_attribute_list,information_reduced,0.790511829757137,2,49,5,-3.7592710780076644e-05,0.8,person::query::26761_2.jpg,0.790549422467917,0.9795918367346939,0.6740975640904289,0.7465216584607509,0.1164142656667081,-3.7592710780076644e-05,0.0,0.5
clip_b16,person,person::train::01287_5.jpg,llm_distinctive_first,information_reduced,0.969787641690562,1,49,5,0.19879761414891273,1.0,person::train::01742_4.jpg,0.7709900275416492,1.0,0.5989655379312152,0.7205999255715408,0.37082210375934677,0.19879761414891273,1.0,1.0
clip_b16,person,person::train::10252_1.jpg,llm_attribute_list,information_reduced,0.9160814762251552,1,49,5,0.06783508268266869,1.0,person::train::08924_1.jpg,0.8482463935424865,1.0,0.7191223101736306,0.8003875587714633,0.19695916605152464,0.06783508268266869,1.0,1.0
clip_b16,person,person::train::10252_1.jpg,llm_distinctive_first,information_reduced,0.9406973022743131,1,49,5,0.12123469355383132,1.0,person::train::08924_1.jpg,0.8194626087204818,1.0,0.6761171989924757,0.7497063815202134,0.26458010328183745,0.12123469355383132,1.0,1.0
clip_b16,person,person::train::08924_1.jpg,llm_attribute_list,information_reduced,0.8367196431689052,1,49,5,0.07681151942005138,1.0,person::query::27008_3.jpg,0.7599081237488539,1.0,0.6530563316758058,0.7495698376256585,0.18366331149309945,0.07681151942005138,1.0,1.0
clip_b16,person,person::train::08924_1.jpg,llm_distinctive_first,information_reduced,0.9141595891397363,1,49,5,0.11792419365354612,1.0,person::train::10252_1.jpg,0.7962353954861902,1.0,0.6527256213137732,0.7257679759296707,0.26143396782596307,0.11792419365354612,1.0,1.0
clip_b16,person,person::train::02319_1.jpg,llm_attribute_list,information_reduced,0.9232537480305079,1,49,5,0.09437136089009568,1.0,person::query::26761_2.jpg,0.8288823871404122,1.0,0.6514145652038587,0.778546292969427,0.2718391828266492,0.09437136089009568,1.0,1.0
clip_b16,person,person::train::02319_1.jpg,llm_distinctive_first,information_reduced,0.9419704652992242,1,49,5,0.18985749338369828,1.0,person::query::26761_2.jpg,0.752112971915526,1.0,0.6108351951358362,0.7232941972381196,0.33113527016338806,0.18985749338369828,1.0,1.0
clip_b16,person,person::train::09715_3.jpg,llm_attribute_list,information_reduced,0.8021817682326506,2,49,5,0.05180911612343542,1.0,person::train::05158_3.jpg,0.8116902791156737,0.9795918367346939,0.5681133837816639,0.7400215558508634,0.23406838445098677,-0.009508510883023069,0.0,0.5
clip_b16,person,person::train::09715_3.jpg,llm_distinctive_first,information_reduced,0.8894352455053085,1,49,5,0.13468915865634856,1.0,person::train::05158_3.jpg,0.786954040458628,1.0,0.5719774912914464,0.733343400473296,0.31745775421386213,0.10248120504668046,1.0,1.0
clip_b16,person,person::train::13508_2.jpg,llm_attribute_list,information_reduced,0.8822701270787512,1,49,5,0.1358133634386065,1.0,person::train::00233_10.png,0.7464567636401447,1.0,0.5827148870703234,0.6890201226909413,0.2995552400084278,0.1358133634386065,1.0,1.0
clip_b16,person,person::train::13508_2.jpg,llm_distinctive_first,information_reduced,0.9466466437277994,1,49,5,0.23566953724801787,1.0,person::train::00233_10.png,0.7109771064797815,1.0,0.5760920291417083,0.6941977942717475,0.37055461458609107,0.23566953724801787,1.0,1.0
clip_b16,person,person::train::09751_6.jpg,llm_attribute_list,information_reduced,0.9051868662373868,1,49,5,0.11388271717234377,1.0,person::train::12050_5.jpg,0.791304149065043,1.0,0.6073357182743048,0.7789741358456453,0.297851147963082,0.11388271717234377,1.0,1.0
clip_b16,person,person::train::09751_6.jpg,llm_distinctive_first,information_reduced,0.922068467302652,1,49,5,0.08446401925376101,1.0,person::gallery::15309_3.png,0.837604448048891,1.0,0.6242226311809747,0.7859253148347669,0.29784583612167737,0.08446401925376101,1.0,1.0
clip_b16,person,person::train::11903_4.jpg,llm_attribute_list,information_reduced,0.9429365915900606,1,49,5,0.23814018701646633,1.0,person::train::09634_1.jpg,0.7047964045735943,1.0,0.5552757238792911,0.6667777311544908,0.38766086771076946,0.23814018701646633,1.0,1.0
clip_b16,person,person::train::11903_4.jpg,llm_distinctive_first,information_reduced,0.9395411728295785,1,49,5,0.22900015044523014,1.0,person::train::09634_1.jpg,0.7105410223843484,1.0,0.5196446892040167,0.6456205377554392,0.41989648362556176,0.22900015044523014,1.0,1.0
clip_b16,person,person::train::03720_4.jpg,llm_attribute_list,information_reduced,0.9250838699786762,1,49,5,0.15303842027818193,1.0,person::train::05158_3.jpg,0.7720454497004943,1.0,0.5572926880156008,0.752300117017906,0.36779118196307536,0.15303842027818193,1.0,1.0
clip_b16,person,person::train::03720_4.jpg,llm_distinctive_first,information_reduced,0.8475658547970576,1,49,5,0.09765323403709081,1.0,person::train::02319_1.jpg,0.7499126207599668,1.0,0.5948016138715524,0.708130550516012,0.2527642409255052,0.09765323403709081,1.0,1.0
clip_b16,person,person::train::26249_12.jpg,llm_attribute_list,information_reduced,0.9459929594430136,1,49,5,0.19677899561733003,1.0,person::train::00837_3.png,0.7492139638256836,1.0,0.6413156940159936,0.7156003299776484,0.30467726542702,0.19677899561733003,1.0,1.0
clip_b16,person,person::train::26249_12.jpg,llm_distinctive_first,information_reduced,0.9591503839250404,1,49,5,0.23294476633712846,1.0,person::train::00837_3.png,0.7262056175879119,1.0,0.6273868462828492,0.7107810014905698,0.33176353764219113,0.23294476633712846,1.0,1.0
clip_b16,person,person::train::08634_3.jpg,llm_attribute_list,information_reduced,0.9408457723299455,1,49,5,0.21001174533270173,1.0,person::gallery::26735_2.jpg,0.7308340269972438,1.0,0.6121252999044073,0.6935543624719369,0.32872047242553815,0.21001174533270173,1.0,1.0
clip_b16,person,person::train::08634_3.jpg,llm_distinctive_first,information_reduced,0.9124459258237065,1,49,5,0.226189292145056,1.0,person::gallery::26735_2.jpg,0.6862566336786505,1.0,0.582385633702733,0.6489883258995249,0.33006029212097354,0.226189292145056,1.0,1.0
clip_b16,person,person::train::00837_3.png,llm_attribute_list,information_reduced,0.7896046160671245,2,49,5,0.0499386046184066,1.0,person::query::26685_1.jpg,0.7931410797989414,0.9795918367346939,0.6194918207937546,0.7763947099626574,0.17011279527336987,-0.00353646373181693,0.0,0.5
clip_b16,person,person::train::00837_3.png,llm_distinctive_first,information_reduced,0.930870787358679,1,49,5,0.10337906961660237,1.0,person::query::26935_2.jpg,0.8274917177420766,1.0,0.701825296725775,0.7836584603543387,0.22904549063290403,0.10337906961660237,1.0,1.0
clip_b16,person,person::query::26685_1.jpg,llm_attribute_list,information_reduced,0.9559656674066237,1,49,5,0.11861457159779887,1.0,person::train::12050_5.jpg,0.8373510958088248,1.0,0.6416766009919915,0.7936715522372586,0.31428906641463217,0.11861457159779887,1.0,1.0
clip_b16,person,person::query::26685_1.jpg,llm_distinctive_first,information_reduced,0.8921139150260786,1,49,5,0.03175092948239944,1.0,person::train::12050_5.jpg,0.8603629855436792,1.0,0.7175128717699275,0.8485241845611687,0.1746010432561511,0.03175092948239944,1.0,1.0
clip_b16,person,person::query::14604_1.png,llm_attribute_list,information_reduced,0.7836269617743645,3,49,5,0.008517478057475936,1.0,person::train::01108_7.png,0.7987784640714196,0.9591836734693877,0.6440557452145494,0.77646827258122,0.13957121655981508,-0.015151502297055086,0.0,0.3333333333333333
clip_b16,person,person::query::14604_1.png,llm_distinctive_first,information_reduced,0.9178475012294628,1,49,5,0.10382512010436051,1.0,person::train::06085_7.jpg,0.8140223811251023,1.0,0.6769472708543873,0.7697887374700374,0.24090023037507546,0.10382512010436051,1.0,1.0
clip_b16,person,person::query::27008_3.jpg,llm_attribute_list,information_reduced,0.8764360596340952,1,49,5,0.03662839906303761,1.0,person::query::26761_2.jpg,0.8398076605710576,1.0,0.6767260442419977,0.8034141749394552,0.19971001539209754,0.03662839906303761,1.0,1.0
clip_b16,person,person::query::27008_3.jpg,llm_distinctive_first,information_reduced,0.9400617174163663,1,49,5,0.10308558741050189,1.0,person::train::08924_1.jpg,0.8369761300058645,1.0,0.695113121034546,0.8108263224676299,0.24494859638182032,0.10308558741050189,1.0,1.0
clip_b16,person,person::query::14994_1.png,llm_attribute_list,information_reduced,0.9253790872138336,1,49,5,0.06171491629333714,1.0,person::train::06085_7.jpg,0.8636641709204964,1.0,0.7188346405891535,0.7889209242441348,0.20654444662468008,0.06171491629333714,1.0,1.0
clip_b16,person,person::query::14994_1.png,llm_distinctive_first,information_reduced,0.9031817828310307,1,49,5,0.19453264186890706,1.0,person::train::02167_1.jpg,0.7086491409621236,1.0,0.5848731968417046,0.6868544523652504,0.3183085859893261,0.19453264186890706,1.0,1.0
clip_b16,person,person::query::14459_1.png,llm_attribute_list,information_reduced,0.8603178103075646,1,49,5,0.12093952626354998,1.0,person::gallery::27153_5.jpg,0.7500980692126447,1.0,0.619996578446479,0.7400061389674236,0.24032123186108556,0.11021974109491994,1.0,1.0
clip_b16,person,person::query::14459_1.png,llm_distinctive_first,information_reduced,0.9352412985611898,1,49,5,0.28270697410946255,1.0,person::train::12462_1.jpg,0.6525343244517272,1.0,0.5027039270639195,0.611418260230777,0.43253737149727023,0.28270697410946255,1.0,1.0
clip_b16,person,person::query::26943_3.jpg,llm_attribute_list,information_reduced,0.8507623536741311,1,49,5,0.03265050820074178,1.0,person::query::26685_1.jpg,0.822504348971204,1.0,0.6109373863132421,0.7998874965165997,0.23982496736088899,0.028258004702927164,1.0,1.0
clip_b16,person,person::query::26943_3.jpg,llm_distinctive_first,information_reduced,0.8936031396957921,1,49,5,0.09377679173464626,1.0,person::train::06597_2.jpg,0.7998263479611458,1.0,0.6142444551895294,0.7852882077871394,0.27935868450626267,0.09377679173464626,1.0,1.0
clip_b16,person,person::query::26789_3.jpg,llm_attribute_list,information_reduced,0.8962503393013691,1,49,5,0.04399374031312364,1.0,person::gallery::26774_3.jpg,0.8522565989882455,1.0,0.6853746284360576,0.7891467924261085,0.21087571086531154,0.04399374031312364,1.0,1.0
clip_b16,person,person::query::26789_3.jpg,llm_distinctive_first,information_reduced,0.9191167285358361,1,49,5,0.1045769867472005,1.0,person::train::06085_7.jpg,0.8145397417886356,1.0,0.6402679683116816,0.7855536110808666,0.2788487602241545,0.1045769867472005,1.0,1.0
clip_b16,person,person::query::26935_2.jpg,llm_attribute_list,information_reduced,0.933537952016029,1,49,5,0.1591394864954776,1.0,person::query::26761_2.jpg,0.7743984655205514,1.0,0.6479748819113,0.7505981438456268,0.2855630701047289,0.1591394864954776,1.0,1.0
clip_b16,person,person::query::26935_2.jpg,llm_distinctive_first,information_reduced,0.9481159123824778,1,49,5,0.12890852706450162,1.0,person::train::08529_4.jpg,0.8192073853179762,1.0,0.6661771327013224,0.7783448456561095,0.28193877968115544,0.12890852706450162,1.0,1.0
clip_b16,person,person::query::27100_1.jpg,llm_attribute_list,information_reduced,0.8801203223029377,1,49,5,0.02875699052926506,1.0,person::train::06085_7.jpg,0.8513633317736726,1.0,0.6966392163034776,0.8036465343380751,0.1834811059994601,0.02875699052926506,1.0,1.0
clip_b16,person,person::query::27100_1.jpg,llm_distinctive_first,information_reduced,0.9079924216192623,1,49,5,0.16422881212596274,1.0,person::query::26789_3.jpg,0.7437636094932996,1.0,0.6056883881118084,0.7253339194749785,0.30230403350745394,0.16422881212596274,1.0,1.0
clip_b16,person,person::query::26761_2.jpg,llm_attribute_list,information_reduced,0.9207283182931503,1,49,5,0.030149753086638476,1.0,person::gallery::26721_4.jpg,0.8905785652065118,1.0,0.6718900105844785,0.8392617377134146,0.24883830770867177,0.030149753086638476,1.0,1.0
clip_b16,person,person::query::26761_2.jpg,llm_distinctive_first,information_reduced,0.9529088647769649,1,49,5,0.05593038204759093,1.0,person::gallery::26721_4.jpg,0.896978482729374,1.0,0.7109489754643663,0.8103716332725286,0.2419598893125986,0.05593038204759093,1.0,1.0
clip_b16,person,person::gallery::26474_5.jpg,llm_attribute_list,information_reduced,0.8824515252272223,1,49,5,0.055811402520080655,1.0,person::gallery::15194_3.png,0.8266401227071416,1.0,0.6939891391315463,0.7727720542754863,0.188462386095676,0.055811402520080655,1.0,1.0
clip_b16,person,person::gallery::26474_5.jpg,llm_distinctive_first,information_reduced,0.9618806229997507,1,49,5,0.14149152513717844,1.0,person::gallery::26735_2.jpg,0.8203890978625723,1.0,0.6315148348194537,0.7600674480892492,0.33036578818029705,0.14149152513717844,1.0,1.0
clip_b16,person,person::gallery::27153_5.jpg,llm_attribute_list,information_reduced,0.8577286386876286,1,49,5,0.05443536240403746,1.0,person::gallery::26721_4.jpg,0.8146766720781528,1.0,0.6313303720451545,0.8016187481924676,0.2263982666424741,0.043051966609475856,1.0,1.0
clip_b16,person,person::gallery::27153_5.jpg,llm_distinctive_first,information_reduced,0.9581353669668816,1,49,5,0.10338053937268665,1.0,person::gallery::15309_3.png,0.854754827594195,1.0,0.7039363766082007,0.8131674682803768,0.2541989903586809,0.10338053937268665,1.0,1.0
clip_b16,person,person::gallery::26789_1.jpg,llm_attribute_list,information_reduced,0.890374005949232,1,49,5,0.00010354987478677913,1.0,person::gallery::26721_4.jpg,0.8902704560744452,1.0,0.6850930165638076,0.7857251905447084,0.20528098938542438,0.00010354987478677913,1.0,1.0
clip_b16,person,person::gallery::26789_1.jpg,llm_distinctive_first,information_reduced,0.9664638656854041,1,49,5,0.15332249555791344,1.0,person::gallery::26721_4.jpg,0.8131413701274907,1.0,0.673348840084156,0.7901290170658989,0.29311502560124814,0.15332249555791344,1.0,1.0
clip_b16,person,person::gallery::26721_4.jpg,llm_attribute_list,information_reduced,0.9569668348195601,1,49,5,0.07244007164094057,1.0,person::query::26761_2.jpg,0.8845267631786196,1.0,0.6648819695877504,0.806624772215777,0.29208486523180976,0.07244007164094057,1.0,1.0
clip_b16,person,person::gallery::26721_4.jpg,llm_distinctive_first,information_reduced,0.9478966295660856,1,49,5,0.05725908793372192,1.0,person::query::26761_2.jpg,0.8906375416323636,1.0,0.7125922049878163,0.8088647230148286,0.23530442457826928,0.05725908793372192,1.0,1.0
clip_b16,person,person::gallery::26991_3.jpg,llm_attribute_list,information_reduced,0.9586262437868454,1,49,5,0.13919772411485032,1.0,person::query::27008_3.jpg,0.819428519671995,1.0,0.6644855758889603,0.7603990951471281,0.29414066789788507,0.13919772411485032,1.0,1.0
clip_b16,person,person::gallery::26991_3.jpg,llm_distinctive_first,information_reduced,0.9383660912886918,1,49,5,0.18054746903755037,1.0,person::query::27008_3.jpg,0.7578186222511414,1.0,0.6317376120544412,0.73175072266948,0.3066284792342505,0.18054746903755037,1.0,1.0
clip_b16,person,person::gallery::26735_2.jpg,llm_attribute_list,information_reduced,0.9125215141065226,1,49,5,0.05352713817960375,1.0,person::train::06085_7.jpg,0.8589943759269189,1.0,0.703244206344035,0.8037774932075743,0.20927730776248765,0.05352713817960375,1.0,1.0
clip_b16,person,person::gallery::26735_2.jpg,llm_distinctive_first,information_reduced,0.9619251912122768,1,49,5,0.11189529147623634,1.0,person::gallery::26474_5.jpg,0.8500298997360405,1.0,0.6834436413407871,0.7780569465689887,0.27848154987148976,0.11189529147623634,1.0,1.0
clip_b16,person,person::gallery::14888_1.png,llm_attribute_list,information_reduced,0.8664990602331978,1,49,5,0.06954165722334216,1.0,person::query::27100_1.jpg,0.7969574030098556,1.0,0.6919728802200764,0.7864691334878395,0.17452618001312137,0.06954165722334216,1.0,1.0
clip_b16,person,person::gallery::14888_1.png,llm_distinctive_first,information_reduced,0.927785727981442,1,49,5,0.1482907078193425,1.0,person::train::10252_1.jpg,0.7799591315293338,1.0,0.654195390433391,0.7677507402745098,0.27359033754805095,0.14782659645210816,1.0,1.0
clip_b16,person,person::gallery::26774_3.jpg,llm_attribute_list,information_reduced,0.9284391943188917,1,49,5,0.047188982678152636,1.0,person::train::01108_7.png,0.881250211640739,1.0,0.7273425144902796,0.8391167966732788,0.201096679828612,0.047188982678152636,1.0,1.0
clip_b16,person,person::gallery::26774_3.jpg,llm_distinctive_first,information_reduced,0.863978265304546,1,49,5,0.041419110177343565,1.0,person::query::14604_1.png,0.8409962704800436,1.0,0.6580060437997208,0.8029003371145517,0.2059722215048252,0.022981994824502472,1.0,1.0
clip_b16,person,person::gallery::15309_3.png,llm_attribute_list,information_reduced,0.8263274348065792,2,49,5,0.07120019205474315,1.0,person::query::26685_1.jpg,0.8347386507761998,0.9795918367346939,0.5812475868264405,0.7573571346746356,0.2450798479801387,-0.008411215969620578,0.0,0.5
clip_b16,person,person::gallery::15309_3.png,llm_distinctive_first,information_reduced,0.9123711678183594,1,49,5,0.060372491996973365,1.0,person::train::00233_10.png,0.851998675821386,1.0,0.6408017260040784,0.8446519090013634,0.271569441814281,0.060372491996973365,1.0,1.0
clip_b16,person,person::gallery::15194_3.png,llm_attribute_list,information_reduced,0.9027517164360251,1,49,5,0.1266047523305417,1.0,person::gallery::26721_4.jpg,0.7804437561525926,1.0,0.6748431653811044,0.7585910711461421,0.2279085510549207,0.12230796028343249,1.0,1.0
clip_b16,person,person::gallery::15194_3.png,llm_distinctive_first,information_reduced,0.9026035449542448,1,49,5,0.08739777590290809,1.0,person::gallery::26474_5.jpg,0.8152057690513367,1.0,0.6308181162310372,0.7378039127377319,0.27178542872320754,0.08739777590290809,1.0,1.0
clip_b16,vehicle,vehicle::train_images::19666_c077_02.jpg,llm_attribute_list,information_reduced,0.9737381964171951,1,49,5,0.1612442915350748,1.0,vehicle::query_images::20249_c003_00.jpg,0.8124939048821203,1.0,0.6796976203327352,0.79894257223433,0.2940405760844599,0.1612442915350748,1.0,1.0
clip_b16,vehicle,vehicle::train_images::19666_c077_02.jpg,llm_distinctive_first,information_reduced,0.8534787804770898,1,49,5,0.17322935857405963,1.0,vehicle::gallery_images::20762_c156_00.jpg,0.6802494219030302,1.0,0.5087774114532075,0.6358741758425636,0.34470136902388226,0.17322935857405963,1.0,1.0
clip_b16,vehicle,vehicle::train_images::13184_c012_02.jpg,llm_attribute_list,information_reduced,0.8564998170880102,12,49,5,-0.04127404096700149,0.6,vehicle::train_images::05685_c100_04.jpg,0.8977738580550116,0.7755102040816326,0.792693758219273,0.8805603152363215,0.06380605886873714,-0.04127404096700149,0.0,0.08333333333333333
clip_b16,vehicle,vehicle::train_images::13184_c012_02.jpg,llm_distinctive_first,information_reduced,0.8871756772514469,1,49,5,0.11446206288689742,1.0,vehicle::train_images::09221_c139_03.jpg,0.7727136143645494,1.0,0.5097212908025592,0.69398753527903,0.3774543864488876,0.11446206288689742,1.0,1.0
clip_b16,vehicle,vehicle::train_images::13608_c139_04.jpg,llm_attribute_list,information_reduced,0.9612482639757667,1,49,5,0.05407517751997304,1.0,vehicle::query_images::20204_c041_01.jpg,0.9071730864557936,1.0,0.802375438561446,0.8822923390611599,0.15887282541432068,0.05407517751997304,1.0,1.0
clip_b16,vehicle,vehicle::train_images::13608_c139_04.jpg,llm_distinctive_first,information_reduced,0.7330915667794009,1,49,5,0.1409035396961582,1.0,vehicle::query_images::20949_c003_01.jpg,0.7304870866446542,1.0,0.5370026090875047,0.6432236596262879,0.19608895769189616,0.0026044801347466784,1.0,1.0
clip_b16,vehicle,vehicle::train_images::12849_c170_02.jpg,llm_attribute_list,information_reduced,0.9719173969671244,1,49,5,0.016365248247797504,1.0,vehicle::query_images::20272_c102_00.jpg,0.9555521487193269,1.0,0.7768573270372685,0.8986895905485754,0.19506006992985592,0.016365248247797504,1.0,1.0
clip_b16,vehicle,vehicle::train_images::12849_c170_02.jpg,llm_distinctive_first,information_reduced,0.9213425947539715,1,49,5,0.07889196803095566,1.0,vehicle::train_images::05432_c163_04.jpg,0.8424506267230158,1.0,0.6310806332261677,0.777277082241859,0.2902619615278038,0.07889196803095566,1.0,1.0
clip_b16,vehicle,vehicle::train_images::10839_c110_00.jpg,llm_attribute_list,information_reduced,0.9157231731915765,1,49,5,0.10305977459781857,1.0,vehicle::train_images::04724_c110_02.jpg,0.8195253287678651,1.0,0.7360512670444848,0.8040523448407472,0.17967190614709172,0.09619784442371138,1.0,1.0
clip_b16,vehicle,vehicle::train_images::10839_c110_00.jpg,llm_distinctive_first,information_reduced,0.7076394111946552,1,49,5,0.12265863630904483,1.0,vehicle::gallery_images::20535_c170_02.jpg,0.6476277225397464,1.0,0.526862685190848,0.5951911882693789,0.18077672600380723,0.0600116886549088,1.0,1.0
clip_b16,vehicle,vehicle::train_images::02440_c090_02.jpg,llm_attribute_list,information_reduced,0.934330442277129,1,49,5,0.26023361120094624,1.0,vehicle::query_images::21010_c163_01.jpg,0.6740968310761828,1.0,0.5671085429245022,0.6566526808594577,0.36722189935262683,0.26023361120094624,1.0,1.0
clip_b16,vehicle,vehicle::train_images::02440_c090_02.jpg,llm_distinctive_first,information_reduced,0.8541204964205205,1,49,5,0.33544640707192985,1.0,vehicle::query_images::21112_c079_00.jpg,0.5866428863378226,1.0,0.4166732848580879,0.5292433080727265,0.43744721156243255,0.2674776100826979,1.0,1.0
clip_b16,vehicle,vehicle::train_images::12341_c073_00.jpg,llm_attribute_list,information_reduced,0.9599166260391478,1,49,5,0.07116195808410508,1.0,vehicle::train_images::16614_c041_04.jpg,0.8887546679550428,1.0,0.7682201477046724,0.8593592146947955,0.19169647833447545,0.07116195808410508,1.0,1.0
clip_b16,vehicle,vehicle::train_images::12341_c073_00.jpg,llm_distinctive_first,information_reduced,0.8406089611243441,1,49,5,0.05387885456714692,1.0,vehicle::train_images::16614_c041_04.jpg,0.7867301065571972,1.0,0.6451461212776239,0.745197853688931,0.1954628398467202,0.05387885456714692,1.0,1.0
clip_b16,vehicle,vehicle::train_images::18263_c110_02.jpg,llm_attribute_list,information_reduced,0.8991883678059451,1,49,5,0.07205198135357371,1.0,vehicle::train_images::19520_c034_01.jpg,0.8271363864523714,1.0,0.6987654195340733,0.7917297748758543,0.2004229482718718,0.07205198135357371,1.0,1.0
clip_b16,vehicle,vehicle::train_images::18263_c110_02.jpg,llm_distinctive_first,information_reduced,0.7468945252935522,1,49,5,0.11209452737228631,1.0,vehicle::train_images::02440_c090_02.jpg,0.694505676522815,1.0,0.5138869963843273,0.651403547138966,0.23300752890922483,0.05238884877073713,1.0,1.0
clip_b16,vehicle,vehicle::train_images::10529_c003_02.jpg,llm_attribute_list,information_reduced,0.9262702127732338,1,49,5,0.06956993220945351,1.0,vehicle::gallery_images::21199_c014_04.jpg,0.8567002805637803,1.0,0.7716455896995191,0.8378628671592353,0.15462462307371472,0.06956993220945351,1.0,1.0
clip_b16,vehicle,vehicle::train_images::10529_c003_02.jpg,llm_distinctive_first,information_reduced,0.7249248018801125,1,49,5,0.11753484795192515,1.0,vehicle::train_images::07345_c110_03.jpg,0.6836169198400144,1.0,0.521738520949748,0.6065244292487695,0.2031862809303645,0.041307882040098165,1.0,1.0
clip_b16,vehicle,vehicle::train_images::15907_c041_04.jpg,llm_attribute_list,information_reduced,0.9037607071808298,1,49,5,0.14950893666491138,1.0,vehicle::train_images::16614_c041_04.jpg,0.7542517705159184,1.0,0.6707123878255576,0.7468991402601647,0.23304831935527215,0.14950893666491138,1.0,1.0
clip_b16,vehicle,vehicle::train_images::15907_c041_04.jpg,llm_distinctive_first,information_reduced,0.8199197290656601,1,49,5,0.1951146864759541,1.0,vehicle::train_images::03678_c014_03.jpg,0.6346239084818924,1.0,0.518068299936257,0.6084424060961072,0.3018514291294031,0.1852958205837677,1.0,1.0
clip_b16,vehicle,vehicle::train_images::08854_c110_02.jpg,llm_attribute_list,information_reduced,0.9659352427703766,1,49,5,0.05308294251850154,1.0,vehicle::gallery_images::21199_c014_04.jpg,0.912852300251875,1.0,0.810518233948704,0.9037822257506558,0.15541700882167253,0.05308294251850154,1.0,1.0
clip_b16,vehicle,vehicle::train_images::08854_c110_02.jpg,llm_distinctive_first,information_reduced,0.9148943346589209,1,49,5,0.04406323593253747,1.0,vehicle::query_images::20204_c041_01.jpg,0.8708310987263834,1.0,0.7537454546169556,0.8490403901791295,0.16114888004196526,0.04406323593253747,1.0,1.0
clip_b16,vehicle,vehicle::train_images::04922_c023_01.jpg,llm_attribute_list,information_reduced,0.9399757007704339,1,49,5,0.13621423155868895,1.0,vehicle::train_images::08854_c110_02.jpg,0.803761469211745,1.0,0.7116398076649572,0.7816386957403924,0.22833589310547675,0.13621423155868895,1.0,1.0
clip_b16,vehicle,vehicle::train_images::04922_c023_01.jpg,llm_distinctive_first,information_reduced,0.8713069763281884,1,49,5,0.22995479516221917,1.0,vehicle::train_images::03678_c014_03.jpg,0.6885098598285436,1.0,0.5700496101288197,0.6349279084659984,0.3012573661993687,0.1827971164996448,1.0,1.0
clip_b16,vehicle,vehicle::train_images::19263_c030_03.jpg,llm_attribute_list,information_reduced,0.9375161113737107,1,49,5,0.1457807110005752,1.0,vehicle::train_images::03678_c014_03.jpg,0.7988953478296233,1.0,0.7110530066639233,0.7869191712574931,0.22646310470978737,0.13862076354408737,1.0,1.0
clip_b16,vehicle,vehicle::train_images::19263_c030_03.jpg,llm_distinctive_first,information_reduced,0.8517604913189809,1,49,5,0.22938697277275621,1.0,vehicle::train_images::07345_c110_03.jpg,0.6819448659140114,1.0,0.5721381157218557,0.6404349422637005,0.2796223755971252,0.16981562540496953,1.0,1.0
clip_b16,vehicle,vehicle::train_images::07345_c110_03.jpg,llm_attribute_list,information_reduced,0.879503453367329,1,49,5,0.03390638131446011,1.0,vehicle::train_images::12341_c073_00.jpg,0.8650577577492158,1.0,0.7756028551183289,0.8480551134792509,0.10390059824900011,0.014445695618113263,1.0,1.0
clip_b16,vehicle,vehicle::train_images::07345_c110_03.jpg,llm_distinctive_first,information_reduced,0.9620830291181182,1,49,5,0.3002786681367411,1.0,vehicle::train_images::03678_c014_03.jpg,0.6618043609813771,1.0,0.5617054484785998,0.6398454657043036,0.40037758063951834,0.3002786681367411,1.0,1.0
clip_b16,vehicle,vehicle::train_images::19520_c034_01.jpg,llm_attribute_list,information_reduced,0.9655206560164576,1,49,5,0.09649621272812514,1.0,vehicle::query_images::21022_c078_01.jpg,0.8690244432883325,1.0,0.7561003654574379,0.8458031925951356,0.20942029055901978,0.09649621272812514,1.0,1.0
clip_b16,vehicle,vehicle::train_images::19520_c034_01.jpg,llm_distinctive_first,information_reduced,0.8009005273299449,1,49,5,0.15078353291715996,1.0,vehicle::query_images::21112_c079_00.jpg,0.7360628787194992,1.0,0.5281153052449049,0.6419779692787421,0.27278522208503997,0.06483764861044572,1.0,1.0
clip_b16,vehicle,vehicle::train_images::16253_c139_00.jpg,llm_attribute_list,information_reduced,0.9479181024268679,1,49,5,0.03060616130864502,1.0,vehicle::train_images::08854_c110_02.jpg,0.9173119411182229,1.0,0.8028081207672921,0.8835000351051085,0.14510998165957578,0.03060616130864502,1.0,1.0
clip_b16,vehicle,vehicle::train_images::16253_c139_00.jpg,llm_distinctive_first,information_reduced,0.8825486499437213,1,49,5,0.06468618688202776,1.0,vehicle::query_images::20949_c003_01.jpg,0.8409717210328282,1.0,0.7223516412116497,0.7914863328341114,0.16019700873207154,0.04157692891089304,1.0,1.0
clip_b16,vehicle,vehicle::train_images::06987_c051_04.jpg,llm_attribute_list,information_reduced,0.9747815929701033,1,49,5,0.10210870753364287,1.0,vehicle::train_images::08854_c110_02.jpg,0.8726728854364604,1.0,0.7763453233146518,0.849783982303547,0.19843626965545147,0.10210870753364287,1.0,1.0
clip_b16,vehicle,vehicle::train_images::06987_c051_04.jpg,llm_distinctive_first,information_reduced,0.9041599929417921,1,49,5,0.14586289575455336,1.0,vehicle::query_images::20949_c003_01.jpg,0.8035762524689255,1.0,0.6838687937571623,0.7759993085530806,0.2202911991846298,0.10058374047286656,1.0,1.0
clip_b16,vehicle,vehicle::train_images::05685_c100_04.jpg,llm_attribute_list,information_reduced,0.892658517774188,4,49,5,-0.015439795097476061,0.8,vehicle::train_images::08854_c110_02.jpg,0.910880442586752,0.9387755102040817,0.8099452104227991,0.8922826516837212,0.08271330735138893,-0.018221924812564017,0.0,0.25
clip_b16,vehicle,vehicle::train_images::05685_c100_04.jpg,llm_distinctive_first,information_reduced,0.9264136938832844,1,49,5,0.0894623284114563,1.0,vehicle::train_images::13184_c012_02.jpg,0.8369513654718281,1.0,0.6716220354513512,0.7898053901338169,0.2547916584319332,0.0894623284114563,1.0,1.0
clip_b16,vehicle,vehicle::train_images::16614_c041_04.jpg,llm_attribute_list,information_reduced,0.9496887690875697,1,49,5,0.022974589011179436,1.0,vehicle::train_images::12341_c073_00.jpg,0.9267141800763903,1.0,0.7928957336414113,0.8993985105348745,0.1567930354461584,0.022974589011179436,1.0,1.0
clip_b16,vehicle,vehicle::train_images::16614_c041_04.jpg,llm_distinctive_first,information_reduced,0.8213212965339516,1,49,5,0.08739993393122125,1.0,vehicle::train_images::12341_c073_00.jpg,0.7339213626027303,1.0,0.6076028920400155,0.6972393128379483,0.2137184044939361,0.08739993393122125,1.0,1.0
clip_b16,vehicle,vehicle::train_images::13946_c012_04.jpg,llm_attribute_list,information_reduced,0.9599568298481698,1,49,5,0.037867389556790476,1.0,vehicle::train_images::04724_c110_02.jpg,0.9220894402913793,1.0,0.8201747057329081,0.9003988491279412,0.1397821241152617,0.037867389556790476,1.0,1.0
clip_b16,vehicle,vehicle::train_images::13946_c012_04.jpg,llm_distinctive_first,information_reduced,0.8711779933195593,1,49,5,0.09233901589948867,1.0,vehicle::gallery_images::20762_c156_00.jpg,0.8180572490557758,1.0,0.7099526041487891,0.7963503498529168,0.16122538917077012,0.05312074426378344,1.0,1.0
clip_b16,vehicle,vehicle::train_images::14133_c170_01.jpg,llm_attribute_list,information_reduced,0.9224154716515236,1,49,5,0.01858591526935982,1.0,vehicle::query_images::20204_c041_01.jpg,0.9038295563821638,1.0,0.8002148158992184,0.8703003741358746,0.12220065575230521,0.01858591526935982,1.0,1.0
clip_b16,vehicle,vehicle::train_images::14133_c170_01.jpg,llm_distinctive_first,information_reduced,0.8709261571155213,1,49,5,0.20875563244080997,1.0,vehicle::query_images::20949_c003_01.jpg,0.7374154573385672,1.0,0.6010399999487417,0.668705981106553,0.26988615716677966,0.13351069977695418,1.0,1.0
clip_b16,vehicle,vehicle::train_images::16747_c163_03.jpg,llm_attribute_list,information_reduced,0.937626053479022,1,49,5,0.07189577477578868,1.0,vehicle::gallery_images::20159_c003_00.jpg,0.8657302787032333,1.0,0.78483424845518,0.8553398612040032,0.15279180502384193,0.07189577477578868,1.0,1.0
clip_b16,vehicle,vehicle::train_images::16747_c163_03.jpg,llm_distinctive_first,information_reduced,0.7833903371929546,1,49,5,0.07774448218964691,1.0,vehicle::train_images::07345_c110_03.jpg,0.7623330668930837,1.0,0.5842019463327632,0.6888246064404522,0.19918839086019136,0.021057270299870923,1.0,1.0
clip_b16,vehicle,vehicle::train_images::05432_c163_04.jpg,llm_attribute_list,information_reduced,0.9726157644683388,1,49,5,0.04064984802271232,1.0,vehicle::query_images::20249_c003_00.jpg,0.9319659164456264,1.0,0.7362926328613629,0.8997288127258823,0.23632313160697582,0.04064984802271232,1.0,1.0
clip_b16,vehicle,vehicle::train_images::05432_c163_04.jpg,llm_distinctive_first,information_reduced,0.9215146400894391,1,49,5,0.1073764505051672,1.0,vehicle::train_images::12849_c170_02.jpg,0.8141381895842719,1.0,0.5997700755864288,0.7702814459960449,0.32174456450301026,0.1073764505051672,1.0,1.0
clip_b16,vehicle,vehicle::train_images::19057_c170_04.jpg,llm_attribute_list,information_reduced,0.8461825531587113,1,49,5,0.16772435457357093,1.0,vehicle::train_images::14387_c163_04.jpg,0.6879492399592664,1.0,0.5774089610176258,0.6768934464559008,0.2687735921410854,0.1582333131994449,1.0,1.0
clip_b16,vehicle,vehicle::train_images::19057_c170_04.jpg,llm_distinctive_first,information_reduced,0.9637729345260684,1,49,5,0.31107841792752655,1.0,vehicle::gallery_images::20559_c170_01.jpg,0.6526945165985418,1.0,0.4177920359698164,0.617014013939028,0.545980898556252,0.31107841792752655,1.0,1.0
clip_b16,vehicle,vehicle::train_images::04455_c078_00.jpg,llm_attribute_list,information_reduced,0.9386195834905855,1,49,5,0.07245708506622783,1.0,vehicle::gallery_images::20159_c003_00.jpg,0.8661624984243577,1.0,0.7438314346112238,0.8342968541470075,0.1947881488793617,0.07245708506622783,1.0,1.0
clip_b16,vehicle,vehicle::train_images::04455_c078_00.jpg,llm_distinctive_first,information_reduced,0.8437800120291107,1,49,5,0.12609396096420034,1.0,vehicle::gallery_images::20159_c003_00.jpg,0.7176860510649103,1.0,0.6125299323895039,0.6693550297652674,0.23125007963960675,0.12609396096420034,1.0,1.0
clip_b16,vehicle,vehicle::train_images::14387_c163_04.jpg,llm_attribute_list,information_reduced,0.92469339052263,1,49,5,0.16172780325583314,1.0,vehicle::gallery_images::21216_c003_04.jpg,0.7629655872667969,1.0,0.6786001654641236,0.7495783048503973,0.2460932250585064,0.16172780325583314,1.0,1.0
clip_b16,vehicle,vehicle::train_images::14387_c163_04.jpg,llm_distinctive_first,information_reduced,0.7839043636888623,1,49,5,0.18529345508756578,1.0,vehicle::query_images::21112_c079_00.jpg,0.6758757747058681,1.0,0.5205396676214998,0.6363665323381225,0.26336469606736246,0.10802858898299417,1.0,1.0
clip_b16,vehicle,vehicle::train_images::09221_c139_03.jpg,llm_attribute_list,information_reduced,0.7752589971063296,34,49,5,-0.07469938242397367,0.6,vehicle::gallery_images::21199_c014_04.jpg,0.8895309556934803,0.32653061224489793,0.8043406184592476,0.8826782403747848,-0.02908162135291803,-0.11427195858715067,0.0,0.029411764705882353
clip_b16,vehicle,vehicle::train_images::09221_c139_03.jpg,llm_distinctive_first,information_reduced,0.901472766561506,1,49,5,0.0751790064670278,1.0,vehicle::train_images::05685_c100_04.jpg,0.8262937600944782,1.0,0.6828477247310727,0.7895947013871404,0.2186250418304333,0.0751790064670278,1.0,1.0
clip_b16,vehicle,vehicle::train_images::04724_c110_02.jpg,llm_attribute_list,information_reduced,0.963232142229042,1,49,5,0.06023750593993715,1.0,vehicle::query_images::20506_c051_01.jpg,0.9029946362891048,1.0,0.7934751315039256,0.8909464244021932,0.1697570107251164,0.06023750593993715,1.0,1.0
clip_b16,vehicle,vehicle::train_images::04724_c110_02.jpg,llm_distinctive_first,information_reduced,0.9147221530944827,1,49,5,0.04591065677386319,1.0,vehicle::query_images::20506_c051_01.jpg,0.8688114963206195,1.0,0.7603363802753037,0.8536769590204969,0.15438577281917898,0.04591065677386319,1.0,1.0
clip_b16,vehicle,vehicle::train_images::08361_c094_04.jpg,llm_attribute_list,information_reduced,0.8290605366204409,1,49,5,0.13164395481643787,1.0,vehicle::gallery_images::20762_c156_00.jpg,0.7427163103943942,1.0,0.6406714771690808,0.7054373574623348,0.18838905945136009,0.08634422622604665,1.0,1.0
clip_b16,vehicle,vehicle::train_images::08361_c094_04.jpg,llm_distinctive_first,information_reduced,0.6948487659134874,1,49,5,0.14435907792904246,1.0,vehicle::train_images::07345_c110_03.jpg,0.6598856787863726,1.0,0.516248605904809,0.617085216663597,0.1786001600086784,0.03496308712711482,1.0,1.0
clip_b16,vehicle,vehicle::train_images::03678_c014_03.jpg,llm_attribute_list,information_reduced,0.9447037743831198,1,49,5,0.04937978032019663,1.0,vehicle::train_images::16747_c163_03.jpg,0.8953239940629232,1.0,0.8157306665286213,0.8851538666753939,0.12897310785449856,0.04937978032019663,1.0,1.0
clip_b16,vehicle,vehicle::train_images::03678_c014_03.jpg,llm_distinctive_first,information_reduced,0.6992463282322727,1,49,5,0.16217376926179627,1.0,vehicle::gallery_images::20559_c170_01.jpg,0.6186290571003947,1.0,0.40968209006301737,0.5854369381354088,0.28956423816925536,0.080617271131878,1.0,1.0
clip_b16,vehicle,vehicle::query_images::20204_c041_01.jpg,llm_attribute_list,information_reduced,0.9853999766455221,1,49,5,0.04417163937007351,1.0,vehicle::train_images::08854_c110_02.jpg,0.9412283372754486,1.0,0.8400880208422359,0.9161133272944953,0.14531195580328626,0.04417163937007351,1.0,1.0
clip_b16,vehicle,vehicle::query_images::20204_c041_01.jpg,llm_distinctive_first,information_reduced,0.8988803452434846,1,49,5,0.05198131723191679,1.0,vehicle::query_images::20949_c003_01.jpg,0.8600223486588359,1.0,0.7614609271073641,0.8449986622900996,0.13741941813612046,0.038857996584648724,1.0,1.0
clip_b16,vehicle,vehicle::query_images::21022_c078_01.jpg,llm_attribute_list,information_reduced,0.9707367342279571,1,49,5,0.069067012556699,1.0,vehicle::train_images::04724_c110_02.jpg,0.9016697216712581,1.0,0.7788081322545584,0.8569832417966613,0.19192860197339878,0.069067012556699,1.0,1.0
clip_b16,vehicle,vehicle::query_images::21022_c078_01.jpg,llm_distinctive_first,information_reduced,0.8516524265889149,1,49,5,0.05231998453164877,1.0,vehicle::train_images::19520_c034_01.jpg,0.7993324420572662,1.0,0.679544131217672,0.7658351119697779,0.17210829537124295,0.05231998453164877,1.0,1.0
clip_b16,vehicle,vehicle::query_images::20039_c015_00.jpg,llm_attribute_list,information_reduced,0.8637150801769954,1,49,5,0.19821600013157648,1.0,vehicle::query_images::20204_c041_01.jpg,0.6654990800454189,1.0,0.5944563363035706,0.6451502869044966,0.26925874387342474,0.19821600013157648,1.0,1.0
clip_b16,vehicle,vehicle::query_images::20039_c015_00.jpg,llm_distinctive_first,information_reduced,0.809845770458398,1,49,5,0.1730861150467463,1.0,vehicle::query_images::20949_c003_01.jpg,0.66026171216113,1.0,0.48450603677192516,0.6422704573514062,0.32533973368647284,0.14958405829726795,1.0,1.0
clip_b16,vehicle,vehicle::query_images::20298_c122_00.jpg,llm_attribute_list,information_reduced,0.9893077001446943,1,49,5,0.13668616765577368,1.0,vehicle::train_images::13946_c012_04.jpg,0.8526215324889206,1.0,0.7199901228610771,0.808397825339107,0.26931757728361716,0.13668616765577368,1.0,1.0
clip_b16,vehicle,vehicle::query_images::20298_c122_00.jpg,llm_distinctive_first,information_reduced,0.9344542162165222,1,49,5,0.11264683393436437,1.0,vehicle::train_images::13946_c012_04.jpg,0.8218073822821579,1.0,0.7114761207882756,0.7857141550796748,0.22297809542824665,0.11264683393436437,1.0,1.0
clip_b16,vehicle,vehicle::query_images::21010_c163_01.jpg,llm_attribute_list,information_reduced,0.8834260632345767,1,49,5,0.2185889035580365,1.0,vehicle::train_images::02440_c090_02.jpg,0.7373317299490867,1.0,0.6260481944860175,0.6924051104859962,0.2573778687485593,0.14609433328549004,1.0,1.0
clip_b16,vehicle,vehicle::query_images::21010_c163_01.jpg,llm_distinctive_first,information_reduced,0.6974357166778824,1,49,5,0.2701849207138403,1.0,vehicle::train_images::02440_c090_02.jpg,0.6143777169929663,1.0,0.40418498759303567,0.5451242499167727,0.29325072908484673,0.08305799968491612,1.0,1.0
clip_b16,vehicle,vehicle::query_images::20249_c003_00.jpg,llm_attribute_list,information_reduced,0.9347728024865293,1,49,5,0.026893420301620896,1.0,vehicle::gallery_images::21216_c003_04.jpg,0.9078793821849084,1.0,0.777919439184079,0.8763558487038277,0.15685336330245025,0.026893420301620896,1.0,1.0
clip_b16,vehicle,vehicle::query_images::20249_c003_00.jpg,llm_distinctive_first,information_reduced,0.8083448144830767,3,49,5,-0.08681950037255803,0.6,vehicle::train_images::05432_c163_04.jpg,0.8951643148556347,0.9591836734693877,0.6029898414167845,0.7756396441873407,0.20535497306629225,-0.08681950037255803,0.0,0.3333333333333333
clip_b16,vehicle,vehicle::query_images::20506_c051_01.jpg,llm_attribute_list,information_reduced,0.9448118433726025,1,49,5,0.028237383069140587,1.0,vehicle::train_images::04724_c110_02.jpg,0.9165744603034619,1.0,0.7878474295331528,0.8592653701133299,0.1569644138394497,0.028237383069140587,1.0,1.0
clip_b16,vehicle,vehicle::query_images::20506_c051_01.jpg,llm_distinctive_first,information_reduced,0.8685409587459687,1,49,5,0.09693828757948053,1.0,vehicle::train_images::07345_c110_03.jpg,0.7965288285117091,1.0,0.6598365440308303,0.7383608787858422,0.20870441471513845,0.07201213023425956,1.0,1.0
clip_b16,vehicle,vehicle::query_images::21112_c079_00.jpg,llm_attribute_list,information_reduced,0.9464753080752862,1,49,5,0.19959720329438257,1.0,vehicle::train_images::19520_c034_01.jpg,0.7468781047809037,1.0,0.6193895308980597,0.7279309313562184,0.32708577717722653,0.19959720329438257,1.0,1.0
clip_b16,vehicle,vehicle::query_images::21112_c079_00.jpg,llm_distinctive_first,information_reduced,0.9011467276580492,1,49,5,0.32917225492588154,1.0,vehicle::train_images::19057_c170_04.jpg,0.5994151815724349,1.0,0.388936855441208,0.5266688893196952,0.5122098722168411,0.30173154608561426,1.0,1.0
clip_b16,vehicle,vehicle::query_images::20949_c003_01.jpg,llm_attribute_list,information_reduced,0.9480138808812579,1,49,5,0.061098502893356166,1.0,vehicle::train_images::03678_c014_03.jpg,0.8869153779879018,1.0,0.78286842972984,0.8734770921249847,0.16514545115141788,0.061098502893356166,1.0,1.0
clip_b16,vehicle,vehicle::query_images::20949_c003_01.jpg,llm_distinctive_first,information_reduced,0.8483915155669528,1,49,5,0.12565563817861625,1.0,vehicle::gallery_images::20591_c110_03.jpg,0.7227358773883366,1.0,0.5779147409739137,0.6741841412742728,0.2704767745930391,0.12565563817861625,1.0,1.0
clip_b16,vehicle,vehicle::query_images::20272_c102_00.jpg,llm_attribute_list,information_reduced,0.9239499839241416,1,49,5,0.04560018937704435,1.0,vehicle::train_images::12849_c170_02.jpg,0.8783497945470973,1.0,0.7621682913994638,0.8417786969614681,0.16178169252467778,0.04560018937704435,1.0,1.0
clip_b16,vehicle,vehicle::query_images::20272_c102_00.jpg,llm_distinctive_first,information_reduced,0.7963087256259336,2,49,5,-0.023149661745506034,0.8,vehicle::train_images::12849_c170_02.jpg,0.8194583873714396,0.9795918367346939,0.6291782574397147,0.7546442373924306,0.1671304681862189,-0.023149661745506034,0.0,0.5
clip_b16,vehicle,vehicle::gallery_images::20591_c110_03.jpg,llm_attribute_list,information_reduced,0.9684123037927783,1,49,5,0.12853265044047868,1.0,vehicle::query_images::20949_c003_01.jpg,0.8398796533522996,1.0,0.7362885777035967,0.8221023944140551,0.23212372608918164,0.12853265044047868,1.0,1.0
clip_b16,vehicle,vehicle::gallery_images::20591_c110_03.jpg,llm_distinctive_first,information_reduced,0.9026924976347621,1,49,5,0.1580877081834028,1.0,vehicle::query_images::20949_c003_01.jpg,0.7446047894513593,1.0,0.5700064487187994,0.6470176150092287,0.33268604891596276,0.1580877081834028,1.0,1.0
clip_b16,vehicle,vehicle::gallery_images::20535_c170_02.jpg,llm_attribute_list,information_reduced,0.9150765126124045,3,49,5,-0.0255116113118129,0.6,vehicle::gallery_images::21216_c003_04.jpg,0.9405881239242174,0.9591836734693877,0.7949925440575243,0.8675582795789856,0.12008396855488024,-0.0255116113118129,0.0,0.3333333333333333
clip_b16,vehicle,vehicle::gallery_images::20535_c170_02.jpg,llm_distinctive_first,information_reduced,0.9077356754925997,1,49,5,0.04923523189843093,1.0,vehicle::train_images::05432_c163_04.jpg,0.8585004435941688,1.0,0.5900715126756397,0.7473014232403267,0.31766416281695997,0.04923523189843093,1.0,1.0
clip_b16,vehicle,vehicle::gallery_images::20877_c110_00.jpg,llm_attribute_list,information_reduced,0.9233834508873473,1,49,5,0.022966153048308846,1.0,vehicle::query_images::20204_c041_01.jpg,0.9004172978390385,1.0,0.8053581147299975,0.8753910229830492,0.11802533615734978,0.022966153048308846,1.0,1.0
clip_b16,vehicle,vehicle::gallery_images::20877_c110_00.jpg,llm_distinctive_first,information_reduced,0.8658181447563899,1,49,5,0.12256060663431367,1.0,vehicle::gallery_images::20559_c170_01.jpg,0.7466190963824855,1.0,0.5670974187936717,0.6888237911419116,0.29872072596271815,0.11919904837390438,1.0,1.0
clip_b16,vehicle,vehicle::gallery_images::20159_c003_00.jpg,llm_attribute_list,information_reduced,0.9273964408009198,1,49,5,0.016938075288297383,1.0,vehicle::train_images::04455_c078_00.jpg,0.9104583655126224,1.0,0.7872608097579639,0.8692664398571397,0.1401356310429559,0.016938075288297383,1.0,1.0
clip_b16,vehicle,vehicle::gallery_images::20159_c003_00.jpg,llm_distinctive_first,information_reduced,0.8420645637880388,1,49,5,0.04827765802100137,1.0,vehicle::train_images::04455_c078_00.jpg,0.7937869057670375,1.0,0.6647996605540405,0.7486016626628018,0.17726490323399835,0.04827765802100137,1.0,1.0
clip_b16,vehicle,vehicle::gallery_images::21199_c014_04.jpg,llm_attribute_list,information_reduced,0.9461355525612122,1,49,5,0.06367685965186742,1.0,vehicle::train_images::10529_c003_02.jpg,0.8824586929093448,1.0,0.7910324011635096,0.871860022233745,0.1551031513977026,0.06367685965186742,1.0,1.0
clip_b16,vehicle,vehicle::gallery_images::21199_c014_04.jpg,llm_distinctive_first,information_reduced,0.8899485693320675,1,49,5,0.10228981112548707,1.0,vehicle::train_images::05685_c100_04.jpg,0.8520198538787663,1.0,0.6943042608331498,0.778444434787305,0.19564430849891767,0.03792871545330112,1.0,1.0
clip_b16,vehicle,vehicle::gallery_images::20762_c156_00.jpg,llm_attribute_list,information_reduced,0.9364522614627542,1,49,5,0.08385804544933917,1.0,vehicle::train_images::13946_c012_04.jpg,0.852594216013415,1.0,0.7550237863492449,0.8299832158635152,0.18142847511350924,0.08385804544933917,1.0,1.0
clip_b16,vehicle,vehicle::gallery_images::20762_c156_00.jpg,llm_distinctive_first,information_reduced,0.8824108583789655,1,49,5,0.17044246347937853,1.0,vehicle::train_images::19666_c077_02.jpg,0.711968394899587,1.0,0.5587948508046943,0.6374659046420719,0.3236160075742712,0.17044246347937853,1.0,1.0
clip_b16,vehicle,vehicle::gallery_images::20070_c017_01.jpg,llm_attribute_list,information_reduced,0.8949607327536866,1,49,5,0.15187721104164187,1.0,vehicle::query_images::20039_c015_00.jpg,0.7430835217120447,1.0,0.6531865305262956,0.7221247091358715,0.241774202227391,0.15187721104164187,1.0,1.0
clip_b16,vehicle,vehicle::gallery_images::20070_c017_01.jpg,llm_distinctive_first,information_reduced,0.9084709734033417,1,49,5,0.31063940287960257,1.0,vehicle::train_images::09221_c139_03.jpg,0.5978315705237391,1.0,0.4210952897593621,0.5608511333790245,0.4873756836439796,0.31063940287960257,1.0,1.0
clip_b16,vehicle,vehicle::gallery_images::21216_c003_04.jpg,llm_attribute_list,information_reduced,0.9377029376110216,2,49,5,-0.005171724651465093,0.8,vehicle::gallery_images::20535_c170_02.jpg,0.9428746622624867,0.9795918367346939,0.7656623187055618,0.8811090305107808,0.17204061890545985,-0.005171724651465093,0.0,0.5
clip_b16,vehicle,vehicle::gallery_images::21216_c003_04.jpg,llm_distinctive_first,information_reduced,0.766143362669991,3,49,5,-0.08989530817714697,0.8,vehicle::gallery_images::20535_c170_02.jpg,0.8560386708471379,0.9591836734693877,0.5687974871455761,0.7230619748193418,0.19734587552441485,-0.08989530817714697,0.0,0.3333333333333333
clip_b16,vehicle,vehicle::gallery_images::20559_c170_01.jpg,llm_attribute_list,information_reduced,0.951381595148962,1,49,5,0.11915227616118795,1.0,vehicle::gallery_images::20877_c110_00.jpg,0.8322293189877741,1.0,0.6677186293005544,0.7886055173071757,0.28366296584840767,0.11915227616118795,1.0,1.0
clip_b16,vehicle,vehicle::gallery_images::20559_c170_01.jpg,llm_distinctive_first,information_reduced,0.9363959462819851,1,49,5,0.19958949433221185,1.0,vehicle::gallery_images::20877_c110_00.jpg,0.7368064519497732,1.0,0.5744944863970857,0.7051566493579168,0.3619014598848994,0.19958949433221185,1.0,1.0
clip_b16,vehicle,vehicle::gallery_images::20401_c023_03.jpg,llm_attribute_list,information_reduced,0.9240502771212133,1,49,5,0.31964303597493915,1.0,vehicle::train_images::03678_c014_03.jpg,0.6044072411462742,1.0,0.47016310283091556,0.584295440293702,0.4538871742902978,0.31964303597493915,1.0,1.0
clip_b16,vehicle,vehicle::gallery_images::20401_c023_03.jpg,llm_distinctive_first,information_reduced,0.8493898796873313,1,49,5,0.31005220006605516,1.0,vehicle::train_images::07345_c110_03.jpg,0.5530337250849984,1.0,0.3334533578040465,0.4966425516612139,0.5159365218832848,0.2963561546023329,1.0,1.0
clip_b16,face,face::train::170623.jpg,llm_attribute_list,information_reduced,0.9039702004973978,8,49,5,0.003991607764406324,1.0,face::train::149220.jpg,0.9340979505348194,0.8571428571428571,0.8771753605404603,0.9219525372267537,0.026794839956937544,-0.03012775003742152,0.0,0.125
clip_b16,face,face::train::170623.jpg,llm_distinctive_first,information_reduced,0.9207834261897409,2,49,5,-0.0037898755987361143,0.8,face::train::032580.jpg,0.924573301788477,0.9795918367346939,0.8736730954805125,0.9055427421173972,0.04711033070922832,-0.0037898755987361143,0.0,0.5
clip_b16,face,face::train::081413.jpg,llm_attribute_list,information_reduced,0.9193920725506877,13,49,5,-0.004964647800006605,0.6,face::train::032580.jpg,0.9446643142985157,0.7551020408163265,0.9040293331350451,0.9329028842675263,0.01536273941564259,-0.02527224174782805,0.0,0.07692307692307693
clip_b16,face,face::train::081413.jpg,llm_distinctive_first,information_reduced,0.8660223674525931,4,49,5,-0.019631471860919847,0.6,face::train::157804.jpg,0.8856538393135129,0.9387755102040817,0.81912154947058,0.8652418923649392,0.046900817982013066,-0.019631471860919847,0.0,0.25
clip_b16,face,face::train::137722.jpg,llm_attribute_list,information_reduced,0.9012418629788564,3,49,5,-0.003895938275754962,0.8,face::train::053065.jpg,0.9051378012546114,0.9591836734693877,0.8597620526482541,0.8987160132836107,0.04147981033060233,-0.003895938275754962,0.0,0.3333333333333333
clip_b16,face,face::train::137722.jpg,llm_distinctive_first,information_reduced,0.7881591541657725,1,49,5,0.07117488774694147,1.0,face::train::071174.jpg,0.7169842664188311,1.0,0.6597836477581013,0.7011550824791456,0.12837550640767126,0.07117488774694147,1.0,1.0
clip_b16,face,face::train::071174.jpg,llm_attribute_list,information_reduced,0.9103369699164414,3,49,5,0.01870385310181999,1.0,face::train::123459.jpg,0.9178232045789355,0.9591836734693877,0.8745250057204628,0.9088481701306517,0.03581196419597865,-0.007486234662494096,0.0,0.3333333333333333
clip_b16,face,face::train::071174.jpg,llm_distinctive_first,information_reduced,0.7845523489677392,1,49,5,0.0067146950656192805,1.0,face::train::137722.jpg,0.7839135516387842,1.0,0.7127972558029024,0.7559650567904974,0.07175509316483675,0.0006387973289549986,1.0,1.0
clip_b16,face,face::train::166091.jpg,llm_attribute_list,information_reduced,0.8803119678842573,25,49,5,-0.0021385673497358315,0.8,face::train::001042.jpg,0.9249158976438255,0.5102040816326531,0.8795566573503403,0.909418638589237,0.0007553105339169752,-0.044603929759568284,0.0,0.04
clip_b16,face,face::train::166091.jpg,llm_distinctive_first,information_reduced,0.8447085618053218,35,49,5,-0.0362915839202288,0.6,face::train::032580.jpg,0.9100028090120987,0.30612244897959184,0.855968112246852,0.9005235365088571,-0.011259550441530153,-0.0652942472067769,0.0,0.02857142857142857
clip_b16,face,face::train::157804.jpg,llm_attribute_list,information_reduced,0.9210497665664449,6,49,5,-0.00704146594822308,0.8,face::train::001042.jpg,0.9391531032879114,0.8979591836734694,0.8970443477446061,0.9254139691366665,0.02400541882183882,-0.018103336721466468,0.0,0.16666666666666666
clip_b16,face,face::train::157804.jpg,llm_distinctive_first,information_reduced,0.9299736523241933,1,49,5,0.017585764507159096,1.0,face::train::141457.jpg,0.9123878878170342,1.0,0.8499693028650834,0.901185276094889,0.08000434945910984,0.017585764507159096,1.0,1.0
clip_b16,face,face::train::091980.jpg,llm_attribute_list,information_reduced,0.9193675154759346,2,49,5,0.009277851608788024,1.0,face::train::001042.jpg,0.9358754295787406,0.9795918367346939,0.8909550584412014,0.913182588764569,0.028412457034733274,-0.016507914102805943,0.0,0.5
clip_b16,face,face::train::091980.jpg,llm_distinctive_first,information_reduced,0.9365926235413431,1,49,5,0.040893063804178564,1.0,face::train::008309.jpg,0.9061854348325438,1.0,0.8560629866935797,0.8901414918238935,0.08052963684776338,0.030407188708799326,1.0,1.0
clip_b16,face,face::train::121281.jpg,llm_attribute_list,information_reduced,0.9239686519659441,6,49,5,0.012918604403048484,1.0,face::train::149220.jpg,0.9416146743055285,0.8979591836734694,0.8905614644720956,0.927288236319624,0.03340718749384852,-0.017646022339584344,0.0,0.16666666666666666
clip_b16,face,face::train::121281.jpg,llm_distinctive_first,information_reduced,0.8721041802651772,10,49,5,-0.007273922863155535,0.6,face::train::091980.jpg,0.8916398771769081,0.8163265306122449,0.8492513440792855,0.8825631346606271,0.022852836185891734,-0.01953569691173085,0.0,0.1
clip_b16,face,face::train::114832.jpg,llm_attribute_list,information_reduced,0.915370599935871,8,49,5,0.002736278171329598,1.0,face::train::149220.jpg,0.9388632489191318,0.8571428571428571,0.8863325934025488,0.9240746034566617,0.029038006533322225,-0.023492648983260755,0.0,0.125
clip_b16,face,face::train::114832.jpg,llm_distinctive_first,information_reduced,0.8677267656284415,3,49,5,-0.014641680710040239,0.8,face::train::032580.jpg,0.8823684463384818,0.9591836734693877,0.8101233697129191,0.861653969570733,0.05760339591552244,-0.014641680710040239,0.0,0.3333333333333333
clip_b16,face,face::train::090489.jpg,llm_attribute_list,information_reduced,0.8903916547948747,19,49,5,-0.0032019945402336214,0.8,face::train::123459.jpg,0.9290542425129533,0.6326530612244898,0.8843688186490655,0.9120855601110331,0.0060228361458092294,-0.03866258771807862,0.0,0.05263157894736842
clip_b16,face,face::train::090489.jpg,llm_distinctive_first,information_reduced,0.8497550979444727,3,49,5,-0.004922678101666245,0.8,face::train::101485.jpg,0.8546777760461389,0.9591836734693877,0.8112902042302256,0.8475776157516947,0.038464893714247106,-0.004922678101666245,0.0,0.3333333333333333
clip_b16,face,face::train::008309.jpg,llm_attribute_list,information_reduced,0.9164683587949833,9,49,5,-0.02214243957093065,0.6,face::train::032580.jpg,0.938610798365914,0.8367346938775511,0.8962022435166208,0.9262514236011373,0.02026611527836253,-0.02214243957093065,0.0,0.1111111111111111
clip_b16,face,face::train::008309.jpg,llm_distinctive_first,information_reduced,0.7695455718146332,14,49,5,-0.030145245512220975,0.0,face::train::157804.jpg,0.8095960114600397,0.7346938775510204,0.7489518756190796,0.7934892143749955,0.020593696195553624,-0.040050439645406444,0.0,0.07142857142857142
clip_b16,face,face::train::129132.jpg,llm_attribute_list,information_reduced,0.89916768883401,21,49,5,-0.008376375006599712,0.6,face::test::184003.jpg,0.9302731912946218,0.5918367346938775,0.8926186652916435,0.917385998764199,0.006549023542366528,-0.031105502460611834,0.0,0.047619047619047616
clip_b16,face,face::train::129132.jpg,llm_distinctive_first,information_reduced,0.8146533948465131,11,49,5,-0.01806247376884762,0.6,face::train::157804.jpg,0.8369906660308966,0.7959183673469388,0.7915137872977617,0.830743954042087,0.02313960754875144,-0.022337271184383445,0.0,0.09090909090909091
clip_b16,face,face::train::053065.jpg,llm_attribute_list,information_reduced,0.929908687653493,4,49,5,-0.0025820784656583884,0.8,face::train::149220.jpg,0.9426452392314677,0.9387755102040817,0.8875819594644919,0.9285671901677037,0.04232672818900107,-0.012736551577974708,0.0,0.25
clip_b16,face,face::train::053065.jpg,llm_distinctive_first,information_reduced,0.9010007691492554,4,49,5,-0.013856373004909717,0.8,face::train::001042.jpg,0.9148571421541651,0.9387755102040817,0.8653193225471523,0.8997877778995867,0.03568144660210315,-0.013856373004909717,0.0,0.25
clip_b16,face,face::train::143554.jpg,llm_attribute_list,information_reduced,0.804508739098245,50,49,5,-0.07026674636656915,0.0,face::train::073196.jpg,0.887077384706315,0.0,0.8531458152529953,0.8831245944363628,-0.048637076154750214,-0.08256864560806998,0.0,0.02
clip_b16,face,face::train::143554.jpg,llm_distinctive_first,information_reduced,0.6892291713303026,5,49,5,-0.002027440895066124,0.8,face::train::082954.jpg,0.7100625586800736,0.9183673469387755,0.6392307689969445,0.6919227508394815,0.04999840233335806,-0.020833387349771026,0.0,0.2
clip_b16,face,face::train::178182.jpg,llm_attribute_list,information_reduced,0.8827680544804521,19,49,5,-0.020834763670772416,0.8,face::train::123459.jpg,0.93245084987942,0.6326530612244898,0.8667183257369098,0.9205783726814367,0.01604972874354238,-0.049682795398967805,0.0,0.05263157894736842
clip_b16,face,face::train::178182.jpg,llm_distinctive_first,information_reduced,0.810393338396042,21,49,5,-0.04389892654334282,0.6,face::train::001042.jpg,0.8751729994951967,0.5918367346938775,0.8027844405668288,0.8669101010458444,0.007608897829213146,-0.06477966109915467,0.0,0.047619047619047616
clip_b16,face,face::train::063618.jpg,llm_attribute_list,information_reduced,0.943851993874165,1,49,5,0.02601935359791252,1.0,face::train::149220.jpg,0.9318326574861622,1.0,0.9032807547208309,0.9223995319131967,0.04057123915333405,0.012019336388002788,1.0,1.0
clip_b16,face,face::train::063618.jpg,llm_distinctive_first,information_reduced,0.9267127842861845,2,49,5,-0.007494045483693035,0.8,face::train::141457.jpg,0.9342068297698776,0.9795918367346939,0.8779382334733371,0.9195088243618966,0.04877455081284743,-0.007494045483693035,0.0,0.5
clip_b16,face,face::train::089537.jpg,llm_attribute_list,information_reduced,0.9109215192961118,6,49,5,0.003921763890625929,1.0,face::train::073196.jpg,0.9235587955483457,0.8979591836734694,0.8873507399806102,0.9180361294629675,0.023570779315501555,-0.012637276252233987,0.0,0.16666666666666666
clip_b16,face,face::train::089537.jpg,llm_distinctive_first,information_reduced,0.8472702930237623,21,49,5,-0.017604745497823426,0.6,face::train::101485.jpg,0.8901736078947394,0.5918367346938775,0.8416722940603988,0.8792177708009293,0.0055979989633635485,-0.042903314870977094,0.0,0.047619047619047616
clip_b16,face,face::train::065762.jpg,llm_attribute_list,information_reduced,0.956552724721618,1,49,5,0.02535385669957757,1.0,face::train::073196.jpg,0.9476623450531124,1.0,0.8991451360917919,0.931814394039669,0.05740758862982609,0.008890379668505588,1.0,1.0
clip_b16,face,face::train::065762.jpg,llm_distinctive_first,information_reduced,0.8528098009507326,36,49,5,-0.03607660893654674,0.0,face::test::196611.jpg,0.9078317084430545,0.2857142857142857,0.8706118679028549,0.9042191005960465,-0.017802066952122386,-0.05502190749232194,0.0,0.027777777777777776
clip_b16,face,face::train::168471.jpg,llm_attribute_list,information_reduced,0.9094824851128172,14,49,5,0.001489027966448786,1.0,face::train::001042.jpg,0.9356072489328209,0.7346938775510204,0.8974317502057241,0.9231597328359916,0.012050734907093075,-0.026124763820003727,0.0,0.07142857142857142
clip_b16,face,face::train::168471.jpg,llm_distinctive_first,information_reduced,0.8327852249687817,23,49,5,-0.034702227751557846,0.6,face::train::091980.jpg,0.8891638764019233,0.5510204081632653,0.8321239383925644,0.8670861604538589,0.0006612865762173348,-0.05637865143314158,0.0,0.043478260869565216
clip_b16,face,face::train::101485.jpg,llm_attribute_list,information_reduced,0.9136566642554244,3,49,5,0.0127423572774924,1.0,face::train::001042.jpg,0.9190676672056004,0.9591836734693877,0.8835703857714942,0.9122393866081224,0.030086278483930196,-0.005411002950176047,0.0,0.3333333333333333
clip_b16,face,face::train::101485.jpg,llm_distinctive_first,information_reduced,0.8027693234219315,2,49,5,0.002456822013994109,1.0,face::train::091980.jpg,0.813174304572967,0.9795918367346939,0.7256039022955392,0.7878994441453593,0.07716542112639235,-0.010404981151035497,0.0,0.5
clip_b16,face,face::train::023736.jpg,llm_attribute_list,information_reduced,0.8935825481981724,32,49,5,-0.030594787928150402,0.2,face::test::184003.jpg,0.9374924186717657,0.3673469387755102,0.9004413951408581,0.9271298335660442,-0.006858846942685681,-0.04390987047359329,0.0,0.03125
clip_b16,face,face::train::023736.jpg,llm_distinctive_first,information_reduced,0.8325170092781138,15,49,5,-0.023133288585605483,0.6,face::train::008309.jpg,0.887585080841115,0.7142857142857143,0.8076855347502037,0.8626534890867211,0.024831474527910125,-0.0550680715630012,0.0,0.06666666666666667
clip_b16,face,face::train::063708.jpg,llm_attribute_list,information_reduced,0.8981498581870184,19,49,5,-0.018636822424124344,0.8,face::test::184003.jpg,0.9334471467717754,0.6326530612244898,0.8923349982227793,0.9244355781517247,0.0058148599642391385,-0.035297288584757,0.0,0.05263157894736842
clip_b16,face,face::train::063708.jpg,llm_distinctive_first,information_reduced,0.8026350518117317,49,49,5,-0.04353388038361328,0.0,face::train::141457.jpg,0.8750173772575048,0.02040816326530612,0.8390543146253217,0.8635459601634976,-0.03641926281358998,-0.07238232544577317,0.0,0.02040816326530612
clip_b16,face,face::train::138886.jpg,llm_attribute_list,information_reduced,0.8746504029229767,40,49,5,-0.03746710421227051,0.0,face::train::001042.jpg,0.9313370099648538,0.20408163265306123,0.8930397229905691,0.9191029219533683,-0.01838932006759242,-0.05668660704187711,0.0,0.025
clip_b16,face,face::train::138886.jpg,llm_distinctive_first,information_reduced,0.8230726248279623,28,49,5,-0.03770179128256623,0.0,face::train::178129.jpg,0.8626929521445311,0.4489795918367347,0.8252759017394438,0.857548315723681,-0.0022032769114814776,-0.03962032731656884,0.0,0.03571428571428571
clip_b16,face,face::train::149220.jpg,llm_attribute_list,information_reduced,0.9414986650125978,1,49,5,0.02286580185317144,1.0,face::train::065762.jpg,0.9204253802759056,1.0,0.8669996374730117,0.91713747740937,0.07449902753958615,0.021073284736692233,1.0,1.0
clip_b16,face,face::train::149220.jpg,llm_distinctive_first,information_reduced,0.7642773340842743,27,49,5,-0.025326065511322327,0.6,face::train::137722.jpg,0.8098539218566985,0.46938775510204084,0.7662359535716395,0.8016953111111903,-0.0019586194873651985,-0.045576587772424126,0.0,0.037037037037037035
clip_b16,face,face::train::060309.jpg,llm_attribute_list,information_reduced,0.916720564547931,10,49,5,-0.023956698670901,0.2,face::test::185812.jpg,0.940677263218832,0.8163265306122449,0.8930123226913231,0.9246443501911976,0.023708241856607914,-0.023956698670901,0.0,0.1
clip_b16,face,face::train::060309.jpg,llm_distinctive_first,information_reduced,0.6989134808282156,37,49,5,-0.028697729073426936,0.4,face::train::157804.jpg,0.7603466429234461,0.2653061224489796,0.7186987788172338,0.7527456063034159,-0.01978529798901818,-0.06143316209523053,0.0,0.02702702702702703
clip_b16,face,face::train::025692.jpg,llm_attribute_list,information_reduced,0.8617287600908207,38,49,5,-0.040980298247468516,0.4,face::train::149220.jpg,0.926336274668333,0.24489795918367346,0.8753481034549551,0.9173777020667259,-0.013619343364134395,-0.06460751457751235,0.0,0.02631578947368421
clip_b16,face,face::train::025692.jpg,llm_distinctive_first,information_reduced,0.8761172723384448,9,49,5,-0.008216701486901234,0.2,face::train::001042.jpg,0.9049924679667494,0.8367346938775511,0.8454565238830588,0.8849889640069064,0.030660748455386022,-0.02887519562830454,0.0,0.1111111111111111
clip_b16,face,face::train::060555.jpg,llm_attribute_list,information_reduced,0.8960458061133323,25,49,5,-0.02181867342811583,0.4,face::test::184003.jpg,0.9313585288887632,0.5102040816326531,0.8955098108147158,0.9201135736492346,0.0005359952986164762,-0.03531272277543096,0.0,0.04
clip_b16,face,face::train::060555.jpg,llm_distinctive_first,information_reduced,0.8511654553013294,22,49,5,-0.018370854563050765,0.4,face::train::157804.jpg,0.9034854557374021,0.5714285714285714,0.848594137451127,0.8834030915695054,0.0025713178502023704,-0.05232000043607277,0.0,0.045454545454545456
clip_b16,face,face::train::150659.jpg,llm_attribute_list,information_reduced,0.9204826661169662,4,49,5,0.025898542898898147,1.0,face::test::184003.jpg,0.9320178492205853,0.9387755102040817,0.8830024285286904,0.9180809534344108,0.03748023758827579,-0.011535183103619118,0.0,0.25
clip_b16,face,face::train::150659.jpg,llm_distinctive_first,information_reduced,0.8100829475076684,7,49,5,-0.002759732906216561,0.8,face::train::101485.jpg,0.8323035546561918,0.8775510204081632,0.7669773541981854,0.820443257241237,0.04310559330948305,-0.022220607148523364,0.0,0.14285714285714285
clip_b16,face,face::train::026996.jpg,llm_attribute_list,information_reduced,0.8937071495860254,26,49,5,-0.01782126388789429,0.0,face::test::184003.jpg,0.940954044665995,0.4897959183673469,0.8952920370006379,0.9265837740075561,-0.0015848874146124903,-0.0472468950799696,0.0,0.038461538461538464
clip_b16,face,face::train::026996.jpg,llm_distinctive_first,information_reduced,0.7786419800489192,20,49,5,-0.011873215776852075,0.6,face::train::157804.jpg,0.8190836020682619,0.6122448979591837,0.7726023003948694,0.7994126451235921,0.006039679654049723,-0.04044162201934276,0.0,0.05
clip_b16,face,face::train::082954.jpg,llm_attribute_list,information_reduced,0.8824293898587177,9,49,5,0.004307922788231222,1.0,face::train::065762.jpg,0.8984185613912035,0.8367346938775511,0.8672270616890558,0.8919432842768985,0.015202328169661827,-0.015989171532485802,0.0,0.1111111111111111
clip_b16,face,face::train::082954.jpg,llm_distinctive_first,information_reduced,0.8816360412254488,1,49,5,0.03965882014883493,1.0,face::train::091980.jpg,0.8530604083623083,1.0,0.7827427565973312,0.83118125837659,0.09889328462811764,0.028575632863140465,1.0,1.0
clip_b16,face,face::train::042973.jpg,llm_attribute_list,information_reduced,0.8931015735459954,8,49,5,0.022647115411768448,1.0,face::train::149220.jpg,0.921567071652834,0.8571428571428571,0.8596150676126961,0.9044348897870242,0.03348650593329927,-0.028465498106838627,0.0,0.125
clip_b16,face,face::train::042973.jpg,llm_distinctive_first,information_reduced,0.8259707566689696,30,49,5,-0.02796597809047674,0.4,face::train::091980.jpg,0.8909262893933425,0.40816326530612246,0.8344501639199011,0.8703268559762195,-0.008479407250931548,-0.06495553272437293,0.0,0.03333333333333333
clip_b16,face,face::train::092618.jpg,llm_attribute_list,information_reduced,0.903062996668358,13,49,5,-0.004048833617450565,0.8,face::test::183801.jpg,0.9234602468301412,0.7551020408163265,0.8935270250776344,0.9158597640408128,0.009535971590723613,-0.020397250161783176,0.0,0.07692307692307693
clip_b16,face,face::train::092618.jpg,llm_distinctive_first,information_reduced,0.8251582049801505,14,49,5,0.0018462848878046945,1.0,face::train::032580.jpg,0.8511278271367995,0.7346938775510204,0.8116932578041771,0.8456196826984301,0.013464947175973352,-0.025969622156648997,0.0,0.07142857142857142
clip_b16,face,face::train::073196.jpg,llm_attribute_list,information_reduced,0.9482444307094903,1,49,5,0.011046517853114723,1.0,face::test::184003.jpg,0.9371979128563755,1.0,0.8931756248153884,0.9240542902055148,0.0550688058941019,0.011046517853114723,1.0,1.0
clip_b16,face,face::train::073196.jpg,llm_distinctive_first,information_reduced,0.821630385731925,33,49,5,-0.034139421405193215,0.2,face::train::157804.jpg,0.880068751287948,0.3469387755102041,0.827348433538541,0.8645596442866285,-0.005718047806616,-0.058438365556023,0.0,0.030303030303030304
clip_b16,face,face::train::178129.jpg,llm_attribute_list,information_reduced,0.9021972620287121,15,49,5,-0.00327428332748092,0.4,face::train::001042.jpg,0.9292370744703372,0.7142857142857143,0.8893314113102779,0.9140277061109238,0.012865850718434158,-0.027039812441625122,0.0,0.06666666666666667
clip_b16,face,face::train::178129.jpg,llm_distinctive_first,information_reduced,0.7963866666398263,10,49,5,-0.005000368255094756,0.6,face::test::183801.jpg,0.8196029232410557,0.8163265306122449,0.7705625871574212,0.8101961510257871,0.02582407948240506,-0.02321625660122939,0.0,0.1
clip_b16,face,face::train::123459.jpg,llm_attribute_list,information_reduced,0.9525638890837692,1,49,5,0.016284075288738875,1.0,face::test::185812.jpg,0.9362798137950303,1.0,0.878379440274196,0.9138478120206212,0.0741844488095732,0.016284075288738875,1.0,1.0
clip_b16,face,face::train::123459.jpg,llm_distinctive_first,information_reduced,0.8489203593448822,9,49,5,-0.028382983662470163,0.8,face::train::032580.jpg,0.8773033430073524,0.8367346938775511,0.8288522798086606,0.8670813178663754,0.020068079536221584,-0.028382983662470163,0.0,0.1111111111111111
clip_b16,face,face::train::088914.jpg,llm_attribute_list,information_reduced,0.8880631743732019,6,49,5,-0.004465402888383707,0.8,face::train::170623.jpg,0.8984818892046444,0.8979591836734694,0.8527067644989188,0.8925583657394095,0.03535640987428312,-0.010418714831442522,0.0,0.16666666666666666
clip_b16,face,face::train::088914.jpg,llm_distinctive_first,information_reduced,0.7500992831093682,2,49,5,0.003033122882328265,1.0,face::train::157804.jpg,0.7543874713441596,0.9795918367346939,0.7009804136744304,0.7468631843497112,0.04911886943493782,-0.004288188234791379,0.0,0.5
clip_b16,face,face::train::141457.jpg,llm_attribute_list,information_reduced,0.9024672844413401,3,49,5,0.00675448057467376,1.0,face::test::184003.jpg,0.9067605451328068,0.9591836734693877,0.8739791185790202,0.9006365608086568,0.028488165862319836,-0.004293260691466738,0.0,0.3333333333333333
clip_b16,face,face::train::141457.jpg,llm_distinctive_first,information_reduced,0.7626054953710726,1,49,5,0.009146134729735689,1.0,face::train::157804.jpg,0.7534593606413369,1.0,0.7034634416009216,0.7420057254051791,0.059142053770151026,0.009146134729735689,1.0,1.0
clip_b16,face,face::train::001042.jpg,llm_attribute_list,information_reduced,0.9186630769059169,1,49,5,0.024166022016212207,1.0,face::train::149220.jpg,0.895494541756485,1.0,0.8684703102902496,0.8906126498444162,0.050192766615667295,0.023168535149431846,1.0,1.0
clip_b16,face,face::train::001042.jpg,llm_distinctive_first,information_reduced,0.8846747319689846,2,49,5,0.017214840870092396,1.0,face::train::032580.jpg,0.8891449910100129,0.9795918367346939,0.8442164986488061,0.8745966197965054,0.040458233320178505,-0.004470259041028268,0.0,0.5
clip_b16,face,face::train::032580.jpg,llm_attribute_list,information_reduced,0.9539836863330168,1,49,5,0.02014287032538087,1.0,face::train::149220.jpg,0.9338408160076359,1.0,0.8942561906394864,0.9271716998724167,0.05972749569353042,0.02014287032538087,1.0,1.0
clip_b16,face,face::train::032580.jpg,llm_distinctive_first,information_reduced,0.916619015524784,1,49,5,0.0021459697450703086,1.0,face::train::141457.jpg,0.9144730457797137,1.0,0.8405527492536224,0.907136074967386,0.07606626627116153,0.0021459697450703086,1.0,1.0
clip_b16,face,face::train::109762.jpg,llm_attribute_list,information_reduced,0.9292965469126517,4,49,5,0.000893028157221476,1.0,face::train::032580.jpg,0.9398729003228119,0.9387755102040817,0.9011194871621189,0.9297514859229248,0.028177059750532862,-0.010576353410160166,0.0,0.25
clip_b16,face,face::train::109762.jpg,llm_distinctive_first,information_reduced,0.8892406600381039,5,49,5,-0.02901175392403943,0.8,face::train::141457.jpg,0.9182524139621433,0.9183673469387755,0.8445388811214513,0.900447970355815,0.04470177891665261,-0.02901175392403943,0.0,0.2
clip_b16,face,face::test::189457.jpg,llm_attribute_list,information_reduced,0.8877118668464267,9,49,5,-0.013140766373208157,0.6,face::train::032580.jpg,0.9028378422880399,0.8367346938775511,0.863247578930399,0.8990344988002906,0.024464287916027616,-0.015125975441613204,0.0,0.1111111111111111
clip_b16,face,face::test::189457.jpg,llm_distinctive_first,information_reduced,0.8635115116343037,8,49,5,-0.00443609247058574,0.6,face::train::032580.jpg,0.8832231954562328,0.8571428571428571,0.8233023562915758,0.877072964512985,0.040209155342727954,-0.019711683821929116,0.0,0.125
clip_b16,face,face::test::186223.jpg,llm_attribute_list,information_reduced,0.8864813407904775,25,49,5,-0.018680839795099158,0.2,face::train::123459.jpg,0.9301825433048121,0.5102040816326531,0.8840675647604028,0.9184962220147589,0.0024137760300746436,-0.043701202514334625,0.0,0.04
clip_b16,face,face::test::186223.jpg,llm_distinctive_first,information_reduced,0.7482188582587911,19,49,5,-0.03518866858587777,0.6,face::train::091980.jpg,0.8091521854650605,0.6326530612244898,0.7291924379769059,0.7889484976479846,0.01902642028188517,-0.06093332720626943,0.0,0.05263157894736842
clip_b16,face,face::test::185812.jpg,llm_attribute_list,information_reduced,0.9563538210368147,1,49,5,0.02015442731560635,1.0,face::train::123459.jpg,0.9361993937212083,1.0,0.8791295261594154,0.9221158642641977,0.07722429487739924,0.02015442731560635,1.0,1.0
clip_b16,face,face::test::185812.jpg,llm_distinctive_first,information_reduced,0.7807920717416857,11,49,5,-0.013173038077488486,0.6,face::train::170623.jpg,0.8105854458815501,0.7959183673469388,0.7611093610827827,0.7973073161683403,0.019682710658903035,-0.02979337413986438,0.0,0.09090909090909091
clip_b16,face,face::test::189858.jpg,llm_attribute_list,information_reduced,0.8897035009823988,24,49,5,-0.017838511662126244,0.4,face::train::001042.jpg,0.9320629098373306,0.5306122448979592,0.8896536768382437,0.9178600439951691,4.9824144155108385e-05,-0.042359408854931835,0.0,0.041666666666666664
clip_b16,face,face::test::189858.jpg,llm_distinctive_first,information_reduced,0.7992402051866629,16,49,5,-0.02056764791760679,0.4,face::train::091980.jpg,0.8537919923002107,0.6938775510204082,0.7926515938006345,0.8255731901448885,0.006588611386028398,-0.0545517871135478,0.0,0.0625
clip_b16,face,face::test::183801.jpg,llm_attribute_list,information_reduced,0.9196476523125947,4,49,5,0.004706885815898398,1.0,face::train::149220.jpg,0.9308835221693743,0.9387755102040817,0.8879133676857711,0.921604548930641,0.031734284626823595,-0.011235869856779601,0.0,0.25
clip_b16,face,face::test::183801.jpg,llm_distinctive_first,information_reduced,0.7861938322220788,1,49,5,0.014087341642600504,1.0,face::train::149220.jpg,0.7832297562318662,1.0,0.739966428912554,0.7780068772398804,0.046227403309524795,0.0029640759902126446,1.0,1.0
clip_b16,face,face::test::188858.jpg,llm_attribute_list,information_reduced,0.9118816037051414,11,49,5,-0.010345582638111583,0.6,face::train::149220.jpg,0.9380175737392998,0.7959183673469388,0.8829219706419152,0.9292698761026383,0.02895963306322613,-0.026135970034158462,0.0,0.09090909090909091
clip_b16,face,face::test::188858.jpg,llm_distinctive_first,information_reduced,0.8762086494400894,4,49,5,0.008414319611959264,1.0,face::train::001042.jpg,0.8882305510403277,0.9387755102040817,0.831821002736686,0.8773292212551116,0.04438764670340334,-0.012021901600238305,0.0,0.25
clip_b16,face,face::test::196777.jpg,llm_attribute_list,information_reduced,0.9141779418689198,8,49,5,-0.020943168099417542,0.4,face::train::065762.jpg,0.9362430038630756,0.8571428571428571,0.8940404508909038,0.9296241341462329,0.02013749097801598,-0.02206506199415581,0.0,0.125
clip_b16,face,face::test::196777.jpg,llm_distinctive_first,information_reduced,0.8954366652697199,5,49,5,-0.014926201411124329,0.6,face::train::092618.jpg,0.9103628666808442,0.9183673469387755,0.8522858906275484,0.9042754640804035,0.04315077464217143,-0.014926201411124329,0.0,0.2
clip_b16,face,face::test::184003.jpg,llm_attribute_list,information_reduced,0.9511534706874929,1,49,5,0.007283699375194352,1.0,face::train::073196.jpg,0.9438697713122985,1.0,0.8973391456380106,0.9301315582638366,0.05381432504948225,0.007283699375194352,1.0,1.0
clip_b16,face,face::test::184003.jpg,llm_distinctive_first,information_reduced,0.8678792923704043,13,49,5,0.011359737229571176,1.0,face::test::185812.jpg,0.9135565353583884,0.7551020408163265,0.8429138903943056,0.8958108979802757,0.024965401976098645,-0.045677242987984146,0.0,0.07692307692307693
clip_b16,face,face::test::201409.jpg,llm_attribute_list,information_reduced,0.9184137640609198,11,49,5,-0.004225331632217166,0.8,face::train::149220.jpg,0.9462833567874055,0.7959183673469388,0.893902204673746,0.9315788876254679,0.024511559387173754,-0.027869592726485704,0.0,0.09090909090909091
clip_b16,face,face::test::201409.jpg,llm_distinctive_first,information_reduced,0.9147322727030929,3,49,5,-0.02426910818874639,0.8,face::train::032580.jpg,0.9390013808918393,0.9591836734693877,0.8717430294085834,0.908315112202645,0.04298924329450948,-0.02426910818874639,0.0,0.3333333333333333
clip_b16,face,face::test::196611.jpg,llm_attribute_list,information_reduced,0.9015970704790951,7,49,5,-0.004297368971583282,0.8,face::train::001042.jpg,0.9148975181343664,0.8775510204081632,0.876941348832227,0.9088270914389139,0.024655721646868134,-0.013300447655271275,0.0,0.14285714285714285
clip_b16,face,face::test::196611.jpg,llm_distinctive_first,information_reduced,0.8653101120558424,5,49,5,-0.005546760808518014,0.8,face::train::091980.jpg,0.9000614711218616,0.9183673469387755,0.8060054081903087,0.8704081706345939,0.05930470386553366,-0.03475135906601923,0.0,0.2
clip_b16,person,person::train::00197_4.png,control_synonym,semantic_preserving,0.9973753602736245,1,49,5,0.20132680335259667,1.0,person::train::01742_4.jpg,0.7960485569210278,1.0,0.5971579401662251,0.727003279562512,0.40021742010739936,0.20132680335259667,1.0,1.0
clip_b16,person,person::train::00197_4.png,control_one_fact,semantic_changed,0.9359910434870671,1,49,5,0.11503047933348054,1.0,person::train::01742_4.jpg,0.8209605641535865,1.0,0.5874924110860427,0.7265048394817936,0.3484986324010244,0.11503047933348054,1.0,1.0
clip_b16,person,person::query::26685_1.jpg,control_synonym,semantic_preserving,0.8646210468293081,1,49,5,0.010725734941898768,1.0,person::train::12050_5.jpg,0.8538953118874093,1.0,0.696569094664953,0.8479834598327309,0.1680519521643551,0.010725734941898768,1.0,1.0
clip_b16,person,person::query::26685_1.jpg,control_one_fact,semantic_changed,0.8005042706316969,9,49,5,-0.045019619432128066,0.6,person::gallery::26789_1.jpg,0.884119885583046,0.8367346938775511,0.6956700411152104,0.8454403486883785,0.10483422951648658,-0.08361561495134906,0.0,0.1111111111111111
clip_b16,person,person::gallery::26474_5.jpg,control_synonym,semantic_preserving,0.961773054448217,1,49,5,0.14169788190113042,1.0,person::gallery::15194_3.png,0.8200751725470866,1.0,0.6435597974584485,0.7709205830883484,0.31821325698976854,0.14169788190113042,1.0,1.0
clip_b16,person,person::gallery::26474_5.jpg,control_one_fact,semantic_changed,0.9435782952604646,1,49,5,0.14014968166189545,1.0,person::gallery::15194_3.png,0.8034286135985691,1.0,0.6387959909736936,0.7632587850875203,0.304782304286771,0.14014968166189545,1.0,1.0
clip_b16,person,person::train::03736_1.jpg,control_synonym,semantic_preserving,0.9688989290739485,1,49,5,0.1209738555016433,1.0,person::train::02167_1.jpg,0.8479250735723052,1.0,0.6884710841865008,0.7910027698304315,0.28042784488744765,0.1209738555016433,1.0,1.0
clip_b16,person,person::train::03736_1.jpg,control_one_fact,semantic_changed,0.9532781374663172,1,49,5,0.11490792331738842,1.0,person::train::02167_1.jpg,0.8383702141489288,1.0,0.6950606444420524,0.7881252503625312,0.2582174930242648,0.11490792331738842,1.0,1.0
clip_b16,person,person::query::14604_1.png,control_one_fact,semantic_changed,0.9287620270729343,1,49,5,0.11330987627493372,1.0,person::train::08529_4.jpg,0.8154521507980006,1.0,0.6778434864384891,0.7810291091410464,0.2509185406344452,0.11330987627493372,1.0,1.0
clip_b16,vehicle,vehicle::train_images::19666_c077_02.jpg,control_synonym,semantic_preserving,0.8650118076307544,1,49,5,0.15691043854442988,1.0,vehicle::gallery_images::20762_c156_00.jpg,0.7081013690863245,1.0,0.5180920345461415,0.6520811701989797,0.34691977308461286,0.15691043854442988,1.0,1.0
clip_b16,vehicle,vehicle::train_images::19666_c077_02.jpg,control_one_fact,semantic_changed,0.8081743134520845,1,49,5,0.12840510751316647,1.0,vehicle::train_images::14387_c163_04.jpg,0.679769205938918,1.0,0.530936340062448,0.6569628158107307,0.2772379733896364,0.12840510751316647,1.0,1.0
clip_b16,vehicle,vehicle::query_images::20204_c041_01.jpg,control_synonym,semantic_preserving,0.8766295361072429,1,49,5,0.03671199941840375,1.0,vehicle::train_images::16253_c139_00.jpg,0.8399175366888392,1.0,0.7287240794265415,0.8209774747217391,0.14790545668070143,0.03671199941840375,1.0,1.0
clip_b16,vehicle,vehicle::query_images::20204_c041_01.jpg,control_one_fact,semantic_changed,0.8329044615742297,4,49,5,-0.019420765040481736,0.8,vehicle::gallery_images::21199_c014_04.jpg,0.8523252266147114,0.9387755102040817,0.7523206584387232,0.8354054869652308,0.0805838031355065,-0.019420765040481736,0.0,0.25
clip_b16,vehicle,vehicle::gallery_images::20591_c110_03.jpg,control_synonym,semantic_preserving,0.906584337036624,1,49,5,0.13595727265588775,1.0,vehicle::train_images::12849_c170_02.jpg,0.7807252329935145,1.0,0.658529718713747,0.764434485823522,0.248054618322877,0.12585910404310952,1.0,1.0
clip_b16,vehicle,vehicle::gallery_images::20591_c110_03.jpg,control_one_fact,semantic_changed,0.7970821999076101,1,49,5,0.08602107789389335,1.0,vehicle::train_images::07345_c110_03.jpg,0.7476741150578928,1.0,0.6150185594356814,0.6874944012492572,0.1820636404719287,0.04940808484971726,1.0,1.0
clip_b16,vehicle,vehicle::train_images::13184_c012_02.jpg,control_synonym,semantic_preserving,0.9279161437290504,1,49,5,0.06942713777686826,1.0,vehicle::train_images::05685_c100_04.jpg,0.8584890059521821,1.0,0.6540440356485699,0.7562705772275303,0.27387210808048046,0.06942713777686826,1.0,1.0
clip_b16,vehicle,vehicle::train_images::13184_c012_02.jpg,control_one_fact,semantic_changed,0.9055574463049386,1,49,5,0.08587055486137085,1.0,vehicle::train_images::05685_c100_04.jpg,0.8196868914435678,1.0,0.5949273570519793,0.7618066893048067,0.3106300892529593,0.08587055486137085,1.0,1.0
clip_b16,vehicle,vehicle::query_images::21022_c078_01.jpg,control_synonym,semantic_preserving,0.857430086485705,1,49,5,0.06038418939764001,1.0,vehicle::train_images::19520_c034_01.jpg,0.797045897088065,1.0,0.6854290550068965,0.7745410751613899,0.1720010314788084,0.06038418939764001,1.0,1.0
clip_b16,vehicle,vehicle::query_images::21022_c078_01.jpg,control_one_fact,semantic_changed,0.7906256431263652,1,49,5,0.05411771490656969,1.0,vehicle::query_images::20949_c003_01.jpg,0.7696814731736712,1.0,0.6666032614403814,0.7453991002337458,0.12402238168598378,0.02094416995269399,1.0,1.0
clip_b16,face,face::train::170623.jpg,control_synonym,semantic_preserving,0.8892108052059823,5,49,5,-0.027903294899903175,0.4,face::train::141457.jpg,0.9171141001058855,0.9183673469387755,0.8282935988885174,0.8974098208166535,0.06091720631746489,-0.027903294899903175,0.0,0.2
clip_b16,face,face::train::170623.jpg,control_one_fact,semantic_changed,0.897453671233657,5,49,5,-0.01927141752491246,0.4,face::train::141457.jpg,0.9167250887585695,0.9183673469387755,0.8327606045388917,0.9016337065462925,0.06469306669476538,-0.01927141752491246,0.0,0.2
clip_b16,face,face::test::189457.jpg,control_one_fact,semantic_changed,0.8596180389832073,16,49,5,-0.019002155708267243,0.2,face::train::032580.jpg,0.9010933449593732,0.6938775510204082,0.8191475773689972,0.8784438036854402,0.040470461614210085,-0.04147530597616589,0.0,0.0625
clip_b16,face,face::train::081413.jpg,control_one_fact,semantic_changed,0.8192732703962408,3,49,5,-0.01171187597874257,0.6,face::train::141457.jpg,0.8309851463749833,0.9591836734693877,0.7216862219998581,0.8146402745808021,0.09758704839638266,-0.01171187597874257,0.0,0.3333333333333333
clip_b16,face,face::test::186223.jpg,control_synonym,semantic_preserving,0.664055893868785,10,49,5,-0.018008323213208555,0.6,face::train::091980.jpg,0.7333633104963861,0.8163265306122449,0.6088501167914052,0.7074101124385045,0.055205777077379836,-0.06930741662760109,0.0,0.1
clip_b16,face,face::test::186223.jpg,control_one_fact,semantic_changed,0.63096241839621,11,49,5,-0.025355967021732373,0.6,face::train::091980.jpg,0.7028951408832261,0.7959183673469388,0.5786001292147437,0.6775540171361254,0.05236228918146635,-0.0719327224870161,0.0,0.09090909090909091
clip_b16,face,face::train::137722.jpg,control_synonym,semantic_preserving,0.7426988137975818,1,49,5,0.06679868446288317,1.0,face::train::178129.jpg,0.7076950591642892,1.0,0.6103613450650074,0.6878078906725039,0.13233746873257446,0.03500375463329264,1.0,1.0
clip_b16,face,face::train::137722.jpg,control_one_fact,semantic_changed,0.7366834562342,1,49,5,0.07354725275148222,1.0,face::train::178129.jpg,0.6967938060375206,1.0,0.589940120046099,0.6725297524852788,0.14674333618810098,0.03988965019667934,1.0,1.0
clip_b16,person,person::train::06597_2.jpg,control_synonym,semantic_preserving,0.990142547652885,1,49,5,0.04584841726817668,1.0,person::train::00233_10.png,0.9442941303847083,1.0,0.7011917527743745,0.8484144580400055,0.2889507948785105,0.04584841726817668,1.0,1.0
clip_b16,person,person::train::10977_1.jpg,control_synonym,semantic_preserving,0.9874291920326483,1,49,5,0.251650612597647,1.0,person::train::09634_1.jpg,0.7357785794350014,1.0,0.6037318713627853,0.721330487160548,0.38369732066986306,0.251650612597647,1.0,1.0
clip_b16,person,person::train::10977_1.jpg,control_one_fact,semantic_changed,0.9790032772813103,1,49,5,0.20782669020059086,1.0,person::train::09634_1.jpg,0.7711765870807195,1.0,0.5830403033120636,0.7042977855334751,0.39596297396924673,0.20782669020059086,1.0,1.0
clip_b16,person,person::train::12050_5.jpg,control_synonym,semantic_preserving,0.9590157326847957,1,49,5,0.0710214360084267,1.0,person::gallery::15309_3.png,0.887994296676369,1.0,0.6767698373348996,0.8449189292321897,0.2822458953498961,0.0710214360084267,1.0,1.0
clip_b16,person,person::train::12050_5.jpg,control_one_fact,semantic_changed,0.9364021561821361,1,49,5,0.018679701081799505,1.0,person::gallery::15309_3.png,0.9177224551003366,1.0,0.6880781536044098,0.8725878242020374,0.24832400257772624,0.018679701081799505,1.0,1.0
clip_b16,person,person::train::08529_4.jpg,control_synonym,semantic_preserving,0.9595134977608817,1,49,5,0.08867592210718467,1.0,person::train::08528_6.jpg,0.870837575653697,1.0,0.7236877501531596,0.8103353693572815,0.23582574760772212,0.08867592210718467,1.0,1.0
clip_b16,person,person::train::08529_4.jpg,control_one_fact,semantic_changed,0.9345613715294699,1,49,5,0.07549417597788255,1.0,person::train::08528_6.jpg,0.8590671955515874,1.0,0.7291061213197612,0.8200434994254818,0.20545525020970878,0.07549417597788255,1.0,1.0
clip_b16,person,person::train::01742_4.jpg,control_synonym,semantic_preserving,0.974202037065725,1,49,5,0.16002813230873292,1.0,person::train::00197_4.png,0.814173904756992,1.0,0.5929455608459719,0.7496843511474941,0.381256476219753,0.16002813230873292,1.0,1.0
clip_b16,person,person::train::01742_4.jpg,control_one_fact,semantic_changed,0.9620326558518991,1,49,5,0.1655850635410342,1.0,person::train::00197_4.png,0.7964475923108649,1.0,0.59308061022402,0.7516782786072406,0.3689520456278791,0.1655850635410342,1.0,1.0
clip_b16,person,person::train::05158_3.jpg,control_synonym,semantic_preserving,0.840687851152671,4,49,5,-0.03432023845922727,0.6,person::query::26761_2.jpg,0.8750080896118982,0.9387755102040817,0.7037365251958265,0.849065299878329,0.13695132595684445,-0.03432023845922727,0.0,0.25
clip_b16,person,person::train::05158_3.jpg,control_one_fact,semantic_changed,0.706356382120163,20,49,5,-0.0853172729890791,0.2,person::train::08529_4.jpg,0.8456298751500886,0.6122448979591837,0.6822427601568504,0.8060069536136343,0.02411362196331268,-0.13927349302992553,0.0,0.05
clip_b16,person,person::train::02167_1.jpg,control_synonym,semantic_preserving,0.936399830940579,1,49,5,0.06378093948321983,1.0,person::train::03736_1.jpg,0.8726188914573592,1.0,0.678872029394902,0.7836104156215907,0.257527801545677,0.06378093948321983,1.0,1.0
clip_b16,person,person::train::02167_1.jpg,control_one_fact,semantic_changed,0.9042113183977047,1,49,5,0.08369521218240539,1.0,person::train::03736_1.jpg,0.8205161062152994,1.0,0.6659522341197199,0.7570151101981647,0.2382590842779848,0.08369521218240539,1.0,1.0
clip_b16,person,person::train::00233_10.png,control_synonym,semantic_preserving,0.9843341933745395,1,49,5,0.030777160453005603,1.0,person::train::06597_2.jpg,0.9535570329215339,1.0,0.7205198663329273,0.8446639920911203,0.26381432704161223,0.030777160453005603,1.0,1.0
clip_b16,person,person::train::00233_10.png,control_one_fact,semantic_changed,0.9486058540489275,1,49,5,0.015092289117437874,1.0,person::train::06597_2.jpg,0.9335135649314896,1.0,0.7079836316221255,0.8673763173406954,0.24062222242680198,0.015092289117437874,1.0,1.0
clip_b16,person,person::train::01108_7.png,control_synonym,semantic_preserving,0.8891554869490654,1,49,5,0.04222194068286289,1.0,person::gallery::26774_3.jpg,0.8469335462662025,1.0,0.7164186470560416,0.8230831564854926,0.1727368398930238,0.04222194068286289,1.0,1.0
clip_b16,person,person::train::06085_7.jpg,control_synonym,semantic_preserving,0.9380770001071671,1,49,5,0.07424493704661683,1.0,person::gallery::15309_3.png,0.8638320630605503,1.0,0.7544789530025426,0.8584479544538898,0.18359804710462446,0.07424493704661683,1.0,1.0
clip_b16,person,person::train::06085_7.jpg,control_one_fact,semantic_changed,0.9224950049433822,1,49,5,0.04667820716040971,1.0,person::gallery::27153_5.jpg,0.8758167977829725,1.0,0.7480393658679036,0.8432573776763285,0.17445563907547856,0.04667820716040971,1.0,1.0
clip_b16,person,person::train::12462_1.jpg,control_synonym,semantic_preserving,0.9941219788326676,1,49,5,0.15400374845075893,1.0,person::train::06597_2.jpg,0.8401182303819087,1.0,0.6192323659357168,0.7884990071862122,0.3748896128969508,0.15400374845075893,1.0,1.0
clip_b16,person,person::train::12462_1.jpg,control_one_fact,semantic_changed,0.8967113548180737,1,49,5,0.10197654670526679,1.0,person::query::26943_3.jpg,0.8083680900284305,1.0,0.6080424991200148,0.7826265055667121,0.2886688556980589,0.08834326478964327,1.0,1.0
clip_b16,person,person::train::01924_2.jpg,control_synonym,semantic_preserving,0.962584927943738,1,49,5,0.20013376779115188,1.0,person::gallery::26474_5.jpg,0.7624511601525861,1.0,0.6168242903889116,0.7195891138561112,0.34576063755482633,0.20013376779115188,1.0,1.0
clip_b16,person,person::train::01924_2.jpg,control_one_fact,semantic_changed,0.9546907600001666,1,49,5,0.20303260257513034,1.0,person::gallery::26474_5.jpg,0.7516581574250363,1.0,0.6035721247961944,0.7107204877308346,0.35111863520397224,0.20303260257513034,1.0,1.0
clip_b16,person,person::train::00969_2.png,control_synonym,semantic_preserving,0.9293491241974253,1,49,5,0.13503182583590412,1.0,person::train::03736_1.jpg,0.7943172983615212,1.0,0.6547711983635442,0.7566883893105685,0.2745779258338811,0.13503182583590412,1.0,1.0
clip_b16,person,person::train::00969_2.png,control_one_fact,semantic_changed,0.9141254746739006,1,49,5,0.10085690229773536,1.0,person::train::03736_1.jpg,0.8132685723761652,1.0,0.659465296040767,0.7645106364712763,0.2546601786331336,0.10085690229773536,1.0,1.0
clip_b16,person,person::train::09634_1.jpg,control_synonym,semantic_preserving,0.9445398617149839,1,49,5,0.2286150412918585,1.0,person::train::09751_6.jpg,0.7159248204231254,1.0,0.6047963981482826,0.7042660834148338,0.3397434635667014,0.2286150412918585,1.0,1.0
clip_b16,person,person::train::09634_1.jpg,control_one_fact,semantic_changed,0.9351064917443525,1,49,5,0.23102231143499818,1.0,person::train::09751_6.jpg,0.7040841803093543,1.0,0.5736989718227069,0.6859826847310464,0.36140751992164555,0.23102231143499818,1.0,1.0
clip_b16,person,person::train::11561_6.jpg,control_synonym,semantic_preserving,0.9637224233578843,1,49,5,0.12558402208283703,1.0,person::train::00197_4.png,0.8381384012750472,1.0,0.6468384002812119,0.791396818001812,0.3168840230766724,0.12558402208283703,1.0,1.0
clip_b16,person,person::train::11561_6.jpg,control_one_fact,semantic_changed,0.8835899618724443,1,49,5,0.09060557345178955,1.0,person::train::01742_4.jpg,0.7929843884206548,1.0,0.6495499739841558,0.7759305102208902,0.2340399878882885,0.09060557345178955,1.0,1.0
clip_b16,person,person::train::08528_6.jpg,control_one_fact,semantic_changed,0.9126229616587285,1,49,5,0.08937923283746518,1.0,person::gallery::26789_1.jpg,0.8618586929581247,1.0,0.7366040411962602,0.821793298799392,0.17601892046246825,0.0507642687006038,1.0,1.0
clip_b16,person,person::train::01287_5.jpg,control_synonym,semantic_preserving,0.9671436464188734,1,49,5,0.19615301145532538,1.0,person::train::01742_4.jpg,0.770990634963548,1.0,0.6210607488122863,0.7550371399674018,0.34608289760658706,0.19615301145532538,1.0,1.0
clip_b16,person,person::train::01287_5.jpg,control_one_fact,semantic_changed,0.9568850154055834,1,49,5,0.20630487253487895,1.0,person::train::01742_4.jpg,0.7505801428707044,1.0,0.6219866965915801,0.7423133456901615,0.3348983188140032,0.20630487253487895,1.0,1.0
clip_b16,person,person::train::10252_1.jpg,control_synonym,semantic_preserving,0.9555097553459024,1,49,5,0.06858967978103225,1.0,person::train::08924_1.jpg,0.8869200755648702,1.0,0.719864350750369,0.7603650175667185,0.2356454045955334,0.06858967978103225,1.0,1.0
clip_b16,person,person::train::10252_1.jpg,control_one_fact,semantic_changed,0.9228006783016773,1,49,5,0.08814790540270723,1.0,person::train::08924_1.jpg,0.8346527728989701,1.0,0.6912731400066926,0.7934864940322972,0.23152753829498474,0.08814790540270723,1.0,1.0
clip_b16,person,person::train::08924_1.jpg,control_synonym,semantic_preserving,0.9693588483834419,1,49,5,0.1332499189945674,1.0,person::query::27008_3.jpg,0.8361089293888745,1.0,0.6703363394958365,0.745101706497504,0.2990225088876054,0.1332499189945674,1.0,1.0
clip_b16,person,person::train::02319_1.jpg,control_synonym,semantic_preserving,0.9030409247467082,1,49,5,0.10380080554187665,1.0,person::query::26761_2.jpg,0.7992401192048315,1.0,0.6809185662963368,0.7553282354669199,0.22212235845037132,0.10380080554187665,1.0,1.0
clip_b16,person,person::train::02319_1.jpg,control_one_fact,semantic_changed,0.8731073983204394,1,49,5,0.10596166917318595,1.0,person::train::08528_6.jpg,0.7835387523756272,1.0,0.6833666376191645,0.7660056582836018,0.18974076070127488,0.08956864594481218,1.0,1.0
clip_b16,person,person::train::09715_3.jpg,control_synonym,semantic_preserving,0.9805519484748781,1,49,5,0.1987899764014226,1.0,person::query::14604_1.png,0.7817619720734555,1.0,0.6273482403576235,0.728785166958741,0.35320370811725466,0.1987899764014226,1.0,1.0
clip_b16,person,person::train::09715_3.jpg,control_one_fact,semantic_changed,0.9524608184410189,1,49,5,0.18989386096060756,1.0,person::train::08529_4.jpg,0.7625669574804114,1.0,0.617111916568293,0.7372973475864008,0.3353489018727259,0.18989386096060756,1.0,1.0
clip_b16,person,person::train::13508_2.jpg,control_synonym,semantic_preserving,0.9476858603419767,1,49,5,0.22758459564092703,1.0,person::train::00233_10.png,0.7201012647010496,1.0,0.5766075631319251,0.7036627789638057,0.3710782972100516,0.22758459564092703,1.0,1.0
clip_b16,person,person::train::13508_2.jpg,control_one_fact,semantic_changed,0.8910871722155622,1,49,5,0.22103953403588328,1.0,person::train::10977_1.jpg,0.6700476381796789,1.0,0.5512967212304649,0.6520534029159828,0.3397904509850973,0.22103953403588328,1.0,1.0
clip_b16,person,person::train::09751_6.jpg,control_synonym,semantic_preserving,0.9332796889672567,1,49,5,0.06147892887147999,1.0,person::gallery::15309_3.png,0.8718007600957767,1.0,0.66720175395408,0.8393195072504722,0.26607793501317667,0.06147892887147999,1.0,1.0
clip_b16,person,person::train::09751_6.jpg,control_one_fact,semantic_changed,0.8837675766611527,2,49,5,-0.007792492159337305,0.8,person::gallery::15309_3.png,0.89156006882049,0.9795918367346939,0.6920869751760569,0.8510520071464786,0.1916806014850958,-0.007792492159337305,0.0,0.5
clip_b16,person,person::train::11903_4.jpg,control_synonym,semantic_preserving,0.8944790988980268,1,49,5,0.10018570500177193,1.0,person::train::09634_1.jpg,0.7942933938962549,1.0,0.5371870144114314,0.667710150886582,0.35729208448659544,0.10018570500177193,1.0,1.0
clip_b16,person,person::train::11903_4.jpg,control_one_fact,semantic_changed,0.8636904029284262,1,49,5,0.10806316700503771,1.0,person::train::10977_1.jpg,0.7556272359233885,1.0,0.5664899680844746,0.7001935794062547,0.29720043484395164,0.10806316700503771,1.0,1.0
clip_b16,person,person::train::03720_4.jpg,control_synonym,semantic_preserving,0.8021167171110724,1,49,5,0.07125701068224155,1.0,person::train::01924_2.jpg,0.7358362274020687,1.0,0.5776556086093879,0.7176477696342985,0.22446110850168444,0.06628048970900369,1.0,1.0
clip_b16,person,person::train::03720_4.jpg,control_one_fact,semantic_changed,0.7631643234167633,1,49,5,0.05795995374065832,1.0,person::train::01924_2.jpg,0.7328566244498852,1.0,0.5664020480012171,0.7045885487492911,0.19676227541554625,0.030307698966878127,1.0,1.0
clip_b16,person,person::train::26249_12.jpg,control_synonym,semantic_preserving,0.9550808555651784,1,49,5,0.20754666894718232,1.0,person::train::00837_3.png,0.7475341866179961,1.0,0.626621251055285,0.713278772645337,0.3284596045098934,0.20754666894718232,1.0,1.0
clip_b16,person,person::train::26249_12.jpg,control_one_fact,semantic_changed,0.8968880067329476,1,49,5,0.16400070925933297,1.0,person::train::00837_3.png,0.7328872974736146,1.0,0.6007590959543729,0.7125249911050223,0.2961289107785746,0.16400070925933297,1.0,1.0
clip_b16,person,person::train::08634_3.jpg,control_synonym,semantic_preserving,0.9252383884868758,1,49,5,0.1788114191538671,1.0,person::train::10977_1.jpg,0.7464269693330087,1.0,0.5798694478547228,0.7079099629081453,0.34536894063215295,0.1788114191538671,1.0,1.0
clip_b16,person,person::train::08634_3.jpg,control_one_fact,semantic_changed,0.9264735992474207,1,49,5,0.18102244016034108,1.0,person::train::10977_1.jpg,0.7454511590870796,1.0,0.5722705277076935,0.703420692036829,0.3542030715397272,0.18102244016034108,1.0,1.0
clip_b16,person,person::train::00837_3.png,control_synonym,semantic_preserving,0.9658793539905206,1,49,5,0.14999670091609874,1.0,person::query::14994_1.png,0.8158826530744219,1.0,0.708026039206848,0.7976487559301784,0.25785331478367257,0.14999670091609874,1.0,1.0
clip_b16,person,person::train::00837_3.png,control_one_fact,semantic_changed,0.9510939313937036,1,49,5,0.11086145558242977,1.0,person::train::06085_7.jpg,0.8402324758112738,1.0,0.736065342724807,0.831027630172802,0.21502858866889663,0.11086145558242977,1.0,1.0
clip_b16,person,person::query::27008_3.jpg,control_synonym,semantic_preserving,0.9770733375005661,1,49,5,0.12504585270680124,1.0,person::train::08924_1.jpg,0.8520274847937649,1.0,0.6748365680624855,0.7912691626925947,0.30223676943808064,0.12504585270680124,1.0,1.0
clip_b16,person,person::query::27008_3.jpg,control_one_fact,semantic_changed,0.9187596005917635,1,49,5,0.06841474462657127,1.0,person::gallery::26991_3.jpg,0.8503448559651923,1.0,0.6427498429755033,0.7703649858713515,0.27600975761626023,0.06841474462657127,1.0,1.0
clip_b16,person,person::query::14994_1.png,control_synonym,semantic_preserving,0.9611420272901842,1,49,5,0.10925959849796729,1.0,person::train::00837_3.png,0.8518824287922169,1.0,0.7047599203420971,0.8003596640055372,0.25638210694808705,0.10925959849796729,1.0,1.0
clip_b16,person,person::query::14994_1.png,control_one_fact,semantic_changed,0.934211463993068,1,49,5,0.07370862299896219,1.0,person::train::00837_3.png,0.8605028409941058,1.0,0.6880956126833769,0.7917735685844839,0.24611585130969105,0.07370862299896219,1.0,1.0
clip_b16,person,person::query::14459_1.png,control_synonym,semantic_preserving,0.9492553259603502,1,49,5,0.1669600183706611,1.0,person::train::12462_1.jpg,0.7822953075896891,1.0,0.635664286076743,0.7498582037837381,0.31359103988360726,0.1669600183706611,1.0,1.0
clip_b16,person,person::query::14459_1.png,control_one_fact,semantic_changed,0.9413629778195731,1,49,5,0.16905555770992808,1.0,person::train::12462_1.jpg,0.772307420109645,1.0,0.6387767125779948,0.7514127431908215,0.3025862652415783,0.16905555770992808,1.0,1.0
clip_b16,person,person::query::26943_3.jpg,control_synonym,semantic_preserving,0.9969442253939046,1,49,5,0.11576950311264156,1.0,person::gallery::15309_3.png,0.881174722281263,1.0,0.6506176317510102,0.8262758676949943,0.3463265936428944,0.11576950311264156,1.0,1.0
clip_b16,person,person::query::26943_3.jpg,control_one_fact,semantic_changed,0.9921644992227248,1,49,5,0.10818440821681341,1.0,person::gallery::15309_3.png,0.8839800910059114,1.0,0.6484392215932508,0.8364869529715494,0.3437252776294739,0.10818440821681341,1.0,1.0
clip_b16,person,person::query::26789_3.jpg,control_synonym,semantic_preserving,0.9407264499378599,1,49,5,0.09961908328179225,1.0,person::train::06085_7.jpg,0.8411073666560677,1.0,0.6875570492016241,0.8163955493814377,0.25316940073623584,0.09961908328179225,1.0,1.0
clip_b16,person,person::query::26789_3.jpg,control_one_fact,semantic_changed,0.9443824878680527,1,49,5,0.10180368245460225,1.0,person::train::06085_7.jpg,0.8425788054134504,1.0,0.6883558115920727,0.8114314202767126,0.25602667627597997,0.10180368245460225,1.0,1.0
clip_b16,person,person::query::26935_2.jpg,control_synonym,semantic_preserving,0.9407247108283041,1,49,5,0.09586498661098708,1.0,person::train::00837_3.png,0.844859724217317,1.0,0.689141274550414,0.7987384796782754,0.25158343627789015,0.09586498661098708,1.0,1.0
clip_b16,person,person::query::26935_2.jpg,control_one_fact,semantic_changed,0.8999286937344382,1,49,5,0.03663716076227952,1.0,person::train::00837_3.png,0.8632915329721587,1.0,0.6836559050865851,0.7954979029171858,0.21627278864785304,0.03663716076227952,1.0,1.0
clip_b16,person,person::query::27100_1.jpg,control_synonym,semantic_preserving,0.9594224249119413,1,49,5,0.10015067738638772,1.0,person::train::08528_6.jpg,0.8592717475255536,1.0,0.7088286443285021,0.805659290056869,0.2505937805834392,0.10015067738638772,1.0,1.0
clip_b16,person,person::query::26761_2.jpg,control_synonym,semantic_preserving,0.9561667346605438,1,49,5,0.09055105692637766,1.0,person::train::01108_7.png,0.8656156777341661,1.0,0.7344628371769959,0.8251920623384845,0.2217038974835479,0.09055105692637766,1.0,1.0
clip_b16,person,person::gallery::27153_5.jpg,control_synonym,semantic_preserving,0.9717409065194424,1,49,5,0.051182214387893055,1.0,person::gallery::15309_3.png,0.9205586921315494,1.0,0.7112423956263961,0.849618236681103,0.2604985108930463,0.051182214387893055,1.0,1.0
clip_b16,person,person::gallery::27153_5.jpg,control_one_fact,semantic_changed,0.9753629492249717,1,49,5,0.04661113373257575,1.0,person::gallery::15309_3.png,0.9287518154923959,1.0,0.7217171392039532,0.8687840742039646,0.2536458100210185,0.04661113373257575,1.0,1.0
clip_b16,person,person::gallery::26789_1.jpg,control_synonym,semantic_preserving,0.9964636826438787,1,49,5,0.16256473905544422,1.0,person::query::26943_3.jpg,0.8338989435884345,1.0,0.7060872043104487,0.8244066770120225,0.29037647833343005,0.16256473905544422,1.0,1.0
clip_b16,person,person::gallery::26721_4.jpg,control_synonym,semantic_preserving,0.9331140238592804,1,49,5,0.043906249500249905,1.0,person::query::26761_2.jpg,0.8892077743590305,1.0,0.726151495343689,0.8435712040168838,0.2069625285155915,0.043906249500249905,1.0,1.0
clip_b16,person,person::gallery::26991_3.jpg,control_synonym,semantic_preserving,0.940062112493787,1,49,5,0.08401014294011655,1.0,person::query::27008_3.jpg,0.8560519695536705,1.0,0.6672993623398971,0.7847358613211451,0.27276275015388995,0.08401014294011655,1.0,1.0
clip_b16,person,person::gallery::26991_3.jpg,control_one_fact,semantic_changed,0.9171918656013791,1,49,5,0.04993110535271106,1.0,person::query::27008_3.jpg,0.867260760248668,1.0,0.6725383053650328,0.7640320571400193,0.24465356023634632,0.04993110535271106,1.0,1.0
clip_b16,person,person::gallery::26735_2.jpg,control_synonym,semantic_preserving,0.9576983871708735,1,49,5,0.09744543409808115,1.0,person::train::06085_7.jpg,0.8602529530727924,1.0,0.706672888319847,0.8172906551819449,0.25102549885102654,0.09744543409808115,1.0,1.0
clip_b16,person,person::gallery::26735_2.jpg,control_one_fact,semantic_changed,0.9602650167023105,1,49,5,0.1119380774918396,1.0,person::train::06085_7.jpg,0.8483269392104709,1.0,0.698292825304022,0.8134974007506105,0.2619721913982884,0.1119380774918396,1.0,1.0
clip_b16,person,person::gallery::14888_1.png,control_synonym,semantic_preserving,0.9411019385348596,1,49,5,0.10517073058527115,1.0,person::train::11561_6.jpg,0.8359312079495884,1.0,0.6848887137113963,0.8086493019874644,0.2562132248234633,0.10517073058527115,1.0,1.0
clip_b16,person,person::gallery::14888_1.png,control_one_fact,semantic_changed,0.9288031830729029,1,49,5,0.10094824276071934,1.0,person::train::11561_6.jpg,0.8278549403121835,1.0,0.6804643110170009,0.8046982687424534,0.248338872055902,0.10094824276071934,1.0,1.0
clip_b16,person,person::gallery::26774_3.jpg,control_synonym,semantic_preserving,0.8971445526345341,1,49,5,0.033232313345758935,1.0,person::query::14604_1.png,0.8675425067571263,1.0,0.7223016053473306,0.8216004457862376,0.1748429472872035,0.02960204587740778,1.0,1.0
clip_b16,person,person::gallery::26774_3.jpg,control_one_fact,semantic_changed,0.8793552974420105,1,49,5,0.026462667899657566,1.0,person::gallery::14888_1.png,0.8528926295423529,1.0,0.7267137595865714,0.8320233343489258,0.1526415378554391,0.026462667899657566,1.0,1.0
clip_b16,person,person::gallery::15309_3.png,control_synonym,semantic_preserving,0.9920643079640451,1,49,5,0.08151424209384661,1.0,person::gallery::27153_5.jpg,0.9105500658701985,1.0,0.6963094824127158,0.900221099483731,0.29575482555132926,0.08151424209384661,1.0,1.0
clip_b16,person,person::gallery::15194_3.png,control_synonym,semantic_preserving,0.953415395893863,1,49,5,0.09476590527045015,1.0,person::gallery::26474_5.jpg,0.8586494906234129,1.0,0.6856271176353627,0.781117069373204,0.2677882782585004,0.09476590527045015,1.0,1.0
clip_b16,vehicle,vehicle::train_images::13608_c139_04.jpg,control_synonym,semantic_preserving,0.8698496807247458,1,49,5,0.0800433010894046,1.0,vehicle::query_images::20204_c041_01.jpg,0.7898063796353412,1.0,0.6891243418346136,0.7636347079616387,0.1807253388901322,0.0800433010894046,1.0,1.0
clip_b16,vehicle,vehicle::train_images::13608_c139_04.jpg,control_one_fact,semantic_changed,0.8281537856226264,1,49,5,0.06684823401084827,1.0,vehicle::train_images::05685_c100_04.jpg,0.8041100682941502,1.0,0.6873322403501453,0.7681053284815945,0.14082154527248114,0.02404371732847621,1.0,1.0
clip_b16,vehicle,vehicle::train_images::12849_c170_02.jpg,control_one_fact,semantic_changed,0.7797546398603415,2,49,5,0.060604987021603995,1.0,vehicle::train_images::07345_c110_03.jpg,0.7909909142905296,0.9795918367346939,0.5998949309363661,0.7188437678269499,0.1798597089239754,-0.011236274430188042,0.0,0.5
clip_b16,vehicle,vehicle::train_images::10839_c110_00.jpg,control_one_fact,semantic_changed,0.7512324063949449,4,49,5,0.07869300013328218,1.0,vehicle::train_images::12849_c170_02.jpg,0.7971426120507176,0.9387755102040817,0.6033510802696462,0.7542869728163939,0.1478813261252987,-0.04591020565577264,0.0,0.25
clip_b16,vehicle,vehicle::train_images::02440_c090_02.jpg,control_synonym,semantic_preserving,0.8916567509954013,1,49,5,0.2766187636719343,1.0,vehicle::train_images::19520_c034_01.jpg,0.615037987323467,1.0,0.5107411651259224,0.5925191305295535,0.38091558586947893,0.2766187636719343,1.0,1.0
clip_b16,vehicle,vehicle::train_images::02440_c090_02.jpg,control_one_fact,semantic_changed,0.8772647654691444,1,49,5,0.29389932458112467,1.0,vehicle::query_images::21010_c163_01.jpg,0.5833654408880198,1.0,0.49289973289403577,0.5709150167471123,0.3843650325751087,0.29389932458112467,1.0,1.0
clip_b16,vehicle,vehicle::train_images::12341_c073_00.jpg,control_synonym,semantic_preserving,0.8567468041125428,1,49,5,0.033097538426590245,1.0,vehicle::train_images::16614_c041_04.jpg,0.8236492656859525,1.0,0.6836344876794996,0.7719493922606877,0.17311231643304315,0.033097538426590245,1.0,1.0
clip_b16,vehicle,vehicle::train_images::12341_c073_00.jpg,control_one_fact,semantic_changed,0.755398065733553,2,49,5,0.009540846205331133,1.0,vehicle::train_images::07345_c110_03.jpg,0.7608867290130065,0.9795918367346939,0.6128246858457388,0.6962685700847302,0.14257337988781416,-0.005488663279453521,0.0,0.5
clip_b16,vehicle,vehicle::train_images::18263_c110_02.jpg,control_one_fact,semantic_changed,0.7152140208692743,2,49,5,0.07767594802303135,1.0,vehicle::train_images::02440_c090_02.jpg,0.7183608121689378,0.9795918367346939,0.5679802088938524,0.67504333675409,0.14723381197542196,-0.003146791299663443,0.0,0.5
clip_b16,vehicle,vehicle::train_images::10529_c003_02.jpg,control_one_fact,semantic_changed,0.6583630602271737,2,49,5,0.06583341320732061,1.0,vehicle::query_images::20949_c003_01.jpg,0.7346547719610118,0.9795918367346939,0.5678194886946897,0.6433318691324837,0.09054357153248405,-0.07629171173383809,0.0,0.5
clip_b16,vehicle,vehicle::train_images::08854_c110_02.jpg,control_synonym,semantic_preserving,0.8503798225751968,2,49,5,0.0480795202243085,1.0,vehicle::query_images::20949_c003_01.jpg,0.8642743766024596,0.9795918367346939,0.7111178016592511,0.8093980970131455,0.13926202091594575,-0.013894554027262807,0.0,0.5
clip_b16,vehicle,vehicle::train_images::08854_c110_02.jpg,control_one_fact,semantic_changed,0.807657937179175,2,49,5,0.02403937523063182,1.0,vehicle::train_images::19263_c030_03.jpg,0.8453842369142585,0.9795918367346939,0.7055542789200029,0.7829374201593832,0.10210365825917211,-0.03772629973508346,0.0,0.5
clip_b16,vehicle,vehicle::train_images::19263_c030_03.jpg,control_synonym,semantic_preserving,0.8536931375972252,1,49,5,0.21912138200196996,1.0,vehicle::train_images::07345_c110_03.jpg,0.6747772660873048,1.0,0.57980331139593,0.638029587413184,0.2738898262012952,0.1789158715099204,1.0,1.0
clip_b16,vehicle,vehicle::train_images::19263_c030_03.jpg,control_one_fact,semantic_changed,0.7681981457573229,1,49,5,0.13508635685500914,1.0,vehicle::train_images::07345_c110_03.jpg,0.7095817257629174,1.0,0.5842313107519296,0.6489387962723804,0.18396683500539335,0.05861641999440548,1.0,1.0
clip_b16,vehicle,vehicle::train_images::07345_c110_03.jpg,control_one_fact,semantic_changed,0.8146892199447537,1,49,5,0.13283450743277792,1.0,vehicle::train_images::12849_c170_02.jpg,0.7629735093980954,1.0,0.6284386658192584,0.706966719865992,0.1862505541254953,0.051715710546658356,1.0,1.0
clip_b16,vehicle,vehicle::train_images::19520_c034_01.jpg,control_synonym,semantic_preserving,0.790405355831389,1,49,5,0.10449014456118721,1.0,vehicle::query_images::21112_c079_00.jpg,0.7243098672161166,1.0,0.557144613814399,0.6818902099518588,0.2332607420169901,0.06609548861527248,1.0,1.0
clip_b16,vehicle,vehicle::train_images::19520_c034_01.jpg,control_one_fact,semantic_changed,0.7098273985015933,2,49,5,0.09423707355457611,1.0,vehicle::train_images::02440_c090_02.jpg,0.7212900678599108,0.9795918367346939,0.538132593511987,0.6265339557671925,0.17169480498960632,-0.011462669358317523,0.0,0.5
clip_b16,vehicle,vehicle::train_images::16253_c139_00.jpg,control_synonym,semantic_preserving,0.9120328905983823,1,49,5,0.05079076805036886,1.0,vehicle::query_images::20204_c041_01.jpg,0.8612421225480135,1.0,0.7602068895893307,0.8215437843174871,0.15182600100905164,0.05079076805036886,1.0,1.0
clip_b16,vehicle,vehicle::train_images::16253_c139_00.jpg,control_one_fact,semantic_changed,0.7907583210655424,6,49,5,-0.017035179844209436,0.8,vehicle::train_images::05685_c100_04.jpg,0.8435931341252473,0.8979591836734694,0.7213074254340498,0.811056735822892,0.06945089563149265,-0.05283481305970483,0.0,0.16666666666666666
clip_b16,vehicle,vehicle::train_images::06987_c051_04.jpg,control_synonym,semantic_preserving,0.8417261923614926,1,49,5,0.12638360887999311,1.0,vehicle::train_images::05685_c100_04.jpg,0.7720208867017794,1.0,0.6326605180246552,0.7462195953768842,0.20906567433683743,0.06970530565971322,1.0,1.0
clip_b16,vehicle,vehicle::train_images::06987_c051_04.jpg,control_one_fact,semantic_changed,0.8565016341532536,1,49,5,0.11248214967249603,1.0,vehicle::train_images::05685_c100_04.jpg,0.8027324264031221,1.0,0.665793570322863,0.7583476680133865,0.19070806383039063,0.0537692077501315,1.0,1.0
clip_b16,vehicle,vehicle::train_images::05685_c100_04.jpg,control_synonym,semantic_preserving,0.9216152109056548,1,49,5,0.061912932235324014,1.0,vehicle::train_images::13184_c012_02.jpg,0.8597022786703308,1.0,0.6504996556883128,0.7854497197632355,0.271115555217342,0.061912932235324014,1.0,1.0
clip_b16,vehicle,vehicle::train_images::05685_c100_04.jpg,control_one_fact,semantic_changed,0.8239658106566317,2,49,5,-0.07671348521502819,0.8,vehicle::query_images::20949_c003_01.jpg,0.9006792958716598,0.9795918367346939,0.6465637307798989,0.7612316648122692,0.17740207987673273,-0.07671348521502819,0.0,0.5
clip_b16,vehicle,vehicle::train_images::16614_c041_04.jpg,control_synonym,semantic_preserving,0.8369582604076391,1,49,5,0.06357348923229822,1.0,vehicle::train_images::12341_c073_00.jpg,0.7733847711753409,1.0,0.6319190411892212,0.7292629659848942,0.20503921921841795,0.06357348923229822,1.0,1.0
clip_b16,vehicle,vehicle::train_images::16614_c041_04.jpg,control_one_fact,semantic_changed,0.7974765153510084,1,49,5,0.10553226706738106,1.0,vehicle::train_images::07345_c110_03.jpg,0.7092428906359483,1.0,0.5872180654074375,0.6822242177924287,0.2102584499435709,0.08823362471506013,1.0,1.0
clip_b16,vehicle,vehicle::train_images::13946_c012_04.jpg,control_one_fact,semantic_changed,0.8389611727511485,1,49,5,0.00883276800466104,1.0,vehicle::train_images::16253_c139_00.jpg,0.8301284047464874,1.0,0.7234177450879413,0.8200349789163006,0.11554342766320713,0.00883276800466104,1.0,1.0
clip_b16,vehicle,vehicle::train_images::14133_c170_01.jpg,control_one_fact,semantic_changed,0.8659888678597503,1,49,5,0.12953801423469247,1.0,vehicle::train_images::05685_c100_04.jpg,0.7854021898303043,1.0,0.6607566384419548,0.7445693509480462,0.2052322294177955,0.08058667802944597,1.0,1.0
clip_b16,vehicle,vehicle::train_images::16747_c163_03.jpg,control_one_fact,semantic_changed,0.7765496094759377,1,49,5,0.03501850707270693,1.0,vehicle::train_images::14133_c170_01.jpg,0.7415311024032307,1.0,0.6381359565419675,0.7154373886653334,0.13841365293397012,0.03501850707270693,1.0,1.0
clip_b16,vehicle,vehicle::train_images::05432_c163_04.jpg,control_synonym,semantic_preserving,0.9243940016515687,1,49,5,0.09198064137706252,1.0,vehicle::train_images::12849_c170_02.jpg,0.8324133602745062,1.0,0.6056998537682948,0.7870040644092396,0.3186941478832739,0.09198064137706252,1.0,1.0
clip_b16,vehicle,vehicle::train_images::05432_c163_04.jpg,control_one_fact,semantic_changed,0.8179483321327907,2,49,5,-0.020882303889654508,0.8,vehicle::gallery_images::20535_c170_02.jpg,0.8388306360224452,0.9795918367346939,0.5819175968887855,0.7279750680320302,0.2360307352440052,-0.020882303889654508,0.0,0.5
clip_b16,vehicle,vehicle::train_images::19057_c170_04.jpg,control_synonym,semantic_preserving,0.7930938746696573,1,49,5,0.05673726426153358,1.0,vehicle::gallery_images::20877_c110_00.jpg,0.7363566104081237,1.0,0.6172020846439964,0.6993071262581003,0.1758917900256609,0.05673726426153358,1.0,1.0
clip_b16,vehicle,vehicle::train_images::19057_c170_04.jpg,control_one_fact,semantic_changed,0.8355121007564967,1,49,5,0.1024887969139634,1.0,vehicle::train_images::09221_c139_03.jpg,0.7330233038425333,1.0,0.5613160793973342,0.7052225317101395,0.27419602135916255,0.1024887969139634,1.0,1.0
clip_b16,vehicle,vehicle::train_images::04455_c078_00.jpg,control_synonym,semantic_preserving,0.7295758683179978,1,49,5,0.08730327493312551,1.0,vehicle::query_images::20949_c003_01.jpg,0.6944738443363324,1.0,0.5419073797728888,0.6644171415034072,0.18766848854510898,0.0351020239816654,1.0,1.0
clip_b16,vehicle,vehicle::train_images::04455_c078_00.jpg,control_one_fact,semantic_changed,0.6381049862522327,6,49,5,0.05550525927092942,1.0,vehicle::train_images::09221_c139_03.jpg,0.7848520900152323,0.8979591836734694,0.5008936789497676,0.6805799938910787,0.1372113073024651,-0.1467471037629996,0.0,0.16666666666666666
clip_b16,vehicle,vehicle::train_images::14387_c163_04.jpg,control_one_fact,semantic_changed,0.7457676431186755,1,49,5,0.08753777735592305,1.0,vehicle::train_images::19666_c077_02.jpg,0.7297451036871375,1.0,0.5018398629213439,0.6814055924651945,0.24392778019733163,0.016022539431537974,1.0,1.0
clip_b16,vehicle,vehicle::train_images::09221_c139_03.jpg,control_synonym,semantic_preserving,0.8814938641709464,1,49,5,0.12106678008032856,1.0,vehicle::train_images::07345_c110_03.jpg,0.7629832603675242,1.0,0.5778637071175511,0.7312204185337723,0.30363015705339536,0.11851060380342227,1.0,1.0
clip_b16,vehicle,vehicle::train_images::09221_c139_03.jpg,control_one_fact,semantic_changed,0.7416816286453312,2,49,5,-0.07019234098515759,0.8,vehicle::query_images::20949_c003_01.jpg,0.8118739696304887,0.9795918367346939,0.5859810039177851,0.703188230379072,0.1557006247275461,-0.07019234098515759,0.0,0.5
clip_b16,vehicle,vehicle::train_images::04724_c110_02.jpg,control_one_fact,semantic_changed,0.7926818240633628,7,49,5,-0.026205409040310546,0.6,vehicle::query_images::20949_c003_01.jpg,0.8860287856563074,0.8775510204081632,0.7283299987136874,0.8129645329504028,0.06435182534967543,-0.09334696159294453,0.0,0.14285714285714285
clip_b16,vehicle,vehicle::train_images::08361_c094_04.jpg,control_one_fact,semantic_changed,0.6803026668731871,4,49,5,0.048670425068201184,1.0,vehicle::query_images::20949_c003_01.jpg,0.7125361905627592,0.9387755102040817,0.5783137999664254,0.69297060703709,0.10198886690676168,-0.03223352368957211,0.0,0.25
clip_b16,vehicle,vehicle::train_images::03678_c014_03.jpg,control_synonym,semantic_preserving,0.6764758708977989,2,49,5,0.08645497095950949,1.0,vehicle::train_images::09221_c139_03.jpg,0.6894408311352078,0.9795918367346939,0.38818000911116035,0.6499125780444909,0.2882958617866386,-0.012964960237408896,0.0,0.5
clip_b16,vehicle,vehicle::train_images::03678_c014_03.jpg,control_one_fact,semantic_changed,0.631997774374145,3,49,5,0.06464828261756783,1.0,vehicle::query_images::20949_c003_01.jpg,0.7169379486999488,0.9591836734693877,0.46105508406926654,0.5709596667861294,0.1709426903048784,-0.08494017432580381,0.0,0.3333333333333333
clip_b16,vehicle,vehicle::query_images::20039_c015_00.jpg,control_synonym,semantic_preserving,0.8969926582523253,1,49,5,0.1456278687138418,1.0,vehicle::train_images::05685_c100_04.jpg,0.7513647895384835,1.0,0.6094853979835936,0.7050540204697259,0.28750726026873175,0.1456278687138418,1.0,1.0
clip_b16,vehicle,vehicle::query_images::20039_c015_00.jpg,control_one_fact,semantic_changed,0.873203788985866,1,49,5,0.12460537200934418,1.0,vehicle::train_images::05685_c100_04.jpg,0.7485984169765219,1.0,0.5987014065099254,0.6916747989751647,0.2745023824759406,0.12460537200934418,1.0,1.0
clip_b16,vehicle,vehicle::query_images::20298_c122_00.jpg,control_one_fact,semantic_changed,0.8977422237482879,1,49,5,0.10315966987381497,1.0,vehicle::gallery_images::20762_c156_00.jpg,0.8211148416678853,1.0,0.6988546079432425,0.7926493356937864,0.19888761580504544,0.07662738208040265,1.0,1.0
clip_b16,vehicle,vehicle::query_images::21010_c163_01.jpg,control_synonym,semantic_preserving,0.7411652793392745,1,49,5,0.11481525826691175,1.0,vehicle::train_images::02440_c090_02.jpg,0.6988392189751826,1.0,0.5729216718447716,0.6503144563031588,0.16824360749450284,0.04232606036409181,1.0,1.0
clip_b16,vehicle,vehicle::query_images::21010_c163_01.jpg,control_one_fact,semantic_changed,0.6894029344387911,1,49,5,0.06555504955341207,1.0,vehicle::query_images::21112_c079_00.jpg,0.6430972788678653,1.0,0.5274186268339115,0.6101483738879836,0.16198430760487958,0.04630565557092581,1.0,1.0
clip_b16,vehicle,vehicle::query_images::20249_c003_00.jpg,control_synonym,semantic_preserving,0.7690261123667309,3,49,5,-0.07543999145906277,0.6,vehicle::train_images::05432_c163_04.jpg,0.8444661038257937,0.9591836734693877,0.5916485687390716,0.7469667583324587,0.17737754362765934,-0.07543999145906277,0.0,0.3333333333333333
clip_b16,vehicle,vehicle::query_images::20249_c003_00.jpg,control_one_fact,semantic_changed,0.6950363340214405,5,49,5,-0.048070865092365356,0.6,vehicle::gallery_images::20535_c170_02.jpg,0.769364805603601,0.9183673469387755,0.5612303562890145,0.722223437113409,0.13380597773242597,-0.0743284715821605,0.0,0.2
clip_b16,vehicle,vehicle::query_images::20506_c051_01.jpg,control_synonym,semantic_preserving,0.8931716293386276,1,49,5,0.10228504426776941,1.0,vehicle::train_images::07345_c110_03.jpg,0.7941794862146552,1.0,0.6742736415371295,0.7465664294375605,0.21889798780149805,0.09899214312397242,1.0,1.0
clip_b16,vehicle,vehicle::query_images::20506_c051_01.jpg,control_one_fact,semantic_changed,0.8032581204844879,1,49,5,0.06376783455823565,1.0,vehicle::query_images::20949_c003_01.jpg,0.7495537709728168,1.0,0.6837425804458394,0.7478713482205531,0.1195155400386485,0.05370434951167102,1.0,1.0
clip_b16,vehicle,vehicle::query_images::21112_c079_00.jpg,control_synonym,semantic_preserving,0.8720385224707221,1,49,5,0.21848427723842745,1.0,vehicle::train_images::02440_c090_02.jpg,0.6535542452322947,1.0,0.49362741164253543,0.6204983549584153,0.3784111108281867,0.21848427723842745,1.0,1.0
clip_b16,vehicle,vehicle::query_images::21112_c079_00.jpg,control_one_fact,semantic_changed,0.7655907990602276,1,49,5,0.06933935165982097,1.0,vehicle::train_images::02440_c090_02.jpg,0.6962514474004067,1.0,0.4523550438714752,0.5752102661440178,0.31323575518875246,0.06933935165982097,1.0,1.0
clip_b16,vehicle,vehicle::query_images::20949_c003_01.jpg,control_synonym,semantic_preserving,0.9220141268211149,1,49,5,0.07648462102092535,1.0,vehicle::train_images::05685_c100_04.jpg,0.8455295058001896,1.0,0.7387626362528534,0.8331660701932111,0.1832514905682615,0.07648462102092535,1.0,1.0
clip_b16,vehicle,vehicle::query_images::20949_c003_01.jpg,control_one_fact,semantic_changed,0.835751454982921,4,49,5,-0.06493684815077616,0.6,vehicle::train_images::05685_c100_04.jpg,0.9006883031336972,0.9387755102040817,0.7328716251959069,0.8452927566866256,0.10287982978701415,-0.06493684815077616,0.0,0.25
clip_b16,vehicle,vehicle::query_images::20272_c102_00.jpg,control_one_fact,semantic_changed,0.8130301245518032,2,49,5,0.008462549372576733,1.0,vehicle::train_images::14387_c163_04.jpg,0.8195931411073694,0.9795918367346939,0.6751441424842068,0.7906453127747509,0.1378859820675964,-0.006563016555566126,0.0,0.5
clip_b16,vehicle,vehicle::gallery_images::20535_c170_02.jpg,control_one_fact,semantic_changed,0.8353313871891535,2,49,5,-0.0947258068111938,0.8,vehicle::train_images::05432_c163_04.jpg,0.9300571940003473,0.9795918367346939,0.6006600988772101,0.7851026119060491,0.2346712883119434,-0.0947258068111938,0.0,0.5
clip_b16,vehicle,vehicle::gallery_images::20877_c110_00.jpg,control_synonym,semantic_preserving,0.8407180195076078,3,49,5,-0.010495063853565245,0.6,vehicle::query_images::20949_c003_01.jpg,0.8512130833611731,0.9591836734693877,0.7137431707261421,0.8144281727338841,0.1269748487814657,-0.010495063853565245,0.0,0.3333333333333333
clip_b16,vehicle,vehicle::gallery_images::20877_c110_00.jpg,control_one_fact,semantic_changed,0.7822707613499753,3,49,5,-0.03078558451199409,0.8,vehicle::train_images::19263_c030_03.jpg,0.837681881604521,0.9591836734693877,0.6794885310503399,0.7699060142513958,0.1027822302996354,-0.05541112025454564,0.0,0.3333333333333333
clip_b16,vehicle,vehicle::gallery_images::20159_c003_00.jpg,control_one_fact,semantic_changed,0.8141724926075515,1,49,5,0.05771276757135979,1.0,vehicle::train_images::07345_c110_03.jpg,0.8123743027718118,1.0,0.6759087867961916,0.7546270515918809,0.13826370581135994,0.0017981898357397608,1.0,1.0
clip_b16,vehicle,vehicle::gallery_images::21199_c014_04.jpg,control_synonym,semantic_preserving,0.8950663392658136,1,49,5,0.09204444781227927,1.0,vehicle::train_images::05685_c100_04.jpg,0.8538293669355204,1.0,0.7096471034095917,0.7826200063054243,0.1854192358562219,0.04123697233029322,1.0,1.0
clip_b16,vehicle,vehicle::gallery_images::21199_c014_04.jpg,control_one_fact,semantic_changed,0.8390058416478074,2,49,5,0.029547859644428076,1.0,vehicle::query_images::20949_c003_01.jpg,0.852556086276383,0.9795918367346939,0.6974578291005877,0.802131074994393,0.14154801254721971,-0.01355024462857557,0.0,0.5
clip_b16,vehicle,vehicle::gallery_images::20762_c156_00.jpg,control_synonym,semantic_preserving,0.900769689987645,1,49,5,0.16201786736956358,1.0,vehicle::train_images::19666_c077_02.jpg,0.7387518226180814,1.0,0.5964765033355424,0.6694396882823533,0.3042931866521026,0.16201786736956358,1.0,1.0
clip_b16,vehicle,vehicle::gallery_images::20762_c156_00.jpg,control_one_fact,semantic_changed,0.8354754341821098,1,49,5,0.16655840009692835,1.0,vehicle::gallery_images::20401_c023_03.jpg,0.6875677212131877,1.0,0.5749290637662754,0.6672151982771694,0.2605463704158344,0.14790771296892213,1.0,1.0
clip_b16,vehicle,vehicle::gallery_images::20070_c017_01.jpg,control_one_fact,semantic_changed,0.8221498754690477,1,49,5,0.2165940308316896,1.0,vehicle::query_images::20949_c003_01.jpg,0.6263977549677483,1.0,0.4787944283816507,0.5846459831520835,0.343355447087397,0.19575212050129942,1.0,1.0
clip_b16,vehicle,vehicle::gallery_images::21216_c003_04.jpg,control_one_fact,semantic_changed,0.7422512167504876,6,49,5,-0.04306684214926615,0.6,vehicle::train_images::05432_c163_04.jpg,0.8849075595033578,0.8979591836734694,0.6065888674234001,0.7837611840575108,0.13566234932708743,-0.1426563427528702,0.0,0.16666666666666666
clip_b16,vehicle,vehicle::gallery_images::20559_c170_01.jpg,control_synonym,semantic_preserving,0.952715813065294,1,49,5,0.1729155714789239,1.0,vehicle::train_images::13184_c012_02.jpg,0.7798002415863701,1.0,0.6090912307955534,0.7543526213875232,0.3436245822697406,0.1729155714789239,1.0,1.0
clip_b16,vehicle,vehicle::gallery_images::20559_c170_01.jpg,control_one_fact,semantic_changed,0.8045635949759498,1,49,5,0.0004507760776106817,1.0,vehicle::query_images::20949_c003_01.jpg,0.8041128188983391,1.0,0.6304224185698932,0.7055808855473583,0.17414117640605653,0.0004507760776106817,1.0,1.0
clip_b16,vehicle,vehicle::gallery_images::20401_c023_03.jpg,control_synonym,semantic_preserving,0.8775621319658439,1,49,5,0.3490436971752182,1.0,vehicle::train_images::07345_c110_03.jpg,0.552146963410872,1.0,0.3779451575092602,0.5055617365909216,0.49961697445658365,0.3254151685549719,1.0,1.0
clip_b16,vehicle,vehicle::gallery_images::20401_c023_03.jpg,control_one_fact,semantic_changed,0.8114263082716817,1,49,5,0.30816512396659546,1.0,vehicle::query_images::20949_c003_01.jpg,0.5032611843050863,1.0,0.34409262122357115,0.4764390602761604,0.46733368704811057,0.30816512396659546,1.0,1.0
clip_b16,face,face::train::071174.jpg,control_synonym,semantic_preserving,0.8285822081838423,1,49,5,0.007177344097183624,1.0,face::train::101485.jpg,0.8214048640866587,1.0,0.7214325820221006,0.8066351559668185,0.10714962616174173,0.007177344097183624,1.0,1.0
clip_b16,face,face::train::071174.jpg,control_one_fact,semantic_changed,0.8242553887559444,1,49,5,0.003392268042330948,1.0,face::train::101485.jpg,0.8208631207136134,1.0,0.7176909359522503,0.8033257463364992,0.10656445280369409,0.003392268042330948,1.0,1.0
clip_b16,face,face::train::166091.jpg,control_one_fact,semantic_changed,0.7764666141202087,33,49,5,-0.06821039269743101,0.2,face::train::141457.jpg,0.8940267175894562,0.3469387755102041,0.7924538478421188,0.8791563007380326,-0.015987233721910132,-0.1175601034692475,0.0,0.030303030303030304
clip_b16,face,face::train::157804.jpg,control_one_fact,semantic_changed,0.9127031897183986,1,49,5,0.0013548501935417567,1.0,face::train::141457.jpg,0.9113483395248568,1.0,0.8098161796359296,0.9011626420079882,0.10288701008246903,0.0013548501935417567,1.0,1.0
clip_b16,face,face::train::091980.jpg,control_one_fact,semantic_changed,0.8681045932493907,1,49,5,0.03677776769710728,1.0,face::train::025692.jpg,0.8313268255522834,1.0,0.7425737227706695,0.7988928544676189,0.12553087047872125,0.03677776769710728,1.0,1.0
clip_b16,face,face::train::121281.jpg,control_one_fact,semantic_changed,0.7242673360747014,14,49,5,-0.04259792455247258,0.2,face::train::091980.jpg,0.7812212073933106,0.7346938775510204,0.6978378673644829,0.7657468756499296,0.02642946871021845,-0.056953871318609184,0.0,0.07142857142857142
clip_b16,face,face::train::114832.jpg,control_one_fact,semantic_changed,0.8633138158205836,7,49,5,-0.02648600445172533,0.6,face::train::032580.jpg,0.889799820272309,0.8775510204081632,0.8018539606824338,0.8766054433637249,0.06145985513814989,-0.02648600445172533,0.0,0.14285714285714285
clip_b16,face,face::train::090489.jpg,control_one_fact,semantic_changed,0.8058726479496121,9,49,5,-0.00946385052267884,0.8,face::train::008309.jpg,0.8386403461815979,0.8367346938775511,0.777281782127269,0.8255652822949907,0.02859086582234316,-0.032767698231985776,0.0,0.1111111111111111
clip_b16,face,face::train::008309.jpg,control_one_fact,semantic_changed,0.8832645572924779,1,49,5,0.011485400588848393,1.0,face::train::141457.jpg,0.8717791567036295,1.0,0.7518352786572544,0.8427341835579873,0.13142927863522347,0.011485400588848393,1.0,1.0
clip_b16,face,face::train::129132.jpg,control_synonym,semantic_preserving,0.7951629718794129,7,49,5,-0.04873218084849107,0.6,face::train::141457.jpg,0.8438951527279039,0.8775510204081632,0.7342036913611389,0.8228761044923643,0.06095928051827393,-0.04873218084849107,0.0,0.14285714285714285
clip_b16,face,face::train::129132.jpg,control_one_fact,semantic_changed,0.8019786092142792,7,49,5,-0.04251146693619545,0.6,face::train::141457.jpg,0.8444900761504747,0.8775510204081632,0.7337510742692768,0.8288302400844637,0.06822753494500244,-0.04251146693619545,0.0,0.14285714285714285
clip_b16,face,face::train::053065.jpg,control_synonym,semantic_preserving,0.875068232055205,2,49,5,-0.004272748818972882,0.8,face::train::001042.jpg,0.8793409808741779,0.9795918367346939,0.8065359143294917,0.8591351254340924,0.06853231772571333,-0.004272748818972882,0.0,0.5
clip_b16,face,face::train::053065.jpg,control_one_fact,semantic_changed,0.8589878800699727,2,49,5,-0.009201724188458216,0.8,face::train::001042.jpg,0.868189604258431,0.9795918367346939,0.7953337404716079,0.8392739754951216,0.06365413959836486,-0.009201724188458216,0.0,0.5
clip_b16,face,face::train::178182.jpg,control_synonym,semantic_preserving,0.8334412844955095,13,49,5,-0.02511155160689671,0.4,face::train::178129.jpg,0.8844048922572291,0.7551020408163265,0.7823576132086538,0.8637719303771373,0.05108367128685565,-0.0509636077617196,0.0,0.07692307692307693
clip_b16,face,face::train::178182.jpg,control_one_fact,semantic_changed,0.8321114196865782,10,49,5,-0.016775509186050863,0.6,face::train::178129.jpg,0.8716112672208269,0.8163265306122449,0.7826925839014434,0.8554027393716258,0.04941883578513484,-0.03949984753424873,0.0,0.1
clip_b16,face,face::train::089537.jpg,control_synonym,semantic_preserving,0.7909801797347187,17,49,5,-0.029344490424095815,0.4,face::train::001042.jpg,0.8493814367076946,0.673469387755102,0.7694591649915238,0.8394546168247429,0.0215210147431949,-0.058401256972975935,0.0,0.058823529411764705
clip_b16,face,face::train::089537.jpg,control_one_fact,semantic_changed,0.7654339724354983,18,49,5,-0.028876899587073734,0.2,face::train::001042.jpg,0.8339421146855435,0.6530612244897959,0.7486058309724697,0.8102297246259759,0.01682814146302858,-0.0685081422500452,0.0,0.05555555555555555
clip_b16,face,face::train::065762.jpg,control_one_fact,semantic_changed,0.8486647727404302,21,49,5,-0.031282796077593655,0.6,face::train::032580.jpg,0.8832715534824953,0.5918367346938775,0.8385170281302714,0.8699755183709748,0.010147744610158771,-0.034606780742065135,0.0,0.047619047619047616
clip_b16,face,face::train::168471.jpg,control_one_fact,semantic_changed,0.8015519989811974,21,49,5,-0.055572937071360906,0.4,face::train::091980.jpg,0.884709781724597,0.5918367346938775,0.7867209230649417,0.8650550602978949,0.014831075916255765,-0.08315778274339958,0.0,0.047619047619047616
clip_b16,face,face::train::101485.jpg,control_one_fact,semantic_changed,0.8033012712078116,4,49,5,-0.018048253198073017,0.8,face::train::091980.jpg,0.8326945027051255,0.9387755102040817,0.7234315175096457,0.812412656911595,0.07986975369816585,-0.029393231497313876,0.0,0.25
clip_b16,face,face::train::023736.jpg,control_one_fact,semantic_changed,0.8063424123094755,17,49,5,-0.03690391079544586,0.6,face::train::008309.jpg,0.8919854031768254,0.673469387755102,0.7761048385311902,0.8653029733247765,0.030237573778285287,-0.08564299086734994,0.0,0.058823529411764705
clip_b16,face,face::train::063708.jpg,control_one_fact,semantic_changed,0.7544091746861998,36,49,5,-0.07425857309939543,0.2,face::train::008309.jpg,0.8771538821771225,0.2857142857142857,0.7792182852812208,0.8500445465792307,-0.024809110595021,-0.1227447074909227,0.0,0.027777777777777776
clip_b16,face,face::train::138886.jpg,control_synonym,semantic_preserving,0.7987610016425178,13,49,5,-0.0179103738743025,0.2,face::train::091980.jpg,0.8623616905883855,0.7551020408163265,0.7479977861598498,0.8411466959630909,0.050763215482668045,-0.06360068894586768,0.0,0.07692307692307693
clip_b16,face,face::train::138886.jpg,control_one_fact,semantic_changed,0.8009579231872921,13,49,5,-0.017150141262866958,0.2,face::train::091980.jpg,0.8572340448966049,0.7551020408163265,0.7425634022506613,0.8376673201344701,0.05839452093663078,-0.05627612170931284,0.0,0.07692307692307693
clip_b16,face,face::train::149220.jpg,control_one_fact,semantic_changed,0.5525846530880736,27,49,5,-0.05547381257760309,0.4,face::train::141457.jpg,0.6330550974423744,0.46938775510204084,0.5588666908497909,0.6109905015486945,-0.006282037761717318,-0.08047044435430084,0.0,0.037037037037037035
clip_b16,face,face::train::060309.jpg,control_synonym,semantic_preserving,0.6787916296437166,45,49,5,-0.06574937712501583,0.0,face::train::141457.jpg,0.8015495758428164,0.10204081632653061,0.708518983573863,0.7846800329068288,-0.02972735393014636,-0.12275794619909974,0.0,0.022222222222222223
clip_b16,face,face::train::025692.jpg,control_one_fact,semantic_changed,0.8842704028636693,3,49,5,-0.02169819175278853,0.6,face::train::178129.jpg,0.9059685946164578,0.9591836734693877,0.7947860208468268,0.872214588578909,0.0894843820168425,-0.02169819175278853,0.0,0.3333333333333333
clip_b16,face,face::train::060555.jpg,control_one_fact,semantic_changed,0.8161265929431352,8,49,5,-0.0034479369354918354,0.8,face::train::141457.jpg,0.8702795327138645,0.8571428571428571,0.7439801602817475,0.8429256589351439,0.07214643266138765,-0.054152939770729325,0.0,0.125
clip_b16,face,face::train::150659.jpg,control_one_fact,semantic_changed,0.7949430532246317,16,49,5,-0.035250958963849666,0.6,face::train::101485.jpg,0.8506104495396283,0.6938775510204082,0.7619945536927779,0.8296884141671753,0.03294849953185375,-0.05566739631499662,0.0,0.0625
clip_b16,face,face::train::026996.jpg,control_one_fact,semantic_changed,0.847716199813023,13,49,5,-0.02856039684861078,0.6,face::train::091980.jpg,0.8815034854586914,0.7551020408163265,0.822810546641177,0.8757776903150347,0.02490565317184601,-0.03378728564566835,0.0,0.07692307692307693
clip_b16,face,face::train::042973.jpg,control_one_fact,semantic_changed,0.7948369911822738,27,49,5,-0.062100180372217206,0.0,face::train::178129.jpg,0.8894102268789592,0.46938775510204084,0.797879413632699,0.8810754920810373,-0.0030424224504251862,-0.09457323569668541,0.0,0.037037037037037035
clip_b16,face,face::train::092618.jpg,control_one_fact,semantic_changed,0.7805774902952072,5,49,5,0.009051598879481926,1.0,face::train::008309.jpg,0.8062333849913615,0.9183673469387755,0.7227501690298196,0.7885857317277124,0.05782732126538759,-0.02565589469615437,0.0,0.2
clip_b16,face,face::train::073196.jpg,control_one_fact,semantic_changed,0.8010129839341362,19,49,5,-0.0274397562687958,0.4,face::train::008309.jpg,0.8675845194659438,0.6326530612244898,0.7767531652392834,0.852590082635252,0.02425981869485283,-0.06657153553180761,0.0,0.05263157894736842
clip_b16,face,face::train::178129.jpg,control_synonym,semantic_preserving,0.8991251691308574,1,49,5,0.02142515151572766,1.0,face::train::141457.jpg,0.8938277513470826,1.0,0.842295842501866,0.880991334927525,0.05682932662899143,0.005297417783774794,1.0,1.0
clip_b16,face,face::train::178129.jpg,control_one_fact,semantic_changed,0.8936592637020387,1,49,5,0.018528442324690197,1.0,face::train::141457.jpg,0.8936430987706645,1.0,0.8420030725685274,0.8834617800271987,0.05165619113351139,1.6164931374240687e-05,1.0,1.0
clip_b16,face,face::train::123459.jpg,control_one_fact,semantic_changed,0.7597379732671949,24,49,5,-0.07309639511085853,0.6,face::train::008309.jpg,0.846055238079464,0.5306122448979592,0.7575881833790068,0.8362582099595717,0.002149789888188147,-0.08631726481226909,0.0,0.041666666666666664
clip_b16,face,face::train::088914.jpg,control_synonym,semantic_preserving,0.6989033918693945,11,49,5,-0.010380108645157815,0.6,face::train::157804.jpg,0.7463356954654145,0.7959183673469388,0.6546290539242654,0.7356914666951353,0.04427433794512914,-0.04743230359601991,0.0,0.09090909090909091
clip_b16,face,face::train::088914.jpg,control_one_fact,semantic_changed,0.6751384488991651,10,49,5,-0.007486745156222052,0.8,face::train::157804.jpg,0.7198076712380084,0.8163265306122449,0.6288078247878238,0.7118937567276199,0.046330624111341256,-0.044669222338843295,0.0,0.1
clip_b16,face,face::train::141457.jpg,control_one_fact,semantic_changed,0.7615590328549593,1,49,5,0.006723278514553455,1.0,face::train::008309.jpg,0.7548357543404058,1.0,0.6438264110877616,0.7382396727213353,0.11773262176719768,0.006723278514553455,1.0,1.0
clip_b16,face,face::train::001042.jpg,control_synonym,semantic_preserving,0.8912626528477501,4,49,5,0.014789852281019367,1.0,face::train::032580.jpg,0.9047071003685994,0.9387755102040817,0.851696709569518,0.8953948189696307,0.03956594327823204,-0.013444447520849279,0.0,0.25
clip_b16,face,face::train::001042.jpg,control_one_fact,semantic_changed,0.8887056086407313,4,49,5,0.018053749214357206,1.0,face::train::032580.jpg,0.908250822067312,0.9387755102040817,0.848038281163562,0.8884368588012039,0.04066732747716939,-0.019545213426580665,0.0,0.25
clip_b16,face,face::train::032580.jpg,control_one_fact,semantic_changed,0.8758409488500674,4,49,5,-0.016126060228809358,0.8,face::train::141457.jpg,0.8919670090788767,0.9387755102040817,0.7910573175382632,0.8739532341372299,0.08478363131180411,-0.016126060228809358,0.0,0.25
clip_b16,face,face::test::185812.jpg,control_synonym,semantic_preserving,0.7697944033201904,20,49,5,-0.06921706818414985,0.4,face::train::141457.jpg,0.8632087043009042,0.6122448979591837,0.7614227555327773,0.8484175027961341,0.008371647787413172,-0.0934143009807138,0.0,0.05
clip_b16,face,face::test::189858.jpg,control_one_fact,semantic_changed,0.6823628566207761,11,49,5,-0.025875243343583043,0.6,face::train::091980.jpg,0.7557762066710387,0.7959183673469388,0.6333820332200175,0.7238512231591955,0.0489808234007586,-0.07341335005026262,0.0,0.09090909090909091
clip_b16,face,face::test::183801.jpg,control_one_fact,semantic_changed,0.846248379456032,3,49,5,0.0033557502239893733,1.0,face::train::178129.jpg,0.8640540537526207,0.9591836734693877,0.7622885827348314,0.8427942570946733,0.08395979672120069,-0.017805674296588636,0.0,0.3333333333333333
clip_b16,face,face::test::188858.jpg,control_synonym,semantic_preserving,0.871107303325753,4,49,5,0.005198625150261815,1.0,face::train::178129.jpg,0.8926779295522911,0.9387755102040817,0.7812434396728722,0.873740580635191,0.0898638636528808,-0.021570626226538048,0.0,0.25
clip_b16,face,face::test::188858.jpg,control_one_fact,semantic_changed,0.8719154475099284,4,49,5,0.004458055727301402,1.0,face::train::025692.jpg,0.8909938567514435,0.9387755102040817,0.783710240982664,0.8737342501124435,0.08820520652726449,-0.01907840924151505,0.0,0.25
clip_b16,face,face::test::196777.jpg,control_one_fact,semantic_changed,0.8498245323622203,10,49,5,-0.01853752518181817,0.6,face::train::032580.jpg,0.8834697461721466,0.8163265306122449,0.8079877164948586,0.8790478398722036,0.041836815867361765,-0.033645213809926244,0.0,0.1
clip_b16,face,face::test::184003.jpg,control_synonym,semantic_preserving,0.8310825407364071,11,49,5,-0.029966788529526833,0.6,face::train::032580.jpg,0.872512119394599,0.7959183673469388,0.7897393708673155,0.8639304381581332,0.04134316986909159,-0.04142957865819197,0.0,0.09090909090909091
clip_b16,face,face::test::184003.jpg,control_one_fact,semantic_changed,0.8302452215713052,11,49,5,-0.027306550080148595,0.6,face::train::032580.jpg,0.8711141820337359,0.7959183673469388,0.787555788932687,0.8585642525952539,0.04268943263861824,-0.040868960462430715,0.0,0.09090909090909091
clip_b16,face,face::test::201409.jpg,control_one_fact,semantic_changed,0.8663781769393888,6,49,5,-0.017643996511581328,0.8,face::train::141457.jpg,0.9010096133687107,0.8979591836734694,0.8021834402711847,0.8858782581552253,0.06419473666820408,-0.03463143642932187,0.0,0.16666666666666666
clip_b16,face,face::test::196611.jpg,control_synonym,semantic_preserving,0.747298280467825,6,49,5,0.0010009818368976742,1.0,face::train::091980.jpg,0.8039898514414723,0.8979591836734694,0.6819891791642552,0.773365450740221,0.06530910130356982,-0.0566915709736473,0.0,0.16666666666666666
clip_b16,face,face::test::196611.jpg,control_one_fact,semantic_changed,0.7311829415447304,6,49,5,0.0026453172642514344,1.0,face::train::091980.jpg,0.7791726878610024,0.8979591836734694,0.6562893246584061,0.755089666996418,0.07489361688632434,-0.04798974631627195,0.0,0.16666666666666666
