model,sample_id,domain,contrast,reference_variant,changed_variant,reference_cosine,changed_cosine,delta_cosine
clip_b16,person::train::00197_4.png,person,synonym_minus_color_change,synonym_light,color_change,1.0,0.9565653800964355,0.04343461990356445
clip_b16,person::train::03736_1.jpg,person,synonym_minus_color_change,synonym_light,color_change,1.0,0.9916436076164246,0.00835639238357544
clip_b16,person::train::06597_2.jpg,person,synonym_minus_color_change,synonym_light,color_change,0.9351637363433838,0.8881673812866211,0.046996355056762695
clip_b16,person::train::10977_1.jpg,person,synonym_minus_color_change,synonym_light,color_change,0.9899466633796692,0.9443527460098267,0.04559391736984253
clip_b16,person::train::12050_5.jpg,person,synonym_minus_color_change,synonym_light,color_change,0.9999998807907104,0.9525876045227051,0.04741227626800537
clip_b16,person::train::08529_4.jpg,person,synonym_minus_color_change,synonym_light,color_change,1.0,0.8793407678604126,0.1206592321395874
clip_b16,person::train::01742_4.jpg,person,synonym_minus_color_change,synonym_light,color_change,0.9920861721038818,0.9431078433990479,0.048978328704833984
clip_b16,person::train::05158_3.jpg,person,synonym_minus_color_change,synonym_light,color_change,0.9999998807907104,0.8568425178527832,0.14315736293792725
clip_b16,person::train::02167_1.jpg,person,synonym_minus_color_change,synonym_light,color_change,0.9956000447273254,0.9682093262672424,0.027390718460083008
clip_b16,person::train::00233_10.png,person,synonym_minus_color_change,synonym_light,color_change,0.9663252830505371,0.9251561164855957,0.041169166564941406
clip_b16,person::train::01108_7.png,person,synonym_minus_color_change,synonym_light,color_change,1.0000001192092896,0.9660913944244385,0.033908724784851074
clip_b16,person::train::06085_7.jpg,person,synonym_minus_color_change,synonym_light,color_change,0.9950908422470093,0.9693088531494141,0.025781989097595215
clip_b16,person::train::12462_1.jpg,person,synonym_minus_color_change,synonym_light,color_change,0.9552329778671265,0.8970098495483398,0.05822312831878662
clip_b16,person::train::01924_2.jpg,person,synonym_minus_color_change,synonym_light,color_change,0.9786437749862671,0.9834128618240356,-0.004769086837768555
clip_b16,person::train::00969_2.png,person,synonym_minus_color_change,synonym_light,color_change,0.9453719854354858,0.9470097422599792,-0.0016377568244934082
clip_b16,person::train::09634_1.jpg,person,synonym_minus_color_change,synonym_light,color_change,0.981831967830658,0.9203234910964966,0.06150847673416138
clip_b16,person::train::11561_6.jpg,person,synonym_minus_color_change,synonym_light,color_change,0.9405916929244995,0.9252074956893921,0.015384197235107422
clip_b16,person::train::08528_6.jpg,person,synonym_minus_color_change,synonym_light,color_change,0.994543731212616,0.9803954362869263,0.014148294925689697
clip_b16,person::train::01287_5.jpg,person,synonym_minus_color_change,synonym_light,color_change,1.0000001192092896,0.91211998462677,0.08788013458251953
clip_b16,person::train::10252_1.jpg,person,synonym_minus_color_change,synonym_light,color_change,0.9728570580482483,0.9785863757133484,-0.005729317665100098
clip_b16,person::train::08924_1.jpg,person,synonym_minus_color_change,synonym_light,color_change,0.9660144448280334,0.9353967308998108,0.030617713928222656
clip_b16,person::train::02319_1.jpg,person,synonym_minus_color_change,synonym_light,color_change,0.9233225584030151,0.9077944755554199,0.015528082847595215
clip_b16,person::train::09715_3.jpg,person,synonym_minus_color_change,synonym_light,color_change,0.9952951073646545,0.9591758251190186,0.036119282245635986
clip_b16,person::train::13508_2.jpg,person,synonym_minus_color_change,synonym_light,color_change,0.9849424362182617,0.9294421672821045,0.05550026893615723
clip_b16,person::train::09751_6.jpg,person,synonym_minus_color_change,synonym_light,color_change,1.0,0.9609322547912598,0.039067745208740234
clip_b16,person::train::11903_4.jpg,person,synonym_minus_color_change,synonym_light,color_change,0.9866064786911011,0.970974326133728,0.015632152557373047
clip_b16,person::train::03720_4.jpg,person,synonym_minus_color_change,synonym_light,color_change,1.0,0.9753825664520264,0.024617433547973633
clip_b16,person::train::26249_12.jpg,person,synonym_minus_color_change,synonym_light,color_change,0.9628241658210754,0.9520785808563232,0.010745584964752197
clip_b16,person::train::08634_3.jpg,person,synonym_minus_color_change,synonym_light,color_change,1.0,0.9746955633163452,0.025304436683654785
clip_b16,person::train::00837_3.png,person,synonym_minus_color_change,synonym_light,color_change,0.985614538192749,0.9431873559951782,0.0424271821975708
clip_b16,person::query::26685_1.jpg,person,synonym_minus_color_change,synonym_light,color_change,0.9056596755981445,0.9421675205230713,-0.03650784492492676
clip_b16,person::query::14604_1.png,person,synonym_minus_color_change,synonym_light,color_change,1.0000001192092896,0.9634110927581787,0.03658902645111084
clip_b16,person::query::27008_3.jpg,person,synonym_minus_color_change,synonym_light,color_change,0.9667340517044067,0.9510141015052795,0.015719950199127197
clip_b16,person::query::14994_1.png,person,synonym_minus_color_change,synonym_light,color_change,0.9846491813659668,0.973440408706665,0.011208772659301758
clip_b16,person::query::14459_1.png,person,synonym_minus_color_change,synonym_light,color_change,0.982989490032196,0.9374422430992126,0.0455472469329834
clip_b16,person::query::26943_3.jpg,person,synonym_minus_color_change,synonym_light,color_change,0.9516252279281616,0.9148833751678467,0.03674185276031494
clip_b16,person::query::26789_3.jpg,person,synonym_minus_color_change,synonym_light,color_change,0.958720326423645,0.9240749478340149,0.03464537858963013
clip_b16,person::query::26935_2.jpg,person,synonym_minus_color_change,synonym_light,color_change,0.9225538969039917,0.9513416290283203,-0.028787732124328613
clip_b16,person::query::27100_1.jpg,person,synonym_minus_color_change,synonym_light,color_change,0.9636905193328857,0.9559133648872375,0.007777154445648193
clip_b16,person::gallery::26474_5.jpg,person,synonym_minus_color_change,synonym_light,color_change,0.9956008791923523,0.970978856086731,0.024622023105621338
clip_b16,person::gallery::27153_5.jpg,person,synonym_minus_color_change,synonym_light,color_change,0.9568833708763123,0.9639947414398193,-0.00711137056350708
clip_b16,person::gallery::26789_1.jpg,person,synonym_minus_color_change,synonym_light,color_change,0.9764890670776367,0.892615020275116,0.08387404680252075
clip_b16,person::gallery::26991_3.jpg,person,synonym_minus_color_change,synonym_light,color_change,0.9469847679138184,0.9771215319633484,-0.03013676404953003
clip_b16,person::gallery::26735_2.jpg,person,synonym_minus_color_change,synonym_light,color_change,0.9943029880523682,0.9697257280349731,0.02457726001739502
clip_b16,person::gallery::14888_1.png,person,synonym_minus_color_change,synonym_light,color_change,1.0,0.9233378171920776,0.07666218280792236
clip_b16,person::gallery::26774_3.jpg,person,synonym_minus_color_change,synonym_light,color_change,0.9169043898582458,0.911720871925354,0.005183517932891846
clip_b16,person::gallery::15309_3.png,person,synonym_minus_color_change,synonym_light,color_change,0.9807375073432922,0.9791014194488525,0.0016360878944396973
clip_b16,person::gallery::15194_3.png,person,synonym_minus_color_change,synonym_light,color_change,0.9839813709259033,0.9472156763076782,0.0367656946182251
clip_b16,vehicle::train_images::19666_c077_02.jpg,vehicle,synonym_minus_color_change,synonym_light,color_change,1.0000001192092896,0.9473782777786255,0.05262184143066406
clip_b16,vehicle::train_images::13184_c012_02.jpg,vehicle,synonym_minus_color_change,synonym_light,color_change,1.0,0.9713634252548218,0.028636574745178223
clip_b16,vehicle::train_images::13608_c139_04.jpg,vehicle,synonym_minus_color_change,synonym_light,color_change,1.0,0.9724560976028442,0.02754390239715576
clip_b16,vehicle::train_images::12849_c170_02.jpg,vehicle,synonym_minus_color_change,synonym_light,color_change,1.0,0.965194821357727,0.03480517864227295
clip_b16,vehicle::train_images::10839_c110_00.jpg,vehicle,synonym_minus_color_change,synonym_light,color_change,0.9999998807907104,0.9893911480903625,0.0106087327003479
clip_b16,vehicle::train_images::02440_c090_02.jpg,vehicle,synonym_minus_color_change,synonym_light,color_change,1.0,0.9733240604400635,0.026675939559936523
clip_b16,vehicle::train_images::12341_c073_00.jpg,vehicle,synonym_minus_color_change,synonym_light,color_change,1.0000001192092896,0.9711796641349792,0.028820455074310303
clip_b16,vehicle::train_images::18263_c110_02.jpg,vehicle,synonym_minus_color_change,synonym_light,color_change,0.9999999403953552,0.9807904362678528,0.01920950412750244
clip_b16,vehicle::train_images::10529_c003_02.jpg,vehicle,synonym_minus_color_change,synonym_light,color_change,1.0000001192092896,0.9825981855392456,0.017401933670043945
clip_b16,vehicle::train_images::15907_c041_04.jpg,vehicle,synonym_minus_color_change,synonym_light,color_change,1.0,0.9311310052871704,0.06886899471282959
clip_b16,vehicle::train_images::08854_c110_02.jpg,vehicle,synonym_minus_color_change,synonym_light,color_change,0.9735465049743652,0.9464951157569885,0.02705138921737671
clip_b16,vehicle::train_images::04922_c023_01.jpg,vehicle,synonym_minus_color_change,synonym_light,color_change,1.0000001192092896,0.9311004877090454,0.06889963150024414
clip_b16,vehicle::train_images::19263_c030_03.jpg,vehicle,synonym_minus_color_change,synonym_light,color_change,1.0,0.9632012248039246,0.03679877519607544
clip_b16,vehicle::train_images::07345_c110_03.jpg,vehicle,synonym_minus_color_change,synonym_light,color_change,1.0,0.8931149244308472,0.10688507556915283
clip_b16,vehicle::train_images::19520_c034_01.jpg,vehicle,synonym_minus_color_change,synonym_light,color_change,0.9999999403953552,0.9803491830825806,0.019650757312774658
clip_b16,vehicle::train_images::16253_c139_00.jpg,vehicle,synonym_minus_color_change,synonym_light,color_change,1.0,0.9409599304199219,0.059040069580078125
clip_b16,vehicle::train_images::06987_c051_04.jpg,vehicle,synonym_minus_color_change,synonym_light,color_change,0.9999999403953552,0.9787499308586121,0.021250009536743164
clip_b16,vehicle::train_images::05685_c100_04.jpg,vehicle,synonym_minus_color_change,synonym_light,color_change,0.9999999403953552,0.9348371624946594,0.0651627779006958
clip_b16,vehicle::train_images::16614_c041_04.jpg,vehicle,synonym_minus_color_change,synonym_light,color_change,1.0,0.9815296530723572,0.018470346927642822
clip_b16,vehicle::train_images::13946_c012_04.jpg,vehicle,synonym_minus_color_change,synonym_light,color_change,0.9999997615814209,0.9702929258346558,0.029706835746765137
clip_b16,vehicle::train_images::14133_c170_01.jpg,vehicle,synonym_minus_color_change,synonym_light,color_change,0.9999998807907104,0.9646538496017456,0.035346031188964844
clip_b16,vehicle::train_images::16747_c163_03.jpg,vehicle,synonym_minus_color_change,synonym_light,color_change,0.9999999403953552,0.9910545945167542,0.008945345878601074
clip_b16,vehicle::train_images::05432_c163_04.jpg,vehicle,synonym_minus_color_change,synonym_light,color_change,1.0,0.8758981823921204,0.12410181760787964
clip_b16,vehicle::train_images::19057_c170_04.jpg,vehicle,synonym_minus_color_change,synonym_light,color_change,0.9999998807907104,0.9185084104537964,0.08149147033691406
clip_b16,vehicle::train_images::04455_c078_00.jpg,vehicle,synonym_minus_color_change,synonym_light,color_change,1.0,0.9809111952781677,0.019088804721832275
clip_b16,vehicle::train_images::14387_c163_04.jpg,vehicle,synonym_minus_color_change,synonym_light,color_change,0.9858402013778687,0.9735549092292786,0.012285292148590088
clip_b16,vehicle::train_images::09221_c139_03.jpg,vehicle,synonym_minus_color_change,synonym_light,color_change,1.0,0.8970117568969727,0.10298824310302734
clip_b16,vehicle::train_images::04724_c110_02.jpg,vehicle,synonym_minus_color_change,synonym_light,color_change,0.9999998807907104,0.9798558950424194,0.020143985748291016
clip_b16,vehicle::train_images::08361_c094_04.jpg,vehicle,synonym_minus_color_change,synonym_light,color_change,0.9999998807907104,0.9872907996177673,0.012709081172943115
clip_b16,vehicle::train_images::03678_c014_03.jpg,vehicle,synonym_minus_color_change,synonym_light,color_change,1.0,0.9740079641342163,0.02599203586578369
clip_b16,vehicle::query_images::20204_c041_01.jpg,vehicle,synonym_minus_color_change,synonym_light,color_change,0.9999998807907104,0.9691962003707886,0.030803680419921875
clip_b16,vehicle::query_images::21022_c078_01.jpg,vehicle,synonym_minus_color_change,synonym_light,color_change,1.0,0.9773702621459961,0.022629737854003906
clip_b16,vehicle::query_images::20039_c015_00.jpg,vehicle,synonym_minus_color_change,synonym_light,color_change,0.9999998807907104,0.9804215431213379,0.01957833766937256
clip_b16,vehicle::query_images::20298_c122_00.jpg,vehicle,synonym_minus_color_change,synonym_light,color_change,0.9999998807907104,0.966364324092865,0.03363555669784546
clip_b16,vehicle::query_images::21010_c163_01.jpg,vehicle,synonym_minus_color_change,synonym_light,color_change,0.9999999403953552,0.9894470572471619,0.01055288314819336
clip_b16,vehicle::query_images::20249_c003_00.jpg,vehicle,synonym_minus_color_change,synonym_light,color_change,1.0,0.9572938680648804,0.04270613193511963
clip_b16,vehicle::query_images::20506_c051_01.jpg,vehicle,synonym_minus_color_change,synonym_light,color_change,1.0,0.959628701210022,0.04037129878997803
clip_b16,vehicle::query_images::21112_c079_00.jpg,vehicle,synonym_minus_color_change,synonym_light,color_change,0.9964643716812134,0.9623698592185974,0.03409451246261597
clip_b16,vehicle::query_images::20949_c003_01.jpg,vehicle,synonym_minus_color_change,synonym_light,color_change,0.9932956695556641,0.9412298202514648,0.05206584930419922
clip_b16,vehicle::query_images::20272_c102_00.jpg,vehicle,synonym_minus_color_change,synonym_light,color_change,1.0,0.9594933986663818,0.040506601333618164
clip_b16,vehicle::gallery_images::20591_c110_03.jpg,vehicle,synonym_minus_color_change,synonym_light,color_change,0.9975681304931641,0.9373944401741028,0.06017369031906128
clip_b16,vehicle::gallery_images::20535_c170_02.jpg,vehicle,synonym_minus_color_change,synonym_light,color_change,0.9999998807907104,0.9422759413719177,0.057723939418792725
clip_b16,vehicle::gallery_images::20877_c110_00.jpg,vehicle,synonym_minus_color_change,synonym_light,color_change,0.9851939678192139,0.9433236122131348,0.0418703556060791
clip_b16,vehicle::gallery_images::20159_c003_00.jpg,vehicle,synonym_minus_color_change,synonym_light,color_change,0.9963608980178833,0.9901031255722046,0.006257772445678711
clip_b16,vehicle::gallery_images::21199_c014_04.jpg,vehicle,synonym_minus_color_change,synonym_light,color_change,1.0000001192092896,0.9743499159812927,0.025650203227996826
clip_b16,vehicle::gallery_images::20762_c156_00.jpg,vehicle,synonym_minus_color_change,synonym_light,color_change,1.0,0.9506345391273499,0.049365460872650146
clip_b16,vehicle::gallery_images::20070_c017_01.jpg,vehicle,synonym_minus_color_change,synonym_light,color_change,1.0,0.9339360594749451,0.06606394052505493
clip_b16,vehicle::gallery_images::21216_c003_04.jpg,vehicle,synonym_minus_color_change,synonym_light,color_change,1.0,0.976134717464447,0.02386528253555298
clip_b16,vehicle::gallery_images::20559_c170_01.jpg,vehicle,synonym_minus_color_change,synonym_light,color_change,0.9999998807907104,0.9215306639671326,0.07846921682357788
clip_b16,vehicle::gallery_images::20401_c023_03.jpg,vehicle,synonym_minus_color_change,synonym_light,color_change,0.9999999403953552,0.9411963224411011,0.05880361795425415
siglip2_b16_224,person::train::00197_4.png,person,synonym_minus_color_change,synonym_light,color_change,1.0,0.9491849541664124,0.050815045833587646
siglip2_b16_224,person::train::03736_1.jpg,person,synonym_minus_color_change,synonym_light,color_change,1.0,0.9841077327728271,0.01589226722717285
siglip2_b16_224,person::train::06597_2.jpg,person,synonym_minus_color_change,synonym_light,color_change,0.904323160648346,0.8519470691680908,0.05237609148025513
siglip2_b16_224,person::train::10977_1.jpg,person,synonym_minus_color_change,synonym_light,color_change,0.9220462441444397,0.9778156876564026,-0.05576944351196289
siglip2_b16_224,person::train::12050_5.jpg,person,synonym_minus_color_change,synonym_light,color_change,0.9999999403953552,0.961198091506958,0.03880184888839722
siglip2_b16_224,person::train::08529_4.jpg,person,synonym_minus_color_change,synonym_light,color_change,1.0,0.8249108791351318,0.17508912086486816
siglip2_b16_224,person::train::01742_4.jpg,person,synonym_minus_color_change,synonym_light,color_change,0.9999656677246094,0.9521100521087646,0.04785561561584473
siglip2_b16_224,person::train::05158_3.jpg,person,synonym_minus_color_change,synonym_light,color_change,0.9999998807907104,0.8934933543205261,0.10650652647018433
siglip2_b16_224,person::train::02167_1.jpg,person,synonym_minus_color_change,synonym_light,color_change,0.9665442705154419,0.9997209310531616,-0.03317666053771973
siglip2_b16_224,person::train::00233_10.png,person,synonym_minus_color_change,synonym_light,color_change,0.9492860436439514,0.9287649989128113,0.020521044731140137
siglip2_b16_224,person::train::01108_7.png,person,synonym_minus_color_change,synonym_light,color_change,1.0000001192092896,0.9463138580322266,0.05368626117706299
siglip2_b16_224,person::train::06085_7.jpg,person,synonym_minus_color_change,synonym_light,color_change,0.9974067211151123,0.9271544814109802,0.07025223970413208
siglip2_b16_224,person::train::12462_1.jpg,person,synonym_minus_color_change,synonym_light,color_change,0.907612681388855,0.7711935639381409,0.1364191174507141
siglip2_b16_224,person::train::01924_2.jpg,person,synonym_minus_color_change,synonym_light,color_change,0.9305086135864258,0.9655919075012207,-0.03508329391479492
siglip2_b16_224,person::train::00969_2.png,person,synonym_minus_color_change,synonym_light,color_change,0.9833201766014099,0.968993067741394,0.01432710886001587
siglip2_b16_224,person::train::09634_1.jpg,person,synonym_minus_color_change,synonym_light,color_change,0.9472311735153198,0.9909170866012573,-0.0436859130859375
siglip2_b16_224,person::train::11561_6.jpg,person,synonym_minus_color_change,synonym_light,color_change,0.8826281428337097,0.882969856262207,-0.00034171342849731445
siglip2_b16_224,person::train::08528_6.jpg,person,synonym_minus_color_change,synonym_light,color_change,0.9647806286811829,0.9575091004371643,0.007271528244018555
siglip2_b16_224,person::train::01287_5.jpg,person,synonym_minus_color_change,synonym_light,color_change,1.0,0.9424029588699341,0.05759704113006592
siglip2_b16_224,person::train::10252_1.jpg,person,synonym_minus_color_change,synonym_light,color_change,0.917637825012207,0.9883742332458496,-0.07073640823364258
siglip2_b16_224,person::train::08924_1.jpg,person,synonym_minus_color_change,synonym_light,color_change,0.9697431921958923,0.9110038876533508,0.058739304542541504
siglip2_b16_224,person::train::02319_1.jpg,person,synonym_minus_color_change,synonym_light,color_change,0.9187119007110596,0.8966951966285706,0.022016704082489014
siglip2_b16_224,person::train::09715_3.jpg,person,synonym_minus_color_change,synonym_light,color_change,0.9834436178207397,0.9568701982498169,0.02657341957092285
siglip2_b16_224,person::train::13508_2.jpg,person,synonym_minus_color_change,synonym_light,color_change,0.9903409481048584,0.890658974647522,0.09968197345733643
siglip2_b16_224,person::train::09751_6.jpg,person,synonym_minus_color_change,synonym_light,color_change,1.0,0.9575113654136658,0.04248863458633423
siglip2_b16_224,person::train::11903_4.jpg,person,synonym_minus_color_change,synonym_light,color_change,0.968828022480011,0.9858099222183228,-0.016981899738311768
siglip2_b16_224,person::train::03720_4.jpg,person,synonym_minus_color_change,synonym_light,color_change,1.000000238418579,0.9400924444198608,0.05990779399871826
siglip2_b16_224,person::train::26249_12.jpg,person,synonym_minus_color_change,synonym_light,color_change,0.9356292486190796,0.9580555558204651,-0.022426307201385498
siglip2_b16_224,person::train::08634_3.jpg,person,synonym_minus_color_change,synonym_light,color_change,1.0000001192092896,0.9731412529945374,0.026858866214752197
siglip2_b16_224,person::train::00837_3.png,person,synonym_minus_color_change,synonym_light,color_change,0.969253659248352,0.9487423300743103,0.020511329174041748
siglip2_b16_224,person::query::26685_1.jpg,person,synonym_minus_color_change,synonym_light,color_change,0.9512895941734314,0.9447999000549316,0.006489694118499756
siglip2_b16_224,person::query::14604_1.png,person,synonym_minus_color_change,synonym_light,color_change,1.0,0.9476944208145142,0.05230557918548584
siglip2_b16_224,person::query::27008_3.jpg,person,synonym_minus_color_change,synonym_light,color_change,0.9435039162635803,0.9521968364715576,-0.008692920207977295
siglip2_b16_224,person::query::14994_1.png,person,synonym_minus_color_change,synonym_light,color_change,0.9528231024742126,0.9493351578712463,0.0034879446029663086
siglip2_b16_224,person::query::14459_1.png,person,synonym_minus_color_change,synonym_light,color_change,0.9381807446479797,0.9790948629379272,-0.04091411828994751
siglip2_b16_224,person::query::26943_3.jpg,person,synonym_minus_color_change,synonym_light,color_change,0.9491246342658997,0.8676659464836121,0.0814586877822876
siglip2_b16_224,person::query::26789_3.jpg,person,synonym_minus_color_change,synonym_light,color_change,0.8989953398704529,0.9493414163589478,-0.05034607648849487
siglip2_b16_224,person::query::26935_2.jpg,person,synonym_minus_color_change,synonym_light,color_change,0.9952133297920227,0.9692181944847107,0.02599513530731201
siglip2_b16_224,person::query::27100_1.jpg,person,synonym_minus_color_change,synonym_light,color_change,0.9325904846191406,0.9444113373756409,-0.011820852756500244
siglip2_b16_224,person::gallery::26474_5.jpg,person,synonym_minus_color_change,synonym_light,color_change,0.9977668523788452,0.9452723264694214,0.05249452590942383
siglip2_b16_224,person::gallery::27153_5.jpg,person,synonym_minus_color_change,synonym_light,color_change,0.9841756224632263,0.8876795172691345,0.0964961051940918
siglip2_b16_224,person::gallery::26789_1.jpg,person,synonym_minus_color_change,synonym_light,color_change,0.9993760585784912,0.8242884874343872,0.175087571144104
siglip2_b16_224,person::gallery::26991_3.jpg,person,synonym_minus_color_change,synonym_light,color_change,0.881097674369812,0.9391058683395386,-0.05800819396972656
siglip2_b16_224,person::gallery::26735_2.jpg,person,synonym_minus_color_change,synonym_light,color_change,0.9957090020179749,0.9498099684715271,0.045899033546447754
siglip2_b16_224,person::gallery::14888_1.png,person,synonym_minus_color_change,synonym_light,color_change,0.9999998807907104,0.9175986647605896,0.08240121603012085
siglip2_b16_224,person::gallery::26774_3.jpg,person,synonym_minus_color_change,synonym_light,color_change,0.9547686576843262,0.9207764863967896,0.03399217128753662
siglip2_b16_224,person::gallery::15309_3.png,person,synonym_minus_color_change,synonym_light,color_change,0.9996722936630249,0.9129294157028198,0.08674287796020508
siglip2_b16_224,person::gallery::15194_3.png,person,synonym_minus_color_change,synonym_light,color_change,0.9547206163406372,0.9284782409667969,0.026242375373840332
siglip2_b16_224,vehicle::train_images::19666_c077_02.jpg,vehicle,synonym_minus_color_change,synonym_light,color_change,1.0,0.9780723452568054,0.02192765474319458
siglip2_b16_224,vehicle::train_images::13184_c012_02.jpg,vehicle,synonym_minus_color_change,synonym_light,color_change,1.0,0.9839743375778198,0.016025662422180176
siglip2_b16_224,vehicle::train_images::13608_c139_04.jpg,vehicle,synonym_minus_color_change,synonym_light,color_change,1.0,0.9865359663963318,0.013464033603668213
siglip2_b16_224,vehicle::train_images::12849_c170_02.jpg,vehicle,synonym_minus_color_change,synonym_light,color_change,0.9999999403953552,0.9996165633201599,0.0003833770751953125
siglip2_b16_224,vehicle::train_images::10839_c110_00.jpg,vehicle,synonym_minus_color_change,synonym_light,color_change,0.9999998807907104,0.9929871559143066,0.007012724876403809
siglip2_b16_224,vehicle::train_images::02440_c090_02.jpg,vehicle,synonym_minus_color_change,synonym_light,color_change,1.0,0.9725846648216248,0.027415335178375244
siglip2_b16_224,vehicle::train_images::12341_c073_00.jpg,vehicle,synonym_minus_color_change,synonym_light,color_change,1.0000001192092896,0.9716224074363708,0.0283777117729187
siglip2_b16_224,vehicle::train_images::18263_c110_02.jpg,vehicle,synonym_minus_color_change,synonym_light,color_change,1.0,0.9889876246452332,0.011012375354766846
siglip2_b16_224,vehicle::train_images::10529_c003_02.jpg,vehicle,synonym_minus_color_change,synonym_light,color_change,1.0000001192092896,0.983791172504425,0.016208946704864502
siglip2_b16_224,vehicle::train_images::15907_c041_04.jpg,vehicle,synonym_minus_color_change,synonym_light,color_change,1.0000001192092896,0.9667929410934448,0.03320717811584473
siglip2_b16_224,vehicle::train_images::08854_c110_02.jpg,vehicle,synonym_minus_color_change,synonym_light,color_change,0.9786909818649292,0.9452630281448364,0.03342795372009277
siglip2_b16_224,vehicle::train_images::04922_c023_01.jpg,vehicle,synonym_minus_color_change,synonym_light,color_change,0.9999999403953552,0.9713016152381897,0.028698325157165527
siglip2_b16_224,vehicle::train_images::19263_c030_03.jpg,vehicle,synonym_minus_color_change,synonym_light,color_change,0.9999997615814209,0.971034049987793,0.02896571159362793
siglip2_b16_224,vehicle::train_images::07345_c110_03.jpg,vehicle,synonym_minus_color_change,synonym_light,color_change,1.0,0.9819051027297974,0.018094897270202637
siglip2_b16_224,vehicle::train_images::19520_c034_01.jpg,vehicle,synonym_minus_color_change,synonym_light,color_change,1.000000238418579,0.9913259744644165,0.008674263954162598
siglip2_b16_224,vehicle::train_images::16253_c139_00.jpg,vehicle,synonym_minus_color_change,synonym_light,color_change,1.0000001192092896,0.9414506554603577,0.058549463748931885
siglip2_b16_224,vehicle::train_images::06987_c051_04.jpg,vehicle,synonym_minus_color_change,synonym_light,color_change,1.0,0.9161319136619568,0.08386808633804321
siglip2_b16_224,vehicle::train_images::05685_c100_04.jpg,vehicle,synonym_minus_color_change,synonym_light,color_change,1.0,0.9773838520050049,0.022616147994995117
siglip2_b16_224,vehicle::train_images::16614_c041_04.jpg,vehicle,synonym_minus_color_change,synonym_light,color_change,1.0,0.9847257137298584,0.015274286270141602
siglip2_b16_224,vehicle::train_images::13946_c012_04.jpg,vehicle,synonym_minus_color_change,synonym_light,color_change,1.0,0.9777105450630188,0.0222894549369812
siglip2_b16_224,vehicle::train_images::14133_c170_01.jpg,vehicle,synonym_minus_color_change,synonym_light,color_change,0.9999998807907104,0.9470934867858887,0.05290639400482178
siglip2_b16_224,vehicle::train_images::16747_c163_03.jpg,vehicle,synonym_minus_color_change,synonym_light,color_change,0.9999999403953552,0.9940599203109741,0.0059400200843811035
siglip2_b16_224,vehicle::train_images::05432_c163_04.jpg,vehicle,synonym_minus_color_change,synonym_light,color_change,1.0,0.9995754957199097,0.00042450428009033203
siglip2_b16_224,vehicle::train_images::19057_c170_04.jpg,vehicle,synonym_minus_color_change,synonym_light,color_change,1.0,0.9863017797470093,0.013698220252990723
siglip2_b16_224,vehicle::train_images::04455_c078_00.jpg,vehicle,synonym_minus_color_change,synonym_light,color_change,1.0,0.9688163995742798,0.031183600425720215
siglip2_b16_224,vehicle::train_images::14387_c163_04.jpg,vehicle,synonym_minus_color_change,synonym_light,color_change,0.991777777671814,0.9962198138237,-0.004442036151885986
siglip2_b16_224,vehicle::train_images::09221_c139_03.jpg,vehicle,synonym_minus_color_change,synonym_light,color_change,1.0,0.9735565781593323,0.026443421840667725
siglip2_b16_224,vehicle::train_images::04724_c110_02.jpg,vehicle,synonym_minus_color_change,synonym_light,color_change,1.0,0.981557309627533,0.01844269037246704
siglip2_b16_224,vehicle::train_images::08361_c094_04.jpg,vehicle,synonym_minus_color_change,synonym_light,color_change,0.9999998807907104,0.9904651045799255,0.009534776210784912
siglip2_b16_224,vehicle::train_images::03678_c014_03.jpg,vehicle,synonym_minus_color_change,synonym_light,color_change,1.0,0.9976645708084106,0.0023354291915893555
siglip2_b16_224,vehicle::query_images::20204_c041_01.jpg,vehicle,synonym_minus_color_change,synonym_light,color_change,1.0,0.9283095598220825,0.07169044017791748
siglip2_b16_224,vehicle::query_images::21022_c078_01.jpg,vehicle,synonym_minus_color_change,synonym_light,color_change,1.0,0.9862809181213379,0.01371908187866211
siglip2_b16_224,vehicle::query_images::20039_c015_00.jpg,vehicle,synonym_minus_color_change,synonym_light,color_change,1.0,0.9794858694076538,0.02051413059234619
siglip2_b16_224,vehicle::query_images::20298_c122_00.jpg,vehicle,synonym_minus_color_change,synonym_light,color_change,0.9999998807907104,0.9786349534988403,0.021364927291870117
siglip2_b16_224,vehicle::query_images::21010_c163_01.jpg,vehicle,synonym_minus_color_change,synonym_light,color_change,1.0000001192092896,0.9927970767021179,0.007203042507171631
siglip2_b16_224,vehicle::query_images::20249_c003_00.jpg,vehicle,synonym_minus_color_change,synonym_light,color_change,1.0,0.9877958297729492,0.012204170227050781
siglip2_b16_224,vehicle::query_images::20506_c051_01.jpg,vehicle,synonym_minus_color_change,synonym_light,color_change,1.0,0.9883353114128113,0.01166468858718872
siglip2_b16_224,vehicle::query_images::21112_c079_00.jpg,vehicle,synonym_minus_color_change,synonym_light,color_change,0.9998166561126709,0.9999611377716064,-0.00014448165893554688
siglip2_b16_224,vehicle::query_images::20949_c003_01.jpg,vehicle,synonym_minus_color_change,synonym_light,color_change,0.9850746393203735,0.9667044878005981,0.01837015151977539
siglip2_b16_224,vehicle::query_images::20272_c102_00.jpg,vehicle,synonym_minus_color_change,synonym_light,color_change,0.9999998807907104,0.9877297878265381,0.012270092964172363
siglip2_b16_224,vehicle::gallery_images::20591_c110_03.jpg,vehicle,synonym_minus_color_change,synonym_light,color_change,0.9974826574325562,0.9911243915557861,0.0063582658767700195
siglip2_b16_224,vehicle::gallery_images::20535_c170_02.jpg,vehicle,synonym_minus_color_change,synonym_light,color_change,0.9999999403953552,0.9809481501579285,0.019051790237426758
siglip2_b16_224,vehicle::gallery_images::20877_c110_00.jpg,vehicle,synonym_minus_color_change,synonym_light,color_change,0.980087161064148,0.9782055616378784,0.0018815994262695312
siglip2_b16_224,vehicle::gallery_images::20159_c003_00.jpg,vehicle,synonym_minus_color_change,synonym_light,color_change,0.9985008835792542,0.9900578856468201,0.008442997932434082
siglip2_b16_224,vehicle::gallery_images::21199_c014_04.jpg,vehicle,synonym_minus_color_change,synonym_light,color_change,1.0,0.9886536598205566,0.01134634017944336
siglip2_b16_224,vehicle::gallery_images::20762_c156_00.jpg,vehicle,synonym_minus_color_change,synonym_light,color_change,1.0,0.9837956428527832,0.016204357147216797
siglip2_b16_224,vehicle::gallery_images::20070_c017_01.jpg,vehicle,synonym_minus_color_change,synonym_light,color_change,1.0,0.9803041815757751,0.019695818424224854
siglip2_b16_224,vehicle::gallery_images::21216_c003_04.jpg,vehicle,synonym_minus_color_change,synonym_light,color_change,0.9999997615814209,0.9818587303161621,0.01814103126525879
siglip2_b16_224,vehicle::gallery_images::20559_c170_01.jpg,vehicle,synonym_minus_color_change,synonym_light,color_change,1.0,0.98662930727005,0.013370692729949951
siglip2_b16_224,vehicle::gallery_images::20401_c023_03.jpg,vehicle,synonym_minus_color_change,synonym_light,color_change,1.0000001192092896,0.9038842916488647,0.0961158275604248
minilm_l6,person::train::00197_4.png,person,synonym_minus_color_change,synonym_light,color_change,1.0,0.958625078201294,0.041374921798706055
minilm_l6,person::train::03736_1.jpg,person,synonym_minus_color_change,synonym_light,color_change,1.0,0.9980342388153076,0.001965761184692383
minilm_l6,person::train::06597_2.jpg,person,synonym_minus_color_change,synonym_light,color_change,0.9388924837112427,0.9744923114776611,-0.03559982776641846
minilm_l6,person::train::10977_1.jpg,person,synonym_minus_color_change,synonym_light,color_change,0.9886965751647949,0.9898236989974976,-0.0011271238327026367
minilm_l6,person::train::12050_5.jpg,person,synonym_minus_color_change,synonym_light,color_change,1.0,0.9824893474578857,0.017510652542114258
minilm_l6,person::train::08529_4.jpg,person,synonym_minus_color_change,synonym_light,color_change,1.0,0.9496537446975708,0.0503462553024292
minilm_l6,person::train::01742_4.jpg,person,synonym_minus_color_change,synonym_light,color_change,0.9979884624481201,0.9867691993713379,0.011219263076782227
minilm_l6,person::train::05158_3.jpg,person,synonym_minus_color_change,synonym_light,color_change,1.0,0.9883087873458862,0.01169121265411377
minilm_l6,person::train::02167_1.jpg,person,synonym_minus_color_change,synonym_light,color_change,0.9947859048843384,0.9967653751373291,-0.0019794702529907227
minilm_l6,person::train::00233_10.png,person,synonym_minus_color_change,synonym_light,color_change,0.9726555943489075,0.9849469065666199,-0.012291312217712402
minilm_l6,person::train::01108_7.png,person,synonym_minus_color_change,synonym_light,color_change,1.0,0.988500714302063,0.011499285697937012
minilm_l6,person::train::06085_7.jpg,person,synonym_minus_color_change,synonym_light,color_change,0.993674635887146,0.9928997755050659,0.0007748603820800781
minilm_l6,person::train::12462_1.jpg,person,synonym_minus_color_change,synonym_light,color_change,0.895854115486145,0.9513453245162964,-0.05549120903015137
minilm_l6,person::train::01924_2.jpg,person,synonym_minus_color_change,synonym_light,color_change,0.9694422483444214,0.9973022937774658,-0.027860045433044434
minilm_l6,person::train::00969_2.png,person,synonym_minus_color_change,synonym_light,color_change,0.9650881886482239,0.9872498512268066,-0.022161662578582764
minilm_l6,person::train::09634_1.jpg,person,synonym_minus_color_change,synonym_light,color_change,0.9614217281341553,0.993952751159668,-0.032531023025512695
minilm_l6,person::train::11561_6.jpg,person,synonym_minus_color_change,synonym_light,color_change,0.970149576663971,0.9886400699615479,-0.018490493297576904
minilm_l6,person::train::08528_6.jpg,person,synonym_minus_color_change,synonym_light,color_change,0.994965136051178,0.990791916847229,0.004173219203948975
minilm_l6,person::train::01287_5.jpg,person,synonym_minus_color_change,synonym_light,color_change,1.0,0.9814639091491699,0.018536090850830078
minilm_l6,person::train::10252_1.jpg,person,synonym_minus_color_change,synonym_light,color_change,0.9778437614440918,0.9954834580421448,-0.01763969659805298
minilm_l6,person::train::08924_1.jpg,person,synonym_minus_color_change,synonym_light,color_change,0.911323606967926,0.991801917552948,-0.08047831058502197
minilm_l6,person::train::02319_1.jpg,person,synonym_minus_color_change,synonym_light,color_change,0.9259945750236511,0.9918237328529358,-0.06582915782928467
minilm_l6,person::train::09715_3.jpg,person,synonym_minus_color_change,synonym_light,color_change,0.9894886016845703,0.9562324285507202,0.0332561731338501
minilm_l6,person::train::13508_2.jpg,person,synonym_minus_color_change,synonym_light,color_change,0.9892890453338623,0.9814257025718689,0.007863342761993408
minilm_l6,person::train::09751_6.jpg,person,synonym_minus_color_change,synonym_light,color_change,1.0,0.9902348518371582,0.009765148162841797
minilm_l6,person::train::11903_4.jpg,person,synonym_minus_color_change,synonym_light,color_change,0.9964178800582886,0.9962742328643799,0.0001436471939086914
minilm_l6,person::train::03720_4.jpg,person,synonym_minus_color_change,synonym_light,color_change,1.0000001192092896,0.9960457682609558,0.00395435094833374
minilm_l6,person::train::26249_12.jpg,person,synonym_minus_color_change,synonym_light,color_change,0.9860551953315735,0.9934080839157104,-0.007352888584136963
minilm_l6,person::train::08634_3.jpg,person,synonym_minus_color_change,synonym_light,color_change,1.0,0.9949818849563599,0.005018115043640137
minilm_l6,person::train::00837_3.png,person,synonym_minus_color_change,synonym_light,color_change,0.9723510146141052,0.9902560710906982,-0.017905056476593018
minilm_l6,person::query::26685_1.jpg,person,synonym_minus_color_change,synonym_light,color_change,0.9653128385543823,0.984947919845581,-0.01963508129119873
minilm_l6,person::query::14604_1.png,person,synonym_minus_color_change,synonym_light,color_change,1.0,0.974861204624176,0.025138795375823975
minilm_l6,person::query::27008_3.jpg,person,synonym_minus_color_change,synonym_light,color_change,0.9834739565849304,0.9846434593200684,-0.0011695027351379395
minilm_l6,person::query::14994_1.png,person,synonym_minus_color_change,synonym_light,color_change,0.9885690212249756,0.9903377890586853,-0.0017687678337097168
minilm_l6,person::query::14459_1.png,person,synonym_minus_color_change,synonym_light,color_change,0.9339382648468018,0.9932781457901001,-0.05933988094329834
minilm_l6,person::query::26943_3.jpg,person,synonym_minus_color_change,synonym_light,color_change,0.9562711715698242,0.9636563658714294,-0.007385194301605225
minilm_l6,person::query::26789_3.jpg,person,synonym_minus_color_change,synonym_light,color_change,0.9646885991096497,0.9915566444396973,-0.026868045330047607
minilm_l6,person::query::26935_2.jpg,person,synonym_minus_color_change,synonym_light,color_change,0.9539890885353088,0.979370653629303,-0.02538156509399414
minilm_l6,person::query::27100_1.jpg,person,synonym_minus_color_change,synonym_light,color_change,0.904504656791687,0.9943299293518066,-0.08982527256011963
minilm_l6,person::gallery::26474_5.jpg,person,synonym_minus_color_change,synonym_light,color_change,0.989935040473938,0.986444354057312,0.0034906864166259766
minilm_l6,person::gallery::27153_5.jpg,person,synonym_minus_color_change,synonym_light,color_change,0.9249778985977173,0.9640567302703857,-0.03907883167266846
minilm_l6,person::gallery::26789_1.jpg,person,synonym_minus_color_change,synonym_light,color_change,0.9610843658447266,0.9409022927284241,0.02018207311630249
minilm_l6,person::gallery::26991_3.jpg,person,synonym_minus_color_change,synonym_light,color_change,0.9404072165489197,0.991672158241272,-0.051264941692352295
minilm_l6,person::gallery::26735_2.jpg,person,synonym_minus_color_change,synonym_light,color_change,0.9849477410316467,0.9874319434165955,-0.0024842023849487305
minilm_l6,person::gallery::14888_1.png,person,synonym_minus_color_change,synonym_light,color_change,0.9999998807907104,0.9951868653297424,0.004813015460968018
minilm_l6,person::gallery::26774_3.jpg,person,synonym_minus_color_change,synonym_light,color_change,0.9868367314338684,0.9937306642532349,-0.006893932819366455
minilm_l6,person::gallery::15309_3.png,person,synonym_minus_color_change,synonym_light,color_change,0.9276871681213379,0.9893128871917725,-0.06162571907043457
minilm_l6,person::gallery::15194_3.png,person,synonym_minus_color_change,synonym_light,color_change,0.9923709034919739,0.9905974864959717,0.0017734169960021973
minilm_l6,vehicle::train_images::19666_c077_02.jpg,vehicle,synonym_minus_color_change,synonym_light,color_change,1.0,0.9888601303100586,0.011139869689941406
minilm_l6,vehicle::train_images::13184_c012_02.jpg,vehicle,synonym_minus_color_change,synonym_light,color_change,1.0,0.9703922271728516,0.029607772827148438
minilm_l6,vehicle::train_images::13608_c139_04.jpg,vehicle,synonym_minus_color_change,synonym_light,color_change,1.0,0.9773682355880737,0.02263176441192627
minilm_l6,vehicle::train_images::12849_c170_02.jpg,vehicle,synonym_minus_color_change,synonym_light,color_change,1.0,0.9744067192077637,0.025593280792236328
minilm_l6,vehicle::train_images::10839_c110_00.jpg,vehicle,synonym_minus_color_change,synonym_light,color_change,1.0,0.9866809844970703,0.013319015502929688
minilm_l6,vehicle::train_images::02440_c090_02.jpg,vehicle,synonym_minus_color_change,synonym_light,color_change,1.0,0.9841404557228088,0.015859544277191162
minilm_l6,vehicle::train_images::12341_c073_00.jpg,vehicle,synonym_minus_color_change,synonym_light,color_change,1.0,0.9813553094863892,0.01864469051361084
minilm_l6,vehicle::train_images::18263_c110_02.jpg,vehicle,synonym_minus_color_change,synonym_light,color_change,1.0,0.9835305213928223,0.016469478607177734
minilm_l6,vehicle::train_images::10529_c003_02.jpg,vehicle,synonym_minus_color_change,synonym_light,color_change,1.0,0.981825590133667,0.018174409866333008
minilm_l6,vehicle::train_images::15907_c041_04.jpg,vehicle,synonym_minus_color_change,synonym_light,color_change,1.0,0.9511987566947937,0.0488012433052063
minilm_l6,vehicle::train_images::08854_c110_02.jpg,vehicle,synonym_minus_color_change,synonym_light,color_change,0.9525748491287231,0.9595983624458313,-0.007023513317108154
minilm_l6,vehicle::train_images::04922_c023_01.jpg,vehicle,synonym_minus_color_change,synonym_light,color_change,0.9999999403953552,0.9692039489746094,0.03079599142074585
minilm_l6,vehicle::train_images::19263_c030_03.jpg,vehicle,synonym_minus_color_change,synonym_light,color_change,1.0000001192092896,0.9795462489128113,0.02045387029647827
minilm_l6,vehicle::train_images::07345_c110_03.jpg,vehicle,synonym_minus_color_change,synonym_light,color_change,1.0,0.9885143041610718,0.011485695838928223
minilm_l6,vehicle::train_images::19520_c034_01.jpg,vehicle,synonym_minus_color_change,synonym_light,color_change,1.0,0.9831055998802185,0.016894400119781494
minilm_l6,vehicle::train_images::16253_c139_00.jpg,vehicle,synonym_minus_color_change,synonym_light,color_change,0.9999999403953552,0.9510818123817444,0.04891812801361084
minilm_l6,vehicle::train_images::06987_c051_04.jpg,vehicle,synonym_minus_color_change,synonym_light,color_change,1.0,0.9843247532844543,0.015675246715545654
minilm_l6,vehicle::train_images::05685_c100_04.jpg,vehicle,synonym_minus_color_change,synonym_light,color_change,1.0000001192092896,0.9008954167366028,0.09910470247268677
minilm_l6,vehicle::train_images::16614_c041_04.jpg,vehicle,synonym_minus_color_change,synonym_light,color_change,0.9999998807907104,0.9828780889511108,0.01712179183959961
minilm_l6,vehicle::train_images::13946_c012_04.jpg,vehicle,synonym_minus_color_change,synonym_light,color_change,1.0,0.9464645385742188,0.05353546142578125
minilm_l6,vehicle::train_images::14133_c170_01.jpg,vehicle,synonym_minus_color_change,synonym_light,color_change,1.0000001192092896,0.9695798754692078,0.030420243740081787
minilm_l6,vehicle::train_images::16747_c163_03.jpg,vehicle,synonym_minus_color_change,synonym_light,color_change,1.0000001192092896,0.9830321669578552,0.016967952251434326
minilm_l6,vehicle::train_images::05432_c163_04.jpg,vehicle,synonym_minus_color_change,synonym_light,color_change,1.0,0.9661335349082947,0.03386646509170532
minilm_l6,vehicle::train_images::19057_c170_04.jpg,vehicle,synonym_minus_color_change,synonym_light,color_change,1.0000001192092896,0.9407401084899902,0.059260010719299316
minilm_l6,vehicle::train_images::04455_c078_00.jpg,vehicle,synonym_minus_color_change,synonym_light,color_change,0.9999999403953552,0.9799210429191589,0.02007889747619629
minilm_l6,vehicle::train_images::14387_c163_04.jpg,vehicle,synonym_minus_color_change,synonym_light,color_change,0.9922066926956177,0.9862140417098999,0.0059926509857177734
minilm_l6,vehicle::train_images::09221_c139_03.jpg,vehicle,synonym_minus_color_change,synonym_light,color_change,0.9999999403953552,0.9688420295715332,0.03115791082382202
minilm_l6,vehicle::train_images::04724_c110_02.jpg,vehicle,synonym_minus_color_change,synonym_light,color_change,1.0,0.9613013863563538,0.03869861364364624
minilm_l6,vehicle::train_images::08361_c094_04.jpg,vehicle,synonym_minus_color_change,synonym_light,color_change,1.0000001192092896,0.9852235317230225,0.01477658748626709
minilm_l6,vehicle::train_images::03678_c014_03.jpg,vehicle,synonym_minus_color_change,synonym_light,color_change,1.0000001192092896,0.9872456789016724,0.012754440307617188
minilm_l6,vehicle::query_images::20204_c041_01.jpg,vehicle,synonym_minus_color_change,synonym_light,color_change,1.0,0.9689698219299316,0.03103017807006836
minilm_l6,vehicle::query_images::21022_c078_01.jpg,vehicle,synonym_minus_color_change,synonym_light,color_change,1.0,0.9784191846847534,0.021580815315246582
minilm_l6,vehicle::query_images::20039_c015_00.jpg,vehicle,synonym_minus_color_change,synonym_light,color_change,1.0,0.988813042640686,0.011186957359313965
minilm_l6,vehicle::query_images::20298_c122_00.jpg,vehicle,synonym_minus_color_change,synonym_light,color_change,1.0,0.95135897397995,0.04864102602005005
minilm_l6,vehicle::query_images::21010_c163_01.jpg,vehicle,synonym_minus_color_change,synonym_light,color_change,1.0,0.9899070262908936,0.010092973709106445
minilm_l6,vehicle::query_images::20249_c003_00.jpg,vehicle,synonym_minus_color_change,synonym_light,color_change,1.0,0.9751131534576416,0.0248868465423584
minilm_l6,vehicle::query_images::20506_c051_01.jpg,vehicle,synonym_minus_color_change,synonym_light,color_change,0.9999999403953552,0.9824820756912231,0.01751786470413208
minilm_l6,vehicle::query_images::21112_c079_00.jpg,vehicle,synonym_minus_color_change,synonym_light,color_change,0.9991332292556763,0.9937270879745483,0.00540614128112793
minilm_l6,vehicle::query_images::20949_c003_01.jpg,vehicle,synonym_minus_color_change,synonym_light,color_change,0.9960100650787354,0.96575927734375,0.03025078773498535
minilm_l6,vehicle::query_images::20272_c102_00.jpg,vehicle,synonym_minus_color_change,synonym_light,color_change,0.9999999403953552,0.9743577241897583,0.025642216205596924
minilm_l6,vehicle::gallery_images::20591_c110_03.jpg,vehicle,synonym_minus_color_change,synonym_light,color_change,0.9945773482322693,0.9895502328872681,0.005027115345001221
minilm_l6,vehicle::gallery_images::20535_c170_02.jpg,vehicle,synonym_minus_color_change,synonym_light,color_change,1.0,0.9644882678985596,0.03551173210144043
minilm_l6,vehicle::gallery_images::20877_c110_00.jpg,vehicle,synonym_minus_color_change,synonym_light,color_change,0.9948388338088989,0.9711184501647949,0.023720383644104004
minilm_l6,vehicle::gallery_images::20159_c003_00.jpg,vehicle,synonym_minus_color_change,synonym_light,color_change,0.9830564260482788,0.9838236570358276,-0.0007672309875488281
minilm_l6,vehicle::gallery_images::21199_c014_04.jpg,vehicle,synonym_minus_color_change,synonym_light,color_change,1.0,0.9776513576507568,0.022348642349243164
minilm_l6,vehicle::gallery_images::20762_c156_00.jpg,vehicle,synonym_minus_color_change,synonym_light,color_change,0.9999998807907104,0.9934831857681274,0.006516695022583008
minilm_l6,vehicle::gallery_images::20070_c017_01.jpg,vehicle,synonym_minus_color_change,synonym_light,color_change,1.0,0.9933052062988281,0.006694793701171875
minilm_l6,vehicle::gallery_images::21216_c003_04.jpg,vehicle,synonym_minus_color_change,synonym_light,color_change,0.9999999403953552,0.9696596264839172,0.03034031391143799
minilm_l6,vehicle::gallery_images::20559_c170_01.jpg,vehicle,synonym_minus_color_change,synonym_light,color_change,0.9999999403953552,0.9641786217689514,0.03582131862640381
minilm_l6,vehicle::gallery_images::20401_c023_03.jpg,vehicle,synonym_minus_color_change,synonym_light,color_change,1.000000238418579,0.9850504398345947,0.014949798583984375
clip_b16,person::train::00197_4.png,person,synonym_minus_attribute_exchange,synonym_light,attribute_exchange,1.0,0.9890300035476685,0.010969996452331543
clip_b16,person::train::03736_1.jpg,person,synonym_minus_attribute_exchange,synonym_light,attribute_exchange,1.0,0.9980413913726807,0.001958608627319336
clip_b16,person::train::10977_1.jpg,person,synonym_minus_attribute_exchange,synonym_light,attribute_exchange,0.9899466633796692,0.9865557551383972,0.0033909082412719727
clip_b16,person::train::12050_5.jpg,person,synonym_minus_attribute_exchange,synonym_light,attribute_exchange,0.9999998807907104,0.9703171253204346,0.02968275547027588
clip_b16,person::train::08529_4.jpg,person,synonym_minus_attribute_exchange,synonym_light,attribute_exchange,1.0,0.9924557209014893,0.007544279098510742
clip_b16,person::train::00233_10.png,person,synonym_minus_attribute_exchange,synonym_light,attribute_exchange,0.9663252830505371,0.9936347007751465,-0.027309417724609375
clip_b16,person::train::01108_7.png,person,synonym_minus_attribute_exchange,synonym_light,attribute_exchange,1.0000001192092896,0.9956215620040894,0.004378557205200195
clip_b16,person::train::06085_7.jpg,person,synonym_minus_attribute_exchange,synonym_light,attribute_exchange,0.9950908422470093,0.9889386892318726,0.006152153015136719
clip_b16,person::train::01924_2.jpg,person,synonym_minus_attribute_exchange,synonym_light,attribute_exchange,0.9786437749862671,0.9987693428993225,-0.02012556791305542
clip_b16,person::train::00969_2.png,person,synonym_minus_attribute_exchange,synonym_light,attribute_exchange,0.9453719854354858,0.9637734889984131,-0.018401503562927246
clip_b16,person::train::11561_6.jpg,person,synonym_minus_attribute_exchange,synonym_light,attribute_exchange,0.9405916929244995,0.9933109879493713,-0.052719295024871826
clip_b16,person::train::08528_6.jpg,person,synonym_minus_attribute_exchange,synonym_light,attribute_exchange,0.994543731212616,0.9968087673187256,-0.002265036106109619
clip_b16,person::train::01287_5.jpg,person,synonym_minus_attribute_exchange,synonym_light,attribute_exchange,1.0000001192092896,0.9931505918502808,0.006849527359008789
clip_b16,person::train::10252_1.jpg,person,synonym_minus_attribute_exchange,synonym_light,attribute_exchange,0.9728570580482483,0.9974151849746704,-0.02455812692642212
clip_b16,person::train::02319_1.jpg,person,synonym_minus_attribute_exchange,synonym_light,attribute_exchange,0.9233225584030151,0.9958646297454834,-0.07254207134246826
clip_b16,person::train::11903_4.jpg,person,synonym_minus_attribute_exchange,synonym_light,attribute_exchange,0.9866064786911011,0.9908609390258789,-0.004254460334777832
clip_b16,person::train::03720_4.jpg,person,synonym_minus_attribute_exchange,synonym_light,attribute_exchange,1.0,0.9904143810272217,0.00958561897277832
clip_b16,person::train::26249_12.jpg,person,synonym_minus_attribute_exchange,synonym_light,attribute_exchange,0.9628241658210754,0.9922593832015991,-0.02943521738052368
clip_b16,person::train::08634_3.jpg,person,synonym_minus_attribute_exchange,synonym_light,attribute_exchange,1.0,0.9908877015113831,0.009112298488616943
clip_b16,person::query::26685_1.jpg,person,synonym_minus_attribute_exchange,synonym_light,attribute_exchange,0.9056596755981445,0.9961950182914734,-0.09053534269332886
clip_b16,person::query::14604_1.png,person,synonym_minus_attribute_exchange,synonym_light,attribute_exchange,1.0000001192092896,0.9980852603912354,0.0019148588180541992
clip_b16,person::query::14994_1.png,person,synonym_minus_attribute_exchange,synonym_light,attribute_exchange,0.9846491813659668,0.9818342924118042,0.0028148889541625977
clip_b16,person::query::14459_1.png,person,synonym_minus_attribute_exchange,synonym_light,attribute_exchange,0.982989490032196,0.9968928694725037,-0.013903379440307617
clip_b16,person::query::26789_3.jpg,person,synonym_minus_attribute_exchange,synonym_light,attribute_exchange,0.958720326423645,0.9809830188751221,-0.02226269245147705
clip_b16,person::query::26935_2.jpg,person,synonym_minus_attribute_exchange,synonym_light,attribute_exchange,0.9225538969039917,0.9814378023147583,-0.0588839054107666
clip_b16,person::query::27100_1.jpg,person,synonym_minus_attribute_exchange,synonym_light,attribute_exchange,0.9636905193328857,0.9802349805831909,-0.016544461250305176
clip_b16,person::gallery::26474_5.jpg,person,synonym_minus_attribute_exchange,synonym_light,attribute_exchange,0.9956008791923523,0.9817051887512207,0.013895690441131592
clip_b16,person::gallery::26789_1.jpg,person,synonym_minus_attribute_exchange,synonym_light,attribute_exchange,0.9764890670776367,0.9853297472000122,-0.008840680122375488
clip_b16,person::gallery::26991_3.jpg,person,synonym_minus_attribute_exchange,synonym_light,attribute_exchange,0.9469847679138184,0.9877467155456543,-0.04076194763183594
clip_b16,person::gallery::26735_2.jpg,person,synonym_minus_attribute_exchange,synonym_light,attribute_exchange,0.9943029880523682,0.9807016253471375,0.013601362705230713
clip_b16,person::gallery::26774_3.jpg,person,synonym_minus_attribute_exchange,synonym_light,attribute_exchange,0.9169043898582458,0.9979102611541748,-0.08100587129592896
clip_b16,person::gallery::15194_3.png,person,synonym_minus_attribute_exchange,synonym_light,attribute_exchange,0.9839813709259033,0.9924957156181335,-0.008514344692230225
clip_b16,vehicle::train_images::19666_c077_02.jpg,vehicle,synonym_minus_attribute_exchange,synonym_light,attribute_exchange,1.0000001192092896,0.9869149923324585,0.013085126876831055
clip_b16,vehicle::train_images::13184_c012_02.jpg,vehicle,synonym_minus_attribute_exchange,synonym_light,attribute_exchange,1.0,0.9958198070526123,0.004180192947387695
clip_b16,vehicle::train_images::13608_c139_04.jpg,vehicle,synonym_minus_attribute_exchange,synonym_light,attribute_exchange,1.0,0.9961058497428894,0.0038941502571105957
clip_b16,vehicle::train_images::02440_c090_02.jpg,vehicle,synonym_minus_attribute_exchange,synonym_light,attribute_exchange,1.0,0.9958000779151917,0.00419992208480835
clip_b16,vehicle::train_images::19263_c030_03.jpg,vehicle,synonym_minus_attribute_exchange,synonym_light,attribute_exchange,1.0,0.994460940361023,0.005539059638977051
clip_b16,vehicle::train_images::07345_c110_03.jpg,vehicle,synonym_minus_attribute_exchange,synonym_light,attribute_exchange,1.0,0.9422658681869507,0.057734131813049316
clip_b16,vehicle::train_images::19520_c034_01.jpg,vehicle,synonym_minus_attribute_exchange,synonym_light,attribute_exchange,0.9999999403953552,0.9958585500717163,0.004141390323638916
clip_b16,vehicle::train_images::06987_c051_04.jpg,vehicle,synonym_minus_attribute_exchange,synonym_light,attribute_exchange,0.9999999403953552,0.9983955025672913,0.0016044378280639648
clip_b16,vehicle::train_images::19057_c170_04.jpg,vehicle,synonym_minus_attribute_exchange,synonym_light,attribute_exchange,0.9999998807907104,0.958736777305603,0.04126310348510742
clip_b16,vehicle::train_images::03678_c014_03.jpg,vehicle,synonym_minus_attribute_exchange,synonym_light,attribute_exchange,1.0,0.9817757606506348,0.018224239349365234
clip_b16,vehicle::query_images::20039_c015_00.jpg,vehicle,synonym_minus_attribute_exchange,synonym_light,attribute_exchange,0.9999998807907104,0.9917209148406982,0.008278965950012207
clip_b16,vehicle::query_images::21112_c079_00.jpg,vehicle,synonym_minus_attribute_exchange,synonym_light,attribute_exchange,0.9964643716812134,0.9860749840736389,0.010389387607574463
clip_b16,vehicle::gallery_images::20762_c156_00.jpg,vehicle,synonym_minus_attribute_exchange,synonym_light,attribute_exchange,1.0,0.9929511547088623,0.007048845291137695
clip_b16,vehicle::gallery_images::20070_c017_01.jpg,vehicle,synonym_minus_attribute_exchange,synonym_light,attribute_exchange,1.0,0.9798075556755066,0.020192444324493408
clip_b16,vehicle::gallery_images::20401_c023_03.jpg,vehicle,synonym_minus_attribute_exchange,synonym_light,attribute_exchange,0.9999999403953552,0.9702738523483276,0.029726088047027588
siglip2_b16_224,person::train::00197_4.png,person,synonym_minus_attribute_exchange,synonym_light,attribute_exchange,1.0,0.9830223321914673,0.016977667808532715
siglip2_b16_224,person::train::03736_1.jpg,person,synonym_minus_attribute_exchange,synonym_light,attribute_exchange,1.0,0.964391827583313,0.03560817241668701
siglip2_b16_224,person::train::10977_1.jpg,person,synonym_minus_attribute_exchange,synonym_light,attribute_exchange,0.9220462441444397,0.9914958477020264,-0.06944960355758667
siglip2_b16_224,person::train::12050_5.jpg,person,synonym_minus_attribute_exchange,synonym_light,attribute_exchange,0.9999999403953552,0.9303647875785828,0.06963515281677246
siglip2_b16_224,person::train::08529_4.jpg,person,synonym_minus_attribute_exchange,synonym_light,attribute_exchange,1.0,0.9605973362922668,0.039402663707733154
siglip2_b16_224,person::train::00233_10.png,person,synonym_minus_attribute_exchange,synonym_light,attribute_exchange,0.9492860436439514,0.9882283210754395,-0.03894227743148804
siglip2_b16_224,person::train::01108_7.png,person,synonym_minus_attribute_exchange,synonym_light,attribute_exchange,1.0000001192092896,0.9929037094116211,0.007096409797668457
siglip2_b16_224,person::train::06085_7.jpg,person,synonym_minus_attribute_exchange,synonym_light,attribute_exchange,0.9974067211151123,0.9841896295547485,0.01321709156036377
siglip2_b16_224,person::train::01924_2.jpg,person,synonym_minus_attribute_exchange,synonym_light,attribute_exchange,0.9305086135864258,0.9981837272644043,-0.06767511367797852
siglip2_b16_224,person::train::00969_2.png,person,synonym_minus_attribute_exchange,synonym_light,attribute_exchange,0.9833201766014099,0.972051739692688,0.011268436908721924
siglip2_b16_224,person::train::11561_6.jpg,person,synonym_minus_attribute_exchange,synonym_light,attribute_exchange,0.8826281428337097,0.963729202747345,-0.08110105991363525
siglip2_b16_224,person::train::08528_6.jpg,person,synonym_minus_attribute_exchange,synonym_light,attribute_exchange,0.9647806286811829,0.9773151874542236,-0.012534558773040771
siglip2_b16_224,person::train::01287_5.jpg,person,synonym_minus_attribute_exchange,synonym_light,attribute_exchange,1.0,0.9895209074020386,0.010479092597961426
siglip2_b16_224,person::train::10252_1.jpg,person,synonym_minus_attribute_exchange,synonym_light,attribute_exchange,0.917637825012207,0.981201708316803,-0.06356388330459595
siglip2_b16_224,person::train::02319_1.jpg,person,synonym_minus_attribute_exchange,synonym_light,attribute_exchange,0.9187119007110596,0.988562822341919,-0.06985092163085938
siglip2_b16_224,person::train::11903_4.jpg,person,synonym_minus_attribute_exchange,synonym_light,attribute_exchange,0.968828022480011,0.9768206477165222,-0.00799262523651123
siglip2_b16_224,person::train::03720_4.jpg,person,synonym_minus_attribute_exchange,synonym_light,attribute_exchange,1.000000238418579,0.9485664367675781,0.05143380165100098
siglip2_b16_224,person::train::26249_12.jpg,person,synonym_minus_attribute_exchange,synonym_light,attribute_exchange,0.9356292486190796,0.9420664310455322,-0.006437182426452637
siglip2_b16_224,person::train::08634_3.jpg,person,synonym_minus_attribute_exchange,synonym_light,attribute_exchange,1.0000001192092896,0.9879298806190491,0.012070238590240479
siglip2_b16_224,person::query::26685_1.jpg,person,synonym_minus_attribute_exchange,synonym_light,attribute_exchange,0.9512895941734314,0.9910615086555481,-0.0397719144821167
siglip2_b16_224,person::query::14604_1.png,person,synonym_minus_attribute_exchange,synonym_light,attribute_exchange,1.0,0.9782325625419617,0.02176743745803833
siglip2_b16_224,person::query::14994_1.png,person,synonym_minus_attribute_exchange,synonym_light,attribute_exchange,0.9528231024742126,0.9769104719161987,-0.024087369441986084
siglip2_b16_224,person::query::14459_1.png,person,synonym_minus_attribute_exchange,synonym_light,attribute_exchange,0.9381807446479797,0.986693263053894,-0.04851251840591431
siglip2_b16_224,person::query::26789_3.jpg,person,synonym_minus_attribute_exchange,synonym_light,attribute_exchange,0.8989953398704529,0.9496703147888184,-0.05067497491836548
siglip2_b16_224,person::query::26935_2.jpg,person,synonym_minus_attribute_exchange,synonym_light,attribute_exchange,0.9952133297920227,0.976464033126831,0.01874929666519165
siglip2_b16_224,person::query::27100_1.jpg,person,synonym_minus_attribute_exchange,synonym_light,attribute_exchange,0.9325904846191406,0.9952335357666016,-0.06264305114746094
siglip2_b16_224,person::gallery::26474_5.jpg,person,synonym_minus_attribute_exchange,synonym_light,attribute_exchange,0.9977668523788452,0.9507586359977722,0.047008216381073
siglip2_b16_224,person::gallery::26789_1.jpg,person,synonym_minus_attribute_exchange,synonym_light,attribute_exchange,0.9993760585784912,0.9378026723861694,0.06157338619232178
siglip2_b16_224,person::gallery::26991_3.jpg,person,synonym_minus_attribute_exchange,synonym_light,attribute_exchange,0.881097674369812,0.9615844488143921,-0.08048677444458008
siglip2_b16_224,person::gallery::26735_2.jpg,person,synonym_minus_attribute_exchange,synonym_light,attribute_exchange,0.9957090020179749,0.9704536199569702,0.02525538206100464
siglip2_b16_224,person::gallery::26774_3.jpg,person,synonym_minus_attribute_exchange,synonym_light,attribute_exchange,0.9547686576843262,0.9917082190513611,-0.03693956136703491
siglip2_b16_224,person::gallery::15194_3.png,person,synonym_minus_attribute_exchange,synonym_light,attribute_exchange,0.9547206163406372,0.9771413803100586,-0.022420763969421387
siglip2_b16_224,vehicle::train_images::19666_c077_02.jpg,vehicle,synonym_minus_attribute_exchange,synonym_light,attribute_exchange,1.0,0.9873119592666626,0.012688040733337402
siglip2_b16_224,vehicle::train_images::13184_c012_02.jpg,vehicle,synonym_minus_attribute_exchange,synonym_light,attribute_exchange,1.0,0.991938591003418,0.008061408996582031
siglip2_b16_224,vehicle::train_images::13608_c139_04.jpg,vehicle,synonym_minus_attribute_exchange,synonym_light,attribute_exchange,1.0,0.9949661493301392,0.00503385066986084
siglip2_b16_224,vehicle::train_images::02440_c090_02.jpg,vehicle,synonym_minus_attribute_exchange,synonym_light,attribute_exchange,1.0,0.9840255975723267,0.01597440242767334
siglip2_b16_224,vehicle::train_images::19263_c030_03.jpg,vehicle,synonym_minus_attribute_exchange,synonym_light,attribute_exchange,0.9999997615814209,0.9888085722923279,0.011191189289093018
siglip2_b16_224,vehicle::train_images::07345_c110_03.jpg,vehicle,synonym_minus_attribute_exchange,synonym_light,attribute_exchange,1.0,0.9871116876602173,0.012888312339782715
siglip2_b16_224,vehicle::train_images::19520_c034_01.jpg,vehicle,synonym_minus_attribute_exchange,synonym_light,attribute_exchange,1.000000238418579,0.9960260987281799,0.00397413969039917
siglip2_b16_224,vehicle::train_images::06987_c051_04.jpg,vehicle,synonym_minus_attribute_exchange,synonym_light,attribute_exchange,1.0,0.9844564199447632,0.015543580055236816
siglip2_b16_224,vehicle::train_images::19057_c170_04.jpg,vehicle,synonym_minus_attribute_exchange,synonym_light,attribute_exchange,1.0,0.9947363138198853,0.005263686180114746
siglip2_b16_224,vehicle::train_images::03678_c014_03.jpg,vehicle,synonym_minus_attribute_exchange,synonym_light,attribute_exchange,1.0,0.9870332479476929,0.012966752052307129
siglip2_b16_224,vehicle::query_images::20039_c015_00.jpg,vehicle,synonym_minus_attribute_exchange,synonym_light,attribute_exchange,1.0,0.9947792887687683,0.0052207112312316895
siglip2_b16_224,vehicle::query_images::21112_c079_00.jpg,vehicle,synonym_minus_attribute_exchange,synonym_light,attribute_exchange,0.9998166561126709,0.9995819330215454,0.00023472309112548828
siglip2_b16_224,vehicle::gallery_images::20762_c156_00.jpg,vehicle,synonym_minus_attribute_exchange,synonym_light,attribute_exchange,1.0,0.9950600266456604,0.0049399733543396
siglip2_b16_224,vehicle::gallery_images::20070_c017_01.jpg,vehicle,synonym_minus_attribute_exchange,synonym_light,attribute_exchange,1.0,0.9980243444442749,0.0019756555557250977
siglip2_b16_224,vehicle::gallery_images::20401_c023_03.jpg,vehicle,synonym_minus_attribute_exchange,synonym_light,attribute_exchange,1.0000001192092896,0.9375048279762268,0.062495291233062744
minilm_l6,person::train::00197_4.png,person,synonym_minus_attribute_exchange,synonym_light,attribute_exchange,1.0,0.9976176023483276,0.0023823976516723633
minilm_l6,person::train::03736_1.jpg,person,synonym_minus_attribute_exchange,synonym_light,attribute_exchange,1.0,0.999262273311615,0.0007377266883850098
minilm_l6,person::train::10977_1.jpg,person,synonym_minus_attribute_exchange,synonym_light,attribute_exchange,0.9886965751647949,0.9985612034797668,-0.009864628314971924
minilm_l6,person::train::12050_5.jpg,person,synonym_minus_attribute_exchange,synonym_light,attribute_exchange,1.0,0.9959513545036316,0.004048645496368408
minilm_l6,person::train::08529_4.jpg,person,synonym_minus_attribute_exchange,synonym_light,attribute_exchange,1.0,0.9912701845169067,0.008729815483093262
minilm_l6,person::train::00233_10.png,person,synonym_minus_attribute_exchange,synonym_light,attribute_exchange,0.9726555943489075,0.9991265535354614,-0.026470959186553955
minilm_l6,person::train::01108_7.png,person,synonym_minus_attribute_exchange,synonym_light,attribute_exchange,1.0,0.9984453916549683,0.0015546083450317383
minilm_l6,person::train::06085_7.jpg,person,synonym_minus_attribute_exchange,synonym_light,attribute_exchange,0.993674635887146,0.9988039135932922,-0.00512927770614624
minilm_l6,person::train::01924_2.jpg,person,synonym_minus_attribute_exchange,synonym_light,attribute_exchange,0.9694422483444214,0.9998188018798828,-0.030376553535461426
minilm_l6,person::train::00969_2.png,person,synonym_minus_attribute_exchange,synonym_light,attribute_exchange,0.9650881886482239,0.9959620237350464,-0.03087383508682251
minilm_l6,person::train::11561_6.jpg,person,synonym_minus_attribute_exchange,synonym_light,attribute_exchange,0.970149576663971,0.9998331069946289,-0.02968353033065796
minilm_l6,person::train::08528_6.jpg,person,synonym_minus_attribute_exchange,synonym_light,attribute_exchange,0.994965136051178,0.9989298582077026,-0.003964722156524658
minilm_l6,person::train::01287_5.jpg,person,synonym_minus_attribute_exchange,synonym_light,attribute_exchange,1.0,0.9962987303733826,0.0037012696266174316
minilm_l6,person::train::10252_1.jpg,person,synonym_minus_attribute_exchange,synonym_light,attribute_exchange,0.9778437614440918,0.9988587498664856,-0.0210149884223938
minilm_l6,person::train::02319_1.jpg,person,synonym_minus_attribute_exchange,synonym_light,attribute_exchange,0.9259945750236511,0.9964470863342285,-0.07045251131057739
minilm_l6,person::train::11903_4.jpg,person,synonym_minus_attribute_exchange,synonym_light,attribute_exchange,0.9964178800582886,0.9992059469223022,-0.002788066864013672
minilm_l6,person::train::03720_4.jpg,person,synonym_minus_attribute_exchange,synonym_light,attribute_exchange,1.0000001192092896,0.9990853071212769,0.0009148120880126953
minilm_l6,person::train::26249_12.jpg,person,synonym_minus_attribute_exchange,synonym_light,attribute_exchange,0.9860551953315735,0.9988749027252197,-0.01281970739364624
minilm_l6,person::train::08634_3.jpg,person,synonym_minus_attribute_exchange,synonym_light,attribute_exchange,1.0,0.998685359954834,0.0013146400451660156
minilm_l6,person::query::26685_1.jpg,person,synonym_minus_attribute_exchange,synonym_light,attribute_exchange,0.9653128385543823,0.999449610710144,-0.03413677215576172
minilm_l6,person::query::14604_1.png,person,synonym_minus_attribute_exchange,synonym_light,attribute_exchange,1.0,0.9925798177719116,0.007420182228088379
minilm_l6,person::query::14994_1.png,person,synonym_minus_attribute_exchange,synonym_light,attribute_exchange,0.9885690212249756,0.9963175058364868,-0.0077484846115112305
minilm_l6,person::query::14459_1.png,person,synonym_minus_attribute_exchange,synonym_light,attribute_exchange,0.9339382648468018,0.9987574219703674,-0.06481915712356567
minilm_l6,person::query::26789_3.jpg,person,synonym_minus_attribute_exchange,synonym_light,attribute_exchange,0.9646885991096497,0.9991765022277832,-0.034487903118133545
minilm_l6,person::query::26935_2.jpg,person,synonym_minus_attribute_exchange,synonym_light,attribute_exchange,0.9539890885353088,0.9974375367164612,-0.043448448181152344
minilm_l6,person::query::27100_1.jpg,person,synonym_minus_attribute_exchange,synonym_light,attribute_exchange,0.904504656791687,0.9992997646331787,-0.0947951078414917
minilm_l6,person::gallery::26474_5.jpg,person,synonym_minus_attribute_exchange,synonym_light,attribute_exchange,0.989935040473938,0.9888781309127808,0.0010569095611572266
minilm_l6,person::gallery::26789_1.jpg,person,synonym_minus_attribute_exchange,synonym_light,attribute_exchange,0.9610843658447266,0.9945412874221802,-0.03345692157745361
minilm_l6,person::gallery::26991_3.jpg,person,synonym_minus_attribute_exchange,synonym_light,attribute_exchange,0.9404072165489197,0.9984678030014038,-0.05806058645248413
minilm_l6,person::gallery::26735_2.jpg,person,synonym_minus_attribute_exchange,synonym_light,attribute_exchange,0.9849477410316467,0.995637059211731,-0.010689318180084229
minilm_l6,person::gallery::26774_3.jpg,person,synonym_minus_attribute_exchange,synonym_light,attribute_exchange,0.9868367314338684,0.9994207620620728,-0.012584030628204346
minilm_l6,person::gallery::15194_3.png,person,synonym_minus_attribute_exchange,synonym_light,attribute_exchange,0.9923709034919739,0.998781681060791,-0.006410777568817139
minilm_l6,vehicle::train_images::19666_c077_02.jpg,vehicle,synonym_minus_attribute_exchange,synonym_light,attribute_exchange,1.0,0.9990602731704712,0.0009397268295288086
minilm_l6,vehicle::train_images::13184_c012_02.jpg,vehicle,synonym_minus_attribute_exchange,synonym_light,attribute_exchange,1.0,0.9967232942581177,0.0032767057418823242
minilm_l6,vehicle::train_images::13608_c139_04.jpg,vehicle,synonym_minus_attribute_exchange,synonym_light,attribute_exchange,1.0,0.9898872375488281,0.010112762451171875
minilm_l6,vehicle::train_images::02440_c090_02.jpg,vehicle,synonym_minus_attribute_exchange,synonym_light,attribute_exchange,1.0,0.9908686876296997,0.009131312370300293
minilm_l6,vehicle::train_images::19263_c030_03.jpg,vehicle,synonym_minus_attribute_exchange,synonym_light,attribute_exchange,1.0000001192092896,0.9888449311256409,0.011155188083648682
minilm_l6,vehicle::train_images::07345_c110_03.jpg,vehicle,synonym_minus_attribute_exchange,synonym_light,attribute_exchange,1.0,0.9987415075302124,0.0012584924697875977
minilm_l6,vehicle::train_images::19520_c034_01.jpg,vehicle,synonym_minus_attribute_exchange,synonym_light,attribute_exchange,1.0,0.9969801902770996,0.0030198097229003906
minilm_l6,vehicle::train_images::06987_c051_04.jpg,vehicle,synonym_minus_attribute_exchange,synonym_light,attribute_exchange,1.0,0.9990717172622681,0.0009282827377319336
minilm_l6,vehicle::train_images::19057_c170_04.jpg,vehicle,synonym_minus_attribute_exchange,synonym_light,attribute_exchange,1.0000001192092896,0.9671101570129395,0.0328899621963501
minilm_l6,vehicle::train_images::03678_c014_03.jpg,vehicle,synonym_minus_attribute_exchange,synonym_light,attribute_exchange,1.0000001192092896,0.9974136352539062,0.0025864839553833008
minilm_l6,vehicle::query_images::20039_c015_00.jpg,vehicle,synonym_minus_attribute_exchange,synonym_light,attribute_exchange,1.0,0.9992327094078064,0.0007672905921936035
minilm_l6,vehicle::query_images::21112_c079_00.jpg,vehicle,synonym_minus_attribute_exchange,synonym_light,attribute_exchange,0.9991332292556763,0.9968258142471313,0.002307415008544922
minilm_l6,vehicle::gallery_images::20762_c156_00.jpg,vehicle,synonym_minus_attribute_exchange,synonym_light,attribute_exchange,0.9999998807907104,0.996778130531311,0.003221750259399414
minilm_l6,vehicle::gallery_images::20070_c017_01.jpg,vehicle,synonym_minus_attribute_exchange,synonym_light,attribute_exchange,1.0,0.9982699751853943,0.0017300248146057129
minilm_l6,vehicle::gallery_images::20401_c023_03.jpg,vehicle,synonym_minus_attribute_exchange,synonym_light,attribute_exchange,1.000000238418579,0.9974439740180969,0.0025562644004821777
clip_b16,person::train::00197_4.png,person,synonym_minus_negation,synonym_light,negation,1.0,0.9293131828308105,0.07068681716918945
clip_b16,person::train::03736_1.jpg,person,synonym_minus_negation,synonym_light,negation,1.0,0.992632269859314,0.007367730140686035
clip_b16,person::train::06597_2.jpg,person,synonym_minus_negation,synonym_light,negation,0.9351637363433838,0.9568866491317749,-0.021722912788391113
clip_b16,person::train::10977_1.jpg,person,synonym_minus_negation,synonym_light,negation,0.9899466633796692,0.9926497936248779,-0.0027031302452087402
clip_b16,person::train::08529_4.jpg,person,synonym_minus_negation,synonym_light,negation,1.0,0.9405585527420044,0.059441447257995605
clip_b16,person::train::01742_4.jpg,person,synonym_minus_negation,synonym_light,negation,0.9920861721038818,0.995160698890686,-0.0030745267868041992
clip_b16,person::train::05158_3.jpg,person,synonym_minus_negation,synonym_light,negation,0.9999998807907104,0.9799302816390991,0.020069599151611328
clip_b16,person::train::02167_1.jpg,person,synonym_minus_negation,synonym_light,negation,0.9956000447273254,0.9903144836425781,0.0052855610847473145
clip_b16,person::train::00233_10.png,person,synonym_minus_negation,synonym_light,negation,0.9663252830505371,0.9912515878677368,-0.024926304817199707
clip_b16,person::train::01108_7.png,person,synonym_minus_negation,synonym_light,negation,1.0000001192092896,0.982807457447052,0.01719266176223755
clip_b16,person::train::12462_1.jpg,person,synonym_minus_negation,synonym_light,negation,0.9552329778671265,0.9673581719398499,-0.012125194072723389
clip_b16,person::train::01924_2.jpg,person,synonym_minus_negation,synonym_light,negation,0.9786437749862671,0.9686980843544006,0.009945690631866455
clip_b16,person::train::00969_2.png,person,synonym_minus_negation,synonym_light,negation,0.9453719854354858,0.9926988482475281,-0.047326862812042236
clip_b16,person::train::09634_1.jpg,person,synonym_minus_negation,synonym_light,negation,0.981831967830658,0.9503605365753174,0.031471431255340576
clip_b16,person::train::11561_6.jpg,person,synonym_minus_negation,synonym_light,negation,0.9405916929244995,0.9787363409996033,-0.03814464807510376
clip_b16,person::train::01287_5.jpg,person,synonym_minus_negation,synonym_light,negation,1.0000001192092896,0.9970836043357849,0.0029165148735046387
clip_b16,person::train::10252_1.jpg,person,synonym_minus_negation,synonym_light,negation,0.9728570580482483,0.9981388449668884,-0.025281786918640137
clip_b16,person::train::08924_1.jpg,person,synonym_minus_negation,synonym_light,negation,0.9660144448280334,0.978426992893219,-0.012412548065185547
clip_b16,person::train::02319_1.jpg,person,synonym_minus_negation,synonym_light,negation,0.9233225584030151,0.9830770492553711,-0.05975449085235596
clip_b16,person::train::09715_3.jpg,person,synonym_minus_negation,synonym_light,negation,0.9952951073646545,0.950567901134491,0.044727206230163574
clip_b16,person::train::13508_2.jpg,person,synonym_minus_negation,synonym_light,negation,0.9849424362182617,0.9808209538459778,0.0041214823722839355
clip_b16,person::train::26249_12.jpg,person,synonym_minus_negation,synonym_light,negation,0.9628241658210754,0.9960312247276306,-0.033207058906555176
clip_b16,person::train::08634_3.jpg,person,synonym_minus_negation,synonym_light,negation,1.0,0.9964439868927002,0.0035560131072998047
clip_b16,person::train::00837_3.png,person,synonym_minus_negation,synonym_light,negation,0.985614538192749,0.9722193479537964,0.013395190238952637
clip_b16,person::query::14604_1.png,person,synonym_minus_negation,synonym_light,negation,1.0000001192092896,0.9616663455963135,0.038333773612976074
clip_b16,person::query::27008_3.jpg,person,synonym_minus_negation,synonym_light,negation,0.9667340517044067,0.9739776849746704,-0.007243633270263672
clip_b16,person::query::14459_1.png,person,synonym_minus_negation,synonym_light,negation,0.982989490032196,0.9916068315505981,-0.0086173415184021
clip_b16,person::query::26943_3.jpg,person,synonym_minus_negation,synonym_light,negation,0.9516252279281616,0.9616072773933411,-0.009982049465179443
clip_b16,person::query::26789_3.jpg,person,synonym_minus_negation,synonym_light,negation,0.958720326423645,0.9908552169799805,-0.03213489055633545
clip_b16,person::gallery::27153_5.jpg,person,synonym_minus_negation,synonym_light,negation,0.9568833708763123,0.961391270160675,-0.004507899284362793
clip_b16,person::gallery::26789_1.jpg,person,synonym_minus_negation,synonym_light,negation,0.9764890670776367,0.9573190212249756,0.019170045852661133
clip_b16,person::gallery::26991_3.jpg,person,synonym_minus_negation,synonym_light,negation,0.9469847679138184,0.9848778247833252,-0.037893056869506836
clip_b16,person::gallery::26735_2.jpg,person,synonym_minus_negation,synonym_light,negation,0.9943029880523682,0.9765251874923706,0.01777780055999756
clip_b16,person::gallery::14888_1.png,person,synonym_minus_negation,synonym_light,negation,1.0,0.9958721995353699,0.004127800464630127
clip_b16,person::gallery::26774_3.jpg,person,synonym_minus_negation,synonym_light,negation,0.9169043898582458,0.9857096672058105,-0.0688052773475647
clip_b16,person::gallery::15309_3.png,person,synonym_minus_negation,synonym_light,negation,0.9807375073432922,0.974431574344635,0.0063059329986572266
clip_b16,face::train::170623.jpg,face,synonym_minus_negation,synonym_light,negation,0.996708869934082,0.9981368780136108,-0.0014280080795288086
clip_b16,face::train::081413.jpg,face,synonym_minus_negation,synonym_light,negation,1.0,0.9953256845474243,0.004674315452575684
clip_b16,face::train::137722.jpg,face,synonym_minus_negation,synonym_light,negation,0.9981695413589478,1.0000001192092896,-0.0018305778503417969
clip_b16,face::train::071174.jpg,face,synonym_minus_negation,synonym_light,negation,0.997026264667511,0.9983079433441162,-0.0012816786766052246
clip_b16,face::train::166091.jpg,face,synonym_minus_negation,synonym_light,negation,0.9989784955978394,0.998164713382721,0.0008137822151184082
clip_b16,face::train::157804.jpg,face,synonym_minus_negation,synonym_light,negation,0.9999997615814209,0.9862496852874756,0.013750076293945312
clip_b16,face::train::091980.jpg,face,synonym_minus_negation,synonym_light,negation,0.9937294721603394,0.9971110224723816,-0.0033815503120422363
clip_b16,face::train::121281.jpg,face,synonym_minus_negation,synonym_light,negation,0.9994651675224304,0.9981122016906738,0.0013529658317565918
clip_b16,face::train::114832.jpg,face,synonym_minus_negation,synonym_light,negation,0.995903491973877,0.9981236457824707,-0.00222015380859375
clip_b16,face::train::090489.jpg,face,synonym_minus_negation,synonym_light,negation,0.9995882511138916,0.9985350370407104,0.0010532140731811523
clip_b16,face::train::008309.jpg,face,synonym_minus_negation,synonym_light,negation,0.9994845986366272,0.998688817024231,0.0007957816123962402
clip_b16,face::train::129132.jpg,face,synonym_minus_negation,synonym_light,negation,0.9987920522689819,1.0,-0.0012079477310180664
clip_b16,face::train::053065.jpg,face,synonym_minus_negation,synonym_light,negation,0.9997072219848633,0.9983232021331787,0.0013840198516845703
clip_b16,face::train::143554.jpg,face,synonym_minus_negation,synonym_light,negation,0.9995932579040527,0.9979351758956909,0.0016580820083618164
clip_b16,face::train::178182.jpg,face,synonym_minus_negation,synonym_light,negation,0.9988642334938049,0.9981805086135864,0.0006837248802185059
clip_b16,face::train::063618.jpg,face,synonym_minus_negation,synonym_light,negation,0.9975680112838745,0.9955488443374634,0.002019166946411133
clip_b16,face::train::089537.jpg,face,synonym_minus_negation,synonym_light,negation,0.9994527697563171,0.9986151456832886,0.0008376240730285645
clip_b16,face::train::065762.jpg,face,synonym_minus_negation,synonym_light,negation,0.9947980642318726,0.9984704852104187,-0.0036724209785461426
clip_b16,face::train::168471.jpg,face,synonym_minus_negation,synonym_light,negation,0.9994927048683167,0.9983863830566406,0.0011063218116760254
clip_b16,face::train::101485.jpg,face,synonym_minus_negation,synonym_light,negation,0.9989980459213257,0.9999998211860657,-0.0010017752647399902
clip_b16,face::train::023736.jpg,face,synonym_minus_negation,synonym_light,negation,0.9991943836212158,0.9988995790481567,0.00029480457305908203
clip_b16,face::train::063708.jpg,face,synonym_minus_negation,synonym_light,negation,1.0,1.0,0.0
clip_b16,face::train::138886.jpg,face,synonym_minus_negation,synonym_light,negation,0.9981380105018616,0.9957419633865356,0.0023960471153259277
clip_b16,face::train::149220.jpg,face,synonym_minus_negation,synonym_light,negation,0.9989553093910217,0.9999999403953552,-0.001044631004333496
clip_b16,face::train::060309.jpg,face,synonym_minus_negation,synonym_light,negation,0.9996459484100342,0.9999999403953552,-0.0003539919853210449
clip_b16,face::train::025692.jpg,face,synonym_minus_negation,synonym_light,negation,0.9978816509246826,0.9957499504089355,0.0021317005157470703
clip_b16,face::train::060555.jpg,face,synonym_minus_negation,synonym_light,negation,0.9978384971618652,0.9988763332366943,-0.0010378360748291016
clip_b16,face::train::150659.jpg,face,synonym_minus_negation,synonym_light,negation,0.9981570243835449,1.0,-0.0018429756164550781
clip_b16,face::train::026996.jpg,face,synonym_minus_negation,synonym_light,negation,0.9991979598999023,0.9987564086914062,0.00044155120849609375
clip_b16,face::train::082954.jpg,face,synonym_minus_negation,synonym_light,negation,1.0,0.9987189769744873,0.0012810230255126953
clip_b16,face::train::042973.jpg,face,synonym_minus_negation,synonym_light,negation,0.9991043210029602,0.998917818069458,0.00018650293350219727
clip_b16,face::train::092618.jpg,face,synonym_minus_negation,synonym_light,negation,0.9998353719711304,0.9980533123016357,0.001782059669494629
clip_b16,face::train::073196.jpg,face,synonym_minus_negation,synonym_light,negation,0.9982333183288574,0.9986016750335693,-0.00036835670471191406
clip_b16,face::train::178129.jpg,face,synonym_minus_negation,synonym_light,negation,0.9987311959266663,1.0,-0.0012688040733337402
clip_b16,face::train::123459.jpg,face,synonym_minus_negation,synonym_light,negation,0.9983126521110535,0.9987043738365173,-0.0003917217254638672
clip_b16,face::train::088914.jpg,face,synonym_minus_negation,synonym_light,negation,0.9990745186805725,1.0000001192092896,-0.000925600528717041
clip_b16,face::train::141457.jpg,face,synonym_minus_negation,synonym_light,negation,1.0,1.0,0.0
clip_b16,face::train::001042.jpg,face,synonym_minus_negation,synonym_light,negation,0.9966015815734863,0.9986535906791687,-0.002052009105682373
clip_b16,face::train::032580.jpg,face,synonym_minus_negation,synonym_light,negation,0.9996288418769836,0.9980898499488831,0.001538991928100586
clip_b16,face::train::109762.jpg,face,synonym_minus_negation,synonym_light,negation,0.9999998807907104,0.9968745112419128,0.0031253695487976074
clip_b16,face::test::189457.jpg,face,synonym_minus_negation,synonym_light,negation,0.9980596899986267,0.9977351427078247,0.00032454729080200195
clip_b16,face::test::186223.jpg,face,synonym_minus_negation,synonym_light,negation,0.9997578859329224,1.0,-0.00024211406707763672
clip_b16,face::test::185812.jpg,face,synonym_minus_negation,synonym_light,negation,0.9980064630508423,0.9999998807907104,-0.001993417739868164
clip_b16,face::test::189858.jpg,face,synonym_minus_negation,synonym_light,negation,0.9999998807907104,0.9983950257301331,0.0016048550605773926
clip_b16,face::test::183801.jpg,face,synonym_minus_negation,synonym_light,negation,0.9990466833114624,0.9978598952293396,0.0011867880821228027
clip_b16,face::test::188858.jpg,face,synonym_minus_negation,synonym_light,negation,0.998717725276947,0.9974006414413452,0.0013170838356018066
clip_b16,face::test::196777.jpg,face,synonym_minus_negation,synonym_light,negation,0.9981702566146851,0.9910843372344971,0.007085919380187988
clip_b16,face::test::184003.jpg,face,synonym_minus_negation,synonym_light,negation,0.9995073080062866,0.9981528520584106,0.0013544559478759766
clip_b16,face::test::201409.jpg,face,synonym_minus_negation,synonym_light,negation,1.0,0.9985529184341431,0.0014470815658569336
clip_b16,face::test::196611.jpg,face,synonym_minus_negation,synonym_light,negation,1.0,1.0,0.0
siglip2_b16_224,person::train::00197_4.png,person,synonym_minus_negation,synonym_light,negation,1.0,0.957467257976532,0.04253274202346802
siglip2_b16_224,person::train::03736_1.jpg,person,synonym_minus_negation,synonym_light,negation,1.0,0.9247419834136963,0.07525801658630371
siglip2_b16_224,person::train::06597_2.jpg,person,synonym_minus_negation,synonym_light,negation,0.904323160648346,0.9635130167007446,-0.05918985605239868
siglip2_b16_224,person::train::10977_1.jpg,person,synonym_minus_negation,synonym_light,negation,0.9220462441444397,0.9606220722198486,-0.038575828075408936
siglip2_b16_224,person::train::08529_4.jpg,person,synonym_minus_negation,synonym_light,negation,1.0,0.9434346556663513,0.05656534433364868
siglip2_b16_224,person::train::01742_4.jpg,person,synonym_minus_negation,synonym_light,negation,0.9999656677246094,0.998808741569519,0.001156926155090332
siglip2_b16_224,person::train::05158_3.jpg,person,synonym_minus_negation,synonym_light,negation,0.9999998807907104,0.9933363199234009,0.00666356086730957
siglip2_b16_224,person::train::02167_1.jpg,person,synonym_minus_negation,synonym_light,negation,0.9665442705154419,0.9950140118598938,-0.028469741344451904
siglip2_b16_224,person::train::00233_10.png,person,synonym_minus_negation,synonym_light,negation,0.9492860436439514,0.9958745837211609,-0.04658854007720947
siglip2_b16_224,person::train::01108_7.png,person,synonym_minus_negation,synonym_light,negation,1.0000001192092896,0.9980223178863525,0.0019778013229370117
siglip2_b16_224,person::train::12462_1.jpg,person,synonym_minus_negation,synonym_light,negation,0.907612681388855,0.9327866435050964,-0.025173962116241455
siglip2_b16_224,person::train::01924_2.jpg,person,synonym_minus_negation,synonym_light,negation,0.9305086135864258,0.9536420702934265,-0.023133456707000732
siglip2_b16_224,person::train::00969_2.png,person,synonym_minus_negation,synonym_light,negation,0.9833201766014099,0.998639702796936,-0.015319526195526123
siglip2_b16_224,person::train::09634_1.jpg,person,synonym_minus_negation,synonym_light,negation,0.9472311735153198,0.946508526802063,0.0007226467132568359
siglip2_b16_224,person::train::11561_6.jpg,person,synonym_minus_negation,synonym_light,negation,0.8826281428337097,0.8482201099395752,0.03440803289413452
siglip2_b16_224,person::train::01287_5.jpg,person,synonym_minus_negation,synonym_light,negation,1.0,0.9963127374649048,0.003687262535095215
siglip2_b16_224,person::train::10252_1.jpg,person,synonym_minus_negation,synonym_light,negation,0.917637825012207,0.9983032941818237,-0.0806654691696167
siglip2_b16_224,person::train::08924_1.jpg,person,synonym_minus_negation,synonym_light,negation,0.9697431921958923,0.9578936100006104,0.011849582195281982
siglip2_b16_224,person::train::02319_1.jpg,person,synonym_minus_negation,synonym_light,negation,0.9187119007110596,0.9970046281814575,-0.07829272747039795
siglip2_b16_224,person::train::09715_3.jpg,person,synonym_minus_negation,synonym_light,negation,0.9834436178207397,0.9377657771110535,0.04567784070968628
siglip2_b16_224,person::train::13508_2.jpg,person,synonym_minus_negation,synonym_light,negation,0.9903409481048584,0.9718627333641052,0.018478214740753174
siglip2_b16_224,person::train::26249_12.jpg,person,synonym_minus_negation,synonym_light,negation,0.9356292486190796,0.9990350008010864,-0.06340575218200684
siglip2_b16_224,person::train::08634_3.jpg,person,synonym_minus_negation,synonym_light,negation,1.0000001192092896,0.999504029750824,0.0004960894584655762
siglip2_b16_224,person::train::00837_3.png,person,synonym_minus_negation,synonym_light,negation,0.969253659248352,0.9784128069877625,-0.0091591477394104
siglip2_b16_224,person::query::14604_1.png,person,synonym_minus_negation,synonym_light,negation,1.0,0.966806173324585,0.03319382667541504
siglip2_b16_224,person::query::27008_3.jpg,person,synonym_minus_negation,synonym_light,negation,0.9435039162635803,0.9880402684211731,-0.04453635215759277
siglip2_b16_224,person::query::14459_1.png,person,synonym_minus_negation,synonym_light,negation,0.9381807446479797,0.9521456956863403,-0.013964951038360596
siglip2_b16_224,person::query::26943_3.jpg,person,synonym_minus_negation,synonym_light,negation,0.9491246342658997,0.9598948359489441,-0.010770201683044434
siglip2_b16_224,person::query::26789_3.jpg,person,synonym_minus_negation,synonym_light,negation,0.8989953398704529,0.9890944957733154,-0.09009915590286255
siglip2_b16_224,person::gallery::27153_5.jpg,person,synonym_minus_negation,synonym_light,negation,0.9841756224632263,0.9729282855987549,0.011247336864471436
siglip2_b16_224,person::gallery::26789_1.jpg,person,synonym_minus_negation,synonym_light,negation,0.9993760585784912,0.9551661014556885,0.044209957122802734
siglip2_b16_224,person::gallery::26991_3.jpg,person,synonym_minus_negation,synonym_light,negation,0.881097674369812,0.9806023836135864,-0.09950470924377441
siglip2_b16_224,person::gallery::26735_2.jpg,person,synonym_minus_negation,synonym_light,negation,0.9957090020179749,0.9910061359405518,0.004702866077423096
siglip2_b16_224,person::gallery::14888_1.png,person,synonym_minus_negation,synonym_light,negation,0.9999998807907104,0.9988354444503784,0.0011644363403320312
siglip2_b16_224,person::gallery::26774_3.jpg,person,synonym_minus_negation,synonym_light,negation,0.9547686576843262,0.9973446726799011,-0.04257601499557495
siglip2_b16_224,person::gallery::15309_3.png,person,synonym_minus_negation,synonym_light,negation,0.9996722936630249,0.9702247381210327,0.029447555541992188
siglip2_b16_224,face::train::170623.jpg,face,synonym_minus_negation,synonym_light,negation,0.999703049659729,0.999645471572876,5.7578086853027344e-05
siglip2_b16_224,face::train::081413.jpg,face,synonym_minus_negation,synonym_light,negation,1.0,0.9994102716445923,0.0005897283554077148
siglip2_b16_224,face::train::137722.jpg,face,synonym_minus_negation,synonym_light,negation,0.996025562286377,1.000000238418579,-0.0039746761322021484
siglip2_b16_224,face::train::071174.jpg,face,synonym_minus_negation,synonym_light,negation,0.9986367225646973,0.9994674921035767,-0.0008307695388793945
siglip2_b16_224,face::train::166091.jpg,face,synonym_minus_negation,synonym_light,negation,0.9970690011978149,0.9989875555038452,-0.0019185543060302734
siglip2_b16_224,face::train::157804.jpg,face,synonym_minus_negation,synonym_light,negation,1.0000001192092896,0.9995813369750977,0.00041878223419189453
siglip2_b16_224,face::train::091980.jpg,face,synonym_minus_negation,synonym_light,negation,0.9621050357818604,0.998856782913208,-0.036751747131347656
siglip2_b16_224,face::train::121281.jpg,face,synonym_minus_negation,synonym_light,negation,0.9989948868751526,0.9990617036819458,-6.681680679321289e-05
siglip2_b16_224,face::train::114832.jpg,face,synonym_minus_negation,synonym_light,negation,0.954216480255127,0.9994745254516602,-0.0452580451965332
siglip2_b16_224,face::train::090489.jpg,face,synonym_minus_negation,synonym_light,negation,0.999718964099884,0.9997562170028687,-3.725290298461914e-05
siglip2_b16_224,face::train::008309.jpg,face,synonym_minus_negation,synonym_light,negation,0.9988397359848022,0.9989288449287415,-8.910894393920898e-05
siglip2_b16_224,face::train::129132.jpg,face,synonym_minus_negation,synonym_light,negation,0.999489963054657,0.9999998807907104,-0.0005099177360534668
siglip2_b16_224,face::train::053065.jpg,face,synonym_minus_negation,synonym_light,negation,0.9994628429412842,0.998938798904419,0.0005240440368652344
siglip2_b16_224,face::train::143554.jpg,face,synonym_minus_negation,synonym_light,negation,0.9985015392303467,0.9996999502182007,-0.001198410987854004
siglip2_b16_224,face::train::178182.jpg,face,synonym_minus_negation,synonym_light,negation,0.9979569315910339,0.999062180519104,-0.0011052489280700684
siglip2_b16_224,face::train::063618.jpg,face,synonym_minus_negation,synonym_light,negation,0.996399998664856,0.9970112442970276,-0.0006112456321716309
siglip2_b16_224,face::train::089537.jpg,face,synonym_minus_negation,synonym_light,negation,0.9982442855834961,0.9976011514663696,0.0006431341171264648
siglip2_b16_224,face::train::065762.jpg,face,synonym_minus_negation,synonym_light,negation,0.9872851371765137,0.9988605976104736,-0.011575460433959961
siglip2_b16_224,face::train::168471.jpg,face,synonym_minus_negation,synonym_light,negation,0.9998518228530884,0.9991950988769531,0.0006567239761352539
siglip2_b16_224,face::train::101485.jpg,face,synonym_minus_negation,synonym_light,negation,0.9961522817611694,0.9999998807907104,-0.0038475990295410156
siglip2_b16_224,face::train::023736.jpg,face,synonym_minus_negation,synonym_light,negation,0.9996665716171265,0.9993694424629211,0.00029712915420532227
siglip2_b16_224,face::train::063708.jpg,face,synonym_minus_negation,synonym_light,negation,1.0,1.0,0.0
siglip2_b16_224,face::train::138886.jpg,face,synonym_minus_negation,synonym_light,negation,0.9971379041671753,0.9994224309921265,-0.002284526824951172
siglip2_b16_224,face::train::149220.jpg,face,synonym_minus_negation,synonym_light,negation,0.9964218735694885,1.0000001192092896,-0.0035782456398010254
siglip2_b16_224,face::train::060309.jpg,face,synonym_minus_negation,synonym_light,negation,0.9990178942680359,1.0,-0.0009821057319641113
siglip2_b16_224,face::train::025692.jpg,face,synonym_minus_negation,synonym_light,negation,0.996634304523468,0.9983481764793396,-0.001713871955871582
siglip2_b16_224,face::train::060555.jpg,face,synonym_minus_negation,synonym_light,negation,0.9981465935707092,0.9995260238647461,-0.0013794302940368652
siglip2_b16_224,face::train::150659.jpg,face,synonym_minus_negation,synonym_light,negation,0.999279260635376,1.0,-0.0007207393646240234
siglip2_b16_224,face::train::026996.jpg,face,synonym_minus_negation,synonym_light,negation,0.9991611242294312,0.9974542260169983,0.0017068982124328613
siglip2_b16_224,face::train::082954.jpg,face,synonym_minus_negation,synonym_light,negation,0.9999998807907104,0.997664213180542,0.002335667610168457
siglip2_b16_224,face::train::042973.jpg,face,synonym_minus_negation,synonym_light,negation,0.9979498386383057,0.9983627200126648,-0.00041288137435913086
siglip2_b16_224,face::train::092618.jpg,face,synonym_minus_negation,synonym_light,negation,0.9980390071868896,0.9988929033279419,-0.0008538961410522461
siglip2_b16_224,face::train::073196.jpg,face,synonym_minus_negation,synonym_light,negation,0.9940191507339478,0.9994500279426575,-0.005430877208709717
siglip2_b16_224,face::train::178129.jpg,face,synonym_minus_negation,synonym_light,negation,0.9964196681976318,1.0000001192092896,-0.003580451011657715
siglip2_b16_224,face::train::123459.jpg,face,synonym_minus_negation,synonym_light,negation,0.9992520213127136,0.9996336102485657,-0.0003815889358520508
siglip2_b16_224,face::train::088914.jpg,face,synonym_minus_negation,synonym_light,negation,0.9988492727279663,1.0,-0.0011507272720336914
siglip2_b16_224,face::train::141457.jpg,face,synonym_minus_negation,synonym_light,negation,0.9999999403953552,0.9999999403953552,0.0
siglip2_b16_224,face::train::001042.jpg,face,synonym_minus_negation,synonym_light,negation,0.9911965727806091,0.9986686706542969,-0.007472097873687744
siglip2_b16_224,face::train::032580.jpg,face,synonym_minus_negation,synonym_light,negation,0.9983738660812378,0.9991479516029358,-0.000774085521697998
siglip2_b16_224,face::train::109762.jpg,face,synonym_minus_negation,synonym_light,negation,1.0000001192092896,0.9984086751937866,0.0015914440155029297
siglip2_b16_224,face::test::189457.jpg,face,synonym_minus_negation,synonym_light,negation,0.9981467723846436,0.9986904859542847,-0.0005437135696411133
siglip2_b16_224,face::test::186223.jpg,face,synonym_minus_negation,synonym_light,negation,0.9996033906936646,0.9999999403953552,-0.00039654970169067383
siglip2_b16_224,face::test::185812.jpg,face,synonym_minus_negation,synonym_light,negation,0.994854211807251,1.0,-0.0051457881927490234
siglip2_b16_224,face::test::189858.jpg,face,synonym_minus_negation,synonym_light,negation,0.9999999403953552,0.9982503056526184,0.0017496347427368164
siglip2_b16_224,face::test::183801.jpg,face,synonym_minus_negation,synonym_light,negation,0.9972084164619446,0.9995424747467041,-0.0023340582847595215
siglip2_b16_224,face::test::188858.jpg,face,synonym_minus_negation,synonym_light,negation,0.9942694902420044,0.9989951848983765,-0.00472569465637207
siglip2_b16_224,face::test::196777.jpg,face,synonym_minus_negation,synonym_light,negation,0.9982213973999023,0.9963353276252747,0.0018860697746276855
siglip2_b16_224,face::test::184003.jpg,face,synonym_minus_negation,synonym_light,negation,0.9940903782844543,0.9977844953536987,-0.0036941170692443848
siglip2_b16_224,face::test::201409.jpg,face,synonym_minus_negation,synonym_light,negation,1.0,0.9979110956192017,0.00208890438079834
siglip2_b16_224,face::test::196611.jpg,face,synonym_minus_negation,synonym_light,negation,0.9999998807907104,0.9999998807907104,0.0
minilm_l6,person::train::00197_4.png,person,synonym_minus_negation,synonym_light,negation,1.0,0.9498209953308105,0.05017900466918945
minilm_l6,person::train::03736_1.jpg,person,synonym_minus_negation,synonym_light,negation,1.0,0.9887665510177612,0.01123344898223877
minilm_l6,person::train::06597_2.jpg,person,synonym_minus_negation,synonym_light,negation,0.9388924837112427,0.9610373973846436,-0.02214491367340088
minilm_l6,person::train::10977_1.jpg,person,synonym_minus_negation,synonym_light,negation,0.9886965751647949,0.9956737756729126,-0.006977200508117676
minilm_l6,person::train::08529_4.jpg,person,synonym_minus_negation,synonym_light,negation,1.0,0.9429885149002075,0.05701148509979248
minilm_l6,person::train::01742_4.jpg,person,synonym_minus_negation,synonym_light,negation,0.9979884624481201,0.9950114488601685,0.00297701358795166
minilm_l6,person::train::05158_3.jpg,person,synonym_minus_negation,synonym_light,negation,1.0,0.984648585319519,0.015351414680480957
minilm_l6,person::train::02167_1.jpg,person,synonym_minus_negation,synonym_light,negation,0.9947859048843384,0.9939461946487427,0.0008397102355957031
minilm_l6,person::train::00233_10.png,person,synonym_minus_negation,synonym_light,negation,0.9726555943489075,0.9652442932128906,0.007411301136016846
minilm_l6,person::train::01108_7.png,person,synonym_minus_negation,synonym_light,negation,1.0,0.9900967478752136,0.009903252124786377
minilm_l6,person::train::12462_1.jpg,person,synonym_minus_negation,synonym_light,negation,0.895854115486145,0.9579213261604309,-0.06206721067428589
minilm_l6,person::train::01924_2.jpg,person,synonym_minus_negation,synonym_light,negation,0.9694422483444214,0.9697646498680115,-0.0003224015235900879
minilm_l6,person::train::00969_2.png,person,synonym_minus_negation,synonym_light,negation,0.9650881886482239,0.9930384159088135,-0.0279502272605896
minilm_l6,person::train::09634_1.jpg,person,synonym_minus_negation,synonym_light,negation,0.9614217281341553,0.9825853705406189,-0.021163642406463623
minilm_l6,person::train::11561_6.jpg,person,synonym_minus_negation,synonym_light,negation,0.970149576663971,0.9582661390304565,0.011883437633514404
minilm_l6,person::train::01287_5.jpg,person,synonym_minus_negation,synonym_light,negation,1.0,0.9912601709365845,0.008739829063415527
minilm_l6,person::train::10252_1.jpg,person,synonym_minus_negation,synonym_light,negation,0.9778437614440918,0.9964728355407715,-0.018629074096679688
minilm_l6,person::train::08924_1.jpg,person,synonym_minus_negation,synonym_light,negation,0.911323606967926,0.983880341053009,-0.07255673408508301
minilm_l6,person::train::02319_1.jpg,person,synonym_minus_negation,synonym_light,negation,0.9259945750236511,0.9876772165298462,-0.06168264150619507
minilm_l6,person::train::09715_3.jpg,person,synonym_minus_negation,synonym_light,negation,0.9894886016845703,0.8826782703399658,0.10681033134460449
minilm_l6,person::train::13508_2.jpg,person,synonym_minus_negation,synonym_light,negation,0.9892890453338623,0.9854816794395447,0.003807365894317627
minilm_l6,person::train::26249_12.jpg,person,synonym_minus_negation,synonym_light,negation,0.9860551953315735,0.9760679602622986,0.009987235069274902
minilm_l6,person::train::08634_3.jpg,person,synonym_minus_negation,synonym_light,negation,1.0,0.9986637830734253,0.001336216926574707
minilm_l6,person::train::00837_3.png,person,synonym_minus_negation,synonym_light,negation,0.9723510146141052,0.9658559560775757,0.006495058536529541
minilm_l6,person::query::14604_1.png,person,synonym_minus_negation,synonym_light,negation,1.0,0.9650808572769165,0.034919142723083496
minilm_l6,person::query::27008_3.jpg,person,synonym_minus_negation,synonym_light,negation,0.9834739565849304,0.965827226638794,0.017646729946136475
minilm_l6,person::query::14459_1.png,person,synonym_minus_negation,synonym_light,negation,0.9339382648468018,0.9883401393890381,-0.05440187454223633
minilm_l6,person::query::26943_3.jpg,person,synonym_minus_negation,synonym_light,negation,0.9562711715698242,0.9528698325157166,0.003401339054107666
minilm_l6,person::query::26789_3.jpg,person,synonym_minus_negation,synonym_light,negation,0.9646885991096497,0.9924752712249756,-0.027786672115325928
minilm_l6,person::gallery::27153_5.jpg,person,synonym_minus_negation,synonym_light,negation,0.9249778985977173,0.8636244535446167,0.061353445053100586
minilm_l6,person::gallery::26789_1.jpg,person,synonym_minus_negation,synonym_light,negation,0.9610843658447266,0.8643236756324768,0.09676069021224976
minilm_l6,person::gallery::26991_3.jpg,person,synonym_minus_negation,synonym_light,negation,0.9404072165489197,0.9966163635253906,-0.05620914697647095
minilm_l6,person::gallery::26735_2.jpg,person,synonym_minus_negation,synonym_light,negation,0.9849477410316467,0.9933474659919739,-0.008399724960327148
minilm_l6,person::gallery::14888_1.png,person,synonym_minus_negation,synonym_light,negation,0.9999998807907104,0.9888246059417725,0.011175274848937988
minilm_l6,person::gallery::26774_3.jpg,person,synonym_minus_negation,synonym_light,negation,0.9868367314338684,0.9931650757789612,-0.0063283443450927734
minilm_l6,person::gallery::15309_3.png,person,synonym_minus_negation,synonym_light,negation,0.9276871681213379,0.9602124094963074,-0.03252524137496948
minilm_l6,face::train::170623.jpg,face,synonym_minus_negation,synonym_light,negation,0.9974637627601624,0.9997241497039795,-0.0022603869438171387
minilm_l6,face::train::081413.jpg,face,synonym_minus_negation,synonym_light,negation,0.9976552128791809,0.9961858987808228,0.0014693140983581543
minilm_l6,face::train::137722.jpg,face,synonym_minus_negation,synonym_light,negation,0.9987128376960754,0.9986655712127686,4.7266483306884766e-05
minilm_l6,face::train::071174.jpg,face,synonym_minus_negation,synonym_light,negation,0.9981766939163208,0.9991708993911743,-0.0009942054748535156
minilm_l6,face::train::166091.jpg,face,synonym_minus_negation,synonym_light,negation,0.9989938735961914,0.9998931884765625,-0.0008993148803710938
minilm_l6,face::train::157804.jpg,face,synonym_minus_negation,synonym_light,negation,0.9994909167289734,0.9997984170913696,-0.00030750036239624023
minilm_l6,face::train::091980.jpg,face,synonym_minus_negation,synonym_light,negation,0.9963359832763672,0.9990093111991882,-0.002673327922821045
minilm_l6,face::train::121281.jpg,face,synonym_minus_negation,synonym_light,negation,0.9988608360290527,0.9985653758049011,0.00029546022415161133
minilm_l6,face::train::114832.jpg,face,synonym_minus_negation,synonym_light,negation,0.9942721724510193,0.9997527599334717,-0.005480587482452393
minilm_l6,face::train::090489.jpg,face,synonym_minus_negation,synonym_light,negation,0.9973863363265991,0.9992684721946716,-0.0018821358680725098
minilm_l6,face::train::008309.jpg,face,synonym_minus_negation,synonym_light,negation,0.9992245435714722,0.9996469020843506,-0.00042235851287841797
minilm_l6,face::train::129132.jpg,face,synonym_minus_negation,synonym_light,negation,0.9994420409202576,0.9983015060424805,0.0011405348777770996
minilm_l6,face::train::053065.jpg,face,synonym_minus_negation,synonym_light,negation,0.997338593006134,0.999062716960907,-0.0017241239547729492
minilm_l6,face::train::143554.jpg,face,synonym_minus_negation,synonym_light,negation,0.9978471398353577,0.9992318153381348,-0.0013846755027770996
minilm_l6,face::train::178182.jpg,face,synonym_minus_negation,synonym_light,negation,0.9989413619041443,0.9996724128723145,-0.000731050968170166
minilm_l6,face::train::063618.jpg,face,synonym_minus_negation,synonym_light,negation,0.9953503608703613,0.9951655864715576,0.00018477439880371094
minilm_l6,face::train::089537.jpg,face,synonym_minus_negation,synonym_light,negation,0.9944126605987549,0.9996234178543091,-0.005210757255554199
minilm_l6,face::train::065762.jpg,face,synonym_minus_negation,synonym_light,negation,0.999043345451355,0.9996902942657471,-0.0006469488143920898
minilm_l6,face::train::168471.jpg,face,synonym_minus_negation,synonym_light,negation,0.9986200332641602,0.9996713995933533,-0.0010513663291931152
minilm_l6,face::train::101485.jpg,face,synonym_minus_negation,synonym_light,negation,0.9991087913513184,0.9977876543998718,0.0013211369514465332
minilm_l6,face::train::023736.jpg,face,synonym_minus_negation,synonym_light,negation,0.9986160397529602,0.9997943639755249,-0.0011783242225646973
minilm_l6,face::train::063708.jpg,face,synonym_minus_negation,synonym_light,negation,0.9910116195678711,0.9901565313339233,0.0008550882339477539
minilm_l6,face::train::138886.jpg,face,synonym_minus_negation,synonym_light,negation,0.9980775713920593,0.9997878670692444,-0.0017102956771850586
minilm_l6,face::train::149220.jpg,face,synonym_minus_negation,synonym_light,negation,0.996382474899292,0.9949734807014465,0.001408994197845459
minilm_l6,face::train::060309.jpg,face,synonym_minus_negation,synonym_light,negation,0.9995188117027283,0.9988518953323364,0.0006669163703918457
minilm_l6,face::train::025692.jpg,face,synonym_minus_negation,synonym_light,negation,0.9991670846939087,0.9966700077056885,0.002497076988220215
minilm_l6,face::train::060555.jpg,face,synonym_minus_negation,synonym_light,negation,0.9988203644752502,0.9996078014373779,-0.0007874369621276855
minilm_l6,face::train::150659.jpg,face,synonym_minus_negation,synonym_light,negation,0.9996097087860107,0.9985191822052002,0.0010905265808105469
minilm_l6,face::train::026996.jpg,face,synonym_minus_negation,synonym_light,negation,0.9995379447937012,0.9998154044151306,-0.00027745962142944336
minilm_l6,face::train::082954.jpg,face,synonym_minus_negation,synonym_light,negation,0.9997882843017578,0.9993405342102051,0.0004477500915527344
minilm_l6,face::train::042973.jpg,face,synonym_minus_negation,synonym_light,negation,0.9978014230728149,0.999792754650116,-0.0019913315773010254
minilm_l6,face::train::092618.jpg,face,synonym_minus_negation,synonym_light,negation,0.9985188841819763,0.9989898800849915,-0.0004709959030151367
minilm_l6,face::train::073196.jpg,face,synonym_minus_negation,synonym_light,negation,0.9992113709449768,0.9993970394134521,-0.0001856684684753418
minilm_l6,face::train::178129.jpg,face,synonym_minus_negation,synonym_light,negation,0.9991252422332764,0.993697464466095,0.0054277777671813965
minilm_l6,face::train::123459.jpg,face,synonym_minus_negation,synonym_light,negation,0.9983711838722229,0.9992823600769043,-0.0009111762046813965
minilm_l6,face::train::088914.jpg,face,synonym_minus_negation,synonym_light,negation,0.9983901977539062,0.9964375495910645,0.0019526481628417969
minilm_l6,face::train::141457.jpg,face,synonym_minus_negation,synonym_light,negation,0.9905387759208679,0.9913009405136108,-0.0007621645927429199
minilm_l6,face::train::001042.jpg,face,synonym_minus_negation,synonym_light,negation,0.996647834777832,0.9996362328529358,-0.0029883980751037598
minilm_l6,face::train::032580.jpg,face,synonym_minus_negation,synonym_light,negation,0.9985989928245544,0.9994867444038391,-0.000887751579284668
minilm_l6,face::train::109762.jpg,face,synonym_minus_negation,synonym_light,negation,0.9982500076293945,0.9993738532066345,-0.0011238455772399902
minilm_l6,face::test::189457.jpg,face,synonym_minus_negation,synonym_light,negation,0.9988328218460083,0.9995139837265015,-0.0006811618804931641
minilm_l6,face::test::186223.jpg,face,synonym_minus_negation,synonym_light,negation,0.995290994644165,0.999219536781311,-0.003928542137145996
minilm_l6,face::test::185812.jpg,face,synonym_minus_negation,synonym_light,negation,0.9979899525642395,0.997917115688324,7.283687591552734e-05
minilm_l6,face::test::189858.jpg,face,synonym_minus_negation,synonym_light,negation,0.995981752872467,0.9983320236206055,-0.0023502707481384277
minilm_l6,face::test::183801.jpg,face,synonym_minus_negation,synonym_light,negation,0.9987492561340332,0.9991235733032227,-0.0003743171691894531
minilm_l6,face::test::188858.jpg,face,synonym_minus_negation,synonym_light,negation,0.9989635944366455,0.999112606048584,-0.00014901161193847656
minilm_l6,face::test::196777.jpg,face,synonym_minus_negation,synonym_light,negation,0.9984112977981567,0.9990472793579102,-0.000635981559753418
minilm_l6,face::test::184003.jpg,face,synonym_minus_negation,synonym_light,negation,0.9982961416244507,0.9998028874397278,-0.0015067458152770996
minilm_l6,face::test::201409.jpg,face,synonym_minus_negation,synonym_light,negation,0.9991642236709595,0.999415397644043,-0.0002511739730834961
minilm_l6,face::test::196611.jpg,face,synonym_minus_negation,synonym_light,negation,0.9989178776741028,0.9989265203475952,-8.64267349243164e-06
