model,sample_id,domain,split,filename,variant_type,generator,relation,caption_text,image_cosine,image_rank,image_reciprocal_rank,image_recall_at_1,image_recall_at_5,image_hardest_negative_cosine,image_margin,image_pool_size
siglip2_b16_224,person::train::00197_4.png,person,train,00197_4.png,identity,builtin:identity,same,"Average-build woman with long brown hair, wearing a light brown winter jacket with a fur hood, light blue pants, and white shoes.",0.144364595413208,3,0.3333333333333333,0,1,0.15978029370307922,-0.015415698289871216,50
siglip2_b16_224,person::train::03736_1.jpg,person,train,03736_1.jpg,identity,builtin:identity,same,"Average-build man, short dark hair, wearing eyeglasses, medium skin tone, black long-sleeved quilted jacket with a light gray collar lining layered over a dark inner collar, black long pants, black shoes, carrying a white plastic bag in hand.",0.08988980203866959,16,0.0625,0,0,0.12013360112905502,-0.030243799090385437,50
siglip2_b16_224,person::train::06597_2.jpg,person,train,06597_2.jpg,identity,builtin:identity,same,"Average-build man with short dark hair, wearing a dark blue short-sleeved collared shirt, dark trousers, and dark shoes.",0.10409832000732422,20,0.05,0,0,0.1352110505104065,-0.031112730503082275,50
siglip2_b16_224,person::train::10977_1.jpg,person,train,10977_1.jpg,identity,builtin:identity,same,"Average-build woman with shoulder-length dark brown hair, black sunglasses, and a white face mask covering the lower face; wearing a light gray short-sleeved top, dark pants, and dark sandals; carrying a dark shoulder bag with a strap over one shoulder.",0.17105713486671448,1,1.0,1,1,0.14880545437335968,0.022251680493354797,50
siglip2_b16_224,person::train::12050_5.jpg,person,train,12050_5.jpg,identity,builtin:identity,same,"Average build, short brown hair, short-sleeved white polo shirt, light brown pants, dark brown shoes.",0.14380857348442078,2,0.5,0,1,0.14464053511619568,-0.0008319616317749023,50
siglip2_b16_224,person::train::08529_4.jpg,person,train,08529_4.jpg,identity,builtin:identity,same,"Average-build male wearing a dark blue long-sleeved outer jacket over a white inner garment, paired with white trousers and dark shoes, with dark headwear.",0.16432005167007446,1,1.0,1,1,0.14807561039924622,0.016244441270828247,50
siglip2_b16_224,person::train::01742_4.jpg,person,train,01742_4.jpg,identity,builtin:identity,same,"Average-build woman, dark brown hair tied back in a ponytail, eyeglasses, dark brown scarf wrapped around the neck. Light brown hooded winter coat with long sleeves and knee-length hem, black pants, and light brown shoes.",0.15604445338249207,1,1.0,1,1,0.11855275183916092,0.037491701543331146,50
siglip2_b16_224,person::train::05158_3.jpg,person,train,05158_3.jpg,identity,builtin:identity,same,"Male, average build, black hooded jacket with long sleeves, dark pants.",0.12174971401691437,4,0.25,0,1,0.15493261814117432,-0.03318290412425995,50
siglip2_b16_224,person::train::02167_1.jpg,person,train,02167_1.jpg,identity,builtin:identity,same,"Male, slim build, short dark hair, eyeglasses with thin frames, dark jacket with long sleeves layered over a light-colored collar, black pants, black backpack on both shoulders.",0.13765060901641846,1,1.0,1,1,0.1300981342792511,0.007552474737167358,50
siglip2_b16_224,person::train::00233_10.png,person,train,00233_10.png,identity,builtin:identity,same,"Adult male with average build, short dark hair, dark blue short-sleeved collared shirt, black trousers, and black shoes.",0.1387602835893631,1,1.0,1,1,0.12977324426174164,0.00898703932762146,50
siglip2_b16_224,person::train::01108_7.png,person,train,01108_7.png,identity,builtin:identity,same,"Male, average build, dark brown medium-length hair, dark blue hooded jacket with long sleeves, dark pants, dark shoes.",0.1162145584821701,11,0.09090909090909091,0,0,0.14590579271316528,-0.029691234230995178,50
siglip2_b16_224,person::train::06085_7.jpg,person,train,06085_7.jpg,identity,builtin:identity,same,"Male, average build, short dark hair, long-sleeved light gray shirt, dark pants, black shoes, dark backpack on both shoulders.",0.1534789800643921,3,0.3333333333333333,0,1,0.16054417192935944,-0.007065191864967346,50
siglip2_b16_224,person::train::12462_1.jpg,person,train,12462_1.jpg,identity,builtin:identity,same,Average-build man with short light hair and eyeglasses; wearing a light blue short-sleeved collared shirt and dark trousers.,0.0916643887758255,6,0.16666666666666666,0,0,0.108845055103302,-0.0171806663274765,50
siglip2_b16_224,person::train::01924_2.jpg,person,train,01924_2.jpg,identity,builtin:identity,same,"Male, average build, short dark hair; wearing a hooded puffer jacket featuring a grey and black patterned design, layered over a striped shirt; dark blue pants; red shoes with white soles.",0.14419665932655334,1,1.0,1,1,0.14180883765220642,0.002387821674346924,50
siglip2_b16_224,person::train::00969_2.png,person,train,00969_2.png,identity,builtin:identity,same,"Average build, dark brown medium-length hair, dark sunglasses, dark jacket with long sleeves, dark trousers, dark shoes, white shopping bag with a dark pattern.",0.15774264931678772,1,1.0,1,1,0.14431610703468323,0.013426542282104492,50
siglip2_b16_224,person::train::09634_1.jpg,person,train,09634_1.jpg,identity,builtin:identity,same,"Average-build female with long dark hair, wearing a white cardigan over a white top, black pants, and dark shoes. A dark shoulder bag is worn with a strap across the body. A watch is worn on the wrist.",0.16747871041297913,1,1.0,1,1,0.16526274383068085,0.002215966582298279,50
siglip2_b16_224,person::train::11561_6.jpg,person,train,11561_6.jpg,identity,builtin:identity,same,"Woman with an average build, dark short hair, light skin tone, wearing a light blue hooded puffer jacket with long sleeves over dark blue pants, dark brown boots, and a light brown shoulder bag with a long strap.",0.14862903952598572,1,1.0,1,1,0.12315403670072556,0.025475002825260162,50
siglip2_b16_224,person::train::08528_6.jpg,person,train,08528_6.jpg,identity,builtin:identity,same,"Average-build male, short dark hair, dark cap, light skin tone, long-sleeved black jacket zipped over a white shirt, light blue jeans, and white shoes.",0.1279648244380951,3,0.3333333333333333,0,1,0.1401866376399994,-0.012221813201904297,50
siglip2_b16_224,person::train::01287_5.jpg,person,train,01287_5.jpg,identity,builtin:identity,same,"Average build, dark hair, red scarf wrapped around the neck, light gray long-sleeved coat with front pockets, white skirt, black leggings, and black shoes.",0.1805945634841919,1,1.0,1,1,0.12021175771951675,0.06038280576467514,50
siglip2_b16_224,person::train::10252_1.jpg,person,train,10252_1.jpg,identity,builtin:identity,same,"Female, average build, long dark hair; black long-sleeved jacket over a light gray mid-layer garment; dark blue trousers; dark shoes; black shoulder bag with a thin strap.",0.13202637434005737,6,0.16666666666666666,0,0,0.14719507098197937,-0.015168696641921997,50
siglip2_b16_224,person::train::08924_1.jpg,person,train,08924_1.jpg,identity,builtin:identity,same,"Average-build female with dark hair; wearing a dark blue long-sleeved top, dark pants, and dark shoes; carrying a dark bag by its strap and holding a smartphone.",0.08729568868875504,39,0.02564102564102564,0,0,0.1483757197856903,-0.06108003109693527,50
siglip2_b16_224,person::train::02319_1.jpg,person,train,02319_1.jpg,identity,builtin:identity,same,"Average build, short dark hair, orange and dark brown hooded puffer jacket with long sleeves, black pants, white shoes.",0.1747891902923584,1,1.0,1,1,0.16294050216674805,0.011848688125610352,50
siglip2_b16_224,person::train::09715_3.jpg,person,train,09715_3.jpg,identity,builtin:identity,same,"Average build male wearing a black cap, long-sleeve black hooded sweatshirt, and black shorts.",0.14016449451446533,1,1.0,1,1,0.1387283205986023,0.0014361739158630371,50
siglip2_b16_224,person::train::13508_2.jpg,person,train,13508_2.jpg,identity,builtin:identity,same,Average-build woman with voluminous black hair. Black sleeveless top. Short black skirt. Black boots reaching above the knees.,0.12665539979934692,1,1.0,1,1,0.09049323201179504,0.03616216778755188,50
siglip2_b16_224,person::train::09751_6.jpg,person,train,09751_6.jpg,identity,builtin:identity,same,"Male, average build, short dark hair, long-sleeved white shirt, dark shorts, white shoes.",0.13768362998962402,2,0.5,0,1,0.14135771989822388,-0.0036740899085998535,50
siglip2_b16_224,person::train::11903_4.jpg,person,train,11903_4.jpg,identity,builtin:identity,same,"Female, average build, dark medium-length hair, dark skin tone, white short-sleeved crew-neck t-shirt featuring a large graphic print of a face on the front, dark trousers, silver-colored watch on the right wrist.",0.10920840501785278,1,1.0,1,1,0.09062370657920837,0.01858469843864441,50
siglip2_b16_224,person::train::03720_4.jpg,person,train,03720_4.jpg,identity,builtin:identity,same,"Child, slim build, short dark hair, long-sleeved dark pink hooded puffer coat, black pants, pink and white shoes.",0.18030035495758057,1,1.0,1,1,0.1573830544948578,0.02291730046272278,50
siglip2_b16_224,person::train::26249_12.jpg,person,train,26249_12.jpg,identity,builtin:identity,same,"Adult male with stocky build, short dark hair, light skin tone, light blue long-sleeved collared shirt with rolled-up sleeves, dark trousers, black shoes, holding a white rectangular folder, pulling a two-wheeled cart with a green mesh container.",0.0850401222705841,31,0.03225806451612903,0,0,0.1124352291226387,-0.027395106852054596,50
siglip2_b16_224,person::train::08634_3.jpg,person,train,08634_3.jpg,identity,builtin:identity,same,"Female, average build, short gray hair, sunglasses, white sleeveless outer vest, short-sleeved striped shirt with horizontal white, black, and blue stripes and a dark blue collar, light skin tone, black pants, black shoes, black shoulder bag with a long strap, blue garment draped over the shoulder bag, watch on left wrist.",0.14263805747032166,1,1.0,1,1,0.11937792599201202,0.02326013147830963,50
siglip2_b16_224,person::train::00837_3.png,person,train,00837_3.png,identity,builtin:identity,same,"Male, average build, light-colored short hair, wearing a dark green long-sleeve jacket, dark green trousers, and dark shoes, carrying a dark bag.",0.12422589212656021,6,0.16666666666666666,0,0,0.13928204774856567,-0.015056155622005463,50
siglip2_b16_224,person::query::26685_1.jpg,person,query,26685_1.jpg,identity,builtin:identity,same,"Male, average build, short dark hair, long-sleeved light blue button-down shirt, light brown trousers, dark shoes.",0.1391870677471161,1,1.0,1,1,0.13040615618228912,0.008780911564826965,50
siglip2_b16_224,person::query::14604_1.png,person,query,14604_1.png,identity,builtin:identity,same,"Average build male wearing black headwear, dark gray long-sleeved upper garment, blue pants, and black shoes, carrying a black backpack on both shoulders.",0.15704631805419922,3,0.3333333333333333,0,1,0.16768980026245117,-0.010643482208251953,50
siglip2_b16_224,person::query::27008_3.jpg,person,query,27008_3.jpg,identity,builtin:identity,same,"Average build, dark hair, wearing a long-sleeved black jacket, dark pants, and light-colored shoes, holding a smartphone.",0.11297731101512909,25,0.04,0,0,0.15137489140033722,-0.03839758038520813,50
siglip2_b16_224,person::query::14994_1.png,person,query,14994_1.png,identity,builtin:identity,same,"Average build male, short black hair, dark green long-sleeved jacket, dark gray loose trousers, white shoes, yellow backpack worn on both shoulders.",0.1342703104019165,2,0.5,0,1,0.13501733541488647,-0.0007470250129699707,50
siglip2_b16_224,person::query::14459_1.png,person,query,14459_1.png,identity,builtin:identity,same,"Average-build man, short dark hair, wearing eyeglasses. Long-sleeved button-down shirt with a blue, white, and green plaid pattern. Dark gray long pants. White shoes.",0.13862812519073486,1,1.0,1,1,0.11250777542591095,0.026120349764823914,50
siglip2_b16_224,person::query::26943_3.jpg,person,query,26943_3.jpg,identity,builtin:identity,same,"Average-build male with short dark hair, wearing a red short-sleeved shirt, dark pants, and light-colored shoes.",0.1625177562236786,1,1.0,1,1,0.1327749788761139,0.029742777347564697,50
siglip2_b16_224,person::query::26789_3.jpg,person,query,26789_3.jpg,identity,builtin:identity,same,"Average-build male, dark short hair, dark long-sleeved shirt in dark red, blue pants, light-colored backpack with straps on both shoulders.",0.12678839266300201,2,0.5,0,1,0.12717166543006897,-0.00038327276706695557,50
siglip2_b16_224,person::query::26935_2.jpg,person,query,26935_2.jpg,identity,builtin:identity,same,"Average build, white headwear, long-sleeved light green jacket, dark pants, dark shoes.",0.13775545358657837,3,0.3333333333333333,0,1,0.13895384967327118,-0.00119839608669281,50
siglip2_b16_224,person::query::27100_1.jpg,person,query,27100_1.jpg,identity,builtin:identity,same,"Average-build male, dark short hair, cap, long-sleeved light pink button-down shirt, long blue jeans, dark shoes, dark backpack worn on one shoulder.",0.13803303241729736,5,0.2,0,1,0.15691448748111725,-0.018881455063819885,50
siglip2_b16_224,person::query::26761_2.jpg,person,query,26761_2.jpg,identity,builtin:identity,same,"Average build, dark hair, dark long-sleeved hooded jacket, dark pants, dark shoes.",0.12495703250169754,6,0.16666666666666666,0,0,0.155767560005188,-0.030810527503490448,50
siglip2_b16_224,person::gallery::26474_5.jpg,person,gallery,26474_5.jpg,identity,builtin:identity,same,"Male, average build, short black hair, eyeglasses, light-colored hooded zip-up jacket worn over a purple-patterned collared shirt, dark blue pants, dark shoes, black backpack on both shoulders.",0.14537854492664337,1,1.0,1,1,0.14347787201404572,0.0019006729125976562,50
siglip2_b16_224,person::gallery::27153_5.jpg,person,gallery,27153_5.jpg,identity,builtin:identity,same,"Average build adult wearing a long-sleeved light gray shirt, dark pants, and light-colored shoes.",0.1294868290424347,9,0.1111111111111111,0,0,0.14404717087745667,-0.014560341835021973,50
siglip2_b16_224,person::gallery::26789_1.jpg,person,gallery,26789_1.jpg,identity,builtin:identity,same,"Average-build man wearing a long-sleeved dark red jacket, light gray trousers, and dark shoes.",0.10165076702833176,16,0.0625,0,0,0.156541645526886,-0.05489087849855423,50
siglip2_b16_224,person::gallery::26721_4.jpg,person,gallery,26721_4.jpg,identity,builtin:identity,same,"Average build, dark long-sleeved jacket, dark trousers, dark shoes.",0.1549830138683319,1,1.0,1,1,0.14153915643692017,0.013443857431411743,50
siglip2_b16_224,person::gallery::26991_3.jpg,person,gallery,26991_3.jpg,identity,builtin:identity,same,"Male, average build, short dark hair; light skin; long-sleeved white shirt with dark stripes on the shoulders and chest text; loose light brown pants; white shoes; smartphone held in hand.",0.12771643698215485,2,0.5,0,1,0.12857738137245178,-0.000860944390296936,50
siglip2_b16_224,person::gallery::26735_2.jpg,person,gallery,26735_2.jpg,identity,builtin:identity,same,"Male, average build, short black hair; long-sleeve shirt with blue, white, and purple horizontal stripes; dark pants; light brown shoes; black backpack worn on both shoulders.",0.13367092609405518,1,1.0,1,1,0.120315320789814,0.01335560530424118,50
siglip2_b16_224,person::gallery::14888_1.png,person,gallery,14888_1.png,identity,builtin:identity,same,"Male, slim build, short dark hair, long-sleeved bright blue hooded jacket, long blue jeans, light brown shoes, black messenger bag with a single long strap across the right shoulder.",0.1931036412715912,1,1.0,1,1,0.16964547336101532,0.023458167910575867,50
siglip2_b16_224,person::gallery::26774_3.jpg,person,gallery,26774_3.jpg,identity,builtin:identity,same,"Male, average build, short dark hair, blue hooded jacket with long sleeves, dark blue pants, white shoes, black backpack on both shoulders.",0.1753442883491516,1,1.0,1,1,0.17089061439037323,0.004453673958778381,50
siglip2_b16_224,person::gallery::15309_3.png,person,gallery,15309_3.png,identity,builtin:identity,same,"Average-build male, short dark hair, wearing a gray short-sleeve collared shirt, dark pants, and dark shoes.",0.15094076097011566,1,1.0,1,1,0.13694891333580017,0.01399184763431549,50
siglip2_b16_224,person::gallery::15194_3.png,person,gallery,15194_3.png,identity,builtin:identity,same,"Male, average build, short dark hair, eyeglasses, long-sleeved dark purple full-zip jacket, light gray trousers, dark shoes, papers held in hand.",0.1530126929283142,1,1.0,1,1,0.1351013332605362,0.017911359667778015,50
siglip2_b16_224,vehicle::train_images::19666_c077_02.jpg,vehicle,train_images,19666_c077_02.jpg,identity,builtin:identity,same,"Minivan, Volkswagen Touran, black paint, alloy rims, silver roof rails, tinted windows.",0.11988413333892822,3,0.3333333333333333,0,1,0.12353095412254333,-0.0036468207836151123,50
siglip2_b16_224,vehicle::train_images::13184_c012_02.jpg,vehicle,train_images,13184_c012_02.jpg,identity,builtin:identity,same,"Sedan, silver, steel wheels with multi-spoke hubcaps, sunroof, several white cloth items visible on the rear parcel shelf.",0.12749338150024414,6,0.16666666666666666,0,0,0.14813214540481567,-0.020638763904571533,50
siglip2_b16_224,vehicle::train_images::13608_c139_04.jpg,vehicle,train_images,13608_c139_04.jpg,identity,builtin:identity,same,"Sedan, black, chrome vertical slat grille with a centered Buick emblem, multi-spoke silver alloy wheels, sunroof.",0.08932893723249435,32,0.03125,0,0,0.11619597673416138,-0.026867039501667023,50
siglip2_b16_224,vehicle::train_images::12849_c170_02.jpg,vehicle,train_images,12849_c170_02.jpg,identity,builtin:identity,same,Sedan. Volkswagen Jetta. Black paint. Alloy wheels. Dark window tint.,0.09218470007181168,15,0.06666666666666667,0,0,0.11162474006414413,-0.01944003999233246,50
siglip2_b16_224,vehicle::train_images::10839_c110_00.jpg,vehicle,train_images,10839_c110_00.jpg,identity,builtin:identity,same,"Hatchback, Volkswagen Polo, silver, multi-spoke alloy wheels, rearview mirror air freshener hanging, front bumper fog lights.",0.11322247982025146,19,0.05263157894736842,0,0,0.13085857033729553,-0.017636090517044067,50
siglip2_b16_224,vehicle::train_images::02440_c090_02.jpg,vehicle,train_images,02440_c090_02.jpg,identity,builtin:identity,same,"SUV, Hyundai Tucson, dark brown, alloy wheels, silver-colored side steps, rear bumper trim with silver accents, roof rails, shark fin antenna, tinted windows, circular decal on the rear bumper.",0.12231655418872833,1,1.0,1,1,0.1082347184419632,0.014081835746765137,50
siglip2_b16_224,vehicle::train_images::12341_c073_00.jpg,vehicle,train_images,12341_c073_00.jpg,identity,builtin:identity,same,"Sedan, Nissan Altima, black paint, alloy wheels, sunroof, moderate window tint.",0.12023647129535675,1,1.0,1,1,0.11218598484992981,0.008050486445426941,50
siglip2_b16_224,vehicle::train_images::18263_c110_02.jpg,vehicle,train_images,18263_c110_02.jpg,identity,builtin:identity,same,"SUV, Nissan Qashqai, silver, silver-painted alloy wheels, sunroof, roof rails.",0.12446486204862595,1,1.0,1,1,0.11858005821704865,0.005884803831577301,50
siglip2_b16_224,vehicle::train_images::10529_c003_02.jpg,vehicle,train_images,10529_c003_02.jpg,identity,builtin:identity,same,"Sedan, Kia Rio, silver, five-spoke alloy wheels, windshield rain guard deflectors.",0.11454552412033081,6,0.16666666666666666,0,0,0.121251180768013,-0.00670565664768219,50
siglip2_b16_224,vehicle::train_images::15907_c041_04.jpg,vehicle,train_images,15907_c041_04.jpg,identity,builtin:identity,same,"Sedan, Mazda 6, red, alloy wheels.",0.08978503942489624,1,1.0,1,1,0.08312945812940598,0.006655581295490265,50
siglip2_b16_224,vehicle::train_images::08854_c110_02.jpg,vehicle,train_images,08854_c110_02.jpg,identity,builtin:identity,same,"Sedan, dark gray, alloy wheels, dark window tint.",0.08196941018104553,17,0.058823529411764705,0,0,0.10077591985464096,-0.01880650967359543,50
siglip2_b16_224,vehicle::train_images::04922_c023_01.jpg,vehicle,train_images,04922_c023_01.jpg,identity,builtin:identity,same,"Hatchback, BAIC E-Series, bright red, alloy wheels, sunroof, window tint.",0.10569494962692261,3,0.3333333333333333,0,1,0.10982103645801544,-0.0041260868310928345,50
siglip2_b16_224,vehicle::train_images::19263_c030_03.jpg,vehicle,train_images,19263_c030_03.jpg,identity,builtin:identity,same,"Sedan, Buick Verano, light brown, silver alloy rims, integrated rear spoiler, tinted rear windows.",0.11509954929351807,3,0.3333333333333333,0,1,0.12223607301712036,-0.007136523723602295,50
siglip2_b16_224,vehicle::train_images::07345_c110_03.jpg,vehicle,train_images,07345_c110_03.jpg,identity,builtin:identity,same,"Sedan, white Chevrolet Cruze, featuring alloy wheels, black window tinting, and a small sticker on the rear window.",0.12268716096878052,11,0.09090909090909091,0,0,0.14471156895160675,-0.022024407982826233,50
siglip2_b16_224,vehicle::train_images::19520_c034_01.jpg,vehicle,train_images,19520_c034_01.jpg,identity,builtin:identity,same,"SUV, white, Ford Escape, dual exhaust tips, silver roof rails, silver alloy rims, panoramic sunroof, tinted windows.",0.12790168821811676,6,0.16666666666666666,0,0,0.1434551477432251,-0.015553459525108337,50
siglip2_b16_224,vehicle::train_images::16253_c139_00.jpg,vehicle,train_images,16253_c139_00.jpg,identity,builtin:identity,same,"Sedan, black paint, alloy rims.",0.09068204462528229,1,1.0,1,1,0.09024820476770401,0.0004338398575782776,50
siglip2_b16_224,vehicle::train_images::06987_c051_04.jpg,vehicle,train_images,06987_c051_04.jpg,identity,builtin:identity,same,"Hatchback, dark gray paint, black roof rails, alloy wheels, aftermarket blue accent lighting strip beneath the headlights.",0.11265494674444199,5,0.2,0,1,0.13178704679012299,-0.019132100045681,50
siglip2_b16_224,vehicle::train_images::05685_c100_04.jpg,vehicle,train_images,05685_c100_04.jpg,identity,builtin:identity,same,"Sedan, silver, with a sunroof, alloy rims, and window visors on the side windows.",0.12324640154838562,13,0.07692307692307693,0,0,0.1414540857076645,-0.01820768415927887,50
siglip2_b16_224,vehicle::train_images::16614_c041_04.jpg,vehicle,train_images,16614_c041_04.jpg,identity,builtin:identity,same,"Sedan, Infiniti M, black, alloy rims, tinted windows.",0.08253395557403564,21,0.047619047619047616,0,0,0.09914999455213547,-0.016616038978099823,50
siglip2_b16_224,vehicle::train_images::13946_c012_04.jpg,vehicle,train_images,13946_c012_04.jpg,identity,builtin:identity,same,"Minivan, silver, sunroof, alloy wheels.",0.11740624904632568,3,0.3333333333333333,0,1,0.11963383853435516,-0.00222758948802948,50
siglip2_b16_224,vehicle::train_images::14133_c170_01.jpg,vehicle,train_images,14133_c170_01.jpg,identity,builtin:identity,same,"Sedan, black paint, dark tinted rear windows, tree branches secured to the roof.",0.16341310739517212,1,1.0,1,1,0.14051836729049683,0.022894740104675293,50
siglip2_b16_224,vehicle::train_images::16747_c163_03.jpg,vehicle,train_images,16747_c163_03.jpg,identity,builtin:identity,same,"Sedan, Buick Regal, white, sunroof, stickers on the upper portion of the windshield.",0.10858629643917084,33,0.030303030303030304,0,0,0.15975749492645264,-0.0511711984872818,50
siglip2_b16_224,vehicle::train_images::05432_c163_04.jpg,vehicle,train_images,05432_c163_04.jpg,identity,builtin:identity,same,Sedan. Volkswagen Passat. Black. Alloy rims.,0.0659887045621872,33,0.030303030303030304,0,0,0.08268484473228455,-0.01669614017009735,50
siglip2_b16_224,vehicle::train_images::19057_c170_04.jpg,vehicle,train_images,19057_c170_04.jpg,identity,builtin:identity,same,"SUV, white, with a black bumper and dark gray lower cladding, featuring a rectangular yellow sticker on the trunk lid below the rear window, a rear wiper, and tree branches laying across the roof.",0.1450704038143158,1,1.0,1,1,0.13131186366081238,0.013758540153503418,50
siglip2_b16_224,vehicle::train_images::04455_c078_00.jpg,vehicle,train_images,04455_c078_00.jpg,identity,builtin:identity,same,"Sedan, Toyota Camry, black paint, alloy rims, damage on the hood near the driver-side headlight.",0.12408142536878586,3,0.3333333333333333,0,1,0.13170287013053894,-0.007621444761753082,50
siglip2_b16_224,vehicle::train_images::14387_c163_04.jpg,vehicle,train_images,14387_c163_04.jpg,identity,builtin:identity,same,"SUV, Volkswagen Tiguan, white, alloy wheels, dark window tint, sunroof, window visors on the side windows.",0.10166029632091522,34,0.029411764705882353,0,0,0.13187523186206818,-0.030214935541152954,50
siglip2_b16_224,vehicle::train_images::09221_c139_03.jpg,vehicle,train_images,09221_c139_03.jpg,identity,builtin:identity,same,Sedan with a white paint finish. Toyota badging is present on the grille. Alloy rims are visible. The windows have light tinting. An antenna is positioned on the roof.,0.1008341982960701,15,0.06666666666666667,0,0,0.12360146641731262,-0.022767268121242523,50
siglip2_b16_224,vehicle::train_images::04724_c110_02.jpg,vehicle,train_images,04724_c110_02.jpg,identity,builtin:identity,same,"Hatchback, white, sunroof, alloy wheels.",0.1074526458978653,7,0.14285714285714285,0,0,0.12555845081806183,-0.018105804920196533,50
siglip2_b16_224,vehicle::train_images::08361_c094_04.jpg,vehicle,train_images,08361_c094_04.jpg,identity,builtin:identity,same,"Sedan, Nissan Tiida, silver, alloy wheels, sunroof, wind deflectors on the front and rear passenger windows.",0.11638201773166656,12,0.08333333333333333,0,0,0.13048945367336273,-0.014107435941696167,50
siglip2_b16_224,vehicle::train_images::03678_c014_03.jpg,vehicle,train_images,03678_c014_03.jpg,identity,builtin:identity,same,"Sedan, white, Buick, alloy multi-spoke rims, sunroof, dark window tint, red ribbon attached to the driver's side mirror.",0.11137756705284119,24,0.041666666666666664,0,0,0.13359957933425903,-0.022222012281417847,50
siglip2_b16_224,vehicle::query_images::20204_c041_01.jpg,vehicle,query_images,20204_c041_01.jpg,identity,builtin:identity,same,"Sedan, black paint, alloy wheels, chrome trunk trim, tinted rear window.",0.10076165944337845,9,0.1111111111111111,0,0,0.1092909723520279,-0.008529312908649445,50
siglip2_b16_224,vehicle::query_images::21022_c078_01.jpg,vehicle,query_images,21022_c078_01.jpg,identity,builtin:identity,same,"SUV, FAW, white, alloy rims, roof rails, sunroof.",0.1194426566362381,6,0.16666666666666666,0,0,0.13569439947605133,-0.016251742839813232,50
siglip2_b16_224,vehicle::query_images::20039_c015_00.jpg,vehicle,query_images,20039_c015_00.jpg,identity,builtin:identity,same,"Box truck, JAC brand, silver paint, black side mirrors, black front grill, clear windshield, roof-mounted wind deflector.",0.11112405359745026,5,0.2,0,1,0.12055069953203201,-0.009426645934581757,50
siglip2_b16_224,vehicle::query_images::20298_c122_00.jpg,vehicle,query_images,20298_c122_00.jpg,identity,builtin:identity,same,"MPV, silver, silver alloy wheels.",0.08558474481105804,9,0.1111111111111111,0,0,0.09723669290542603,-0.011651948094367981,50
siglip2_b16_224,vehicle::query_images::21010_c163_01.jpg,vehicle,query_images,21010_c163_01.jpg,identity,builtin:identity,same,"SUV, Lexus RX, black, alloy wheels, roof rails, window visors attached to the top of the side windows, sheet of paper on the dashboard.",0.11369463801383972,13,0.07692307692307693,0,0,0.13200470805168152,-0.018310070037841797,50
siglip2_b16_224,vehicle::query_images::20249_c003_00.jpg,vehicle,query_images,20249_c003_00.jpg,identity,builtin:identity,same,"Sedan, Volkswagen Passat, black, alloy rims, sunroof, tinted windows.",0.11285936832427979,6,0.16666666666666666,0,0,0.12252077460289001,-0.00966140627861023,50
siglip2_b16_224,vehicle::query_images::20506_c051_01.jpg,vehicle,query_images,20506_c051_01.jpg,identity,builtin:identity,same,"Hatchback, Ford Focus, white, alloy rims, sunroof.",0.10777377337217331,2,0.5,0,1,0.12025105953216553,-0.012477286159992218,50
siglip2_b16_224,vehicle::query_images::21112_c079_00.jpg,vehicle,query_images,21112_c079_00.jpg,identity,builtin:identity,same,"Compact crossover SUV.
Honda CR-V.
White primary color.
Silver alloy wheels.
Roof rails.
Clear windows.
Green registration sticker on the upper corner of the windshield.
Small white bobblehead ornament on the dashboard.",0.09385243058204651,1,1.0,1,1,0.09085095673799515,0.003001473844051361,50
siglip2_b16_224,vehicle::query_images::20949_c003_01.jpg,vehicle,query_images,20949_c003_01.jpg,identity,builtin:identity,same,"Sedan, black paint, alloy rims with a multi-spoke design, sunroof, dark window tint, multiple circular stickers on the lower passenger side of the windshield.",0.08788438141345978,32,0.03125,0,0,0.11616558581590652,-0.028281204402446747,50
siglip2_b16_224,vehicle::query_images::20272_c102_00.jpg,vehicle,query_images,20272_c102_00.jpg,identity,builtin:identity,same,"Sedan, Volkswagen Lamando, black, alloy wheels, dark window tint.",0.08924737572669983,15,0.06666666666666667,0,0,0.1035839170217514,-0.014336541295051575,50
siglip2_b16_224,vehicle::gallery_images::20591_c110_03.jpg,vehicle,gallery_images,20591_c110_03.jpg,identity,builtin:identity,same,"Sedan, BMW 5 Series (F10 generation), black paint, multi-spoke alloy wheels, sunroof, light window tint, stickers on the front windshield (passenger side).",0.08996991813182831,42,0.023809523809523808,0,0,0.11564622819423676,-0.025676310062408447,50
siglip2_b16_224,vehicle::gallery_images::20535_c170_02.jpg,vehicle,gallery_images,20535_c170_02.jpg,identity,builtin:identity,same,"Sedan, Volkswagen Passat B4, silver, alloy wheels.",0.08818590641021729,1,1.0,1,1,0.08528733253479004,0.002898573875427246,50
siglip2_b16_224,vehicle::gallery_images::20877_c110_00.jpg,vehicle,gallery_images,20877_c110_00.jpg,identity,builtin:identity,same,"Sedan, dark gray, alloy rims, spoiler, tinted windows, small oval decal on the right side of the rear bumper, rectangular decal on the right side of the trunk lid.",0.10896313190460205,5,0.2,0,1,0.12212114781141281,-0.01315801590681076,50
siglip2_b16_224,vehicle::gallery_images::20159_c003_00.jpg,vehicle,gallery_images,20159_c003_00.jpg,identity,builtin:identity,same,"Sedan, Toyota Camry, black, hubcap wheels, moderate window tint, chrome trim strip on the rear bumper.",0.09581039100885391,16,0.0625,0,0,0.11495685577392578,-0.01914646476507187,50
siglip2_b16_224,vehicle::gallery_images::21199_c014_04.jpg,vehicle,gallery_images,21199_c014_04.jpg,identity,builtin:identity,same,"Sedan, FAW V5, silver, multi-spoke alloy rims, light window tint.",0.08595582097768784,35,0.02857142857142857,0,0,0.10538981854915619,-0.019433997571468353,50
siglip2_b16_224,vehicle::gallery_images::20762_c156_00.jpg,vehicle,gallery_images,20762_c156_00.jpg,identity,builtin:identity,same,"Compact minivan, Nissan Livina, black, five-spoke alloy rims, silver roof rails.",0.11958567053079605,7,0.14285714285714285,0,0,0.14096258580684662,-0.021376915276050568,50
siglip2_b16_224,vehicle::gallery_images::20070_c017_01.jpg,vehicle,gallery_images,20070_c017_01.jpg,identity,builtin:identity,same,"Bus, white and blue two-tone paint, digital route display on the rear window, text ""AZ7892"" printed above the license plate area, stacked tail lights on both sides.",0.14931851625442505,1,1.0,1,1,0.14206407964229584,0.007254436612129211,50
siglip2_b16_224,vehicle::gallery_images::21216_c003_04.jpg,vehicle,gallery_images,21216_c003_04.jpg,identity,builtin:identity,same,"Sedan, Volkswagen Passat, silver, five-spoke alloy wheels, tinted windows.",0.09647787362337112,5,0.2,0,1,0.10771773755550385,-0.011239863932132721,50
siglip2_b16_224,vehicle::gallery_images::20559_c170_01.jpg,vehicle,gallery_images,20559_c170_01.jpg,identity,builtin:identity,same,Sedan with a white exterior. The badge on the center of the trunk lid depicts a stylized symbol composed of interlocking circular and geometric elements. Rectangular taillights are situated on either side of the trunk.,0.10722866654396057,1,1.0,1,1,0.0983927845954895,0.00883588194847107,50
siglip2_b16_224,vehicle::gallery_images::20401_c023_03.jpg,vehicle,gallery_images,20401_c023_03.jpg,identity,builtin:identity,same,"Hatchback, Smart Fortwo, two-tone white body with red roof and side mirror caps, five-spoke dark alloy wheels, tinted windows.",0.13736557960510254,3,0.3333333333333333,0,1,0.16007307171821594,-0.022707492113113403,50
siglip2_b16_224,face::train::170623.jpg,face,train,170623.jpg,identity,builtin:identity,same,"Male-presenting middle-aged adult, with an oval facial shape, balanced thirds, and average facial depth; jawline with moderate definition, chin rounded and moderate in projection with a slight vertical height. Hairline M-shaped with temporal recession; eyebrows medium in thickness, soft-arched with a low peak, moderate spacing between the brows, and moderate brow-to-eye vertical distance. Eyes almond-shaped, moderate palpebral fissure length with a horizontal slant, average distance between inner corners relative to eye width, upper-lid crease double and moderate in height, moderate lid exposure, and average orbital depth. Nasal root moderate in width and depth, dorsum straight, bridge moderate in width, tip rounded with moderate projection and rotation, alar width moderate relative to intercanthal distance, alar flare moderate, and nostrils partially visible. Mouth width moderate relative to interpuptillary distance, upper-to-lower lip fullness ratio balanced, vermilion fullness moderate, cupid's bow defined, corners level, philtrum moderate in length and width with defined ridges, and visible upper dental alignment at rest. Ears average in size, moderate protrusion, helix rolled, antihelix defined, lobes free, and positioned level with the eye-nose line; persistent marks not discernible; captured in a medium close-up with a smiling expression, head slightly turned and tilted, indoor directional lighting against a blue gradient backdrop, and soft focus throughout.",0.0929231271147728,6,0.16666666666666666,0,0,0.11118204891681671,-0.018258921802043915,50
siglip2_b16_224,face::train::081413.jpg,face,train,081413.jpg,identity,builtin:identity,same,"Male-presenting older adult with an oblong facial shape, balanced thirds, and defined bone structure; high, moderately wide forehead with prominent horizontal creases; receding hairline at the temples; moderate brow ridge with low, soft-arched eyebrows; almond-shaped eyes with moderate upper-lid exposure and deep-set orbital depth; straight nasal bridge with a slightly downturned, bulbous tip and moderate alar width; medium-width mouth with thin lips and level corners; short philtrum with defined ridges; sharp jawline with moderate angularity and a rounded chin; moderate ear size with attached lobes positioned level with the eye-nose line; short grey hair styled back, short grey mustache above the upper lip, captured in a medium close-up with a slight upward head tilt against a dark background with red and white lettering.",0.08112753927707672,23,0.043478260869565216,0,0,0.11921803653240204,-0.03809049725532532,50
siglip2_b16_224,face::train::137722.jpg,face,train,137722.jpg,identity,builtin:identity,same,"Female presentation, older adult, oval face shape with balanced vertical thirds and a moderate width-to-length ratio, soft tissue fullness distributed evenly across the cheeks and jawline; hairline occluded by headwear, straight bangs framing the forehead; thin, sparse eyebrows with a soft arch; almond-shaped eyes with moderate palpebral fissure length, average orbital depth, visible upper-lid creases, and average intercanthal distance; straight nasal dorsum, moderate bridge width, rounded tip with moderate projection, and average alar width; medium-thin lips with a defined cupid's bow, level corners, and a moderately short philtrum; smooth submental contour with mild vertical neck creases; ears occluded; captured in a medium close-up with soft front lighting, a slight downward camera angle, neutral expression, and wearing a textured white flat cap with a dark band.",0.08662582188844681,11,0.09090909090909091,0,0,0.09853941202163696,-0.011913590133190155,50
siglip2_b16_224,face::train::071174.jpg,face,train,071174.jpg,identity,builtin:identity,same,"Female presentation, young adult, oval face shape with balanced vertical thirds; rounded forehead contour with moderate brow ridge and narrow glabella; not discernible hairline due to head covering; soft-arched eyebrows with moderate thickness and a low peak; almond-shaped eyes with a slight upward canthal tilt, double upper-lid creases, and average orbital depth; straight nasal dorsum, medium bridge width, rounded tip with moderate projection, and wide alar flare; medium mouth width, upper-to-lower lip fullness ratio balanced, level corners, and narrow philtrum with defined ridges; smooth skin surface with a small dark mole on the forehead above the medial end of the right eyebrow; ears occluded by garment; captured in a close-up photograph with direct frontal lighting, a slight head tilt, a gentle smile, and colorful patterned garments framing the head.",0.03920862078666687,49,0.02040816326530612,0,0,0.09937690198421478,-0.06016828119754791,50
siglip2_b16_224,face::train::166091.jpg,face,train,166091.jpg,identity,builtin:identity,same,"Male presentation, adult, oval face shape with balanced upper, middle, and lower thirds; moderate facial depth and balanced bone structure to soft tissue. Symmetrical features without prominent permanent structural asymmetries. M-shaped hairline with moderate temporal recession and average height on the forehead; brow ridge with moderate prominence and average glabella width. Soft-arched eyebrows with moderate density and length, moderate spacing between the brows, and a medium brow-to-eye vertical distance. Almond-shaped eyes with average palpebral fissure length, negligible canthal tilt, double upper-lid creases of moderate height, and average orbital depth. Straight nasal dorsum profile, medium bridge width, rounded tip shape with moderate projection and rotation, average alar width, and moderate alar flare. Medium mouth width with balanced upper-to-lower lip fullness, well-defined cupid's bow, level corner orientation, and short philtrum with defined ridges. Ears of average size relative to face height, moderate protrusion, rolled helices, and free lobes positioned level with the eye-nose line. Short dark hair styled upwards with stubble facial hair on the jawline and upper lip; captured in a direct frontal view with a closed-mouth smile under even lighting against a blue background with digital artifacts at the top.",0.11250334233045578,2,0.5,0,1,0.11326707899570465,-0.0007637366652488708,50
siglip2_b16_224,face::train::157804.jpg,face,train,157804.jpg,identity,builtin:identity,same,"Male presenting, older adult, with an oval face shape, balanced facial thirds, and a wide jawline relative to the cheekbones. The forehead is moderately high and gently rounded, featuring a receding hairline at the temples with light hair density. Eyebrows are thin, sparse, and lightly arched, positioned moderately high above the eyes. Eyes are almond-shaped with a slight upturn, average orbital depth, and visible upper-lid creases. The nose has a straight dorsum, moderate bridge width, and a rounded tip with visible nostrils. The mouth is wide with thin vermilion lips, an even fullness ratio, level corners, and upper dental show during a closed smile. The philtrum is defined with moderate ridge separation. Facial hair is clean-shaven. Ears are not visible due to crop and hair position. Persistent marks include a vertical crease on the left cheek and a prominent cleft chin. All features are captured in a forward-facing head pose with a closed-mouth smile, bright lighting, and visible compression artifacts.",0.08603955805301666,17,0.058823529411764705,0,0,0.11917782574892044,-0.03313826769590378,50
siglip2_b16_224,face::train::091980.jpg,face,train,091980.jpg,identity,builtin:identity,same,"Female-presenting middle-aged adult with an oval face shape, balanced facial thirds, and moderately prominent cheekbones; left eyebrow arches slightly higher than the right; center-parted dark brown hair with soft waves falling past the shoulders and temporal recession exposing a high forehead; eyebrows are medium thickness, soft-arched, and moderately spaced; eyes are almond-shaped with a slight upward slant, average orbital depth, and visible upper-lid creases; nose features a straight dorsum, moderate bridge width, rounded tip, and medium alar width; mouth has medium fullness, level corners, and a defined cupid's bow with upper teeth showing in a closed-smile; skin surface is smooth with no visible scars or marks; ears are not visible; captured in a head-on, frontal-view medium shot with bright indoor lighting, neutral expression, and slight softness in resolution.",0.09240283071994781,17,0.058823529411764705,0,0,0.1194312572479248,-0.02702842652797699,50
siglip2_b16_224,face::train::121281.jpg,face,train,121281.jpg,identity,builtin:identity,same,"Female presentation, young adult, oval face shape with balanced facial thirds and high cheekbones; not discernible asymmetries; rounded hairline with moderate temporal recession; medium-thick soft-arched eyebrows with lateral tapering; almond-shaped eyes with moderate palpebral fissure length, average canthal tilt, and visible double eyelids; straight nasal bridge, rounded tip, and moderate alar width; medium-width mouth with full lips, defined cupid's bow, and level corners; smooth skin texture with no visible permanent marks; ears not visible; captured in a medium close-up with soft studio lighting, straight-on head pose, neutral expression, and dark voluminous wavy hair.",0.07117324322462082,31,0.03225806451612903,0,0,0.11707256734371185,-0.045899324119091034,50
siglip2_b16_224,face::train::114832.jpg,face,train,114832.jpg,identity,builtin:identity,same,"Male presentation, young adult, oval face shape with balanced vertical thirds and moderately prominent cheekbones; forehead is medium height and width with a gently rounded contour; hairline is straight with slight temporal recession; eyebrows are thick, dark, and soft-arched with moderate spacing; eyes are almond-shaped with an average palpebral fissure length, level canthal tilt, and double eyelids; nose features a straight dorsum, medium bridge width, and a rounded tip with moderate projection; mouth is medium width with balanced vermilion fullness, a well-defined cupid's bow, and level corners; philtrum has moderate length with defined ridges; jawline is defined with a moderate angle flare and a rounded chin projection; facial hair consists of light stubble on the upper lip and chin; skin has a small mole on the right cheek near the mouth; ears are partially visible with free lobes; captured in a medium close-up with neutral expression and direct gaze under even lighting, featuring vertical artifact distortion on the neck region.",0.10188955813646317,5,0.2,0,1,0.11492539942264557,-0.013035841286182404,50
siglip2_b16_224,face::train::090489.jpg,face,train,090489.jpg,identity,builtin:identity,same,"Female presentation, young adult, oval face shape with balanced vertical thirds and moderately defined bone structure; forehead moderately high and wide with a gently rounded profile; hairline rounded with slight temporal recession; cheekbones moderately prominent and average in width; jawline moderately defined with a rounded chin; eyebrows medium thickness, density, and length, with a soft-arched shape positioned close to the eyes; eyes almond-shaped with a slight upward slant, average intercanthal distance, and visible double eyelid creases; nose straight with a medium bridge width and a rounded tip; mouth of medium width with balanced vermilion fullness, level corners, and upper teeth visible at rest; ears of average size and protrusion with free lobes; short blonde hair pulled straight back from the face, captured in bright outdoor daylight with a neutral expression and a straight-on head pose.",0.11164744198322296,1,1.0,1,1,0.10921862721443176,0.0024288147687911987,50
siglip2_b16_224,face::train::008309.jpg,face,train,008309.jpg,identity,builtin:identity,same,"Male, middle-aged adult, oblong face with a balanced upper, middle, and lower thirds, and moderate soft tissue over prominent bone structure; no visible facial asymmetries; receding hairline with deep temporal recession, and dark wavy hair; medium thickness eyebrows with a soft arch, moderate spacing, and standard brow-to-eye vertical distance; almond-shaped eyes with a neutral canthal tilt, average orbital depth, and defined upper-lid creases; straight nasal bridge of medium width, rounded tip with moderate projection, and narrow alar base; medium-width mouth with balanced lip fullness, level corners, and a defined philtrum with moderate ridges; light stubble on the upper lip and chin; smooth skin surface with no persistent marks; left ear partially occluded, right ear not visible; captured in a medium close-up with a slight head tilt and turn, hand resting near the temple, and vertical compression artifacts distorting the background.",0.09778513014316559,5,0.2,0,1,0.12045568227767944,-0.022670552134513855,50
siglip2_b16_224,face::train::129132.jpg,face,train,129132.jpg,identity,builtin:identity,same,"Male presentation, middle-aged adult, oval face shape with balanced upper, middle, and lower thirds, moderate facial depth, and prominent bone structure relative to soft tissue; forehead high and moderately wide with a gently rounded contour, prominent brow ridge, and moderate temple narrowing; hairline receding at the temples with a rounded central shape; cheekbones moderately wide with moderate projection and hollowing below, moderate nasolabial folds; lower face wide with a defined, slightly rounded jawline and a rounded chin with moderate projection; eyebrows medium in thickness, density, and length, soft-arched with lateral tapering and moderate spacing from the eyes; eyes almond-shaped with a moderate palpebral fissure length, average orbital depth, moderate upper-lid exposure, and visible under-eye fullness; nose straight-dorsumed with a moderate bridge width, rounded tip, and moderate alar width; mouth medium in width with balanced lip fullness, level corners, and a defined philtrum with moderate ridge definition; ears not visible; skin surface showing permanent creases across the forehead and around the eyes; captured in a medium-close headshot with soft frontal lighting, wearing thin-rimmed rectangular eyeglasses, a patterned collared shirt, and a dark jacket, displaying a neutral expression and direct gaze.",0.06847773492336273,31,0.03225806451612903,0,0,0.11312615126371384,-0.044648416340351105,50
siglip2_b16_224,face::train::053065.jpg,face,train,053065.jpg,identity,builtin:identity,same,"Female-presenting middle-aged adult, oval face shape with balanced facial thirds and moderate soft tissue coverage; not discernible persistent asymmetries; hairline obscured by hair, forehead of moderate height and width; eyebrows thin, soft-arched, moderate spacing; eyes almond-shaped, medium palpebral fissure length, horizontal canthal tilt, double eyelids with moderate exposure; nose with straight dorsum, average root width, rounded tip, moderate alar width; mouth medium width, upper-to-lower lip fullness balanced, corners slightly upturned, moderate philtrum length with defined ridges, upper teeth visible at rest; facial hair not applicable; skin surface clear without prominent persistent marks; ears not discernible; captured in a medium close-up shot with direct front-facing pose, smiling expression, and direct gaze under indoor lighting against a blurred backdrop with partial hair occlusion.",0.06973306834697723,19,0.05263157894736842,0,0,0.10073353350162506,-0.031000465154647827,50
siglip2_b16_224,face::train::143554.jpg,face,train,143554.jpg,identity,builtin:identity,same,"Female presentation, young adult, oval face shape with balanced vertical thirds and moderately prominent cheekbones, forehead partially occluded by hair; hairline not discernible, eyebrows not discernible; eyes and periocular region occluded by sunglasses; nasal root narrow, straight dorsum, narrow bridge, tip narrow and slightly rounded, alar base narrow; mouth medium width with full vermilion lips, well-defined cupid's bow, level corners, philtrum with defined ridges; smooth skin with two small round dark moles on the left cheek below the outer corner of the eye; left earlobe visible with a dangling earring attached; featured against a purple patterned background with pink hair, a red heart-shaped headpiece, heavy red lipstick, black rectangular sunglasses, and frontal lighting with soft focus.",0.024427244439721107,50,0.02,0,0,0.11853811144828796,-0.09411086700856686,50
siglip2_b16_224,face::train::178182.jpg,face,train,178182.jpg,identity,builtin:identity,same,"Female presentation, young adult, oval face shape with balanced thirds and moderate facial depth; not discernible bone-to-soft-tissue balance due to soft lighting and angle; not discernible forehead contour due to hair occlusion; not visible hairline and hair; moderately thick, soft-arched eyebrows with a lateral peak and moderate brow-to-eye vertical distance; almond eyes with a slight upward canthal tilt, average palpebral fissure length, moderate upper-lid double crease, and average intercanthal distance; straight nasal dorsum, average root width, rounded tip with moderate projection, and narrow alar base; medium-width mouth with an even upper-to-lower fullness ratio, a defined cupid's bow, and level lip corners; not discernible philtrum; not visible facial hair; smooth skin surface with no persistent marks visible; not visible ears; captured in a close-up outdoor shot with soft, warm lighting, slight motion blur, and a shallow depth of field against a textured green background.",0.07452137768268585,22,0.045454545454545456,0,0,0.11930684000253677,-0.04478546231985092,50
siglip2_b16_224,face::train::063618.jpg,face,train,063618.jpg,identity,builtin:identity,same,"Male-presenting older adult with an oblong facial shape, balanced thirds, and angular bone structure; high forehead with prominent brow ridges and deep temples; receding hairline with thin, light-colored hair swept backward; thin, light-colored, soft-arched eyebrows with lateral thinning; deep-set eyes with moderate palpebral fissure length, downward slant, and visible upper-lid creases; straight nasal dorsum, moderate bridge width, and a rounded tip; wide mouth with thin lips, level corners, and visible upper teeth; smooth jawline with a rounded chin and moderate vertical height; high cheekbones with moderate projection and deep nasolabial folds; ears positioned alongside the central face line with attached lobes; captured in a close-up outdoor medium shot with a smiling expression, head slightly turned, and soft natural lighting.",0.08535473048686981,16,0.0625,0,0,0.11514588445425034,-0.029791153967380524,50
siglip2_b16_224,face::train::089537.jpg,face,train,089537.jpg,identity,builtin:identity,same,"Female presentation, young adult, oval face shape with balanced vertical thirds; smooth forehead contour, moderate brow ridge, average glabella width, temples obscured by hair; hairline obscured by bangs; cheekbones moderately prominent with average fullness, shallow nasolabial folds; lower face tapering to a rounded chin with moderate projection; eyebrows medium in thickness, soft-arched, moderate spacing; eyes almond-shaped, horizontal palpebral fissure, average inner-corner distance, upward canthal tilt, double upper-lid crease, average orbital depth; nasal root medium width, straight dorsum profile, medium bridge width, bulbous tip shape, moderate tip projection and rotation, alar width proportional to inner eye corners, nostrils partially visible; mouth width proportional to inter-pupillary distance, upper-to-lower lip fullness ratio balanced with moderate vermilion fullness, defined cupid's bow, corner orientation level, philtrum short with defined ridges; ears occluded; no persistent marks or asymmetries visible; captured in a close-up shot with soft lighting, head slightly tilted and turned, neutral expression, and a plain light background.",0.08927451819181442,19,0.05263157894736842,0,0,0.12380873411893845,-0.03453421592712402,50
siglip2_b16_224,face::train::065762.jpg,face,train,065762.jpg,identity,builtin:identity,same,"Feminine-presenting adult, oval face shape with balanced upper, middle, and lower thirds, moderate facial depth, and strong bone structure relative to soft tissue; forehead height and width average, gently rounded contour in profile, moderate brow ridge, average glabella width, slight temple narrowing; hairline rounded with moderate temporal recession; cheekbones wide and high with moderate projection and fullness; lower-face width proportional to cheekbones, jaw angle moderately defined, continuous jawline, rounded chin with moderate projection; eyebrows medium-thick with soft arches, moderate spacing; eyes almond-shaped, moderate palpebral fissure, average intercanthal distance, slight upward canthal tilt, double upper-lid creases, average orbital depth; nasal root average, dorsum straight, bridge medium width, tip rounded with moderate projection, alar width proportional to inner eye corners, nostrils partially visible; mouth width moderate, upper and lower lips medium fullness, cupid's bow defined, corners level, philtrum average length with defined ridges, upper teeth visible at rest; ears not visible; skin surface smooth with no discernible persistent marks; captured in an outdoor setting with a slight upward head tilt, smiling expression, direct gaze, soft lighting, and low resolution with grain and compression artifacts.",0.06534365564584732,24,0.041666666666666664,0,0,0.10857843607664108,-0.04323478043079376,50
siglip2_b16_224,face::train::168471.jpg,face,train,168471.jpg,identity,builtin:identity,same,"Female presentation, adult, oval face shape with balanced upper, middle, and lower thirds; straight forehead contour with moderate height, prominent brow ridge, and gentle temple narrowing; rounded hairline with temporal recession; prominent cheekbones with moderate width and fullness; lower-face width proportional to cheekbones, defined jawline, and rounded chin with moderate projection; thick, soft-arched eyebrows with moderate length and spacing; almond-shaped eyes with moderate palpebral fissure length, positive canthal tilt, double upper-lid creases, average orbital depth, and moderate under-eye fullness; straight nasal dorsum, moderate bridge width, rounded tip with moderate projection, and narrow alar base; average mouth width, upper-to-lower lip fullness ratio favoring the lower lip, defined cupid's bow, level lip corners, and moderate philtrum length with defined ridges; attached earlobes positioned level with the eye-nose line; dark hair styled in loose waves with side-swept bangs, captured in a close-up shot with warm indoor lighting and the chin resting on a hand.",0.06334803998470306,49,0.02040816326530612,0,0,0.12369687110185623,-0.06034883111715317,50
siglip2_b16_224,face::train::101485.jpg,face,train,101485.jpg,identity,builtin:identity,same,"Female presentation, young adult, oval face shape with balanced facial thirds; high, gently rounded forehead with moderate temple narrowing; prominent cheekbones and moderate cheek fullness; narrow lower face with a rounded chin; medium-thin eyebrows with soft arches set far above the eyes; almond-shaped eyes with a moderate upward slant, visible double eyelids, and average orbital depth; straight nose bridge with a rounded tip and narrow alar base; medium-width lips with balanced fullness and upturned corners; short, well-defined philtrum; smooth skin with no prominent permanent marks; large circular hoop earrings; styled voluminous layered brown hair swept to the side, wearing dark makeup, smiling with direct gaze, head turned slightly, under bright lighting against a light background.",0.07648120820522308,26,0.038461538461538464,0,0,0.11278780549764633,-0.03630659729242325,50
siglip2_b16_224,face::train::023736.jpg,face,train,023736.jpg,identity,builtin:identity,same,"Male presentation, middle-aged adult, oval face shape with balanced upper, middle, and lower thirds, moderate facial depth, and strong bone structure relative to soft tissue; forehead of average height and width with a gently rounded profile and subtle brow ridge prominence; hairline set moderately low with balanced temporal recession; prominent cheekbones with moderate zygomatic flare and slight cheek hollowing; lower-face width proportional to cheekbones, defined continuous jawline, and rounded chin with moderate projection; thick, dark, soft-arched eyebrows with moderate length and spacing; almond-shaped eyes with a slight positive canthal tilt, average orbital depth, and visible double upper-lid creases; straight nasal dorsum, moderate bridge width, rounded tip, and average alar width with moderate flare; lips of medium fullness with level corners and a well-defined cupid's bow on a medium-length philtrum; ears with free lobes positioned normally relative to the eye-nose line; short, dense beard and mustache covering the lower jaw and upper lip; short, wavy dark brown hair styled messy on top, captured in a medium-close portrait with a slightly turned head, smiling expression, outdoor lighting, and soft focus on the blurred background.",0.07780759036540985,33,0.030303030303030304,0,0,0.12925845384597778,-0.05145086348056793,50
siglip2_b16_224,face::train::063708.jpg,face,train,063708.jpg,identity,builtin:identity,same,"Male presentation, adult, oval face shape with balanced upper, middle, and lower thirds; moderate bone structure prominence relative to soft tissue; forehead of medium height and width with a gently rounded profile and moderate brow ridge; hairline with a low center and slight temporal recession; cheekbones of average width and moderate projection; lower face with a rounded chin and moderate jawline definition; eyebrows of medium thickness, density, and length with a soft arch; almond-shaped eyes with a neutral palpebral fissure slant and medium upper-lid crease; nose with a straight dorsum, medium bridge width, and rounded tip; mouth of medium width with balanced vermilion fullness and level corners; ears of medium size with free lobes; short dark hair styled forward, wearing a white shirt under natural daylight with a slight head turn and a neutral expression.",0.07357338815927505,33,0.030303030303030304,0,0,0.11050447821617126,-0.03693109005689621,50
siglip2_b16_224,face::train::138886.jpg,face,train,138886.jpg,identity,builtin:identity,same,"Woman, young adult, with an oval face shape, balanced facial thirds, and high cheekbones projecting moderately with a moderate amount of soft tissue. Forehead height is average, forehead contour is gently rounded, brow ridge is moderately prominent, glabella width is average, and temple narrowing is not discernible due to hair occlusion. Hairline is rounded with moderate temporal recession and high forehead placement. Eyebrows are medium thickness and density, soft-arched with lateral tails angling downward, and positioned at a moderate distance above the eyes. Eyes are almond-shaped, medium palpebral fissure length with an upward slant, average intercanthal distance, positive canthal tilt, double upper-lid creases of moderate height, moderate lid exposure, average orbital depth, and slight under-eye fullness. Nasal root width is average, nasal dorsum is straight with a moderate bridge width and length, tip is rounded with average projection and rotation, alar width is proportional to the intercanthal distance, alar flare is moderate, and nostrils are partially visible. Mouth width is moderate relative to the pupillary distance, upper-to-lower lip fullness ratio is balanced with moderate vermilion fullness, cupid's bow is moderately defined, and mouth corners are level. Chin is rounded with moderate vertical height and projection. Ears are not visible. Skin surface texture is smooth without persistent marks. Shown with long dark hair, a direct sideways gaze, a neutral expression, head turned to the side, and noticeable digital distortion stretching the upper background vertically.",0.05104226619005203,43,0.023255813953488372,0,0,0.11803074926137924,-0.06698848307132721,50
siglip2_b16_224,face::train::149220.jpg,face,train,149220.jpg,identity,builtin:identity,same,"Male-presenting adult, oval face shape, balanced thirds, moderate bone structure with balanced soft tissue; hairline and forehead largely occluded by accessories; eyebrows thin, soft-arched, moderate spacing; eyes almond-shaped, moderate palpebral fissure, average orbital depth, upper-lid creases present; nose straight dorsum, medium bridge width, rounded tip, moderate alar width; mouth medium width, upper-to-lower lip fullness balanced, corners level, philtrum with defined ridges; short facial hair stubble on upper lip and chin; ears not visible; captured in a close-up indoor shot with a neutral expression, head slightly turned, wearing a yellow headband and a white towel draped over the head.",0.022266767919063568,50,0.02,0,0,0.09858757257461548,-0.07632080465555191,50
siglip2_b16_224,face::train::060309.jpg,face,train,060309.jpg,identity,builtin:identity,same,"Male presentation, older adult, round face shape with balanced vertical thirds, prominent soft tissue relative to bone structure, high and rounded forehead with a strongly convex profile, receding hairline with hair present only at the temples and back of the head. Eyebrows thin and sparse, arched, with wide spacing. Eyes almond-shaped, moderate palpebral fissure length, average orbital depth, upper lids partially obscured by frames. Nose with straight dorsum, wide bridge, bulbous tip, moderate alar width, and flaring nostrils. Mouth wide relative to pupil distance, thin upper lip and fuller lower lip, upturned corners, visible upper teeth at rest, medium-length philtrum with well-defined ridges. Skin with permanent horizontal forehead creases and prominent nasolabial folds, ears not discernible, wearing dark-rimmed rectangular eyeglasses and a striped dark shirt, shown in a smiling expression with direct gaze under indoor lighting and slight blur.",0.063702292740345,37,0.02702702702702703,0,0,0.11310145258903503,-0.04939915984869003,50
siglip2_b16_224,face::train::025692.jpg,face,train,025692.jpg,identity,builtin:identity,same,"Woman presenting as an adult with an oval face shape and balanced upper, middle, and lower thirds; gently rounded forehead, moderate brow ridge, and average glabella width; moderate cheekbone width with smooth contours; tapering jawline to a rounded chin; eyebrows of medium thickness, soft-arched shape, and moderate spacing; almond-shaped eyes with a neutral canthal tilt, average palpebral fissure length, and visible double upper-lid creases; straight nasal dorsum of medium width, moderate tip projection, and narrow alar base; mouth of average width with medium lip fullness, level corners, and a defined philtrum; ears occluded by hair; captured in a front-facing portrait with soft indoor lighting, neutral expression, and a soft-textured hairstyle with wispy bangs.",0.08583969622850418,16,0.0625,0,0,0.10536929965019226,-0.01952960342168808,50
siglip2_b16_224,face::train::060555.jpg,face,train,060555.jpg,identity,builtin:identity,same,"Male presentation, middle-aged adult, oval face shape with balanced upper, middle, and lower thirds, moderate facial depth, and balanced bone structure to soft tissue; forehead high and wide with a gently rounded contour and moderate brow ridge prominence; hairline receding at the temples with a rounded frontal shape; cheekbones moderately wide and prominent with average fullness; lower-face width proportional to cheekbones, with a defined jawline and a rounded chin; eyebrows medium thickness and density, soft-arched, moderately spaced; eyes almond-shaped, average palpebral fissure length, moderate canthal tilt, double upper-lid crease, average orbital depth; nose with a straight dorsum, medium bridge, rounded tip, moderate alar width, and visible nostrils; mouth with medium width, thin upper vermilion and medium lower vermilion, level corners, and a distinct philtrum with moderate ridges; ears partially occluded; short dark hair styled backward, clean-shaven, captured in a straight-on head pose with neutral expression and soft lighting against a plain background.",0.10592982172966003,2,0.5,0,1,0.10773952305316925,-0.0018097013235092163,50
siglip2_b16_224,face::train::150659.jpg,face,train,150659.jpg,identity,builtin:identity,same,"Female presentation, young adult, oval face shape with balanced vertical thirds; high forehead with a gentle contour, moderate brow ridge, medium glabella width, slight temple narrowing; receding hairline at the temples with a rounded central peak; medium-width cheekbones with moderate projection, average midface length, shallow nasolabial folds; moderate lower-face width, defined jawline and continuous contour, rounded chin with moderate vertical height; soft-arched eyebrows with a high arch peak, medium thickness and density, moderate spacing; almond-shaped eyes, moderate palpebral fissure length, level canthal tilt, double upper-lid crease, average orbital depth; straight nasal dorsum, medium bridge width, rounded tip with moderate projection, moderate alar width, visible nostrils; medium mouth width, upper-to-lower lip fullness ratio balanced, vermilion full, well-defined cupid's bow, level lip corners, short philtrum with defined ridges; average-sized ears with a rolled helix and free lobes, positioned level with the eye-nose line; no persistent marks or asymmetries visible; captured in a studio setting with dark background, head turned and tilted upward, wearing dark lipstick, dangling earrings, and a light-colored garment, under directional lighting.",0.06600181013345718,37,0.02702702702702703,0,0,0.12060187757015228,-0.0546000674366951,50
siglip2_b16_224,face::train::026996.jpg,face,train,026996.jpg,identity,builtin:identity,same,"Female presentation, middle-aged adult, oval face shape with balanced upper, middle, and lower thirds, moderate facial depth, and soft tissue fullness conforming closely to the underlying bone structure; forehead moderately high and gently rounded, temples full; hairline rounded with moderate temporal recession; cheekbones prominent and wide relative to the lower face, midface average in length with shallow nasolabial folds; jawline smooth and continuous, jaw angle rounded, chin rounded with moderate projection and vertical height; eyebrows medium in thickness and density, soft-arched with medial spacing equal to one eye width, positioned moderately high above the eyes; eyes almond-shaped, moderate palpebral fissure length with a slight upward slant, average intercanthal distance, canthal tilt neutral, upper-lid crease double and well-defined, lid exposure moderate, orbital depth average, under-eye fullness smooth; nasal root medium in width and depth, dorsum straight, bridge medium in width, tip rounded with moderate projection and rotation, alar width equal to intercanthal distance, alar flare slight, nostrils partially visible, columella show moderate; mouth width equal to interocular distance, upper-to-lower lip fullness ratio balanced with moderate vermilion height, cupid's bow moderately defined, corners level, philtrum average in length and width with distinct ridges, upper teeth visible at rest; ears average in size, free lobes, positioned level with the eye-nose line; captured in an upward-angled medium close-up view with dim directional lighting, a slight head turn to the right and tilt backward, a speaking expression, open mouth, and a small wireless microphone attached near the right cheek.",0.08765225112438202,9,0.1111111111111111,0,0,0.10798853635787964,-0.02033628523349762,50
siglip2_b16_224,face::train::082954.jpg,face,train,082954.jpg,identity,builtin:identity,same,"Female presentation, young adult, heart-shaped face with balanced upper and middle thirds and a tapering lower third; moderately high forehead with a gently rounded contour, prominent brow ridges, moderate glabella width, and slight temple narrowing; hairline partially obscured by side-swept bangs parted on the right side; medium-width cheekbones with moderate projection and fullness; jawline narrowing smoothly to a rounded chin with moderate projection; thick, soft-arched eyebrows with a lateral peak and moderate spacing; almond-shaped eyes with a slight upward canthal tilt, moderate palpebral fissure length, average orbital depth, and defined upper-lid creases; straight nasal dorsum, moderate bridge width, rounded tip with moderate projection, and narrow alar base; medium-width mouth with thin upper lip and moderately full lower lip, level corners, and a short philtrum with well-defined ridges; ears not visible; dark wavy hair worn down with side-swept bangs; captured in a close-up frontal view with soft lighting and a neutral expression.",0.0750013142824173,37,0.02702702702702703,0,0,0.1322440207004547,-0.057242706418037415,50
siglip2_b16_224,face::train::042973.jpg,face,train,042973.jpg,identity,builtin:identity,same,"Female presentation, young adult, oval face shape with balanced vertical thirds and moderate soft tissue coverage over smooth bone structure; forehead height and contour not discernible due to occlusion by hair; midface presenting gently rounded cheekbones and smooth infraorbital contours with shallow nasolabial folds; lower face featuring a continuous, moderately defined jawline and a rounded chin with a shallow mentolabial sulcus; eyebrows thin, soft-arched, and positioned at a moderate distance above the eyes; eyes almond-shaped, medium palpebral fissure length, with a slight upward canthal tilt and visible double upper-lid creases, set at an average orbital depth; nose with a straight dorsum, medium bridge width, and a rounded tip of moderate projection, paired with narrow, partially visible alar bases; mouth medium in width with balanced upper and lower lip fullness, defined cupid's bow, level lip corners, and a smooth philtrum with soft ridge definition; ears not visible; persistent marks and asymmetries not discernible; captured in an upward-angled medium close-up with soft, bright indoor lighting, low-contrast tonality, and strands of brown hair partially obscuring the forehead and left eye region while the head is tilted back and turned to the side in a relaxed expression.",0.0523594468832016,40,0.025,0,0,0.10516703128814697,-0.052807584404945374,50
siglip2_b16_224,face::train::092618.jpg,face,train,092618.jpg,identity,builtin:identity,same,"Male presentation, young adult, oval face shape with balanced vertical thirds and moderately defined bone structure; forehead moderately high with gently rounded contour; cheekbones average in width and projection; lower face width proportionate to cheekbones with a defined jawline and rounded chin; hairline obscured by hair; eyebrows medium in thickness, soft-arched, and moderately spaced; eyes almond-shaped, medium palpebral fissure length, with a neutral canthal tilt and visible upper-lid crease; nose with a straight dorsum, medium bridge width, and rounded tip; mouth medium in width with thin upper and lower lips, level corners, and upper teeth showing in a smile; facial hair consisting of light stubble along the jawline and chin; ears with free lobes and a metal ring piercing in the left lobe; all captured with soft indoor lighting, short tousled light brown hair, direct gaze, and a slight head tilt.",0.11180802434682846,4,0.25,0,1,0.11432325839996338,-0.002515234053134918,50
siglip2_b16_224,face::train::073196.jpg,face,train,073196.jpg,identity,builtin:identity,same,"Male-presenting adult, oblong face shape, balanced facial thirds with prominent bone structure and moderate soft tissue coverage; straight hairline with moderate temporal recession, high forehead, gently rounded profile, moderate brow ridge, average glabella width; moderate cheekbone projection, medium-length midface, shallow nasolabial folds; lower-face width proportional to cheekbones, defined continuous jawline with moderate angle flare, rounded chin with moderate vertical height and projection; thick, medium-length, soft-arched eyebrows with lateral thinning, moderate interbrow spacing; almond-shaped eyes with average palpebral fissure length, slight upward canthal tilt, double upper-lid crease, average orbital depth; straight nasal dorsum, average bridge width, rounded tip with moderate projection and rotation, medium alar width with slight flare; medium mouth width, upper-to-lower lip fullness ratio balanced, level lip corners, short philtrum with defined ridges, upper teeth visible at rest; average-sized ears with free lobes positioned level with the eye-nose line; short dark hairstyle with textured styling, light stubble on jaw and chin, smiling expression, forward gaze, slight head turn, bright indoor lighting, soft focus, and medium-resolution crop.",0.0536523163318634,18,0.05555555555555555,0,0,0.09927164763212204,-0.045619331300258636,50
siglip2_b16_224,face::train::178129.jpg,face,train,178129.jpg,identity,builtin:identity,same,"Female presentation, middle-aged adult, oval face shape with balanced facial thirds and a moderately wide jawline; no persistent asymmetries visible; natural hairline with a rounded shape and moderate temporal recession; thin, soft-arched eyebrows with a high arch peak position; almond-shaped eyes with a neutral canthal tilt, double upper-lid creases, and moderate lid exposure; narrow nasal root, straight dorsum, narrow bridge, and a rounded tip with moderate projection; medium-width mouth with thin upper and lower lips, level corners, and visible upper teeth; smooth skin surface with no discernible persistent marks; free ear lobes wearing drop earrings; captured in a medium shot with a three-quarter turn, smiling expression, and warm indoor lighting.",0.0836411714553833,17,0.058823529411764705,0,0,0.11617351323366165,-0.03253234177827835,50
siglip2_b16_224,face::train::123459.jpg,face,train,123459.jpg,identity,builtin:identity,same,"Male-presenting adult, oval face shape with balanced vertical thirds; high forehead with a rounded hairline, moderate temporal recession; prominent brow ridge, straight eyebrows with moderate density; almond-shaped eyes, moderate palpebral fissure, slight upward slant, defined double eyelid creases, average orbital depth; straight nasal dorsum, moderate bridge width, rounded tip with moderate projection, average alar width; medium-thickness lips with a defined cupid's bow, level mouth corners, short philtrum with distinct ridges; narrow jawline, rounded chin with moderate projection; short dark facial hair styled as a thin mustache and stubble along the jaw; short dark hair; ears not discernible; captured in a medium close-up with direct flash lighting, neutral expression, and a slight downward head tilt against a dark background.",0.05739239230751991,31,0.03225806451612903,0,0,0.09830763936042786,-0.040915247052907944,50
siglip2_b16_224,face::train::088914.jpg,face,train,088914.jpg,identity,builtin:identity,same,"Male presentation, adult, oval face shape, balanced upper, middle, and lower thirds, moderate soft tissue covering over prominent bone structure; rounded forehead contour with a receding hairline; prominent cheekbones with moderate fullness; lower-face width proportional to cheekbones, defined jawline, rounded chin with moderate projection; eyebrows not visible due to eyewear; eyes occluded by dark sunglasses; straight nose dorsum, moderate bridge width, rounded tip with moderate projection, average alar width; lips of moderate fullness with level corners, philtrum with defined ridges; thin mustache and goatee facial hair style; ears partially occluded; captured in a medium close-up shot with a hand saluting near the head, wearing dark sunglasses, under indoor lighting against a plain light background.",0.0846891775727272,15,0.06666666666666667,0,0,0.11578913778066635,-0.031099960207939148,50
siglip2_b16_224,face::train::141457.jpg,face,train,141457.jpg,identity,builtin:identity,same,"Male-presenting middle-aged adult, oval face shape with balanced upper, middle, and lower thirds, and moderate soft tissue depth; forehead of medium height with a gently rounded profile; hairline receding evenly at the temples; thin, sparse eyebrows with a soft arch; almond-shaped eyes with a neutral canthal tilt and visible upper-lid creases; straight nose with a medium bridge and rounded tip; mouth of moderate width with thin vermilion lips and level corners; short hair styled forward, clean-shaven face, wearing round glasses with yellow-tinted lenses, high-collared dark outerwear, a ring on the finger resting against the cheek, captured in a close-up with motion blur and heavy compression artifacts stretching the top edge of the frame.",0.07327308505773544,43,0.023255813953488372,0,0,0.11584720760583878,-0.04257412254810333,50
siglip2_b16_224,face::train::001042.jpg,face,train,001042.jpg,identity,builtin:identity,same,"Feminine-presenting adult, oval face shape with balanced upper, middle, and lower thirds, moderate soft tissue coverage over distinct bone structure; hairline rounded with slight temporal recession; eyebrows medium in thickness with a soft arch, moderate spacing, and moderate brow-to-eye vertical distance; almond-shaped eyes with a slight upward slant, average orbital depth, visible upper-lid crease, and under-eye fullness; nose with a straight dorsum, medium bridge width, rounded tip, average projection, and moderate alar width; mouth with lips of moderate fullness, cupid's bow defined, corners level, philtrum with defined ridges, and teeth partially occluded by a finger; ears not discernible; skin clear with no prominent persistent marks; captured in a close-up portrait with soft lighting, head turned slightly, a hand partially occluding the lower face, and a neutral expression.",0.06121532618999481,41,0.024390243902439025,0,0,0.11290669441223145,-0.05169136822223663,50
siglip2_b16_224,face::train::032580.jpg,face,train,032580.jpg,identity,builtin:identity,same,"Male-presenting adult, oblong face with balanced vertical thirds and prominent bone structure, high and broad forehead with a gently rounded profile, slight temporal narrowing, high M-shaped hairline with deep temporal recession, prominent brow ridges with minimal spacing between the brows, medium-thick soft-arched eyebrows with lateral tails sloping downward, almond-shaped eyes with a moderate upper-lid crease and average orbital depth, straight nasal bridge with a high nasal root and a slightly bulbous tip, moderate alar width, thin lips with a level mouth corner orientation, shallow philtrum with well-defined ridges, moderate jaw angle sharpness with a strong, continuous jawline, rounded chin with moderate vertical height and a slight central indentation, moderate-sized free-lobed ears positioned level with the eye-nose line, short dark wavy hair styled away from the forehead, clean-shaven face with light stubble on the upper lip, captured in a frontal medium shot with even indoor lighting and a neutral expression.",0.09465545415878296,18,0.05555555555555555,0,0,0.12753108143806458,-0.032875627279281616,50
siglip2_b16_224,face::train::109762.jpg,face,train,109762.jpg,identity,builtin:identity,same,"Male-presenting middle-aged adult with an oblong facial shape and balanced upper, middle, and lower thirds; straight forehead, prominent brow ridge, moderate temple narrowing, high receding hairline with deep temporal recession, moderate cheekbone projection with slight hollowing, narrow jawline with a defined jaw and a rounded chin. Eyebrows are thin, sparse, and straight-arched with moderate spacing and high vertical distance to the eyes. Eyes are almond-shaped with a medium palpebral fissure, moderate intercanthal distance, horizontal canthal tilt, visible double upper-lid crease, average orbital depth, and moderate under-eye fullness. Nose features a straight dorsum, narrow bridge, rounded tip with moderate projection, moderate alar width, and visible nostrils. Mouth has moderate width, thin upper and lower lips with level corners, defined cupid's bow, and a short philtrum with well-defined ridges showing upper teeth at rest. Ears are average size with attached lobes and moderate protrusion. Skin shows permanent horizontal forehead creases and nasolabial folds; variable features include short wavy light brown hair styled upwards, a smiling expression with direct forward gaze, outdoors lighting, and a shallow depth of field.",0.09366357326507568,7,0.14285714285714285,0,0,0.1213231012225151,-0.027659527957439423,50
siglip2_b16_224,face::test::189457.jpg,face,test,189457.jpg,identity,builtin:identity,same,"Male, young adult, oval face shape with balanced upper, middle, and lower thirds; moderate bone structure to soft tissue balance; forehead of medium height and width with a gently rounded profile, moderate brow ridge, average glabella width, and slight temporal narrowing; hairline with a rounded shape and moderate temporal recession; prominent cheekbones of medium width and height, average midface length, shallow nasolabial folds, and smooth infraorbital contours; lower face tapering slightly from the cheekbones, with a continuous, well-defined jawline, rounded chin of moderate projection, and a shallow mentolabial sulcus; eyebrows of medium thickness, density, and length, with soft-arched shape, moderate spacing, and average brow-to-eye vertical distance; almond-shaped eyes with a moderate palpebral fissure length, minimal canthal tilt, double upper-lid creases of medium height, average lid exposure, average orbital depth, and smooth under-eye fullness; nasal root of medium width and depth, straight dorsum, bridge of average width, rounded tip, moderate tip projection, moderate alar width, and visible nostrils; mouth of moderate width relative to pupil distance, upper-to-lower lip fullness ratio balanced with moderate vermilion fullness, defined cupid's bow, upturned corners, and a medium-length philtrum with well-defined ridges; short facial stubble along the jawline; skin surface clear without persistent marks; ears not discernible; captured in a slightly low-resolution, close-up photograph with warm lighting, slight motion blur, a slight head turn to the right, and a smiling expression.",0.07493257522583008,40,0.025,0,0,0.11940215528011322,-0.04446958005428314,50
siglip2_b16_224,face::test::186223.jpg,face,test,186223.jpg,identity,builtin:identity,same,"Female presentation, adult, oval face shape with balanced upper, middle, and lower thirds; soft tissue balance moderate with smooth contours, forehead height moderate and gently rounded, brow ridge subtle, glabella average width, temples full; hairline obscured by bangs, dark hair styled up with loose side strands; eyebrows medium thickness and density, soft-arched with medial spacing and moderate vertical distance to eyes; eyes almond-shaped, horizontal palpebral fissures, average intercanthal distance, neutral canthal tilt, upper lids with visible creases, moderate orbital depth, under-eye fullness smooth; nose with average root width, straight dorsum, medium bridge width, rounded tip with moderate projection, alar base proportional to inner eye corners, nostrils partially visible; mouth medium width with upper-to-lower lip fullness ratio balanced, vermilion full, cupid's bow defined, corners slightly upturned, philtrum with defined ridges; facial hair none; skin smooth with no prominent persistent marks; ears not discernible; captured in a close-up shot with warm indoor lighting, wearing a tiara, veil, necklace, and a slight smiling expression with head turned slightly to the left.",0.06200103834271431,39,0.02564102564102564,0,0,0.1082143783569336,-0.046213340014219284,50
siglip2_b16_224,face::test::185812.jpg,face,test,185812.jpg,identity,builtin:identity,same,"Male-presenting adult, round face shape with balanced vertical thirds, broad forehead with slight temporal recession, prominent brow ridge, moderate temple narrowing; hairline receding at the temples, irregular M-shaped pattern; eyebrows moderately thick, straight, spaced apart; eyes almond-shaped, horizontal palpebral fissure, average orbital depth, upper-lid crease visible; nose with straight dorsum, medium bridge width, rounded tip with moderate projection, alar width proportional to inner eye corners; mouth of medium width, thin upper lip, slightly fuller lower lip, level corners, shallow philtrum with soft ridges; jawline moderately defined with rounded chin and smooth submental contour; ears of average size with free lobes, positioned level with the eye-nose line; short dark hair styled upward, thin facial hair growth along the jawline, wearing thin-metal-frame eyeglasses, captured in low-key lighting with a neutral expression.",0.09366828203201294,9,0.1111111111111111,0,0,0.11533070355653763,-0.02166242152452469,50
siglip2_b16_224,face::test::189858.jpg,face,test,189858.jpg,identity,builtin:identity,same,"Woman, young adult, oval face with balanced thirds and moderate soft tissue coverage over distinct bone structure; forehead height and width are not discernible due to hair obscuring the upper region; cheekbones moderate in width and projection with smooth contours; lower face tapering to a rounded chin with moderate projection and a shallow mentolabial sulcus; eyebrows partially obscured by hair, showing a soft-arched shape and moderate thickness; eyes almond-shaped, medium palpebral fissure length with a neutral canthal tilt, moderate upper-lid exposure with visible double creases, and average orbital depth; nose with a straight dorsum, medium bridge width, rounded tip with moderate projection, and average alar width; mouth open with moderate lip fullness, level corners, and defined cupid's bow; ears mostly occluded by hair; skin surface clear without persistent marks; captured in an uncalibrated indoor flash photograph with the head turned and tilted upward, showing a surprised expression with parted lips and voluminous curly reddish-brown hair styled with bangs across the forehead.",0.07982327044010162,21,0.047619047619047616,0,0,0.10956251621246338,-0.029739245772361755,50
siglip2_b16_224,face::test::183801.jpg,face,test,183801.jpg,identity,builtin:identity,same,"Woman, adult, oval face shape with balanced vertical thirds, moderate cheekbone width, and defined jawline; no persistent asymmetries visible; rounded hairline pulled backward with moderate temporal recession; medium-thick, soft-arched eyebrows with a lateral peak and moderate spacing; almond-shaped eyes with a slight upward slant, moderate palpebral fissure length, double eyelids with visible upper lid exposure, and average orbital depth; straight nasal dorsum, medium bridge width, rounded tip with moderate projection, and visible nostrils; medium mouth width, upper-to-lower lip fullness ratio near even, defined cupid's bow, and level lip corners; no facial hair; smooth skin surface without visible permanent marks; average-sized ears with free lobes and visible small stud earrings; shown in a low-angle shot with a slight head tilt upward, neutral expression, and directional lighting from the upper left.",0.11802493035793304,9,0.1111111111111111,0,0,0.12528550624847412,-0.007260575890541077,50
siglip2_b16_224,face::test::188858.jpg,face,test,188858.jpg,identity,builtin:identity,same,"Woman, young adult, oval face shape with balanced facial thirds and moderate soft tissue. Not discernible asymmetry; rounded hairline with moderate temporal recession; medium-thick, soft-arched eyebrows with lateral thinning; almond-shaped eyes with moderate palpebral fissure length, slight upward canthal tilt, and visible double upper-lid creases; straight nasal dorsum, moderate bridge width, rounded tip with average projection, and average alar width; medium mouth width, upper-to-lower lip fullness ratio balanced with moderate vermilion height, well-defined cupid's bow, upturned corners, and visible upper teeth during a smiling expression; not discernible facial hair; smooth skin without prominent marks; ears partially occluded; captured in a close-up indoor shot with direct flash lighting, a slight head turn to the right, a wide smile, and overlaid text across the frame.",0.07073435187339783,12,0.08333333333333333,0,0,0.10959992557764053,-0.038865573704242706,50
siglip2_b16_224,face::test::196777.jpg,face,test,196777.jpg,identity,builtin:identity,same,"Male-presenting young adult with an oval face shape, balanced thirds, and moderate soft tissue coverage over prominent bone structure; forehead height is medium with a gently rounded contour and moderate brow ridge prominence; hairline is rounded with slight temporal recession; cheekbones are wide and moderately projecting with average fullness; lower-face width is broad with a strong, square jawline, well-defined jaw angle, and a rounded chin with moderate projection; eyebrows are thick, dense, and straight with a low vertical distance to the eyes; eyes are almond-shaped with a medium palpebral fissure length, level canthal tilt, and visible double upper-lid crease; nose has a straight dorsum, medium bridge width, bulbous tip with moderate projection, and narrow alar base; mouth has medium width, even lip fullness, level corners, and a defined cupid's bow above a medium-length philtrum with distinct ridges; facial hair consists of short stubble covering the upper lip, chin, and jawline; ears have free lobes and are positioned slightly above the eye-nose line; captured in a close-up three-quarter view with soft lighting and a neutral expression against a red and white patterned background, with noticeable lens distortion compressing the upper left background.",0.10163086652755737,6,0.16666666666666666,0,0,0.12814581394195557,-0.026514947414398193,50
siglip2_b16_224,face::test::184003.jpg,face,test,184003.jpg,identity,builtin:identity,same,"Male, young adult, oval face shape with balanced facial thirds and moderate soft tissue coverage. Forehead height is medium with a gently rounded profile and slight temple narrowing. Hairline is rounded with low temporal recession and moderate height on the forehead. Cheekbones have average width and moderate projection, midface length is medium, and nasolabial folds are shallow. Lower face width is proportional to the cheekbones, with a continuous jawline, rounded chin of moderate projection, and a shallow mentolabial sulcus. Eyebrows are medium in thickness and density with a soft arch, moderate spacing, and standard brow-to-eye vertical distance. Eyes are almond-shaped with a slight upward canthal tilt, moderate palpebral fissure length, average intercanthal distance, visible double upper-lid creases, and average orbital depth. Nasal root is medium in width, dorsum is straight, bridge is medium in width, tip is rounded with moderate projection, alar width is proportional to the inner eye corners, and nostrils are partially visible with a moderate columella show. Mouth width is moderate relative to the pupils, lips have medium fullness with a defined cupid's bow, and mouth corners are slightly upturned. Philtrum is moderate in length with defined ridges. Facial hair is clean-shaven. Ears are average in size with free lobes and are positioned in line with the eye-nose region; captured in a close-up crop with slight upward head tilt, neutral expression, and digital distortion artifacts on the left side and top.",0.07268670201301575,31,0.03225806451612903,0,0,0.10826870799064636,-0.035582005977630615,50
siglip2_b16_224,face::test::201409.jpg,face,test,201409.jpg,identity,builtin:identity,same,"Male-presenting young adult, oval face shape with balanced upper, middle, and lower thirds, moderate facial depth, and strong bone structure relative to soft tissue; forehead moderately high and wide with gentle rounding, prominent brow ridges, and slight temple narrowing; receding hairline with temporal recession; eyebrows thick, dense, and soft-arched with moderate spacing; almond-shaped eyes with moderate palpebral fissure length, average orbital depth, and visible upper-lid creases; nasal root medium width, straight dorsum, rounded tip, and medium alar width; mouth medium width with balanced vermilion fullness, defined cupid's bow, and level corners; short facial stubble on cheeks, jaw, and chin; ears partially visible with free lobes; captured in a head-and-shoulders portrait with a turned pose, direct gaze, neutral expression, and severe digital glitch artifacts distorting the top of the frame.",0.06614625453948975,36,0.027777777777777776,0,0,0.119588203728199,-0.05344194918870926,50
siglip2_b16_224,face::test::196611.jpg,face,test,196611.jpg,identity,builtin:identity,same,"Woman, adult, oval face shape with balanced facial thirds and prominent cheekbones. Forehead of moderate height with a gently rounded contour, slight temple narrowing, and a straight hairline with minor temporal recession. Eyebrows medium in thickness, soft-arched with lateral tails angling downward. Almond-shaped eyes with a slight upward canthal tilt, moderate palpebral fissure length, and visible double eyelid creases. Nose with a straight dorsum, medium-width bridge, and rounded tip. Mouth with moderate vermilion fullness, upturned corners, and visible upper teeth. Jawline defined with a moderate angle flare and a rounded chin. Ears mostly occluded by hair. Skin smooth with no visible persistent marks. Captured in a medium-close shot with bright indoor lighting, head turned slightly to the left, wearing a smiling expression, with long reddish-brown hair and a linked metal necklace.",0.09915253520011902,7,0.14285714285714285,0,0,0.11778834462165833,-0.018635809421539307,50
siglip2_b16_224,person::train::00197_4.png,person,train,00197_4.png,llm_brief,gemini:gemini-3.1-flash-lite:3cab990ae372,information_reduced,"Average-build woman with long brown hair in a light brown winter jacket, blue pants, and white shoes.",0.13324996829032898,3,0.3333333333333333,0,1,0.169292151927948,-0.03604218363761902,50
siglip2_b16_224,person::train::00197_4.png,person,train,00197_4.png,llm_balanced,gemini:gemini-3.1-flash-lite:3cab990ae372,information_reduced,"Average-build woman with long brown hair, wearing a light brown winter jacket with a fur hood, light blue pants, and white shoes.",0.144364595413208,3,0.3333333333333333,0,1,0.1597803235054016,-0.015415728092193604,50
siglip2_b16_224,person::train::00197_4.png,person,train,00197_4.png,llm_detailed,gemini:gemini-3.1-flash-lite:3cab990ae372,information_reduced,"An average-build woman with long brown hair is wearing a light brown winter jacket featuring a fur hood, paired with light blue pants and white shoes.",0.1241144984960556,3,0.3333333333333333,0,1,0.1468711644411087,-0.0227566659450531,50
siglip2_b16_224,person::train::00197_4.png,person,train,00197_4.png,llm_human_description,gemini:gemini-3.1-flash-lite:3cab990ae372,information_reduced,"That's a woman with a normal build and long brown hair. She is wearing a light brown winter jacket that has a hood with fur on it, plus light blue pants and a pair of white shoes.",0.1154063493013382,3,0.3333333333333333,0,1,0.14439253509044647,-0.028986185789108276,50
siglip2_b16_224,person::query::26685_1.jpg,person,query,26685_1.jpg,llm_brief,gemini:gemini-3.1-flash-lite:3cab990ae372,information_reduced,Male with short dark hair in a light blue button-down shirt and light brown trousers.,0.14608392119407654,1,1.0,1,1,0.1234346330165863,0.022649288177490234,50
siglip2_b16_224,person::query::26685_1.jpg,person,query,26685_1.jpg,llm_balanced,gemini:gemini-3.1-flash-lite:3cab990ae372,information_reduced,"A man of average build with short dark hair, wearing a long-sleeved light blue button-down shirt, light brown trousers, and dark shoes.",0.14315378665924072,1,1.0,1,1,0.1323547661304474,0.010799020528793335,50
siglip2_b16_224,person::query::26685_1.jpg,person,query,26685_1.jpg,llm_detailed,gemini:gemini-3.1-flash-lite:3cab990ae372,information_reduced,"A male of average build, featuring short dark hair. He is dressed in a long-sleeved light blue button-down shirt, light brown trousers, and dark footwear.",0.13352610170841217,1,1.0,1,1,0.12108583003282547,0.0124402716755867,50
siglip2_b16_224,person::query::26685_1.jpg,person,query,26685_1.jpg,llm_human_description,gemini:gemini-3.1-flash-lite:3cab990ae372,information_reduced,"That is an average-build guy with short dark hair, wearing a light blue long-sleeved button-down shirt with light brown pants and dark shoes.",0.14979584515094757,1,1.0,1,1,0.1292794793844223,0.02051636576652527,50
siglip2_b16_224,person::gallery::26474_5.jpg,person,gallery,26474_5.jpg,llm_brief,gemini:gemini-3.1-flash-lite:3cab990ae372,information_reduced,"Male with short black hair, eyeglasses, a light hooded jacket, purple-patterned shirt, blue pants, and a black backpack.",0.16064681112766266,4,0.25,0,1,0.16409116983413696,-0.003444358706474304,50
siglip2_b16_224,person::gallery::26474_5.jpg,person,gallery,26474_5.jpg,llm_balanced,gemini:gemini-3.1-flash-lite:3cab990ae372,information_reduced,"A man of average build with short black hair and eyeglasses, wearing a light-colored hooded zip-up jacket over a purple-patterned collared shirt, dark blue pants, and dark shoes, carrying a black backpack.",0.14054575562477112,1,1.0,1,1,0.11922229826450348,0.02132345736026764,50
siglip2_b16_224,person::gallery::26474_5.jpg,person,gallery,26474_5.jpg,llm_detailed,gemini:gemini-3.1-flash-lite:3cab990ae372,information_reduced,"A male of average build, featuring short black hair and eyeglasses. He wears a light-colored hooded zip-up jacket layered over a purple-patterned collared shirt. His outfit includes dark blue pants, dark shoes, and a black backpack worn on both shoulders.",0.10176227241754532,3,0.3333333333333333,0,1,0.12225571274757385,-0.020493440330028534,50
siglip2_b16_224,person::gallery::26474_5.jpg,person,gallery,26474_5.jpg,llm_human_description,gemini:gemini-3.1-flash-lite:3cab990ae372,information_reduced,"I'm looking for a man with short black hair and glasses. He has an average build and is wearing a light-colored zip-up hoodie over a purple patterned collared shirt, along with dark blue pants and dark shoes. He is also carrying a black backpack on both shoulders.",0.10172983258962631,4,0.25,0,1,0.11291325092315674,-0.011183418333530426,50
siglip2_b16_224,person::train::03736_1.jpg,person,train,03736_1.jpg,llm_brief,gemini:gemini-3.1-flash-lite:3cab990ae372,information_reduced,"Man with short dark hair, eyeglasses, and a black quilted jacket, carrying a white plastic bag.",0.1605384647846222,3,0.3333333333333333,0,1,0.18901637196540833,-0.028477907180786133,50
siglip2_b16_224,person::train::03736_1.jpg,person,train,03736_1.jpg,llm_balanced,gemini:gemini-3.1-flash-lite:3cab990ae372,information_reduced,"Average-build man with short dark hair and eyeglasses, wearing a black long-sleeved quilted jacket with gray collar lining, black pants, and black shoes, carrying a white plastic bag.",0.10870809853076935,12,0.08333333333333333,0,0,0.1429823637008667,-0.03427426517009735,50
siglip2_b16_224,person::train::03736_1.jpg,person,train,03736_1.jpg,llm_detailed,gemini:gemini-3.1-flash-lite:3cab990ae372,information_reduced,"Average-build man with medium skin tone, short dark hair, and eyeglasses. He is wearing a black long-sleeved quilted jacket that features a light gray collar lining over a dark inner collar, paired with black long pants and black shoes. He is holding a white plastic bag.",0.10388119518756866,11,0.09090909090909091,0,0,0.12708573043346405,-0.023204535245895386,50
siglip2_b16_224,person::train::03736_1.jpg,person,train,03736_1.jpg,llm_human_description,gemini:gemini-3.1-flash-lite:3cab990ae372,information_reduced,"That is an average-build man with short dark hair and glasses. He has on a black quilted jacket with a light gray collar lining, black pants, and black shoes, and he is holding a white plastic bag.",0.10721694678068161,6,0.16666666666666666,0,0,0.11821955442428589,-0.011002607643604279,50
siglip2_b16_224,person::query::14604_1.png,person,query,14604_1.png,llm_brief,gemini:gemini-3.1-flash-lite:3cab990ae372,information_reduced,"Male with average build wearing black headwear, dark gray long-sleeved shirt, blue pants, and black shoes, carrying a black backpack.",0.1617773324251175,5,0.2,0,1,0.17687296867370605,-0.015095636248588562,50
siglip2_b16_224,person::query::14604_1.png,person,query,14604_1.png,llm_balanced,gemini:gemini-3.1-flash-lite:3cab990ae372,information_reduced,"Average build male in black headwear, dark gray long-sleeved top, blue pants, and black shoes, carrying a black backpack on both shoulders.",0.15122613310813904,4,0.25,0,1,0.16839352250099182,-0.017167389392852783,50
siglip2_b16_224,person::query::14604_1.png,person,query,14604_1.png,llm_detailed,gemini:gemini-3.1-flash-lite:3cab990ae372,information_reduced,"Male of average build, wearing black headwear, a dark gray long-sleeved upper garment, blue pants, and black shoes, with a black backpack worn on both shoulders.",0.16048510372638702,2,0.5,0,1,0.1651737540960312,-0.004688650369644165,50
siglip2_b16_224,person::query::14604_1.png,person,query,14604_1.png,llm_human_description,gemini:gemini-3.1-flash-lite:3cab990ae372,information_reduced,"A guy of average build wearing a dark gray long-sleeved shirt and blue pants. He has black headwear on, black shoes, and is carrying a black backpack on his back.",0.17380377650260925,4,0.25,0,1,0.1908596158027649,-0.01705583930015564,50
siglip2_b16_224,vehicle::train_images::19666_c077_02.jpg,vehicle,train_images,19666_c077_02.jpg,llm_brief,gemini:gemini-3.1-flash-lite:3cab990ae372,information_reduced,Black Volkswagen Touran minivan.,0.10286429524421692,12,0.08333333333333333,0,0,0.13797782361507416,-0.03511352837085724,50
siglip2_b16_224,vehicle::train_images::19666_c077_02.jpg,vehicle,train_images,19666_c077_02.jpg,llm_balanced,gemini:gemini-3.1-flash-lite:3cab990ae372,information_reduced,Black Volkswagen Touran minivan with alloy rims and silver roof rails.,0.11841974407434464,8,0.125,0,0,0.16026970744132996,-0.04184996336698532,50
siglip2_b16_224,vehicle::train_images::19666_c077_02.jpg,vehicle,train_images,19666_c077_02.jpg,llm_detailed,gemini:gemini-3.1-flash-lite:3cab990ae372,information_reduced,"Black Volkswagen Touran minivan featuring alloy rims, silver roof rails, and tinted windows.",0.12874865531921387,5,0.2,0,1,0.15591438114643097,-0.027165725827217102,50
siglip2_b16_224,vehicle::train_images::19666_c077_02.jpg,vehicle,train_images,19666_c077_02.jpg,llm_human_description,gemini:gemini-3.1-flash-lite:3cab990ae372,information_reduced,"That is a black Volkswagen Touran minivan. It has alloy wheels, silver rails on the roof, and tinted windows.",0.15562337636947632,2,0.5,0,1,0.15610575675964355,-0.00048238039016723633,50
siglip2_b16_224,vehicle::query_images::20204_c041_01.jpg,vehicle,query_images,20204_c041_01.jpg,llm_brief,gemini:gemini-3.1-flash-lite:3cab990ae372,information_reduced,Black sedan with alloy wheels.,0.09881138801574707,19,0.05263157894736842,0,0,0.12309885025024414,-0.02428746223449707,50
siglip2_b16_224,vehicle::query_images::20204_c041_01.jpg,vehicle,query_images,20204_c041_01.jpg,llm_balanced,gemini:gemini-3.1-flash-lite:3cab990ae372,information_reduced,Black sedan featuring alloy wheels and chrome trunk trim.,0.09016114473342896,17,0.058823529411764705,0,0,0.1120314672589302,-0.02187032252550125,50
siglip2_b16_224,vehicle::query_images::20204_c041_01.jpg,vehicle,query_images,20204_c041_01.jpg,llm_detailed,gemini:gemini-3.1-flash-lite:3cab990ae372,information_reduced,"Black sedan with alloy wheels, chrome trunk trim, and tinted rear window.",0.12361651659011841,12,0.08333333333333333,0,0,0.13406583666801453,-0.010449320077896118,50
siglip2_b16_224,vehicle::query_images::20204_c041_01.jpg,vehicle,query_images,20204_c041_01.jpg,llm_human_description,gemini:gemini-3.1-flash-lite:3cab990ae372,information_reduced,"It is a black sedan that has alloy wheels, some chrome trim on the trunk, and a tinted rear window.",0.16066674888134003,5,0.2,0,1,0.1666850745677948,-0.006018325686454773,50
siglip2_b16_224,vehicle::gallery_images::20591_c110_03.jpg,vehicle,gallery_images,20591_c110_03.jpg,llm_brief,gemini:gemini-3.1-flash-lite:3cab990ae372,information_reduced,Black BMW 5 Series (F10) sedan with a sunroof.,0.10200322419404984,41,0.024390243902439025,0,0,0.1352195143699646,-0.033216290175914764,50
siglip2_b16_224,vehicle::gallery_images::20591_c110_03.jpg,vehicle,gallery_images,20591_c110_03.jpg,llm_balanced,gemini:gemini-3.1-flash-lite:3cab990ae372,information_reduced,"Black BMW 5 Series (F10) sedan featuring a sunroof, multi-spoke alloy wheels, and light window tint.",0.09553105384111404,29,0.034482758620689655,0,0,0.12556511163711548,-0.030034057796001434,50
siglip2_b16_224,vehicle::gallery_images::20591_c110_03.jpg,vehicle,gallery_images,20591_c110_03.jpg,llm_detailed,gemini:gemini-3.1-flash-lite:3cab990ae372,information_reduced,"Black BMW 5 Series (F10) sedan with multi-spoke alloy wheels, a sunroof, light window tint, and stickers on the passenger side of the front windshield.",0.11026209592819214,34,0.029411764705882353,0,0,0.13422103226184845,-0.02395893633365631,50
siglip2_b16_224,vehicle::gallery_images::20591_c110_03.jpg,vehicle,gallery_images,20591_c110_03.jpg,llm_human_description,gemini:gemini-3.1-flash-lite:3cab990ae372,information_reduced,"This is a black BMW 5 Series sedan from the F10 generation. It has a sunroof, light window tint, and some multi-spoke alloy wheels. You can also see a few stickers on the passenger side of the front windshield.",0.11824528127908707,5,0.2,0,1,0.1304936408996582,-0.012248359620571136,50
siglip2_b16_224,vehicle::train_images::13184_c012_02.jpg,vehicle,train_images,13184_c012_02.jpg,llm_brief,gemini:gemini-3.1-flash-lite:3cab990ae372,information_reduced,Silver sedan with a sunroof and steel wheels.,0.13123390078544617,4,0.25,0,1,0.13643312454223633,-0.005199223756790161,50
siglip2_b16_224,vehicle::train_images::13184_c012_02.jpg,vehicle,train_images,13184_c012_02.jpg,llm_balanced,gemini:gemini-3.1-flash-lite:3cab990ae372,information_reduced,"Silver sedan featuring a sunroof, steel wheels with multi-spoke hubcaps, and white cloth items on the rear parcel shelf.",0.13281263411045074,5,0.2,0,1,0.14734575152397156,-0.014533117413520813,50
siglip2_b16_224,vehicle::train_images::13184_c012_02.jpg,vehicle,train_images,13184_c012_02.jpg,llm_detailed,gemini:gemini-3.1-flash-lite:3cab990ae372,information_reduced,"Silver sedan, equipped with a sunroof and steel wheels with multi-spoke hubcaps. Several white cloth items are visible on the interior rear parcel shelf.",0.1171426996588707,7,0.14285714285714285,0,0,0.13355229794979095,-0.016409598290920258,50
siglip2_b16_224,vehicle::train_images::13184_c012_02.jpg,vehicle,train_images,13184_c012_02.jpg,llm_human_description,gemini:gemini-3.1-flash-lite:3cab990ae372,information_reduced,I see a silver sedan that has a sunroof and steel wheels with multi-spoke hubcaps. There are some white cloth items sitting on the rear shelf inside.,0.15073439478874207,6,0.16666666666666666,0,0,0.17011383175849915,-0.01937943696975708,50
siglip2_b16_224,vehicle::query_images::21022_c078_01.jpg,vehicle,query_images,21022_c078_01.jpg,llm_brief,gemini:gemini-3.1-flash-lite:3cab990ae372,information_reduced,White FAW SUV with alloy rims.,0.0746336281299591,16,0.0625,0,0,0.09061329066753387,-0.015979662537574768,50
siglip2_b16_224,vehicle::query_images::21022_c078_01.jpg,vehicle,query_images,21022_c078_01.jpg,llm_balanced,gemini:gemini-3.1-flash-lite:3cab990ae372,information_reduced,"White FAW SUV featuring alloy rims, roof rails, and a sunroof.",0.11175518482923508,11,0.09090909090909091,0,0,0.12796683609485626,-0.016211651265621185,50
siglip2_b16_224,vehicle::query_images::21022_c078_01.jpg,vehicle,query_images,21022_c078_01.jpg,llm_detailed,gemini:gemini-3.1-flash-lite:3cab990ae372,information_reduced,"White FAW SUV equipped with alloy rims, roof rails, and a sunroof.",0.10884173959493637,10,0.1,0,0,0.12476743757724762,-0.01592569798231125,50
siglip2_b16_224,vehicle::query_images::21022_c078_01.jpg,vehicle,query_images,21022_c078_01.jpg,llm_human_description,gemini:gemini-3.1-flash-lite:3cab990ae372,information_reduced,"It is a white FAW SUV that has alloy rims, roof rails, and a sunroof on top.",0.13345851004123688,4,0.25,0,1,0.144883394241333,-0.01142488420009613,50
siglip2_b16_224,face::train::170623.jpg,face,train,170623.jpg,llm_brief,gemini:gemini-3.1-flash-lite:3cab990ae372,information_reduced,"Middle-aged male with an oval face, M-shaped hairline, and almond-shaped eyes.",0.08951528370380402,23,0.043478260869565216,0,0,0.13727107644081116,-0.04775579273700714,50
siglip2_b16_224,face::train::170623.jpg,face,train,170623.jpg,llm_balanced,gemini:gemini-3.1-flash-lite:3cab990ae372,information_reduced,"Middle-aged male with an oval face, M-shaped hairline with temporal recession, almond-shaped eyes, and a straight-bridged nose with a rounded tip.",0.09647861123085022,20,0.05,0,0,0.13109621405601501,-0.034617602825164795,50
siglip2_b16_224,face::train::170623.jpg,face,train,170623.jpg,llm_detailed,gemini:gemini-3.1-flash-lite:3cab990ae372,information_reduced,"Male-presenting middle-aged adult with oval facial shape, balanced thirds, and average facial depth. Jawline is moderately defined with a rounded, moderately projecting chin. Hairline is M-shaped with temporal recession. Eyebrows are medium-thick, soft-arched with low peaks. Eyes are almond-shaped with horizontal slant and double upper-lid crease. Nasal dorsum is straight, bridge is moderate, and tip is rounded with moderate projection. Mouth has balanced lip fullness, defined cupid's bow, and visible upper dental alignment. Ears are average size with rolled helix, defined antihelix, and free lobes.",0.08915028721094131,7,0.14285714285714285,0,0,0.11555172502994537,-0.02640143781900406,50
siglip2_b16_224,face::train::170623.jpg,face,train,170623.jpg,llm_human_description,gemini:gemini-3.1-flash-lite:3cab990ae372,information_reduced,"This is a middle-aged man with an oval-shaped face. He has a receding M-shaped hairline, almond-shaped eyes, and medium-thick, softly arched eyebrows. His nose is straight-bridged with a rounded tip, and he has a defined, balanced smile showing his upper teeth.",0.06333185732364655,26,0.038461538461538464,0,0,0.11127997934818268,-0.04794812202453613,50
siglip2_b16_224,face::test::189457.jpg,face,test,189457.jpg,llm_brief,gemini:gemini-3.1-flash-lite:3cab990ae372,information_reduced,"A young adult male with an oval face, almond-shaped eyes, a straight nose, and short facial stubble along the jawline.",0.10777290165424347,13,0.07692307692307693,0,0,0.14188270270824432,-0.034109801054000854,50
siglip2_b16_224,face::test::189457.jpg,face,test,189457.jpg,llm_balanced,gemini:gemini-3.1-flash-lite:3cab990ae372,information_reduced,"A young adult male with an oval face, moderate-height forehead with slight temporal recession, almond-shaped eyes, and a straight-bridged nose. He has balanced lips, a well-defined jawline with a rounded chin, and short facial stubble along the jawline.",0.10855131596326828,15,0.06666666666666667,0,0,0.15575924515724182,-0.04720792919397354,50
siglip2_b16_224,face::test::189457.jpg,face,test,189457.jpg,llm_detailed,gemini:gemini-3.1-flash-lite:3cab990ae372,information_reduced,"Young adult male with an oval face shape, moderate brow ridge, and a rounded hairline with moderate temporal recession. Features prominent cheekbones, a well-defined jawline, and a rounded chin. He has almond-shaped eyes with double upper-lid creases, a straight nasal dorsum with a rounded tip, and balanced, full lips with a defined cupid's bow. Short facial stubble is present along the jawline.",0.08924177289009094,17,0.058823529411764705,0,0,0.12389843165874481,-0.03465665876865387,50
siglip2_b16_224,face::test::189457.jpg,face,test,189457.jpg,llm_human_description,gemini:gemini-3.1-flash-lite:3cab990ae372,information_reduced,"This is a young man with an oval face and almond-shaped eyes. He has a straight nose, full lips, and a well-defined jawline with some short stubble along the chin. He has a bit of a receding hairline and is smiling in the photo.",0.11186648160219193,9,0.1111111111111111,0,0,0.13250331580638885,-0.02063683420419693,50
siglip2_b16_224,face::train::081413.jpg,face,train,081413.jpg,llm_brief,gemini:gemini-3.1-flash-lite:3cab990ae372,information_reduced,Older man with short grey hair and a short grey mustache.,0.11117082834243774,7,0.14285714285714285,0,0,0.14158017933368683,-0.030409350991249084,50
siglip2_b16_224,face::train::081413.jpg,face,train,081413.jpg,llm_balanced,gemini:gemini-3.1-flash-lite:3cab990ae372,information_reduced,"Older man with an oblong face, receding grey hairline, and a short grey mustache. He has a straight nose with a bulbous tip and a sharp jawline.",0.11036445945501328,10,0.1,0,0,0.1339493691921234,-0.023584909737110138,50
siglip2_b16_224,face::train::081413.jpg,face,train,081413.jpg,llm_detailed,gemini:gemini-3.1-flash-lite:3cab990ae372,information_reduced,"Older adult with an oblong facial shape, defined bone structure, and high forehead with horizontal creases. Features include a receding hairline, moderate brow ridge with soft-arched eyebrows, almond-shaped deep-set eyes, and a straight nasal bridge with a bulbous tip. The mouth has thin lips, the philtrum is short with defined ridges, and the jawline is sharp with a rounded chin. Ears are of moderate size with attached lobes. He has short grey hair styled back and a short grey mustache.",0.06569822132587433,45,0.022222222222222223,0,0,0.1091029942035675,-0.043404772877693176,50
siglip2_b16_224,face::train::081413.jpg,face,train,081413.jpg,llm_human_description,gemini:gemini-3.1-flash-lite:3cab990ae372,information_reduced,"This is an older man with short, swept-back grey hair and a short grey mustache. He has a distinct oblong face with a sharp jawline and a prominent forehead with some horizontal lines. His nose is straight but rounded at the tip, and he has a serious, defined look with deep-set eyes.",0.10082463175058365,15,0.06666666666666667,0,0,0.12936091423034668,-0.02853628247976303,50
siglip2_b16_224,face::test::186223.jpg,face,test,186223.jpg,llm_brief,gemini:gemini-3.1-flash-lite:3cab990ae372,information_reduced,"An adult female with an oval face, dark hair styled up with bangs, and almond-shaped eyes.",0.11629262566566467,11,0.09090909090909091,0,0,0.1481136977672577,-0.03182107210159302,50
siglip2_b16_224,face::test::186223.jpg,face,test,186223.jpg,llm_balanced,gemini:gemini-3.1-flash-lite:3cab990ae372,information_reduced,"An adult female with an oval face, dark hair styled up with bangs, and almond-shaped eyes. She is wearing a tiara, veil, and necklace.",0.1579345166683197,1,1.0,1,1,0.1273522973060608,0.03058221936225891,50
siglip2_b16_224,face::test::186223.jpg,face,test,186223.jpg,llm_detailed,gemini:gemini-3.1-flash-lite:3cab990ae372,information_reduced,"An adult female with an oval face, smooth skin, and dark hair styled up with bangs and loose side strands. Features include medium-thickness soft-arched eyebrows, almond-shaped eyes with visible lid creases, a straight nose with a rounded tip, and medium-width lips with a defined cupid's bow. She is wearing a tiara, veil, and necklace.",0.07226425409317017,32,0.03125,0,0,0.12380634993314743,-0.051542095839977264,50
siglip2_b16_224,face::test::186223.jpg,face,test,186223.jpg,llm_human_description,gemini:gemini-3.1-flash-lite:3cab990ae372,information_reduced,"A woman with an oval face and dark hair pulled up with bangs framing her face. She has almond-shaped eyes and a nice smile, and she is wearing bridal accessories like a tiara, veil, and necklace.",0.15037915110588074,1,1.0,1,1,0.13414424657821655,0.016234904527664185,50
siglip2_b16_224,face::train::137722.jpg,face,train,137722.jpg,llm_brief,gemini:gemini-3.1-flash-lite:3cab990ae372,information_reduced,"An older woman with an oval face, thin arched eyebrows, and a textured white flat cap with a dark band.",0.16495996713638306,1,1.0,1,1,0.10444943606853485,0.060510531067848206,50
siglip2_b16_224,face::train::137722.jpg,face,train,137722.jpg,llm_balanced,gemini:gemini-3.1-flash-lite:3cab990ae372,information_reduced,"An older woman with an oval face, straight bangs, thin arched eyebrows, and medium-thin lips. She is wearing a textured white flat cap with a dark band.",0.15888001024723053,1,1.0,1,1,0.10801086574792862,0.05086914449930191,50
siglip2_b16_224,face::train::137722.jpg,face,train,137722.jpg,llm_detailed,gemini:gemini-3.1-flash-lite:3cab990ae372,information_reduced,"Older adult with an oval face, soft cheek and jawline fullness, and straight bangs under a textured white flat cap with a dark band. Features include thin, sparse arched eyebrows, almond-shaped eyes with visible creases, a straight nasal dorsum with a rounded tip, medium-thin lips with a defined cupid's bow, and mild vertical neck creases.",0.09977927803993225,1,1.0,1,1,0.09552052617073059,0.00425875186920166,50
siglip2_b16_224,face::train::137722.jpg,face,train,137722.jpg,llm_human_description,gemini:gemini-3.1-flash-lite:3cab990ae372,information_reduced,"This is an older woman with an oval face shape and straight bangs. She has thin eyebrows, almond-shaped eyes, and medium-thin lips. She is wearing a textured white flat cap that has a dark band on it.",0.11693515628576279,3,0.3333333333333333,0,1,0.11963328719139099,-0.0026981309056282043,50
siglip2_b16_224,person::train::06597_2.jpg,person,train,06597_2.jpg,llm_brief,gemini:gemini-3.1-flash-lite:3cab990ae372,information_reduced,"An average-build man with short dark hair, wearing a dark blue shirt and dark trousers.",0.10112172365188599,19,0.05263157894736842,0,0,0.12579390406608582,-0.02467218041419983,50
siglip2_b16_224,person::train::06597_2.jpg,person,train,06597_2.jpg,llm_balanced,gemini:gemini-3.1-flash-lite:3cab990ae372,information_reduced,"An average-build man with short dark hair, wearing a dark blue short-sleeved collared shirt, dark trousers, and dark shoes.",0.1142728179693222,21,0.047619047619047616,0,0,0.14416557550430298,-0.029892757534980774,50
siglip2_b16_224,person::train::06597_2.jpg,person,train,06597_2.jpg,llm_detailed,gemini:gemini-3.1-flash-lite:3cab990ae372,information_reduced,"An average-build man with short dark hair, wearing a dark blue short-sleeved collared shirt, dark trousers, and dark shoes.",0.1142728179693222,21,0.047619047619047616,0,0,0.14416557550430298,-0.029892757534980774,50
siglip2_b16_224,person::train::06597_2.jpg,person,train,06597_2.jpg,llm_human_description,gemini:gemini-3.1-flash-lite:3cab990ae372,information_reduced,"You are looking for an average-build man with short dark hair. He is wearing a dark blue short-sleeved collared shirt, along with dark pants and shoes.",0.12159877270460129,22,0.045454545454545456,0,0,0.14816346764564514,-0.026564694941043854,50
siglip2_b16_224,person::train::10977_1.jpg,person,train,10977_1.jpg,llm_brief,gemini:gemini-3.1-flash-lite:3cab990ae372,information_reduced,"A woman with dark brown hair and a white face mask, wearing a light gray top, dark pants, and dark sandals while carrying a dark shoulder bag.",0.2048225849866867,1,1.0,1,1,0.14538784325122833,0.059434741735458374,50
siglip2_b16_224,person::train::10977_1.jpg,person,train,10977_1.jpg,llm_balanced,gemini:gemini-3.1-flash-lite:3cab990ae372,information_reduced,"An average-build woman with shoulder-length dark brown hair, wearing black sunglasses and a white face mask, a light gray short-sleeved top, dark pants, and dark sandals, carrying a dark shoulder bag.",0.1429499238729477,1,1.0,1,1,0.13533684611320496,0.007613077759742737,50
siglip2_b16_224,person::train::10977_1.jpg,person,train,10977_1.jpg,llm_detailed,gemini:gemini-3.1-flash-lite:3cab990ae372,information_reduced,"Average-build woman with shoulder-length dark brown hair, black sunglasses, and a white face mask covering the lower face; wearing a light gray short-sleeved top, dark pants, and dark sandals; carrying a dark shoulder bag with a strap over one shoulder.",0.17105713486671448,1,1.0,1,1,0.14880545437335968,0.022251680493354797,50
siglip2_b16_224,person::train::10977_1.jpg,person,train,10977_1.jpg,llm_human_description,gemini:gemini-3.1-flash-lite:3cab990ae372,information_reduced,"I see a woman of average build with shoulder-length dark brown hair. She has black sunglasses on and a white face mask over the lower part of her face. She's dressed in a light gray short-sleeved shirt, dark pants, and dark sandals, and she is carrying a dark bag over her shoulder.",0.15814349055290222,1,1.0,1,1,0.15297073125839233,0.005172759294509888,50
siglip2_b16_224,person::train::12050_5.jpg,person,train,12050_5.jpg,llm_brief,gemini:gemini-3.1-flash-lite:3cab990ae372,information_reduced,A person with short brown hair wearing a white polo and light brown pants.,0.14589090645313263,2,0.5,0,1,0.15343192219734192,-0.0075410157442092896,50
siglip2_b16_224,person::train::12050_5.jpg,person,train,12050_5.jpg,llm_balanced,gemini:gemini-3.1-flash-lite:3cab990ae372,information_reduced,"Person of average build with short brown hair, wearing a short-sleeved white polo shirt, light brown pants, and dark brown shoes.",0.1488111913204193,1,1.0,1,1,0.147511824965477,0.0012993663549423218,50
siglip2_b16_224,person::train::12050_5.jpg,person,train,12050_5.jpg,llm_detailed,gemini:gemini-3.1-flash-lite:3cab990ae372,information_reduced,"Average build person featuring short brown hair. They are dressed in a short-sleeved white polo shirt, light brown pants, and dark brown shoes.",0.14399489760398865,2,0.5,0,1,0.14811071753501892,-0.0041158199310302734,50
siglip2_b16_224,person::train::12050_5.jpg,person,train,12050_5.jpg,llm_human_description,gemini:gemini-3.1-flash-lite:3cab990ae372,information_reduced,I'm looking for a person with an average build and short brown hair. They are wearing a white short-sleeved polo shirt with light brown pants and dark brown shoes.,0.16921506822109222,1,1.0,1,1,0.15881726145744324,0.010397806763648987,50
siglip2_b16_224,person::train::08529_4.jpg,person,train,08529_4.jpg,llm_brief,gemini:gemini-3.1-flash-lite:3cab990ae372,information_reduced,"Male wearing a dark blue jacket, white inner shirt, white trousers, and dark shoes with dark headwear.",0.1975012719631195,1,1.0,1,1,0.16397026181221008,0.033531010150909424,50
siglip2_b16_224,person::train::08529_4.jpg,person,train,08529_4.jpg,llm_balanced,gemini:gemini-3.1-flash-lite:3cab990ae372,information_reduced,"An average-build male wearing a dark blue long-sleeved jacket over a white shirt, white trousers, dark shoes, and dark headwear.",0.15531021356582642,1,1.0,1,1,0.15518462657928467,0.00012558698654174805,50
siglip2_b16_224,person::train::08529_4.jpg,person,train,08529_4.jpg,llm_detailed,gemini:gemini-3.1-flash-lite:3cab990ae372,information_reduced,"Average-build male wearing a dark blue long-sleeved outer jacket over a white inner garment, paired with white trousers, dark shoes, and dark headwear.",0.15851899981498718,1,1.0,1,1,0.14500200748443604,0.013516992330551147,50
siglip2_b16_224,person::train::08529_4.jpg,person,train,08529_4.jpg,llm_human_description,gemini:gemini-3.1-flash-lite:3cab990ae372,information_reduced,"A guy of average build wearing a dark blue long-sleeved jacket over a white shirt, white pants, dark shoes, and some kind of dark headwear.",0.15031388401985168,2,0.5,0,1,0.151056170463562,-0.0007422864437103271,50
siglip2_b16_224,person::train::01742_4.jpg,person,train,01742_4.jpg,llm_brief,gemini:gemini-3.1-flash-lite:3cab990ae372,information_reduced,"Average-build woman with dark brown ponytail, eyeglasses, and a dark brown scarf wearing a light brown hooded winter coat, black pants, and light brown shoes.",0.1878073811531067,1,1.0,1,1,0.1397022008895874,0.04810518026351929,50
siglip2_b16_224,person::train::01742_4.jpg,person,train,01742_4.jpg,llm_balanced,gemini:gemini-3.1-flash-lite:3cab990ae372,information_reduced,"Woman of average build with dark brown hair in a ponytail and eyeglasses, wearing a dark brown scarf, a light brown hooded knee-length winter coat, black pants, and light brown shoes.",0.1474171280860901,1,1.0,1,1,0.12243996560573578,0.02497716248035431,50
siglip2_b16_224,person::train::01742_4.jpg,person,train,01742_4.jpg,llm_detailed,gemini:gemini-3.1-flash-lite:3cab990ae372,information_reduced,"Average-build woman featuring dark brown hair tied back in a ponytail and wearing eyeglasses. She has a dark brown scarf around her neck and wears a light brown hooded winter coat with long sleeves and a knee-length hem, paired with black pants and light brown shoes.",0.13796427845954895,1,1.0,1,1,0.11185313761234283,0.026111140847206116,50
siglip2_b16_224,person::train::01742_4.jpg,person,train,01742_4.jpg,llm_human_description,gemini:gemini-3.1-flash-lite:3cab990ae372,information_reduced,"That's an average-build woman with her dark brown hair pulled back in a ponytail. She's wearing glasses, a dark brown scarf, and a long, light brown hooded winter coat that hits at her knees, along with black pants and light brown shoes.",0.13048377633094788,1,1.0,1,1,0.11882779747247696,0.011655978858470917,50
siglip2_b16_224,person::train::05158_3.jpg,person,train,05158_3.jpg,llm_brief,gemini:gemini-3.1-flash-lite:3cab990ae372,information_reduced,A man in a black hooded jacket and dark pants.,0.1619652509689331,1,1.0,1,1,0.1500278115272522,0.011937439441680908,50
siglip2_b16_224,person::train::05158_3.jpg,person,train,05158_3.jpg,llm_balanced,gemini:gemini-3.1-flash-lite:3cab990ae372,information_reduced,A male of average build wearing a black hooded jacket with long sleeves and dark pants.,0.16046245396137238,1,1.0,1,1,0.15230755507946014,0.008154898881912231,50
siglip2_b16_224,person::train::05158_3.jpg,person,train,05158_3.jpg,llm_detailed,gemini:gemini-3.1-flash-lite:3cab990ae372,information_reduced,"A male with an average build, wearing a black hooded jacket featuring long sleeves and dark-colored pants.",0.15680044889450073,2,0.5,0,1,0.15897661447525024,-0.0021761655807495117,50
siglip2_b16_224,person::train::05158_3.jpg,person,train,05158_3.jpg,llm_human_description,gemini:gemini-3.1-flash-lite:3cab990ae372,information_reduced,That is an average-built guy wearing a black hooded jacket and dark pants.,0.15278244018554688,1,1.0,1,1,0.14691346883773804,0.005868971347808838,50
siglip2_b16_224,person::train::02167_1.jpg,person,train,02167_1.jpg,llm_brief,gemini:gemini-3.1-flash-lite:3cab990ae372,information_reduced,"Slim male with short dark hair, thin-framed eyeglasses, a dark jacket, black pants, and a black backpack.",0.16457627713680267,2,0.5,0,1,0.16645392775535583,-0.0018776506185531616,50
siglip2_b16_224,person::train::02167_1.jpg,person,train,02167_1.jpg,llm_balanced,gemini:gemini-3.1-flash-lite:3cab990ae372,information_reduced,"Slim male with short dark hair and thin-framed glasses, wearing a dark long-sleeved jacket over a light collar, black pants, and a black backpack.",0.15837864577770233,2,0.5,0,1,0.163132905960083,-0.004754260182380676,50
siglip2_b16_224,person::train::02167_1.jpg,person,train,02167_1.jpg,llm_detailed,gemini:gemini-3.1-flash-lite:3cab990ae372,information_reduced,"A slim male with short dark hair and thin-framed eyeglasses. He is wearing a dark, long-sleeved jacket over a light-colored collar, paired with black pants and a black backpack carried on both shoulders.",0.1606532335281372,2,0.5,0,1,0.1699080765247345,-0.00925484299659729,50
siglip2_b16_224,person::train::02167_1.jpg,person,train,02167_1.jpg,llm_human_description,gemini:gemini-3.1-flash-lite:3cab990ae372,information_reduced,"A slim guy with short dark hair and thin glasses. He's wearing a dark jacket over a light-colored collar, black pants, and has a black backpack on his back.",0.16055259108543396,2,0.5,0,1,0.1613806188106537,-0.0008280277252197266,50
siglip2_b16_224,person::train::00233_10.png,person,train,00233_10.png,llm_brief,gemini:gemini-3.1-flash-lite:3cab990ae372,information_reduced,"Adult male with short dark hair, a dark blue collared shirt, and black trousers.",0.1359519362449646,1,1.0,1,1,0.1276988834142685,0.008253052830696106,50
siglip2_b16_224,person::train::00233_10.png,person,train,00233_10.png,llm_balanced,gemini:gemini-3.1-flash-lite:3cab990ae372,information_reduced,"Adult male of average build with short dark hair, wearing a dark blue short-sleeved collared shirt, black trousers, and black shoes.",0.14337266981601715,1,1.0,1,1,0.12966057658195496,0.013712093234062195,50
siglip2_b16_224,person::train::00233_10.png,person,train,00233_10.png,llm_detailed,gemini:gemini-3.1-flash-lite:3cab990ae372,information_reduced,"Adult male with an average build and short dark hair. He is wearing a dark blue short-sleeved collared shirt, black trousers, and black shoes.",0.13427437841892242,1,1.0,1,1,0.13370202481746674,0.0005723536014556885,50
siglip2_b16_224,person::train::00233_10.png,person,train,00233_10.png,llm_human_description,gemini:gemini-3.1-flash-lite:3cab990ae372,information_reduced,"A man with an average build and short dark hair, wearing a dark blue collared shirt with short sleeves, black pants, and black shoes.",0.13078410923480988,1,1.0,1,1,0.12255420535802841,0.008229903876781464,50
siglip2_b16_224,person::train::01108_7.png,person,train,01108_7.png,llm_brief,gemini:gemini-3.1-flash-lite:3cab990ae372,information_reduced,"Male with dark brown medium-length hair wearing a dark blue hooded jacket, dark pants, and dark shoes.",0.12743356823921204,19,0.05263157894736842,0,0,0.1563417911529541,-0.028908222913742065,50
siglip2_b16_224,person::train::01108_7.png,person,train,01108_7.png,llm_balanced,gemini:gemini-3.1-flash-lite:3cab990ae372,information_reduced,"Male of average build with dark brown medium-length hair, wearing a dark blue hooded jacket, dark pants, and dark shoes.",0.12792906165122986,12,0.08333333333333333,0,0,0.14897200465202332,-0.021042943000793457,50
siglip2_b16_224,person::train::01108_7.png,person,train,01108_7.png,llm_detailed,gemini:gemini-3.1-flash-lite:3cab990ae372,information_reduced,"Male with average build and dark brown medium-length hair. He is wearing a dark blue long-sleeved hooded jacket, dark pants, and dark shoes.",0.12436729669570923,12,0.08333333333333333,0,0,0.14790275692939758,-0.023535460233688354,50
siglip2_b16_224,person::train::01108_7.png,person,train,01108_7.png,llm_human_description,gemini:gemini-3.1-flash-lite:3cab990ae372,information_reduced,"A guy with an average build and medium-length, dark brown hair. He's wearing a dark blue hoodie, dark trousers, and dark shoes.",0.11146694421768188,19,0.05263157894736842,0,0,0.13960225880146027,-0.02813531458377838,50
siglip2_b16_224,person::train::06085_7.jpg,person,train,06085_7.jpg,llm_brief,gemini:gemini-3.1-flash-lite:3cab990ae372,information_reduced,A man with short dark hair wearing a light gray long-sleeved shirt and dark pants.,0.08365579694509506,21,0.047619047619047616,0,0,0.14002938568592072,-0.05637358874082565,50
siglip2_b16_224,person::train::06085_7.jpg,person,train,06085_7.jpg,llm_balanced,gemini:gemini-3.1-flash-lite:3cab990ae372,information_reduced,"A man of average build with short dark hair, wearing a light gray long-sleeved shirt, dark pants, and black shoes, carrying a dark backpack.",0.15090540051460266,5,0.2,0,1,0.16515110433101654,-0.01424570381641388,50
siglip2_b16_224,person::train::06085_7.jpg,person,train,06085_7.jpg,llm_detailed,gemini:gemini-3.1-flash-lite:3cab990ae372,information_reduced,"A male with an average build and short dark hair. He is wearing a light gray long-sleeved shirt, dark pants, and black shoes, and carrying a dark backpack on both shoulders.",0.12082092463970184,9,0.1111111111111111,0,0,0.14551818370819092,-0.024697259068489075,50
siglip2_b16_224,person::train::06085_7.jpg,person,train,06085_7.jpg,llm_human_description,gemini:gemini-3.1-flash-lite:3cab990ae372,information_reduced,"There is a guy of average build with short dark hair. He's wearing a long-sleeved light gray shirt with dark pants and black shoes, and he has a dark backpack on.",0.10045741498470306,25,0.04,0,0,0.13720263540744781,-0.03674522042274475,50
siglip2_b16_224,person::train::12462_1.jpg,person,train,12462_1.jpg,llm_brief,gemini:gemini-3.1-flash-lite:3cab990ae372,information_reduced,"Man with short light hair, eyeglasses, a light blue collared shirt, and dark trousers.",0.09446129202842712,19,0.05263157894736842,0,0,0.15478438138961792,-0.060323089361190796,50
siglip2_b16_224,person::train::12462_1.jpg,person,train,12462_1.jpg,llm_balanced,gemini:gemini-3.1-flash-lite:3cab990ae372,information_reduced,"Average-build man with short light hair and eyeglasses, wearing a light blue short-sleeved collared shirt and dark trousers.",0.09450975060462952,6,0.16666666666666666,0,0,0.11338265985250473,-0.018872909247875214,50
siglip2_b16_224,person::train::12462_1.jpg,person,train,12462_1.jpg,llm_detailed,gemini:gemini-3.1-flash-lite:3cab990ae372,information_reduced,"Average-build man, short light hair, wearing eyeglasses, a light blue short-sleeved collared shirt, and dark trousers.",0.10641156136989594,9,0.1111111111111111,0,0,0.1283060610294342,-0.02189449965953827,50
siglip2_b16_224,person::train::12462_1.jpg,person,train,12462_1.jpg,llm_human_description,gemini:gemini-3.1-flash-lite:3cab990ae372,information_reduced,There is an average-build man here with short light hair and glasses. He is wearing a light blue short-sleeved collared shirt with dark pants.,0.09624025225639343,14,0.07142857142857142,0,0,0.14188514649868011,-0.04564489424228668,50
siglip2_b16_224,person::train::01924_2.jpg,person,train,01924_2.jpg,llm_brief,gemini:gemini-3.1-flash-lite:3cab990ae372,information_reduced,"A man with short dark hair in a grey and black patterned puffer jacket, dark blue pants, and red shoes.",0.17650383710861206,1,1.0,1,1,0.1378178596496582,0.03868597745895386,50
siglip2_b16_224,person::train::01924_2.jpg,person,train,01924_2.jpg,llm_balanced,gemini:gemini-3.1-flash-lite:3cab990ae372,information_reduced,"Male with short dark hair, wearing a hooded grey and black patterned puffer jacket over a striped shirt, dark blue pants, and red shoes with white soles.",0.1926841139793396,1,1.0,1,1,0.14750085771083832,0.04518325626850128,50
siglip2_b16_224,person::train::01924_2.jpg,person,train,01924_2.jpg,llm_detailed,gemini:gemini-3.1-flash-lite:3cab990ae372,information_reduced,"A male of average build with short dark hair. He wears a hooded, grey and black patterned puffer jacket over a striped shirt, paired with dark blue pants and red shoes with white soles.",0.1733216643333435,1,1.0,1,1,0.1415284126996994,0.031793251633644104,50
siglip2_b16_224,person::train::01924_2.jpg,person,train,01924_2.jpg,llm_human_description,gemini:gemini-3.1-flash-lite:3cab990ae372,information_reduced,"Look for a guy with short dark hair. He's wearing this grey and black patterned hooded puffer jacket over a striped shirt, plus dark blue pants and red sneakers with white soles.",0.17121577262878418,1,1.0,1,1,0.13506287336349487,0.03615289926528931,50
siglip2_b16_224,person::train::00969_2.png,person,train,00969_2.png,llm_brief,gemini:gemini-3.1-flash-lite:3cab990ae372,information_reduced,"A person of average build with dark medium-length hair, wearing dark clothing and carrying a white patterned shopping bag.",0.16997060179710388,1,1.0,1,1,0.14523601531982422,0.024734586477279663,50
siglip2_b16_224,person::train::00969_2.png,person,train,00969_2.png,llm_balanced,gemini:gemini-3.1-flash-lite:3cab990ae372,information_reduced,"Person of average build, dark medium-length hair, wearing dark sunglasses, a dark jacket, dark trousers, and dark shoes, carrying a white shopping bag with a dark pattern.",0.1665222942829132,1,1.0,1,1,0.1562850922346115,0.010237202048301697,50
siglip2_b16_224,person::train::00969_2.png,person,train,00969_2.png,llm_detailed,gemini:gemini-3.1-flash-lite:3cab990ae372,information_reduced,"Person of average build with dark brown medium-length hair, wearing dark sunglasses, a dark long-sleeved jacket, dark trousers, and dark shoes, carrying a white shopping bag with a dark pattern.",0.14119327068328857,1,1.0,1,1,0.13263480365276337,0.008558467030525208,50
siglip2_b16_224,person::train::00969_2.png,person,train,00969_2.png,llm_human_description,gemini:gemini-3.1-flash-lite:3cab990ae372,information_reduced,"I see someone of average build with dark, medium-length hair. They are wearing dark sunglasses and a dark jacket with long sleeves, along with dark pants and shoes. They are also carrying a white shopping bag that has a dark pattern on it.",0.1418524533510208,1,1.0,1,1,0.1401333510875702,0.0017191022634506226,50
siglip2_b16_224,person::train::09634_1.jpg,person,train,09634_1.jpg,llm_brief,gemini:gemini-3.1-flash-lite:3cab990ae372,information_reduced,"Female with long dark hair, wearing a white cardigan, white top, and black pants.",0.15396101772785187,1,1.0,1,1,0.14111553132534027,0.012845486402511597,50
siglip2_b16_224,person::train::09634_1.jpg,person,train,09634_1.jpg,llm_balanced,gemini:gemini-3.1-flash-lite:3cab990ae372,information_reduced,"Average-build female with long dark hair, wearing a white cardigan over a white top, black pants, and a dark crossbody bag.",0.15557950735092163,1,1.0,1,1,0.152634397149086,0.0029451102018356323,50
siglip2_b16_224,person::train::09634_1.jpg,person,train,09634_1.jpg,llm_detailed,gemini:gemini-3.1-flash-lite:3cab990ae372,information_reduced,"Average-build female with long dark hair, wearing a white cardigan over a white top, black pants, and dark shoes. She wears a dark crossbody bag and a watch on her wrist.",0.1440543532371521,1,1.0,1,1,0.14128504693508148,0.0027693063020706177,50
siglip2_b16_224,person::train::09634_1.jpg,person,train,09634_1.jpg,llm_human_description,gemini:gemini-3.1-flash-lite:3cab990ae372,information_reduced,"That's an average-build woman with long dark hair. She has on a white cardigan over a white shirt, along with black trousers, dark shoes, and a watch. She is also carrying a dark bag with the strap across her body.",0.1618509441614151,1,1.0,1,1,0.1597117781639099,0.002139165997505188,50
siglip2_b16_224,person::train::11561_6.jpg,person,train,11561_6.jpg,llm_brief,gemini:gemini-3.1-flash-lite:3cab990ae372,information_reduced,A woman with short dark hair wearing a light blue puffer jacket and dark blue pants.,0.1331159472465515,1,1.0,1,1,0.11121118068695068,0.02190476655960083,50
siglip2_b16_224,person::train::11561_6.jpg,person,train,11561_6.jpg,llm_balanced,gemini:gemini-3.1-flash-lite:3cab990ae372,information_reduced,"A woman with short dark hair and an average build, wearing a light blue hooded puffer jacket, dark blue pants, dark brown boots, and a light brown shoulder bag.",0.17927144467830658,1,1.0,1,1,0.1529378741979599,0.02633357048034668,50
siglip2_b16_224,person::train::11561_6.jpg,person,train,11561_6.jpg,llm_detailed,gemini:gemini-3.1-flash-lite:3cab990ae372,information_reduced,"A woman with light skin and an average build, wearing short dark hair. She is dressed in a light blue hooded puffer jacket with long sleeves, dark blue pants, dark brown boots, and carries a light brown shoulder bag with a long strap.",0.1457880735397339,1,1.0,1,1,0.11962247639894485,0.026165597140789032,50
siglip2_b16_224,person::train::11561_6.jpg,person,train,11561_6.jpg,llm_human_description,gemini:gemini-3.1-flash-lite:3cab990ae372,information_reduced,"I'm looking for a woman with short dark hair and an average build. She has on a light blue puffer jacket with a hood, dark blue pants, and dark brown boots. She is also carrying a light brown shoulder bag with a long strap.",0.16582924127578735,1,1.0,1,1,0.145351842045784,0.020477399230003357,50
siglip2_b16_224,person::train::08528_6.jpg,person,train,08528_6.jpg,llm_brief,gemini:gemini-3.1-flash-lite:3cab990ae372,information_reduced,"Average-build male with short dark hair, dark cap, black jacket, white shirt, blue jeans, and white shoes.",0.1455415040254593,2,0.5,0,1,0.15177083015441895,-0.006229326128959656,50
siglip2_b16_224,person::train::08528_6.jpg,person,train,08528_6.jpg,llm_balanced,gemini:gemini-3.1-flash-lite:3cab990ae372,information_reduced,"An average-build male with short dark hair and a dark cap. He wears a long-sleeved black jacket zipped over a white shirt, light blue jeans, and white shoes.",0.1473107635974884,1,1.0,1,1,0.14195659756660461,0.005354166030883789,50
siglip2_b16_224,person::train::08528_6.jpg,person,train,08528_6.jpg,llm_detailed,gemini:gemini-3.1-flash-lite:3cab990ae372,information_reduced,"Average-build male with light skin tone and short dark hair, wearing a dark cap. He is dressed in a long-sleeved black jacket zipped over a white shirt, paired with light blue jeans and white shoes.",0.13034380972385406,3,0.3333333333333333,0,1,0.14950445294380188,-0.019160643219947815,50
siglip2_b16_224,person::train::08528_6.jpg,person,train,08528_6.jpg,llm_human_description,gemini:gemini-3.1-flash-lite:3cab990ae372,information_reduced,"There's a guy of average build with short dark hair and a dark cap. He's wearing a black jacket zipped up over a white shirt, light blue jeans, and white sneakers.",0.1430554986000061,4,0.25,0,1,0.14840848743915558,-0.005352988839149475,50
siglip2_b16_224,person::train::01287_5.jpg,person,train,01287_5.jpg,llm_brief,gemini:gemini-3.1-flash-lite:3cab990ae372,information_reduced,"A person with dark hair wearing a light gray coat, a red scarf, a white skirt, and black leggings.",0.23196467757225037,1,1.0,1,1,0.12423107773065567,0.1077335998415947,50
siglip2_b16_224,person::train::01287_5.jpg,person,train,01287_5.jpg,llm_balanced,gemini:gemini-3.1-flash-lite:3cab990ae372,information_reduced,"A person of average build with dark hair, wearing a red scarf and a light gray long-sleeved coat with front pockets, paired with a white skirt, black leggings, and black shoes.",0.1721140444278717,1,1.0,1,1,0.1280723661184311,0.04404167830944061,50
siglip2_b16_224,person::train::01287_5.jpg,person,train,01287_5.jpg,llm_detailed,gemini:gemini-3.1-flash-lite:3cab990ae372,information_reduced,"A person of average build and dark hair, wearing a light gray long-sleeved coat with front pockets, a red scarf wrapped around the neck, a white skirt, black leggings, and black shoes.",0.18861232697963715,1,1.0,1,1,0.13774779438972473,0.050864532589912415,50
siglip2_b16_224,person::train::01287_5.jpg,person,train,01287_5.jpg,llm_human_description,gemini:gemini-3.1-flash-lite:3cab990ae372,information_reduced,There's a person with dark hair who is wearing a light gray coat with pockets and a red scarf. They also have on a white skirt with black leggings underneath and black shoes.,0.21870142221450806,1,1.0,1,1,0.12701371312141418,0.09168770909309387,50
siglip2_b16_224,person::train::10252_1.jpg,person,train,10252_1.jpg,llm_brief,gemini:gemini-3.1-flash-lite:3cab990ae372,information_reduced,"A woman with long dark hair wearing a black jacket, gray mid-layer, blue trousers, and a black shoulder bag.",0.16493958234786987,1,1.0,1,1,0.1471688598394394,0.01777072250843048,50
siglip2_b16_224,person::train::10252_1.jpg,person,train,10252_1.jpg,llm_balanced,gemini:gemini-3.1-flash-lite:3cab990ae372,information_reduced,"A woman of average build with long dark hair. She is wearing a black long-sleeved jacket over a light gray mid-layer, dark blue trousers, and dark shoes, carrying a black shoulder bag with a thin strap.",0.14786887168884277,1,1.0,1,1,0.13119883835315704,0.01667003333568573,50
siglip2_b16_224,person::train::10252_1.jpg,person,train,10252_1.jpg,llm_detailed,gemini:gemini-3.1-flash-lite:3cab990ae372,information_reduced,"Female of average build, long dark hair. She wears a black long-sleeved jacket over a light gray mid-layer garment, dark blue trousers, and dark shoes. She carries a black shoulder bag with a thin strap.",0.14428739249706268,3,0.3333333333333333,0,1,0.15238487720489502,-0.008097484707832336,50
siglip2_b16_224,person::train::10252_1.jpg,person,train,10252_1.jpg,llm_human_description,gemini:gemini-3.1-flash-lite:3cab990ae372,information_reduced,"There's a woman with long dark hair and an average build. She's wearing a black long-sleeved jacket layered over a light gray top, along with dark blue pants and dark shoes. She's also carrying a black shoulder bag that has a thin strap.",0.15465900301933289,2,0.5,0,1,0.16495762765407562,-0.010298624634742737,50
siglip2_b16_224,person::train::08924_1.jpg,person,train,08924_1.jpg,llm_brief,gemini:gemini-3.1-flash-lite:3cab990ae372,information_reduced,An average-build woman with dark hair in a dark blue long-sleeved top and dark pants.,0.03620810806751251,45,0.022222222222222223,0,0,0.12344323098659515,-0.08723512291908264,50
siglip2_b16_224,person::train::08924_1.jpg,person,train,08924_1.jpg,llm_balanced,gemini:gemini-3.1-flash-lite:3cab990ae372,information_reduced,"Average-build woman with dark hair, wearing a dark blue long-sleeved top, dark pants, and dark shoes, carrying a dark bag and a smartphone.",0.08725681900978088,40,0.025,0,0,0.1577630192041397,-0.07050620019435883,50
siglip2_b16_224,person::train::08924_1.jpg,person,train,08924_1.jpg,llm_detailed,gemini:gemini-3.1-flash-lite:3cab990ae372,information_reduced,"An average-build female featuring dark hair. She is wearing a dark blue long-sleeved top, dark pants, and dark shoes. She is carrying a dark bag by its strap and holding a smartphone.",0.07901682704687119,45,0.022222222222222223,0,0,0.15742555260658264,-0.07840872555971146,50
siglip2_b16_224,person::train::08924_1.jpg,person,train,08924_1.jpg,llm_human_description,gemini:gemini-3.1-flash-lite:3cab990ae372,information_reduced,There is an average-built woman with dark hair. She has on a dark blue long-sleeved shirt with dark pants and shoes. She is also carrying a dark bag and holding onto a smartphone.,0.05725809186697006,47,0.02127659574468085,0,0,0.1458425223827362,-0.08858443051576614,50
siglip2_b16_224,person::train::02319_1.jpg,person,train,02319_1.jpg,llm_brief,gemini:gemini-3.1-flash-lite:3cab990ae372,information_reduced,"Person with short dark hair wearing an orange and dark brown hooded puffer jacket, black pants, and white shoes.",0.20247715711593628,1,1.0,1,1,0.19247663021087646,0.010000526905059814,50
siglip2_b16_224,person::train::02319_1.jpg,person,train,02319_1.jpg,llm_balanced,gemini:gemini-3.1-flash-lite:3cab990ae372,information_reduced,"A person of average build with short dark hair, wearing an orange and dark brown hooded puffer jacket, black pants, and white shoes.",0.1922924518585205,1,1.0,1,1,0.16724199056625366,0.025050461292266846,50
siglip2_b16_224,person::train::02319_1.jpg,person,train,02319_1.jpg,llm_detailed,gemini:gemini-3.1-flash-lite:3cab990ae372,information_reduced,"Person of average build, short dark hair, wearing an orange and dark brown hooded puffer jacket with long sleeves, black pants, and white shoes.",0.1930394023656845,1,1.0,1,1,0.17057174444198608,0.022467657923698425,50
siglip2_b16_224,person::train::02319_1.jpg,person,train,02319_1.jpg,llm_human_description,gemini:gemini-3.1-flash-lite:3cab990ae372,information_reduced,"That's a person with short dark hair and an average build. They are wearing a hooded puffer jacket that is orange and dark brown, paired with black pants and white shoes.",0.17979800701141357,2,0.5,0,1,0.1906900703907013,-0.01089206337928772,50
siglip2_b16_224,person::train::09715_3.jpg,person,train,09715_3.jpg,llm_brief,gemini:gemini-3.1-flash-lite:3cab990ae372,information_reduced,"A male with an average build wearing a black cap, black hooded sweatshirt, and black shorts.",0.1457887589931488,1,1.0,1,1,0.1431950032711029,0.0025937557220458984,50
siglip2_b16_224,person::train::09715_3.jpg,person,train,09715_3.jpg,llm_balanced,gemini:gemini-3.1-flash-lite:3cab990ae372,information_reduced,"A male of average build wearing a black cap, a black long-sleeve hooded sweatshirt, and black shorts.",0.15445731580257416,2,0.5,0,1,0.15535733103752136,-0.0009000152349472046,50
siglip2_b16_224,person::train::09715_3.jpg,person,train,09715_3.jpg,llm_detailed,gemini:gemini-3.1-flash-lite:3cab990ae372,information_reduced,"A male with an average build, wearing a black cap, a long-sleeve black hooded sweatshirt, and black shorts.",0.15709249675273895,1,1.0,1,1,0.1543525904417038,0.0027399063110351562,50
siglip2_b16_224,person::train::09715_3.jpg,person,train,09715_3.jpg,llm_human_description,gemini:gemini-3.1-flash-lite:3cab990ae372,information_reduced,"I see a guy of average build dressed all in black. He is wearing a black baseball cap, a black hoodie with long sleeves, and black shorts.",0.17302411794662476,1,1.0,1,1,0.1566823124885559,0.016341805458068848,50
siglip2_b16_224,person::train::13508_2.jpg,person,train,13508_2.jpg,llm_brief,gemini:gemini-3.1-flash-lite:3cab990ae372,information_reduced,"Average-build woman with black hair in a black sleeveless top, skirt, and knee-high boots.",0.15311627089977264,1,1.0,1,1,0.1230645477771759,0.03005172312259674,50
siglip2_b16_224,person::train::13508_2.jpg,person,train,13508_2.jpg,llm_balanced,gemini:gemini-3.1-flash-lite:3cab990ae372,information_reduced,"An average-build woman with voluminous black hair, wearing a black sleeveless top, a short black skirt, and black boots that reach above her knees.",0.16482529044151306,1,1.0,1,1,0.11767381429672241,0.04715147614479065,50
siglip2_b16_224,person::train::13508_2.jpg,person,train,13508_2.jpg,llm_detailed,gemini:gemini-3.1-flash-lite:3cab990ae372,information_reduced,Woman of average build with voluminous black hair. She is wearing a black sleeveless top paired with a short black skirt and black boots that extend above the knees.,0.1586916148662567,1,1.0,1,1,0.12496630102396011,0.0337253138422966,50
siglip2_b16_224,person::train::13508_2.jpg,person,train,13508_2.jpg,llm_human_description,gemini:gemini-3.1-flash-lite:3cab990ae372,information_reduced,"That's an average-build woman with big, voluminous black hair. She's wearing an all-black outfit consisting of a sleeveless top, a short skirt, and high boots that go up over her knees.",0.13952338695526123,1,1.0,1,1,0.10857606679201126,0.03094732016324997,50
siglip2_b16_224,person::train::09751_6.jpg,person,train,09751_6.jpg,llm_brief,gemini:gemini-3.1-flash-lite:3cab990ae372,information_reduced,Male with short dark hair in a white shirt and dark shorts.,0.13891905546188354,1,1.0,1,1,0.13016590476036072,0.008753150701522827,50
siglip2_b16_224,person::train::09751_6.jpg,person,train,09751_6.jpg,llm_balanced,gemini:gemini-3.1-flash-lite:3cab990ae372,information_reduced,"A man of average build with short dark hair, wearing a long-sleeved white shirt, dark shorts, and white shoes.",0.16647326946258545,1,1.0,1,1,0.16507861018180847,0.0013946592807769775,50
siglip2_b16_224,person::train::09751_6.jpg,person,train,09751_6.jpg,llm_detailed,gemini:gemini-3.1-flash-lite:3cab990ae372,information_reduced,A male with an average build and short dark hair. He is wearing a long-sleeved white shirt paired with dark shorts and white shoes.,0.14596834778785706,1,1.0,1,1,0.13726232945919037,0.008706018328666687,50
siglip2_b16_224,person::train::09751_6.jpg,person,train,09751_6.jpg,llm_human_description,gemini:gemini-3.1-flash-lite:3cab990ae372,information_reduced,"There is a guy of average build with short dark hair. He's wearing a long-sleeved white shirt, dark shorts, and white sneakers.",0.147653728723526,2,0.5,0,1,0.15117020905017853,-0.003516480326652527,50
siglip2_b16_224,person::train::11903_4.jpg,person,train,11903_4.jpg,llm_brief,gemini:gemini-3.1-flash-lite:3cab990ae372,information_reduced,A woman with dark medium-length hair and a white graphic t-shirt with dark trousers.,0.11644642800092697,2,0.5,0,1,0.11805906146764755,-0.001612633466720581,50
siglip2_b16_224,person::train::11903_4.jpg,person,train,11903_4.jpg,llm_balanced,gemini:gemini-3.1-flash-lite:3cab990ae372,information_reduced,"A woman of average build and dark skin tone, with dark medium-length hair, wearing a white short-sleeved graphic t-shirt, dark trousers, and a silver watch on her right wrist.",0.15094488859176636,1,1.0,1,1,0.11555008590221405,0.03539480268955231,50
siglip2_b16_224,person::train::11903_4.jpg,person,train,11903_4.jpg,llm_detailed,gemini:gemini-3.1-flash-lite:3cab990ae372,information_reduced,"A female with an average build and dark skin tone, featuring dark medium-length hair. She is wearing a white short-sleeved crew-neck t-shirt that displays a large graphic print of a face on the front, paired with dark trousers and a silver-colored watch worn on the right wrist.",0.11574054509401321,1,1.0,1,1,0.10755901038646698,0.008181534707546234,50
siglip2_b16_224,person::train::11903_4.jpg,person,train,11903_4.jpg,llm_human_description,gemini:gemini-3.1-flash-lite:3cab990ae372,information_reduced,"That is a woman with dark skin and shoulder-length dark hair. She has an average build and is wearing a white t-shirt with a big face graphic on it, along with dark pants and a silver watch on her right wrist.",0.15108457207679749,1,1.0,1,1,0.10967901349067688,0.041405558586120605,50
siglip2_b16_224,person::train::03720_4.jpg,person,train,03720_4.jpg,llm_brief,gemini:gemini-3.1-flash-lite:3cab990ae372,information_reduced,Child with short dark hair in a dark pink hooded puffer coat and black pants.,0.1723967343568802,1,1.0,1,1,0.12293580174446106,0.04946093261241913,50
siglip2_b16_224,person::train::03720_4.jpg,person,train,03720_4.jpg,llm_balanced,gemini:gemini-3.1-flash-lite:3cab990ae372,information_reduced,"Slim child with short dark hair, wearing a long-sleeved dark pink hooded puffer coat, black pants, and pink and white shoes.",0.231063112616539,1,1.0,1,1,0.16359825432300568,0.06746485829353333,50
siglip2_b16_224,person::train::03720_4.jpg,person,train,03720_4.jpg,llm_detailed,gemini:gemini-3.1-flash-lite:3cab990ae372,information_reduced,"Child, slim build, short dark hair, wearing a long-sleeved dark pink hooded puffer coat, black pants, and pink and white shoes.",0.1928216964006424,1,1.0,1,1,0.1583598405122757,0.0344618558883667,50
siglip2_b16_224,person::train::03720_4.jpg,person,train,03720_4.jpg,llm_human_description,gemini:gemini-3.1-flash-lite:3cab990ae372,information_reduced,"A slim child with short dark hair. They are wearing a long-sleeved dark pink hooded puffer jacket, black pants, and pink and white shoes.",0.2148599922657013,1,1.0,1,1,0.15785980224609375,0.057000190019607544,50
siglip2_b16_224,person::train::26249_12.jpg,person,train,26249_12.jpg,llm_brief,gemini:gemini-3.1-flash-lite:3cab990ae372,information_reduced,"Stocky adult male with short dark hair, wearing a light blue long-sleeved shirt and dark trousers.",0.13694961369037628,2,0.5,0,1,0.13753660023212433,-0.0005869865417480469,50
siglip2_b16_224,person::train::26249_12.jpg,person,train,26249_12.jpg,llm_balanced,gemini:gemini-3.1-flash-lite:3cab990ae372,information_reduced,"Stocky adult male with short dark hair, wearing a light blue long-sleeved collared shirt, dark trousers, and black shoes, carrying a white folder and a two-wheeled cart with a green mesh container.",0.15379782021045685,1,1.0,1,1,0.15156954526901245,0.002228274941444397,50
siglip2_b16_224,person::train::26249_12.jpg,person,train,26249_12.jpg,llm_detailed,gemini:gemini-3.1-flash-lite:3cab990ae372,information_reduced,"Stocky adult male with light skin tone and short dark hair, wearing a light blue long-sleeved collared shirt with rolled-up sleeves, dark trousers, and black shoes. He is holding a white rectangular folder and pulling a two-wheeled cart equipped with a green mesh container.",0.1345548778772354,1,1.0,1,1,0.12210401147603989,0.012450866401195526,50
siglip2_b16_224,person::train::26249_12.jpg,person,train,26249_12.jpg,llm_human_description,gemini:gemini-3.1-flash-lite:3cab990ae372,information_reduced,"There is a stocky man with short dark hair and light skin. He is dressed in a light blue collared shirt with the sleeves rolled up, dark pants, and black shoes. He is carrying a white rectangular folder and pulling along a two-wheeled cart that has a green mesh basket on it.",0.11521652340888977,1,1.0,1,1,0.10937183350324631,0.005844689905643463,50
siglip2_b16_224,person::train::08634_3.jpg,person,train,08634_3.jpg,llm_brief,gemini:gemini-3.1-flash-lite:3cab990ae372,information_reduced,"A woman with short gray hair and sunglasses wearing a white sleeveless vest, a striped shirt, and black pants, carrying a shoulder bag.",0.22201165556907654,1,1.0,1,1,0.12927401065826416,0.09273764491081238,50
siglip2_b16_224,person::train::08634_3.jpg,person,train,08634_3.jpg,llm_balanced,gemini:gemini-3.1-flash-lite:3cab990ae372,information_reduced,"A female of average build with short gray hair and sunglasses, wearing a white sleeveless vest over a white, black, and blue striped shirt, paired with black pants and shoes. She carries a black shoulder bag with a blue garment and wears a watch on her left wrist.",0.21031564474105835,1,1.0,1,1,0.1340326964855194,0.07628294825553894,50
siglip2_b16_224,person::train::08634_3.jpg,person,train,08634_3.jpg,llm_detailed,gemini:gemini-3.1-flash-lite:3cab990ae372,information_reduced,"A female with light skin tone and average build, sporting short gray hair and sunglasses. She is dressed in a white sleeveless outer vest, a short-sleeved shirt with horizontal white, black, and blue stripes and a dark blue collar, black pants, and black shoes. Accessories include a watch on her left wrist and a black shoulder bag with a long strap, which has a blue garment draped over it.",0.14883928000926971,1,1.0,1,1,0.12290475517511368,0.025934524834156036,50
siglip2_b16_224,person::train::08634_3.jpg,person,train,08634_3.jpg,llm_human_description,gemini:gemini-3.1-flash-lite:3cab990ae372,information_reduced,"I'm looking for a woman with short gray hair and sunglasses. She has a white sleeveless vest on over a striped shirt that has white, black, and blue horizontal stripes. She's wearing black pants and shoes, and she has a watch on her left wrist. She's also carrying a black shoulder bag that has a blue piece of clothing draped over it.",0.15482968091964722,1,1.0,1,1,0.12214250862598419,0.032687172293663025,50
siglip2_b16_224,person::train::00837_3.png,person,train,00837_3.png,llm_brief,gemini:gemini-3.1-flash-lite:3cab990ae372,information_reduced,"A man with short hair wearing a dark green jacket, matching trousers, and dark shoes, carrying a bag.",0.14105767011642456,9,0.1111111111111111,0,0,0.15754078328609467,-0.016483113169670105,50
siglip2_b16_224,person::train::00837_3.png,person,train,00837_3.png,llm_balanced,gemini:gemini-3.1-flash-lite:3cab990ae372,information_reduced,"A man of average build with short, light-colored hair, wearing a dark green long-sleeve jacket and trousers with dark shoes, and carrying a dark bag.",0.1429804563522339,6,0.16666666666666666,0,0,0.14812542498111725,-0.005144968628883362,50
siglip2_b16_224,person::train::00837_3.png,person,train,00837_3.png,llm_detailed,gemini:gemini-3.1-flash-lite:3cab990ae372,information_reduced,"A male with an average build and light-colored short hair. He is dressed in a dark green long-sleeve jacket, matching dark green trousers, and dark shoes. He is also carrying a dark-colored bag.",0.09265892207622528,5,0.2,0,1,0.1148783266544342,-0.022219404578208923,50
siglip2_b16_224,person::train::00837_3.png,person,train,00837_3.png,llm_human_description,gemini:gemini-3.1-flash-lite:3cab990ae372,information_reduced,"There is a man with an average build and short, light hair. He is wearing a dark green long-sleeve jacket with matching dark green pants and dark shoes, and he has a dark bag with him.",0.13314375281333923,3,0.3333333333333333,0,1,0.1426256000995636,-0.009481847286224365,50
siglip2_b16_224,person::query::27008_3.jpg,person,query,27008_3.jpg,llm_brief,gemini:gemini-3.1-flash-lite:3cab990ae372,information_reduced,"A person of average build with dark hair, wearing a black jacket, dark pants, and light shoes.",0.11498391628265381,39,0.02564102564102564,0,0,0.16099464893341064,-0.046010732650756836,50
siglip2_b16_224,person::query::27008_3.jpg,person,query,27008_3.jpg,llm_balanced,gemini:gemini-3.1-flash-lite:3cab990ae372,information_reduced,"A person with an average build and dark hair, wearing a long-sleeved black jacket, dark pants, and light-colored shoes, while holding a smartphone.",0.11963459849357605,21,0.047619047619047616,0,0,0.14907307922840118,-0.029438480734825134,50
siglip2_b16_224,person::query::27008_3.jpg,person,query,27008_3.jpg,llm_detailed,gemini:gemini-3.1-flash-lite:3cab990ae372,information_reduced,"An individual of average build with dark hair. They are dressed in a long-sleeved black jacket, dark trousers, and light-colored shoes, and are carrying a smartphone.",0.1156424731016159,21,0.047619047619047616,0,0,0.1544518768787384,-0.0388094037771225,50
siglip2_b16_224,person::query::27008_3.jpg,person,query,27008_3.jpg,llm_human_description,gemini:gemini-3.1-flash-lite:3cab990ae372,information_reduced,"There is a person of average build with dark hair. They are wearing a long-sleeved black jacket with dark pants and light-colored shoes, and they are holding a smartphone.",0.11160780489444733,19,0.05263157894736842,0,0,0.14682216942310333,-0.035214364528656006,50
siglip2_b16_224,person::query::14994_1.png,person,query,14994_1.png,llm_brief,gemini:gemini-3.1-flash-lite:3cab990ae372,information_reduced,"Male with short black hair wearing a dark green jacket, dark gray trousers, white shoes, and a yellow backpack.",0.1785607635974884,1,1.0,1,1,0.1556290090084076,0.02293175458908081,50
siglip2_b16_224,person::query::14994_1.png,person,query,14994_1.png,llm_balanced,gemini:gemini-3.1-flash-lite:3cab990ae372,information_reduced,"A man of average build with short black hair, wearing a dark green long-sleeved jacket, dark gray loose trousers, white shoes, and a yellow backpack on his shoulders.",0.1164616271853447,11,0.09090909090909091,0,0,0.1459646075963974,-0.029502980411052704,50
siglip2_b16_224,person::query::14994_1.png,person,query,14994_1.png,llm_detailed,gemini:gemini-3.1-flash-lite:3cab990ae372,information_reduced,"A male of average build, short black hair, dark green long-sleeved jacket, dark gray loose trousers, white shoes, and a yellow backpack worn on both shoulders.",0.1273621916770935,11,0.09090909090909091,0,0,0.15159249305725098,-0.02423030138015747,50
siglip2_b16_224,person::query::14994_1.png,person,query,14994_1.png,llm_human_description,gemini:gemini-3.1-flash-lite:3cab990ae372,information_reduced,"That's a man of average build with short black hair; he's wearing a dark green long-sleeved jacket, loose dark gray pants, white shoes, and has a yellow backpack on.",0.1365712285041809,9,0.1111111111111111,0,0,0.15138933062553406,-0.01481810212135315,50
siglip2_b16_224,person::query::14459_1.png,person,query,14459_1.png,llm_brief,gemini:gemini-3.1-flash-lite:3cab990ae372,information_reduced,"Man with short dark hair and eyeglasses wearing a plaid shirt, dark gray pants, and white shoes.",0.1776067465543747,1,1.0,1,1,0.15100395679473877,0.026602789759635925,50
siglip2_b16_224,person::query::14459_1.png,person,query,14459_1.png,llm_balanced,gemini:gemini-3.1-flash-lite:3cab990ae372,information_reduced,"Average-build man with short dark hair and eyeglasses, wearing a long-sleeved blue, white, and green plaid button-down shirt, dark gray pants, and white shoes.",0.14980509877204895,1,1.0,1,1,0.12759804725646973,0.022207051515579224,50
siglip2_b16_224,person::query::14459_1.png,person,query,14459_1.png,llm_detailed,gemini:gemini-3.1-flash-lite:3cab990ae372,information_reduced,"Average-build man with short dark hair and eyeglasses. He wears a long-sleeved button-down shirt featuring a blue, white, and green plaid pattern, dark gray long pants, and white shoes.",0.12517257034778595,1,1.0,1,1,0.09869363903999329,0.026478931307792664,50
siglip2_b16_224,person::query::14459_1.png,person,query,14459_1.png,llm_human_description,gemini:gemini-3.1-flash-lite:3cab990ae372,information_reduced,"There is an average-built man here with short dark hair and glasses. He is wearing a long-sleeved button-down shirt with a blue, white, and green plaid design, paired with dark gray pants and white shoes.",0.12126423418521881,4,0.25,0,1,0.13345235586166382,-0.012188121676445007,50
siglip2_b16_224,person::query::26943_3.jpg,person,query,26943_3.jpg,llm_brief,gemini:gemini-3.1-flash-lite:3cab990ae372,information_reduced,"Male with short dark hair, wearing a red shirt, dark pants, and light shoes.",0.18277010321617126,1,1.0,1,1,0.14472182095050812,0.03804828226566315,50
siglip2_b16_224,person::query::26943_3.jpg,person,query,26943_3.jpg,llm_balanced,gemini:gemini-3.1-flash-lite:3cab990ae372,information_reduced,"Average-build male with short dark hair, wearing a red short-sleeved shirt, dark pants, and light-colored shoes.",0.16251777112483978,1,1.0,1,1,0.13277500867843628,0.029742762446403503,50
siglip2_b16_224,person::query::26943_3.jpg,person,query,26943_3.jpg,llm_detailed,gemini:gemini-3.1-flash-lite:3cab990ae372,information_reduced,"Average-build male with short dark hair, wearing a red short-sleeved shirt, dark pants, and light-colored shoes.",0.1625177562236786,1,1.0,1,1,0.1327749788761139,0.029742777347564697,50
siglip2_b16_224,person::query::26943_3.jpg,person,query,26943_3.jpg,llm_human_description,gemini:gemini-3.1-flash-lite:3cab990ae372,information_reduced,"A man with an average build and short dark hair. He is dressed in a red short-sleeved shirt, dark trousers, and light-colored shoes.",0.1497456133365631,1,1.0,1,1,0.12744443118572235,0.02230118215084076,50
siglip2_b16_224,person::query::26789_3.jpg,person,query,26789_3.jpg,llm_brief,gemini:gemini-3.1-flash-lite:3cab990ae372,information_reduced,"Average-build male with short dark hair, a dark red long-sleeved shirt, blue pants, and a light-colored backpack.",0.14506042003631592,2,0.5,0,1,0.14558744430541992,-0.0005270242691040039,50
siglip2_b16_224,person::query::26789_3.jpg,person,query,26789_3.jpg,llm_balanced,gemini:gemini-3.1-flash-lite:3cab990ae372,information_reduced,"An average-build male with short dark hair, wearing a dark red long-sleeved shirt and blue pants, carrying a light-colored backpack on both shoulders.",0.15078136324882507,1,1.0,1,1,0.134751096367836,0.016030266880989075,50
siglip2_b16_224,person::query::26789_3.jpg,person,query,26789_3.jpg,llm_detailed,gemini:gemini-3.1-flash-lite:3cab990ae372,information_reduced,"Average-build male with short dark hair. He is wearing a dark red long-sleeved shirt, blue pants, and a light-colored backpack secured with straps over both shoulders.",0.15593843162059784,1,1.0,1,1,0.13961023092269897,0.016328200697898865,50
siglip2_b16_224,person::query::26789_3.jpg,person,query,26789_3.jpg,llm_human_description,gemini:gemini-3.1-flash-lite:3cab990ae372,information_reduced,"There is a guy of average build with short dark hair. He is wearing a long-sleeved dark red shirt, blue pants, and has a light-colored backpack on his back.",0.13699591159820557,2,0.5,0,1,0.14667454361915588,-0.009678632020950317,50
siglip2_b16_224,person::query::26935_2.jpg,person,query,26935_2.jpg,llm_brief,gemini:gemini-3.1-flash-lite:3cab990ae372,information_reduced,"A person with an average build wearing a white headwear, light green jacket, and dark pants.",0.14894869923591614,1,1.0,1,1,0.1442398726940155,0.004708826541900635,50
siglip2_b16_224,person::query::26935_2.jpg,person,query,26935_2.jpg,llm_balanced,gemini:gemini-3.1-flash-lite:3cab990ae372,information_reduced,"A person of average build wearing white headwear, a long-sleeved light green jacket, dark pants, and dark shoes.",0.1477254331111908,4,0.25,0,1,0.15016606450080872,-0.00244063138961792,50
siglip2_b16_224,person::query::26935_2.jpg,person,query,26935_2.jpg,llm_detailed,gemini:gemini-3.1-flash-lite:3cab990ae372,information_reduced,"Individual of average build, wearing white headwear and a long-sleeved light green jacket paired with dark pants and dark shoes.",0.11237634718418121,5,0.2,0,1,0.1269463747739792,-0.014570027589797974,50
siglip2_b16_224,person::query::26935_2.jpg,person,query,26935_2.jpg,llm_human_description,gemini:gemini-3.1-flash-lite:3cab990ae372,information_reduced,"There is a person with an average build, wearing a white hat, a long-sleeved light green jacket, dark pants, and dark shoes.",0.14276278018951416,2,0.5,0,1,0.15446901321411133,-0.011706233024597168,50
siglip2_b16_224,person::query::27100_1.jpg,person,query,27100_1.jpg,llm_brief,gemini:gemini-3.1-flash-lite:3cab990ae372,information_reduced,"Male with dark short hair and a cap, wearing a light pink button-down shirt, blue jeans, and a dark backpack.",0.15538214147090912,2,0.5,0,1,0.17720815539360046,-0.021826013922691345,50
siglip2_b16_224,person::query::27100_1.jpg,person,query,27100_1.jpg,llm_balanced,gemini:gemini-3.1-flash-lite:3cab990ae372,information_reduced,"Average-build male with short dark hair and a cap, wearing a light pink long-sleeved button-down shirt, blue jeans, dark shoes, and a dark backpack on one shoulder.",0.11509190499782562,5,0.2,0,1,0.1318080723285675,-0.016716167330741882,50
siglip2_b16_224,person::query::27100_1.jpg,person,query,27100_1.jpg,llm_detailed,gemini:gemini-3.1-flash-lite:3cab990ae372,information_reduced,"Average-build male, dark short hair, cap, long-sleeved light pink button-down shirt, long blue jeans, dark shoes, dark backpack worn on one shoulder.",0.13803303241729736,5,0.2,0,1,0.15691448748111725,-0.018881455063819885,50
siglip2_b16_224,person::query::27100_1.jpg,person,query,27100_1.jpg,llm_human_description,gemini:gemini-3.1-flash-lite:3cab990ae372,information_reduced,"A man with an average build and short dark hair wearing a cap, a light pink long-sleeved button-down shirt, blue jeans, and dark shoes. He is carrying a dark backpack on one shoulder.",0.14126524329185486,2,0.5,0,1,0.1488259732723236,-0.00756072998046875,50
siglip2_b16_224,person::query::26761_2.jpg,person,query,26761_2.jpg,llm_brief,gemini:gemini-3.1-flash-lite:3cab990ae372,information_reduced,"Person with dark hair wearing a dark hooded jacket, dark pants, and dark shoes.",0.15315280854701996,8,0.125,0,0,0.17490947246551514,-0.021756663918495178,50
siglip2_b16_224,person::query::26761_2.jpg,person,query,26761_2.jpg,llm_balanced,gemini:gemini-3.1-flash-lite:3cab990ae372,information_reduced,"Person of average build with dark hair, wearing a dark long-sleeved hooded jacket, dark pants, and dark shoes.",0.1294827163219452,9,0.1111111111111111,0,0,0.15983249247074127,-0.03034977614879608,50
siglip2_b16_224,person::query::26761_2.jpg,person,query,26761_2.jpg,llm_detailed,gemini:gemini-3.1-flash-lite:3cab990ae372,information_reduced,"Person of average build, dark hair, wearing a dark long-sleeved hooded jacket, dark pants, and dark shoes.",0.13095538318157196,9,0.1111111111111111,0,0,0.16092826426029205,-0.029972881078720093,50
siglip2_b16_224,person::query::26761_2.jpg,person,query,26761_2.jpg,llm_human_description,gemini:gemini-3.1-flash-lite:3cab990ae372,information_reduced,"I'm looking for a person of average build with dark hair, dressed in a dark hooded jacket with long sleeves, matching dark pants, and dark shoes.",0.13600598275661469,10,0.1,0,0,0.1663980484008789,-0.03039206564426422,50
siglip2_b16_224,person::gallery::27153_5.jpg,person,gallery,27153_5.jpg,llm_brief,gemini:gemini-3.1-flash-lite:3cab990ae372,information_reduced,An adult in a light gray long-sleeved shirt and dark pants.,0.1310821771621704,5,0.2,0,1,0.13692888617515564,-0.0058467090129852295,50
siglip2_b16_224,person::gallery::27153_5.jpg,person,gallery,27153_5.jpg,llm_balanced,gemini:gemini-3.1-flash-lite:3cab990ae372,information_reduced,"An adult of average build wearing a long-sleeved light gray shirt, dark pants, and light-colored shoes.",0.12691883742809296,10,0.1,0,0,0.15302269160747528,-0.026103854179382324,50
siglip2_b16_224,person::gallery::27153_5.jpg,person,gallery,27153_5.jpg,llm_detailed,gemini:gemini-3.1-flash-lite:3cab990ae372,information_reduced,"An adult with an average build, dressed in a long-sleeved light gray shirt, dark trousers, and light-colored shoes.",0.12752828001976013,6,0.16666666666666666,0,0,0.1426067352294922,-0.015078455209732056,50
siglip2_b16_224,person::gallery::27153_5.jpg,person,gallery,27153_5.jpg,llm_human_description,gemini:gemini-3.1-flash-lite:3cab990ae372,information_reduced,That's an average-sized adult wearing a light gray long-sleeved shirt with dark pants and light shoes.,0.13464882969856262,10,0.1,0,0,0.1680777370929718,-0.03342890739440918,50
siglip2_b16_224,person::gallery::26789_1.jpg,person,gallery,26789_1.jpg,llm_brief,gemini:gemini-3.1-flash-lite:3cab990ae372,information_reduced,Average-build man in a dark red jacket and light gray trousers.,0.08335855603218079,17,0.058823529411764705,0,0,0.150885671377182,-0.06752711534500122,50
siglip2_b16_224,person::gallery::26789_1.jpg,person,gallery,26789_1.jpg,llm_balanced,gemini:gemini-3.1-flash-lite:3cab990ae372,information_reduced,"Average-build man wearing a long-sleeved dark red jacket, light gray trousers, and dark shoes.",0.10165072977542877,16,0.0625,0,0,0.1565416157245636,-0.05489088594913483,50
siglip2_b16_224,person::gallery::26789_1.jpg,person,gallery,26789_1.jpg,llm_detailed,gemini:gemini-3.1-flash-lite:3cab990ae372,information_reduced,"Average-build man wearing a long-sleeved dark red jacket, light gray trousers, and dark shoes.",0.10165076702833176,16,0.0625,0,0,0.156541645526886,-0.05489087849855423,50
siglip2_b16_224,person::gallery::26789_1.jpg,person,gallery,26789_1.jpg,llm_human_description,gemini:gemini-3.1-flash-lite:3cab990ae372,information_reduced,There is an average-build man wearing a dark red long-sleeved jacket paired with light gray trousers and dark shoes.,0.08502878248691559,19,0.05263157894736842,0,0,0.1326664388179779,-0.04763765633106232,50
siglip2_b16_224,person::gallery::26721_4.jpg,person,gallery,26721_4.jpg,llm_brief,gemini:gemini-3.1-flash-lite:3cab990ae372,information_reduced,"A person of average build wearing a dark jacket, dark trousers, and dark shoes.",0.16560788452625275,1,1.0,1,1,0.16194051504135132,0.0036673694849014282,50
siglip2_b16_224,person::gallery::26721_4.jpg,person,gallery,26721_4.jpg,llm_balanced,gemini:gemini-3.1-flash-lite:3cab990ae372,information_reduced,"A person with an average build wearing a dark long-sleeved jacket, dark trousers, and dark shoes.",0.1623736023902893,1,1.0,1,1,0.1559632569551468,0.006410345435142517,50
siglip2_b16_224,person::gallery::26721_4.jpg,person,gallery,26721_4.jpg,llm_detailed,gemini:gemini-3.1-flash-lite:3cab990ae372,information_reduced,"A person of average build, dressed in a dark-colored, long-sleeved jacket, matching dark trousers, and dark footwear.",0.15574227273464203,1,1.0,1,1,0.13941803574562073,0.0163242369890213,50
siglip2_b16_224,person::gallery::26721_4.jpg,person,gallery,26721_4.jpg,llm_human_description,gemini:gemini-3.1-flash-lite:3cab990ae372,information_reduced,"This is a person with an average build, wearing all dark clothing including a long-sleeved jacket, trousers, and shoes.",0.15329180657863617,1,1.0,1,1,0.14603383839130402,0.007257968187332153,50
siglip2_b16_224,person::gallery::26991_3.jpg,person,gallery,26991_3.jpg,llm_brief,gemini:gemini-3.1-flash-lite:3cab990ae372,information_reduced,"A male with short dark hair wearing a white long-sleeved shirt with dark stripes and light brown pants, holding a smartphone.",0.17632262408733368,1,1.0,1,1,0.13327479362487793,0.04304783046245575,50
siglip2_b16_224,person::gallery::26991_3.jpg,person,gallery,26991_3.jpg,llm_balanced,gemini:gemini-3.1-flash-lite:3cab990ae372,information_reduced,"A male of average build with short dark hair wearing a long-sleeved white shirt with dark shoulder stripes and chest text, light brown pants, and white shoes, holding a smartphone.",0.16658130288124084,1,1.0,1,1,0.14368990063667297,0.02289140224456787,50
siglip2_b16_224,person::gallery::26991_3.jpg,person,gallery,26991_3.jpg,llm_detailed,gemini:gemini-3.1-flash-lite:3cab990ae372,information_reduced,"Male with average build and light skin, sporting short dark hair. He is wearing a long-sleeved white shirt featuring dark stripes on the shoulders and text on the chest, paired with loose light brown pants and white shoes. He is holding a smartphone in his hand.",0.12837640941143036,1,1.0,1,1,0.10896849632263184,0.019407913088798523,50
siglip2_b16_224,person::gallery::26991_3.jpg,person,gallery,26991_3.jpg,llm_human_description,gemini:gemini-3.1-flash-lite:3cab990ae372,information_reduced,"That's a man with an average build and short dark hair. He's wearing a white long-sleeved shirt with some dark stripes on the shoulders and writing on the chest, along with loose light brown pants and white shoes. You can see he is holding a smartphone in his hand.",0.1256210058927536,1,1.0,1,1,0.11434496939182281,0.011276036500930786,50
siglip2_b16_224,person::gallery::26735_2.jpg,person,gallery,26735_2.jpg,llm_brief,gemini:gemini-3.1-flash-lite:3cab990ae372,information_reduced,"Male with short black hair wearing a striped shirt and dark pants, carrying a black backpack.",0.21013665199279785,1,1.0,1,1,0.16773074865341187,0.042405903339385986,50
siglip2_b16_224,person::gallery::26735_2.jpg,person,gallery,26735_2.jpg,llm_balanced,gemini:gemini-3.1-flash-lite:3cab990ae372,information_reduced,"Male of average build with short black hair. He is wearing a long-sleeve shirt with blue, white, and purple horizontal stripes, dark pants, and light brown shoes, carrying a black backpack on both shoulders.",0.11162497103214264,5,0.2,0,1,0.12250341475009918,-0.010878443717956543,50
siglip2_b16_224,person::gallery::26735_2.jpg,person,gallery,26735_2.jpg,llm_detailed,gemini:gemini-3.1-flash-lite:3cab990ae372,information_reduced,"Male of average build with short black hair. He is wearing a long-sleeve shirt featuring blue, white, and purple horizontal stripes, paired with dark pants and light brown shoes. He carries a black backpack on both shoulders.",0.094844289124012,15,0.06666666666666667,0,0,0.11914476007223129,-0.0243004709482193,50
siglip2_b16_224,person::gallery::26735_2.jpg,person,gallery,26735_2.jpg,llm_human_description,gemini:gemini-3.1-flash-lite:3cab990ae372,information_reduced,"That guy is a male with short black hair and an average build. He's wearing a long-sleeved shirt with blue, white, and purple horizontal stripes, dark pants, and light brown shoes. He also has a black backpack on that he's wearing over both shoulders.",0.1048676073551178,16,0.0625,0,0,0.12651604413986206,-0.021648436784744263,50
siglip2_b16_224,person::gallery::14888_1.png,person,gallery,14888_1.png,llm_brief,gemini:gemini-3.1-flash-lite:3cab990ae372,information_reduced,"Slim male with short dark hair, bright blue hooded jacket, blue jeans, and a black messenger bag.",0.2185734361410141,1,1.0,1,1,0.18537575006484985,0.033197686076164246,50
siglip2_b16_224,person::gallery::14888_1.png,person,gallery,14888_1.png,llm_balanced,gemini:gemini-3.1-flash-lite:3cab990ae372,information_reduced,"A slim male with short dark hair, wearing a long-sleeved bright blue hooded jacket, blue jeans, and light brown shoes, carrying a black messenger bag with a single strap.",0.1882791519165039,1,1.0,1,1,0.16163046658039093,0.026648685336112976,50
siglip2_b16_224,person::gallery::14888_1.png,person,gallery,14888_1.png,llm_detailed,gemini:gemini-3.1-flash-lite:3cab990ae372,information_reduced,"Slim male with short dark hair, wearing a long-sleeved bright blue hooded jacket, blue jeans, and light brown shoes. He carries a black messenger bag with a single long strap worn across his right shoulder.",0.19806133210659027,1,1.0,1,1,0.16994842886924744,0.028112903237342834,50
siglip2_b16_224,person::gallery::14888_1.png,person,gallery,14888_1.png,llm_human_description,gemini:gemini-3.1-flash-lite:3cab990ae372,information_reduced,"That's a slim guy with short dark hair. He's wearing a bright blue hoodie, blue jeans, and light brown shoes, and he has a black messenger bag slung across his right shoulder.",0.20795485377311707,1,1.0,1,1,0.18067142367362976,0.027283430099487305,50
siglip2_b16_224,person::gallery::26774_3.jpg,person,gallery,26774_3.jpg,llm_brief,gemini:gemini-3.1-flash-lite:3cab990ae372,information_reduced,"Male with short dark hair, blue hooded jacket, dark blue pants, white shoes, and a black backpack.",0.19149968028068542,1,1.0,1,1,0.1814470887184143,0.010052591562271118,50
siglip2_b16_224,person::gallery::26774_3.jpg,person,gallery,26774_3.jpg,llm_balanced,gemini:gemini-3.1-flash-lite:3cab990ae372,information_reduced,"A man of average build with short dark hair, wearing a long-sleeved blue hooded jacket, dark blue pants, and white shoes, carrying a black backpack on both shoulders.",0.1726360023021698,1,1.0,1,1,0.1610044538974762,0.011631548404693604,50
siglip2_b16_224,person::gallery::26774_3.jpg,person,gallery,26774_3.jpg,llm_detailed,gemini:gemini-3.1-flash-lite:3cab990ae372,information_reduced,"Male, average build, short dark hair. Wearing a blue hooded jacket with long sleeves, dark blue pants, and white shoes. Carrying a black backpack on both shoulders.",0.17262348532676697,1,1.0,1,1,0.1634012758731842,0.009222209453582764,50
siglip2_b16_224,person::gallery::26774_3.jpg,person,gallery,26774_3.jpg,llm_human_description,gemini:gemini-3.1-flash-lite:3cab990ae372,information_reduced,"There is a guy with short dark hair and an average build. He is wearing a blue hoodie with long sleeves, dark blue pants, and white shoes. He also has a black backpack on his back.",0.126259908080101,4,0.25,0,1,0.13130803406238556,-0.005048125982284546,50
siglip2_b16_224,person::gallery::15309_3.png,person,gallery,15309_3.png,llm_brief,gemini:gemini-3.1-flash-lite:3cab990ae372,information_reduced,"Average-build male with short dark hair, wearing a gray shirt and dark pants.",0.15651392936706543,1,1.0,1,1,0.14929887652397156,0.007215052843093872,50
siglip2_b16_224,person::gallery::15309_3.png,person,gallery,15309_3.png,llm_balanced,gemini:gemini-3.1-flash-lite:3cab990ae372,information_reduced,"Average-build male with short dark hair, wearing a gray short-sleeve collared shirt, dark pants, and dark shoes.",0.15830719470977783,1,1.0,1,1,0.14845067262649536,0.00985652208328247,50
siglip2_b16_224,person::gallery::15309_3.png,person,gallery,15309_3.png,llm_detailed,gemini:gemini-3.1-flash-lite:3cab990ae372,information_reduced,"An average-build male featuring short dark hair, a gray short-sleeve collared shirt, dark pants, and dark shoes.",0.14530538022518158,1,1.0,1,1,0.1347198784351349,0.010585501790046692,50
siglip2_b16_224,person::gallery::15309_3.png,person,gallery,15309_3.png,llm_human_description,gemini:gemini-3.1-flash-lite:3cab990ae372,information_reduced,A man with an average build and short dark hair. He is dressed in a gray collared short-sleeve shirt paired with dark pants and shoes.,0.1460135132074356,1,1.0,1,1,0.14485275745391846,0.0011607557535171509,50
siglip2_b16_224,person::gallery::15194_3.png,person,gallery,15194_3.png,llm_brief,gemini:gemini-3.1-flash-lite:3cab990ae372,information_reduced,"A male with short dark hair and eyeglasses wearing a purple jacket, gray trousers, and dark shoes.",0.19671300053596497,1,1.0,1,1,0.16934815049171448,0.02736485004425049,50
siglip2_b16_224,person::gallery::15194_3.png,person,gallery,15194_3.png,llm_balanced,gemini:gemini-3.1-flash-lite:3cab990ae372,information_reduced,"A male of average build with short dark hair and eyeglasses, wearing a long-sleeved dark purple full-zip jacket, light gray trousers, and dark shoes, holding papers.",0.16888999938964844,1,1.0,1,1,0.15472988784313202,0.014160111546516418,50
siglip2_b16_224,person::gallery::15194_3.png,person,gallery,15194_3.png,llm_detailed,gemini:gemini-3.1-flash-lite:3cab990ae372,information_reduced,"Male of average build, short dark hair, wearing eyeglasses. He is dressed in a long-sleeved dark purple full-zip jacket, light gray trousers, and dark shoes. He is holding papers in his hand.",0.14099779725074768,1,1.0,1,1,0.1326659917831421,0.00833180546760559,50
siglip2_b16_224,person::gallery::15194_3.png,person,gallery,15194_3.png,llm_human_description,gemini:gemini-3.1-flash-lite:3cab990ae372,information_reduced,"You can recognize him as a man with an average build, short dark hair, and glasses. He has on a dark purple zip-up jacket, light gray pants, and dark shoes, and he's carrying some papers.",0.15205451846122742,1,1.0,1,1,0.14223627746105194,0.009818241000175476,50
siglip2_b16_224,vehicle::train_images::13608_c139_04.jpg,vehicle,train_images,13608_c139_04.jpg,llm_brief,gemini:gemini-3.1-flash-lite:3cab990ae372,information_reduced,Black sedan with chrome grille and sunroof.,0.11701468378305435,16,0.0625,0,0,0.13974103331565857,-0.022726349532604218,50
siglip2_b16_224,vehicle::train_images::13608_c139_04.jpg,vehicle,train_images,13608_c139_04.jpg,llm_balanced,gemini:gemini-3.1-flash-lite:3cab990ae372,information_reduced,"Black sedan featuring a chrome vertical slat grille with a Buick emblem, silver alloy wheels, and a sunroof.",0.11993543803691864,12,0.08333333333333333,0,0,0.1355927288532257,-0.015657290816307068,50
siglip2_b16_224,vehicle::train_images::13608_c139_04.jpg,vehicle,train_images,13608_c139_04.jpg,llm_detailed,gemini:gemini-3.1-flash-lite:3cab990ae372,information_reduced,"Black sedan equipped with a chrome vertical slat grille displaying a centered Buick emblem, multi-spoke silver alloy wheels, and a sunroof.",0.1075337678194046,7,0.14285714285714285,0,0,0.1200684905052185,-0.012534722685813904,50
siglip2_b16_224,vehicle::train_images::13608_c139_04.jpg,vehicle,train_images,13608_c139_04.jpg,llm_human_description,gemini:gemini-3.1-flash-lite:3cab990ae372,information_reduced,"It is a black sedan with a chrome grille that has a Buick badge in the center, silver multi-spoke wheels, and a sunroof.",0.14800706505775452,6,0.16666666666666666,0,0,0.1577097475528717,-0.009702682495117188,50
siglip2_b16_224,vehicle::train_images::12849_c170_02.jpg,vehicle,train_images,12849_c170_02.jpg,llm_brief,gemini:gemini-3.1-flash-lite:3cab990ae372,information_reduced,Black Volkswagen Jetta sedan.,0.09769211709499359,20,0.05,0,0,0.12118230015039444,-0.02349018305540085,50
siglip2_b16_224,vehicle::train_images::12849_c170_02.jpg,vehicle,train_images,12849_c170_02.jpg,llm_balanced,gemini:gemini-3.1-flash-lite:3cab990ae372,information_reduced,A black Volkswagen Jetta sedan with alloy wheels and dark window tint.,0.09938971698284149,6,0.16666666666666666,0,0,0.11693261563777924,-0.017542898654937744,50
siglip2_b16_224,vehicle::train_images::12849_c170_02.jpg,vehicle,train_images,12849_c170_02.jpg,llm_detailed,gemini:gemini-3.1-flash-lite:3cab990ae372,information_reduced,Black Volkswagen Jetta sedan featuring alloy wheels and dark-tinted windows.,0.08223231881856918,15,0.06666666666666667,0,0,0.10354455560445786,-0.021312236785888672,50
siglip2_b16_224,vehicle::train_images::12849_c170_02.jpg,vehicle,train_images,12849_c170_02.jpg,llm_human_description,gemini:gemini-3.1-flash-lite:3cab990ae372,information_reduced,It's a black Volkswagen Jetta sedan. It has alloy wheels and the windows are tinted dark.,0.136683389544487,6,0.16666666666666666,0,0,0.15155886113643646,-0.014875471591949463,50
siglip2_b16_224,vehicle::train_images::10839_c110_00.jpg,vehicle,train_images,10839_c110_00.jpg,llm_brief,gemini:gemini-3.1-flash-lite:3cab990ae372,information_reduced,Silver Volkswagen Polo hatchback.,0.10389285534620285,8,0.125,0,0,0.12060123682022095,-0.016708381474018097,50
siglip2_b16_224,vehicle::train_images::10839_c110_00.jpg,vehicle,train_images,10839_c110_00.jpg,llm_balanced,gemini:gemini-3.1-flash-lite:3cab990ae372,information_reduced,Silver Volkswagen Polo hatchback with alloy wheels and fog lights.,0.10453959554433823,7,0.14285714285714285,0,0,0.12286614626646042,-0.018326550722122192,50
siglip2_b16_224,vehicle::train_images::10839_c110_00.jpg,vehicle,train_images,10839_c110_00.jpg,llm_detailed,gemini:gemini-3.1-flash-lite:3cab990ae372,information_reduced,"Silver Volkswagen Polo hatchback featuring multi-spoke alloy wheels, front bumper fog lights, and a rearview mirror air freshener.",0.10774531960487366,14,0.07142857142857142,0,0,0.13532745838165283,-0.027582138776779175,50
siglip2_b16_224,vehicle::train_images::10839_c110_00.jpg,vehicle,train_images,10839_c110_00.jpg,llm_human_description,gemini:gemini-3.1-flash-lite:3cab990ae372,information_reduced,"That is a silver Volkswagen Polo hatchback; you can spot it by the alloy wheels, the fog lights on the front bumper, and there is an air freshener hanging from the rearview mirror.",0.12436334043741226,2,0.5,0,1,0.12583765387535095,-0.0014743134379386902,50
siglip2_b16_224,vehicle::train_images::02440_c090_02.jpg,vehicle,train_images,02440_c090_02.jpg,llm_brief,gemini:gemini-3.1-flash-lite:3cab990ae372,information_reduced,Dark brown Hyundai Tucson SUV with alloy wheels and roof rails.,0.11616431176662445,2,0.5,0,1,0.11659812927246094,-0.0004338175058364868,50
siglip2_b16_224,vehicle::train_images::02440_c090_02.jpg,vehicle,train_images,02440_c090_02.jpg,llm_balanced,gemini:gemini-3.1-flash-lite:3cab990ae372,information_reduced,"Dark brown Hyundai Tucson SUV featuring alloy wheels, silver side steps, roof rails, and a shark fin antenna.",0.14302092790603638,1,1.0,1,1,0.12079043686389923,0.022230491042137146,50
siglip2_b16_224,vehicle::train_images::02440_c090_02.jpg,vehicle,train_images,02440_c090_02.jpg,llm_detailed,gemini:gemini-3.1-flash-lite:3cab990ae372,information_reduced,"Dark brown Hyundai Tucson SUV equipped with alloy wheels, silver-colored side steps, rear bumper trim with silver accents, roof rails, a shark fin antenna, tinted windows, and a circular decal on the rear bumper.",0.1270611584186554,1,1.0,1,1,0.106637142598629,0.020424015820026398,50
siglip2_b16_224,vehicle::train_images::02440_c090_02.jpg,vehicle,train_images,02440_c090_02.jpg,llm_human_description,gemini:gemini-3.1-flash-lite:3cab990ae372,information_reduced,"A dark brown Hyundai Tucson SUV. It has alloy wheels, roof rails, a shark fin antenna, and tinted windows. You can also spot silver side steps, silver accents on the rear bumper trim, and a circular decal on the back bumper.",0.1380743533372879,1,1.0,1,1,0.1332474946975708,0.004826858639717102,50
siglip2_b16_224,vehicle::train_images::12341_c073_00.jpg,vehicle,train_images,12341_c073_00.jpg,llm_brief,gemini:gemini-3.1-flash-lite:3cab990ae372,information_reduced,Black Nissan Altima sedan with alloy wheels.,0.12528946995735168,1,1.0,1,1,0.1141759604215622,0.01111350953578949,50
siglip2_b16_224,vehicle::train_images::12341_c073_00.jpg,vehicle,train_images,12341_c073_00.jpg,llm_balanced,gemini:gemini-3.1-flash-lite:3cab990ae372,information_reduced,"Black Nissan Altima sedan featuring alloy wheels, a sunroof, and tinted windows.",0.14893963932991028,1,1.0,1,1,0.1256019026041031,0.02333773672580719,50
siglip2_b16_224,vehicle::train_images::12341_c073_00.jpg,vehicle,train_images,12341_c073_00.jpg,llm_detailed,gemini:gemini-3.1-flash-lite:3cab990ae372,information_reduced,"Black Nissan Altima sedan, equipped with alloy wheels, a sunroof, and moderate window tint.",0.15756464004516602,1,1.0,1,1,0.13612449169158936,0.02144014835357666,50
siglip2_b16_224,vehicle::train_images::12341_c073_00.jpg,vehicle,train_images,12341_c073_00.jpg,llm_human_description,gemini:gemini-3.1-flash-lite:3cab990ae372,information_reduced,"It is a black Nissan Altima sedan that has alloy wheels, a sunroof, and windows with a moderate tint.",0.16628926992416382,1,1.0,1,1,0.13714927434921265,0.029139995574951172,50
siglip2_b16_224,vehicle::train_images::18263_c110_02.jpg,vehicle,train_images,18263_c110_02.jpg,llm_brief,gemini:gemini-3.1-flash-lite:3cab990ae372,information_reduced,Silver Nissan Qashqai SUV.,0.12516778707504272,3,0.3333333333333333,0,1,0.13448011875152588,-0.009312331676483154,50
siglip2_b16_224,vehicle::train_images::18263_c110_02.jpg,vehicle,train_images,18263_c110_02.jpg,llm_balanced,gemini:gemini-3.1-flash-lite:3cab990ae372,information_reduced,Silver Nissan Qashqai SUV with roof rails and a sunroof.,0.14900942146778107,2,0.5,0,1,0.14975300431251526,-0.0007435828447341919,50
siglip2_b16_224,vehicle::train_images::18263_c110_02.jpg,vehicle,train_images,18263_c110_02.jpg,llm_detailed,gemini:gemini-3.1-flash-lite:3cab990ae372,information_reduced,"Silver Nissan Qashqai SUV featuring silver-painted alloy wheels, a sunroof, and roof rails.",0.1649886667728424,1,1.0,1,1,0.1515338271856308,0.013454839587211609,50
siglip2_b16_224,vehicle::train_images::18263_c110_02.jpg,vehicle,train_images,18263_c110_02.jpg,llm_human_description,gemini:gemini-3.1-flash-lite:3cab990ae372,information_reduced,"There is a silver Nissan Qashqai SUV that has roof rails, a sunroof, and silver-painted alloy wheels.",0.17044983804225922,1,1.0,1,1,0.14422915875911713,0.02622067928314209,50
siglip2_b16_224,vehicle::train_images::10529_c003_02.jpg,vehicle,train_images,10529_c003_02.jpg,llm_brief,gemini:gemini-3.1-flash-lite:3cab990ae372,information_reduced,Silver Kia Rio sedan.,0.12217667698860168,3,0.3333333333333333,0,1,0.12306077778339386,-0.0008841007947921753,50
siglip2_b16_224,vehicle::train_images::10529_c003_02.jpg,vehicle,train_images,10529_c003_02.jpg,llm_balanced,gemini:gemini-3.1-flash-lite:3cab990ae372,information_reduced,A silver Kia Rio sedan with five-spoke alloy wheels.,0.1130920797586441,2,0.5,0,1,0.11399984359741211,-0.0009077638387680054,50
siglip2_b16_224,vehicle::train_images::10529_c003_02.jpg,vehicle,train_images,10529_c003_02.jpg,llm_detailed,gemini:gemini-3.1-flash-lite:3cab990ae372,information_reduced,Silver Kia Rio sedan featuring five-spoke alloy wheels and windshield rain guard deflectors.,0.11117830872535706,1,1.0,1,1,0.11113368719816208,4.462152719497681e-05,50
siglip2_b16_224,vehicle::train_images::10529_c003_02.jpg,vehicle,train_images,10529_c003_02.jpg,llm_human_description,gemini:gemini-3.1-flash-lite:3cab990ae372,information_reduced,"That is a silver Kia Rio sedan, and it has five-spoke alloy wheels and rain guards on the windshield.",0.1520371437072754,1,1.0,1,1,0.14196693897247314,0.010070204734802246,50
siglip2_b16_224,vehicle::train_images::15907_c041_04.jpg,vehicle,train_images,15907_c041_04.jpg,llm_brief,gemini:gemini-3.1-flash-lite:3cab990ae372,information_reduced,Red Mazda 6 sedan.,0.11273772269487381,16,0.0625,0,0,0.129431813955307,-0.016694091260433197,50
siglip2_b16_224,vehicle::train_images::15907_c041_04.jpg,vehicle,train_images,15907_c041_04.jpg,llm_balanced,gemini:gemini-3.1-flash-lite:3cab990ae372,information_reduced,Red Mazda 6 sedan with alloy wheels.,0.10214134305715561,20,0.05,0,0,0.12157072126865387,-0.01942937821149826,50
siglip2_b16_224,vehicle::train_images::15907_c041_04.jpg,vehicle,train_images,15907_c041_04.jpg,llm_detailed,gemini:gemini-3.1-flash-lite:3cab990ae372,information_reduced,Red Mazda 6 sedan featuring alloy wheels.,0.08713380992412567,23,0.043478260869565216,0,0,0.11358407139778137,-0.0264502614736557,50
siglip2_b16_224,vehicle::train_images::15907_c041_04.jpg,vehicle,train_images,15907_c041_04.jpg,llm_human_description,gemini:gemini-3.1-flash-lite:3cab990ae372,information_reduced,It is a red Mazda 6 sedan that has alloy wheels.,0.1389470398426056,1,1.0,1,1,0.12490798532962799,0.0140390545129776,50
siglip2_b16_224,vehicle::train_images::08854_c110_02.jpg,vehicle,train_images,08854_c110_02.jpg,llm_brief,gemini:gemini-3.1-flash-lite:3cab990ae372,information_reduced,Dark gray sedan with alloy wheels.,0.1246553361415863,2,0.5,0,1,0.127140074968338,-0.002484738826751709,50
siglip2_b16_224,vehicle::train_images::08854_c110_02.jpg,vehicle,train_images,08854_c110_02.jpg,llm_balanced,gemini:gemini-3.1-flash-lite:3cab990ae372,information_reduced,A dark gray sedan featuring alloy wheels and dark window tint.,0.10002120584249496,5,0.2,0,1,0.10475713759660721,-0.004735931754112244,50
siglip2_b16_224,vehicle::train_images::08854_c110_02.jpg,vehicle,train_images,08854_c110_02.jpg,llm_detailed,gemini:gemini-3.1-flash-lite:3cab990ae372,information_reduced,A dark gray sedan equipped with alloy wheels and heavily tinted windows.,0.13422150909900665,1,1.0,1,1,0.1314723789691925,0.002749130129814148,50
siglip2_b16_224,vehicle::train_images::08854_c110_02.jpg,vehicle,train_images,08854_c110_02.jpg,llm_human_description,gemini:gemini-3.1-flash-lite:3cab990ae372,information_reduced,It is a dark gray sedan with alloy wheels and tinted windows.,0.13867411017417908,1,1.0,1,1,0.136630579829216,0.0020435303449630737,50
siglip2_b16_224,vehicle::train_images::04922_c023_01.jpg,vehicle,train_images,04922_c023_01.jpg,llm_brief,gemini:gemini-3.1-flash-lite:3cab990ae372,information_reduced,Bright red BAIC E-Series hatchback.,0.13188539445400238,1,1.0,1,1,0.1144547387957573,0.017430655658245087,50
siglip2_b16_224,vehicle::train_images::04922_c023_01.jpg,vehicle,train_images,04922_c023_01.jpg,llm_balanced,gemini:gemini-3.1-flash-lite:3cab990ae372,information_reduced,Bright red BAIC E-Series hatchback with alloy wheels and a sunroof.,0.14198827743530273,1,1.0,1,1,0.1156596913933754,0.026328586041927338,50
siglip2_b16_224,vehicle::train_images::04922_c023_01.jpg,vehicle,train_images,04922_c023_01.jpg,llm_detailed,gemini:gemini-3.1-flash-lite:3cab990ae372,information_reduced,"Bright red BAIC E-Series hatchback, equipped with alloy wheels, a sunroof, and tinted windows.",0.11979946494102478,2,0.5,0,1,0.12028546631336212,-0.0004860013723373413,50
siglip2_b16_224,vehicle::train_images::04922_c023_01.jpg,vehicle,train_images,04922_c023_01.jpg,llm_human_description,gemini:gemini-3.1-flash-lite:3cab990ae372,information_reduced,"I see a bright red BAIC E-Series hatchback that has alloy wheels, a sunroof, and tinted windows.",0.16257338225841522,1,1.0,1,1,0.14622335135936737,0.01635003089904785,50
siglip2_b16_224,vehicle::train_images::19263_c030_03.jpg,vehicle,train_images,19263_c030_03.jpg,llm_brief,gemini:gemini-3.1-flash-lite:3cab990ae372,information_reduced,Light brown Buick Verano sedan.,0.11776477843523026,2,0.5,0,1,0.1186906173825264,-0.0009258389472961426,50
siglip2_b16_224,vehicle::train_images::19263_c030_03.jpg,vehicle,train_images,19263_c030_03.jpg,llm_balanced,gemini:gemini-3.1-flash-lite:3cab990ae372,information_reduced,Light brown Buick Verano sedan with silver alloy rims and a rear spoiler.,0.1175089031457901,2,0.5,0,1,0.12947553396224976,-0.011966630816459656,50
siglip2_b16_224,vehicle::train_images::19263_c030_03.jpg,vehicle,train_images,19263_c030_03.jpg,llm_detailed,gemini:gemini-3.1-flash-lite:3cab990ae372,information_reduced,"Light brown Buick Verano sedan featuring silver alloy rims, an integrated rear spoiler, and tinted rear windows.",0.10816064476966858,4,0.25,0,1,0.11916084587574005,-0.011000201106071472,50
siglip2_b16_224,vehicle::train_images::19263_c030_03.jpg,vehicle,train_images,19263_c030_03.jpg,llm_human_description,gemini:gemini-3.1-flash-lite:3cab990ae372,information_reduced,"It is a light brown Buick Verano sedan that has silver alloy rims, a built-in rear spoiler, and tinted back windows.",0.1530766636133194,1,1.0,1,1,0.1478579342365265,0.005218729376792908,50
siglip2_b16_224,vehicle::train_images::07345_c110_03.jpg,vehicle,train_images,07345_c110_03.jpg,llm_brief,gemini:gemini-3.1-flash-lite:3cab990ae372,information_reduced,White Chevrolet Cruze sedan.,0.10851816087961197,17,0.058823529411764705,0,0,0.12849116325378418,-0.01997300237417221,50
siglip2_b16_224,vehicle::train_images::07345_c110_03.jpg,vehicle,train_images,07345_c110_03.jpg,llm_balanced,gemini:gemini-3.1-flash-lite:3cab990ae372,information_reduced,White Chevrolet Cruze sedan with alloy wheels and tinted windows.,0.10996681451797485,17,0.058823529411764705,0,0,0.12667156755924225,-0.016704753041267395,50
siglip2_b16_224,vehicle::train_images::07345_c110_03.jpg,vehicle,train_images,07345_c110_03.jpg,llm_detailed,gemini:gemini-3.1-flash-lite:3cab990ae372,information_reduced,"A white Chevrolet Cruze sedan, equipped with alloy wheels, dark window tinting, and a small sticker on the rear window.",0.14794035255908966,2,0.5,0,1,0.15580730140209198,-0.00786694884300232,50
siglip2_b16_224,vehicle::train_images::07345_c110_03.jpg,vehicle,train_images,07345_c110_03.jpg,llm_human_description,gemini:gemini-3.1-flash-lite:3cab990ae372,information_reduced,"That is a white Chevrolet Cruze sedan. It has alloy wheels, black tinted windows, and a little sticker on the back window.",0.14688009023666382,2,0.5,0,1,0.15206986665725708,-0.005189776420593262,50
siglip2_b16_224,vehicle::train_images::19520_c034_01.jpg,vehicle,train_images,19520_c034_01.jpg,llm_brief,gemini:gemini-3.1-flash-lite:3cab990ae372,information_reduced,A white Ford Escape SUV.,0.06787367165088654,17,0.058823529411764705,0,0,0.09006290882825851,-0.02218923717737198,50
siglip2_b16_224,vehicle::train_images::19520_c034_01.jpg,vehicle,train_images,19520_c034_01.jpg,llm_balanced,gemini:gemini-3.1-flash-lite:3cab990ae372,information_reduced,"A white Ford Escape SUV with silver roof rails, silver alloy rims, and tinted windows.",0.12662644684314728,9,0.1111111111111111,0,0,0.13700653612613678,-0.010380089282989502,50
siglip2_b16_224,vehicle::train_images::19520_c034_01.jpg,vehicle,train_images,19520_c034_01.jpg,llm_detailed,gemini:gemini-3.1-flash-lite:3cab990ae372,information_reduced,"A white Ford Escape SUV featuring dual exhaust tips, silver roof rails, silver alloy rims, a panoramic sunroof, and tinted windows.",0.1312352418899536,6,0.16666666666666666,0,0,0.14835351705551147,-0.01711827516555786,50
siglip2_b16_224,vehicle::train_images::19520_c034_01.jpg,vehicle,train_images,19520_c034_01.jpg,llm_human_description,gemini:gemini-3.1-flash-lite:3cab990ae372,information_reduced,"This is a white Ford Escape SUV that has a panoramic sunroof, tinted windows, silver roof rails, silver rims, and dual exhaust tips.",0.13254690170288086,6,0.16666666666666666,0,0,0.14962875843048096,-0.017081856727600098,50
siglip2_b16_224,vehicle::train_images::16253_c139_00.jpg,vehicle,train_images,16253_c139_00.jpg,llm_brief,gemini:gemini-3.1-flash-lite:3cab990ae372,information_reduced,Black sedan.,0.11451631784439087,15,0.06666666666666667,0,0,0.12548263370990753,-0.010966315865516663,50
siglip2_b16_224,vehicle::train_images::16253_c139_00.jpg,vehicle,train_images,16253_c139_00.jpg,llm_balanced,gemini:gemini-3.1-flash-lite:3cab990ae372,information_reduced,Black sedan with alloy rims.,0.11457417905330658,5,0.2,0,1,0.12573674321174622,-0.011162564158439636,50
siglip2_b16_224,vehicle::train_images::16253_c139_00.jpg,vehicle,train_images,16253_c139_00.jpg,llm_detailed,gemini:gemini-3.1-flash-lite:3cab990ae372,information_reduced,A black sedan featuring alloy rims.,0.12554708123207092,2,0.5,0,1,0.12970733642578125,-0.004160255193710327,50
siglip2_b16_224,vehicle::train_images::16253_c139_00.jpg,vehicle,train_images,16253_c139_00.jpg,llm_human_description,gemini:gemini-3.1-flash-lite:3cab990ae372,information_reduced,It is a black sedan that has alloy rims.,0.13409261405467987,2,0.5,0,1,0.1348618119955063,-0.000769197940826416,50
siglip2_b16_224,vehicle::train_images::06987_c051_04.jpg,vehicle,train_images,06987_c051_04.jpg,llm_brief,gemini:gemini-3.1-flash-lite:3cab990ae372,information_reduced,Dark gray hatchback with black roof rails and alloy wheels.,0.12083956599235535,1,1.0,1,1,0.11648671329021454,0.004352852702140808,50
siglip2_b16_224,vehicle::train_images::06987_c051_04.jpg,vehicle,train_images,06987_c051_04.jpg,llm_balanced,gemini:gemini-3.1-flash-lite:3cab990ae372,information_reduced,"A dark gray hatchback featuring black roof rails, alloy wheels, and blue accent lighting under the headlights.",0.14192980527877808,1,1.0,1,1,0.1386912316083908,0.003238573670387268,50
siglip2_b16_224,vehicle::train_images::06987_c051_04.jpg,vehicle,train_images,06987_c051_04.jpg,llm_detailed,gemini:gemini-3.1-flash-lite:3cab990ae372,information_reduced,"Hatchback in dark gray paint, equipped with black roof rails and alloy wheels, featuring an aftermarket blue accent lighting strip positioned beneath the headlights.",0.09467484802007675,7,0.14285714285714285,0,0,0.11906428635120392,-0.024389438331127167,50
siglip2_b16_224,vehicle::train_images::06987_c051_04.jpg,vehicle,train_images,06987_c051_04.jpg,llm_human_description,gemini:gemini-3.1-flash-lite:3cab990ae372,information_reduced,"It is a dark gray hatchback that has black roof rails, alloy wheels, and a custom blue light strip under the headlights.",0.14472825825214386,2,0.5,0,1,0.14484156668186188,-0.00011330842971801758,50
siglip2_b16_224,vehicle::train_images::05685_c100_04.jpg,vehicle,train_images,05685_c100_04.jpg,llm_brief,gemini:gemini-3.1-flash-lite:3cab990ae372,information_reduced,A silver sedan with a sunroof.,0.14169219136238098,5,0.2,0,1,0.15902823209762573,-0.01733604073524475,50
siglip2_b16_224,vehicle::train_images::05685_c100_04.jpg,vehicle,train_images,05685_c100_04.jpg,llm_balanced,gemini:gemini-3.1-flash-lite:3cab990ae372,information_reduced,"A silver sedan featuring a sunroof, alloy rims, and side window visors.",0.1297401636838913,4,0.25,0,1,0.14806102216243744,-0.018320858478546143,50
siglip2_b16_224,vehicle::train_images::05685_c100_04.jpg,vehicle,train_images,05685_c100_04.jpg,llm_detailed,gemini:gemini-3.1-flash-lite:3cab990ae372,information_reduced,"A silver sedan equipped with a sunroof, alloy rims, and window visors on the side windows.",0.1360471248626709,5,0.2,0,1,0.1518648862838745,-0.015817761421203613,50
siglip2_b16_224,vehicle::train_images::05685_c100_04.jpg,vehicle,train_images,05685_c100_04.jpg,llm_human_description,gemini:gemini-3.1-flash-lite:3cab990ae372,information_reduced,"It is a silver sedan that has a sunroof, alloy wheels, and those little visors over the side windows.",0.13963457942008972,3,0.3333333333333333,0,1,0.15158751606941223,-0.01195293664932251,50
siglip2_b16_224,vehicle::train_images::16614_c041_04.jpg,vehicle,train_images,16614_c041_04.jpg,llm_brief,gemini:gemini-3.1-flash-lite:3cab990ae372,information_reduced,Black Infiniti M sedan.,0.10582805424928665,26,0.038461538461538464,0,0,0.12283781170845032,-0.017009757459163666,50
siglip2_b16_224,vehicle::train_images::16614_c041_04.jpg,vehicle,train_images,16614_c041_04.jpg,llm_balanced,gemini:gemini-3.1-flash-lite:3cab990ae372,information_reduced,Black Infiniti M sedan with tinted windows and alloy rims.,0.11356094479560852,21,0.047619047619047616,0,0,0.12737008929252625,-0.013809144496917725,50
siglip2_b16_224,vehicle::train_images::16614_c041_04.jpg,vehicle,train_images,16614_c041_04.jpg,llm_detailed,gemini:gemini-3.1-flash-lite:3cab990ae372,information_reduced,Black Infiniti M sedan featuring alloy rims and tinted windows.,0.10369007289409637,24,0.041666666666666664,0,0,0.12099730968475342,-0.017307236790657043,50
siglip2_b16_224,vehicle::train_images::16614_c041_04.jpg,vehicle,train_images,16614_c041_04.jpg,llm_human_description,gemini:gemini-3.1-flash-lite:3cab990ae372,information_reduced,That is a black Infiniti M sedan; it has tinted windows and alloy wheels.,0.12079336494207382,13,0.07692307692307693,0,0,0.1373598724603653,-0.016566507518291473,50
siglip2_b16_224,vehicle::train_images::13946_c012_04.jpg,vehicle,train_images,13946_c012_04.jpg,llm_brief,gemini:gemini-3.1-flash-lite:3cab990ae372,information_reduced,Silver minivan.,0.14101433753967285,1,1.0,1,1,0.12789426743984222,0.013120070099830627,50
siglip2_b16_224,vehicle::train_images::13946_c012_04.jpg,vehicle,train_images,13946_c012_04.jpg,llm_balanced,gemini:gemini-3.1-flash-lite:3cab990ae372,information_reduced,Silver minivan with a sunroof and alloy wheels.,0.15131278336048126,1,1.0,1,1,0.14611774682998657,0.00519503653049469,50
siglip2_b16_224,vehicle::train_images::13946_c012_04.jpg,vehicle,train_images,13946_c012_04.jpg,llm_detailed,gemini:gemini-3.1-flash-lite:3cab990ae372,information_reduced,Silver minivan featuring a sunroof and alloy wheels.,0.14086462557315826,1,1.0,1,1,0.13977280259132385,0.0010918229818344116,50
siglip2_b16_224,vehicle::train_images::13946_c012_04.jpg,vehicle,train_images,13946_c012_04.jpg,llm_human_description,gemini:gemini-3.1-flash-lite:3cab990ae372,information_reduced,There is a silver minivan that has a sunroof and alloy wheels.,0.1623786836862564,1,1.0,1,1,0.1528979390859604,0.00948074460029602,50
siglip2_b16_224,vehicle::train_images::14133_c170_01.jpg,vehicle,train_images,14133_c170_01.jpg,llm_brief,gemini:gemini-3.1-flash-lite:3cab990ae372,information_reduced,Black sedan with tree branches on the roof.,0.16978883743286133,1,1.0,1,1,0.13115550577640533,0.038633331656455994,50
siglip2_b16_224,vehicle::train_images::14133_c170_01.jpg,vehicle,train_images,14133_c170_01.jpg,llm_balanced,gemini:gemini-3.1-flash-lite:3cab990ae372,information_reduced,Black sedan with dark tinted rear windows and tree branches secured to the roof.,0.18151149153709412,1,1.0,1,1,0.1493539959192276,0.032157495617866516,50
siglip2_b16_224,vehicle::train_images::14133_c170_01.jpg,vehicle,train_images,14133_c170_01.jpg,llm_detailed,gemini:gemini-3.1-flash-lite:3cab990ae372,information_reduced,A black sedan featuring dark tinted rear windows and tree branches secured to its roof.,0.19288721680641174,1,1.0,1,1,0.15726277232170105,0.03562444448471069,50
siglip2_b16_224,vehicle::train_images::14133_c170_01.jpg,vehicle,train_images,14133_c170_01.jpg,llm_human_description,gemini:gemini-3.1-flash-lite:3cab990ae372,information_reduced,It is a black sedan that has dark tinted rear windows and some tree branches tied down on the roof.,0.21365252137184143,1,1.0,1,1,0.1708492636680603,0.04280325770378113,50
siglip2_b16_224,vehicle::train_images::16747_c163_03.jpg,vehicle,train_images,16747_c163_03.jpg,llm_brief,gemini:gemini-3.1-flash-lite:3cab990ae372,information_reduced,White Buick Regal sedan.,0.09809417277574539,34,0.029411764705882353,0,0,0.12428547441959381,-0.02619130164384842,50
siglip2_b16_224,vehicle::train_images::16747_c163_03.jpg,vehicle,train_images,16747_c163_03.jpg,llm_balanced,gemini:gemini-3.1-flash-lite:3cab990ae372,information_reduced,White Buick Regal sedan with a sunroof.,0.10642417520284653,42,0.023809523809523808,0,0,0.14038127660751343,-0.0339571014046669,50
siglip2_b16_224,vehicle::train_images::16747_c163_03.jpg,vehicle,train_images,16747_c163_03.jpg,llm_detailed,gemini:gemini-3.1-flash-lite:3cab990ae372,information_reduced,White Buick Regal sedan featuring a sunroof and stickers on the upper portion of the windshield.,0.1221916526556015,24,0.041666666666666664,0,0,0.14881929755210876,-0.026627644896507263,50
siglip2_b16_224,vehicle::train_images::16747_c163_03.jpg,vehicle,train_images,16747_c163_03.jpg,llm_human_description,gemini:gemini-3.1-flash-lite:3cab990ae372,information_reduced,It's a white Buick Regal sedan that has a sunroof and some stickers across the top of the windshield.,0.15747681260108948,8,0.125,0,0,0.1761980801820755,-0.018721267580986023,50
siglip2_b16_224,vehicle::train_images::05432_c163_04.jpg,vehicle,train_images,05432_c163_04.jpg,llm_brief,gemini:gemini-3.1-flash-lite:3cab990ae372,information_reduced,Black Volkswagen Passat sedan.,0.11804592609405518,13,0.07692307692307693,0,0,0.1228519007563591,-0.0048059746623039246,50
siglip2_b16_224,vehicle::train_images::05432_c163_04.jpg,vehicle,train_images,05432_c163_04.jpg,llm_balanced,gemini:gemini-3.1-flash-lite:3cab990ae372,information_reduced,Black Volkswagen Passat sedan with alloy rims.,0.11177791655063629,6,0.16666666666666666,0,0,0.12089724838733673,-0.00911933183670044,50
siglip2_b16_224,vehicle::train_images::05432_c163_04.jpg,vehicle,train_images,05432_c163_04.jpg,llm_detailed,gemini:gemini-3.1-flash-lite:3cab990ae372,information_reduced,Black Volkswagen Passat sedan equipped with alloy rims.,0.11056184023618698,4,0.25,0,1,0.11574994772672653,-0.005188107490539551,50
siglip2_b16_224,vehicle::train_images::05432_c163_04.jpg,vehicle,train_images,05432_c163_04.jpg,llm_human_description,gemini:gemini-3.1-flash-lite:3cab990ae372,information_reduced,It is a black Volkswagen Passat sedan that has alloy rims.,0.12550397217273712,8,0.125,0,0,0.13362187147140503,-0.008117899298667908,50
siglip2_b16_224,vehicle::train_images::19057_c170_04.jpg,vehicle,train_images,19057_c170_04.jpg,llm_brief,gemini:gemini-3.1-flash-lite:3cab990ae372,information_reduced,White SUV with a black bumper and dark gray lower cladding.,0.07890188694000244,14,0.07142857142857142,0,0,0.1130576878786087,-0.03415580093860626,50
siglip2_b16_224,vehicle::train_images::19057_c170_04.jpg,vehicle,train_images,19057_c170_04.jpg,llm_balanced,gemini:gemini-3.1-flash-lite:3cab990ae372,information_reduced,"White SUV featuring a black bumper, dark gray lower cladding, and a yellow sticker on the trunk lid.",0.13769768178462982,1,1.0,1,1,0.13530486822128296,0.002392813563346863,50
siglip2_b16_224,vehicle::train_images::19057_c170_04.jpg,vehicle,train_images,19057_c170_04.jpg,llm_detailed,gemini:gemini-3.1-flash-lite:3cab990ae372,information_reduced,"White SUV with a black bumper and dark gray lower cladding, featuring a rectangular yellow sticker on the trunk lid below the rear window, a rear wiper, and tree branches laying across the roof.",0.16182838380336761,1,1.0,1,1,0.14528343081474304,0.016544952988624573,50
siglip2_b16_224,vehicle::train_images::19057_c170_04.jpg,vehicle,train_images,19057_c170_04.jpg,llm_human_description,gemini:gemini-3.1-flash-lite:3cab990ae372,information_reduced,"This is a white SUV that has a black bumper and some dark gray cladding along the bottom. It has a rear wiper and a rectangular yellow sticker on the trunk, right under the back window. There are also some tree branches resting on top of the roof.",0.13276562094688416,1,1.0,1,1,0.13106605410575867,0.0016995668411254883,50
siglip2_b16_224,vehicle::train_images::04455_c078_00.jpg,vehicle,train_images,04455_c078_00.jpg,llm_brief,gemini:gemini-3.1-flash-lite:3cab990ae372,information_reduced,Black Toyota Camry sedan with alloy rims and hood damage.,0.13280680775642395,9,0.1111111111111111,0,0,0.14615899324417114,-0.013352185487747192,50
siglip2_b16_224,vehicle::train_images::04455_c078_00.jpg,vehicle,train_images,04455_c078_00.jpg,llm_balanced,gemini:gemini-3.1-flash-lite:3cab990ae372,information_reduced,A black Toyota Camry sedan featuring alloy rims and damage on the hood near the driver-side headlight.,0.15837246179580688,1,1.0,1,1,0.15580148994922638,0.0025709718465805054,50
siglip2_b16_224,vehicle::train_images::04455_c078_00.jpg,vehicle,train_images,04455_c078_00.jpg,llm_detailed,gemini:gemini-3.1-flash-lite:3cab990ae372,information_reduced,"Black sedan, specifically a Toyota Camry, equipped with alloy rims and identifiable damage located on the hood adjacent to the driver-side headlight.",0.13382913172245026,10,0.1,0,0,0.1413596272468567,-0.007530495524406433,50
siglip2_b16_224,vehicle::train_images::04455_c078_00.jpg,vehicle,train_images,04455_c078_00.jpg,llm_human_description,gemini:gemini-3.1-flash-lite:3cab990ae372,information_reduced,That is a black Toyota Camry sedan; it has alloy wheels and a noticeable dent on the hood right by the driver-side headlight.,0.13571953773498535,2,0.5,0,1,0.13588163256645203,-0.0001620948314666748,50
siglip2_b16_224,vehicle::train_images::14387_c163_04.jpg,vehicle,train_images,14387_c163_04.jpg,llm_brief,gemini:gemini-3.1-flash-lite:3cab990ae372,information_reduced,White Volkswagen Tiguan SUV.,0.06191509962081909,26,0.038461538461538464,0,0,0.07852233946323395,-0.016607239842414856,50
siglip2_b16_224,vehicle::train_images::14387_c163_04.jpg,vehicle,train_images,14387_c163_04.jpg,llm_balanced,gemini:gemini-3.1-flash-lite:3cab990ae372,information_reduced,White Volkswagen Tiguan SUV with alloy wheels and dark window tint.,0.0889362022280693,35,0.02857142857142857,0,0,0.10574307292699814,-0.016806870698928833,50
siglip2_b16_224,vehicle::train_images::14387_c163_04.jpg,vehicle,train_images,14387_c163_04.jpg,llm_detailed,gemini:gemini-3.1-flash-lite:3cab990ae372,information_reduced,"White Volkswagen Tiguan SUV featuring alloy wheels, dark window tint, a sunroof, and window visors on the side windows.",0.10853715240955353,22,0.045454545454545456,0,0,0.1323140561580658,-0.023776903748512268,50
siglip2_b16_224,vehicle::train_images::14387_c163_04.jpg,vehicle,train_images,14387_c163_04.jpg,llm_human_description,gemini:gemini-3.1-flash-lite:3cab990ae372,information_reduced,"It is a white Volkswagen Tiguan SUV. It has alloy wheels, dark tinted windows, a sunroof, and window visors attached to the sides.",0.1261158138513565,12,0.08333333333333333,0,0,0.14306142926216125,-0.01694561541080475,50
siglip2_b16_224,vehicle::train_images::09221_c139_03.jpg,vehicle,train_images,09221_c139_03.jpg,llm_brief,gemini:gemini-3.1-flash-lite:3cab990ae372,information_reduced,A white Toyota sedan.,0.11668714880943298,5,0.2,0,1,0.1412845104932785,-0.02459736168384552,50
siglip2_b16_224,vehicle::train_images::09221_c139_03.jpg,vehicle,train_images,09221_c139_03.jpg,llm_balanced,gemini:gemini-3.1-flash-lite:3cab990ae372,information_reduced,"A white Toyota sedan with alloy rims, light window tint, and a roof antenna.",0.137063130736351,7,0.14285714285714285,0,0,0.1481166034936905,-0.011053472757339478,50
siglip2_b16_224,vehicle::train_images::09221_c139_03.jpg,vehicle,train_images,09221_c139_03.jpg,llm_detailed,gemini:gemini-3.1-flash-lite:3cab990ae372,information_reduced,"A white sedan featuring Toyota badging on the grille, alloy rims, light window tinting, and an antenna on the roof.",0.14157679677009583,6,0.16666666666666666,0,0,0.15819667279720306,-0.01661987602710724,50
siglip2_b16_224,vehicle::train_images::09221_c139_03.jpg,vehicle,train_images,09221_c139_03.jpg,llm_human_description,gemini:gemini-3.1-flash-lite:3cab990ae372,information_reduced,"This is a white Toyota sedan. It has alloy rims, slightly tinted windows, and an antenna on the roof, with a Toyota badge visible on the front grille.",0.13769426941871643,14,0.07142857142857142,0,0,0.16219188272953033,-0.024497613310813904,50
siglip2_b16_224,vehicle::train_images::04724_c110_02.jpg,vehicle,train_images,04724_c110_02.jpg,llm_brief,gemini:gemini-3.1-flash-lite:3cab990ae372,information_reduced,A white hatchback.,0.13811956346035004,1,1.0,1,1,0.13419026136398315,0.003929302096366882,50
siglip2_b16_224,vehicle::train_images::04724_c110_02.jpg,vehicle,train_images,04724_c110_02.jpg,llm_balanced,gemini:gemini-3.1-flash-lite:3cab990ae372,information_reduced,A white hatchback with a sunroof and alloy wheels.,0.1516869217157364,1,1.0,1,1,0.14906014502048492,0.002626776695251465,50
siglip2_b16_224,vehicle::train_images::04724_c110_02.jpg,vehicle,train_images,04724_c110_02.jpg,llm_detailed,gemini:gemini-3.1-flash-lite:3cab990ae372,information_reduced,A white hatchback featuring a sunroof and alloy wheels.,0.1474781185388565,1,1.0,1,1,0.1368786096572876,0.010599508881568909,50
siglip2_b16_224,vehicle::train_images::04724_c110_02.jpg,vehicle,train_images,04724_c110_02.jpg,llm_human_description,gemini:gemini-3.1-flash-lite:3cab990ae372,information_reduced,It's a white hatchback that has alloy wheels and a sunroof.,0.1780540943145752,1,1.0,1,1,0.16070690751075745,0.01734718680381775,50
siglip2_b16_224,vehicle::train_images::08361_c094_04.jpg,vehicle,train_images,08361_c094_04.jpg,llm_brief,gemini:gemini-3.1-flash-lite:3cab990ae372,information_reduced,Silver Nissan Tiida sedan.,0.10634923726320267,28,0.03571428571428571,0,0,0.12366632372140884,-0.017317086458206177,50
siglip2_b16_224,vehicle::train_images::08361_c094_04.jpg,vehicle,train_images,08361_c094_04.jpg,llm_balanced,gemini:gemini-3.1-flash-lite:3cab990ae372,information_reduced,A silver Nissan Tiida sedan with alloy wheels and a sunroof.,0.12430985271930695,4,0.25,0,1,0.13960018754005432,-0.015290334820747375,50
siglip2_b16_224,vehicle::train_images::08361_c094_04.jpg,vehicle,train_images,08361_c094_04.jpg,llm_detailed,gemini:gemini-3.1-flash-lite:3cab990ae372,information_reduced,"A silver Nissan Tiida sedan, equipped with alloy wheels, a sunroof, and wind deflectors on the front and rear passenger windows.",0.12863443791866302,3,0.3333333333333333,0,1,0.13660608232021332,-0.007971644401550293,50
siglip2_b16_224,vehicle::train_images::08361_c094_04.jpg,vehicle,train_images,08361_c094_04.jpg,llm_human_description,gemini:gemini-3.1-flash-lite:3cab990ae372,information_reduced,"This is a silver Nissan Tiida sedan. It has a sunroof, alloy wheels, and wind deflectors over the front and rear passenger windows.",0.12613721191883087,6,0.16666666666666666,0,0,0.1455100029706955,-0.019372791051864624,50
siglip2_b16_224,vehicle::train_images::03678_c014_03.jpg,vehicle,train_images,03678_c014_03.jpg,llm_brief,gemini:gemini-3.1-flash-lite:3cab990ae372,information_reduced,White Buick sedan with a sunroof and a red ribbon on the mirror.,0.12786275148391724,5,0.2,0,1,0.1408272683620453,-0.012964516878128052,50
siglip2_b16_224,vehicle::train_images::03678_c014_03.jpg,vehicle,train_images,03678_c014_03.jpg,llm_balanced,gemini:gemini-3.1-flash-lite:3cab990ae372,information_reduced,"A white Buick sedan featuring alloy multi-spoke rims, a sunroof, dark window tint, and a red ribbon on the driver's side mirror.",0.1583506166934967,1,1.0,1,1,0.15038679540157318,0.007963821291923523,50
siglip2_b16_224,vehicle::train_images::03678_c014_03.jpg,vehicle,train_images,03678_c014_03.jpg,llm_detailed,gemini:gemini-3.1-flash-lite:3cab990ae372,information_reduced,White Buick sedan equipped with alloy multi-spoke rims and a sunroof. The vehicle has dark window tinting and a red ribbon secured to the driver's side mirror.,0.13709992170333862,2,0.5,0,1,0.14095978438854218,-0.0038598626852035522,50
siglip2_b16_224,vehicle::train_images::03678_c014_03.jpg,vehicle,train_images,03678_c014_03.jpg,llm_human_description,gemini:gemini-3.1-flash-lite:3cab990ae372,information_reduced,It is a white Buick sedan with dark tinted windows and a sunroof. It has nice alloy rims and there is a little red ribbon tied to the driver's side mirror.,0.16111654043197632,1,1.0,1,1,0.15258289873600006,0.008533641695976257,50
siglip2_b16_224,vehicle::query_images::20039_c015_00.jpg,vehicle,query_images,20039_c015_00.jpg,llm_brief,gemini:gemini-3.1-flash-lite:3cab990ae372,information_reduced,Silver JAC box truck with a roof-mounted wind deflector.,0.14437445998191833,1,1.0,1,1,0.09787657856941223,0.046497881412506104,50
siglip2_b16_224,vehicle::query_images::20039_c015_00.jpg,vehicle,query_images,20039_c015_00.jpg,llm_balanced,gemini:gemini-3.1-flash-lite:3cab990ae372,information_reduced,"Silver JAC box truck featuring a roof-mounted wind deflector, black side mirrors, and a black front grill.",0.14533883333206177,1,1.0,1,1,0.12466795742511749,0.020670875906944275,50
siglip2_b16_224,vehicle::query_images::20039_c015_00.jpg,vehicle,query_images,20039_c015_00.jpg,llm_detailed,gemini:gemini-3.1-flash-lite:3cab990ae372,information_reduced,"Silver JAC box truck with black side mirrors, a black front grill, a clear windshield, and a roof-mounted wind deflector.",0.14277605712413788,1,1.0,1,1,0.12890182435512543,0.013874232769012451,50
siglip2_b16_224,vehicle::query_images::20039_c015_00.jpg,vehicle,query_images,20039_c015_00.jpg,llm_human_description,gemini:gemini-3.1-flash-lite:3cab990ae372,information_reduced,"There is a silver JAC box truck here. It has black side mirrors and a black front grill, along with a wind deflector mounted on the roof and a clear windshield.",0.1571051925420761,1,1.0,1,1,0.1487932950258255,0.00831189751625061,50
siglip2_b16_224,vehicle::query_images::20298_c122_00.jpg,vehicle,query_images,20298_c122_00.jpg,llm_brief,gemini:gemini-3.1-flash-lite:3cab990ae372,information_reduced,Silver MPV.,0.06472447514533997,29,0.034482758620689655,0,0,0.08440423756837845,-0.019679762423038483,50
siglip2_b16_224,vehicle::query_images::20298_c122_00.jpg,vehicle,query_images,20298_c122_00.jpg,llm_balanced,gemini:gemini-3.1-flash-lite:3cab990ae372,information_reduced,Silver MPV with silver alloy wheels.,0.09014132618904114,10,0.1,0,0,0.1004689633846283,-0.010327637195587158,50
siglip2_b16_224,vehicle::query_images::20298_c122_00.jpg,vehicle,query_images,20298_c122_00.jpg,llm_detailed,gemini:gemini-3.1-flash-lite:3cab990ae372,information_reduced,"Silver MPV, featuring silver-colored alloy wheels.",0.09023480117321014,11,0.09090909090909091,0,0,0.10180448740720749,-0.011569686233997345,50
siglip2_b16_224,vehicle::query_images::20298_c122_00.jpg,vehicle,query_images,20298_c122_00.jpg,llm_human_description,gemini:gemini-3.1-flash-lite:3cab990ae372,information_reduced,A silver MPV that has silver alloy wheels.,0.09033489972352982,10,0.1,0,0,0.1040462851524353,-0.013711385428905487,50
siglip2_b16_224,vehicle::query_images::21010_c163_01.jpg,vehicle,query_images,21010_c163_01.jpg,llm_brief,gemini:gemini-3.1-flash-lite:3cab990ae372,information_reduced,Black Lexus RX SUV with roof rails and alloy wheels.,0.08419714123010635,37,0.02702702702702703,0,0,0.11702373623847961,-0.03282659500837326,50
siglip2_b16_224,vehicle::query_images::21010_c163_01.jpg,vehicle,query_images,21010_c163_01.jpg,llm_balanced,gemini:gemini-3.1-flash-lite:3cab990ae372,information_reduced,"Black Lexus RX SUV featuring alloy wheels, roof rails, and side window visors.",0.08832651376724243,39,0.02564102564102564,0,0,0.12707939743995667,-0.03875288367271423,50
siglip2_b16_224,vehicle::query_images::21010_c163_01.jpg,vehicle,query_images,21010_c163_01.jpg,llm_detailed,gemini:gemini-3.1-flash-lite:3cab990ae372,information_reduced,"Black Lexus RX SUV equipped with alloy wheels, roof rails, and window visors attached to the tops of the side windows. A sheet of paper is visible on the dashboard.",0.10658545047044754,28,0.03571428571428571,0,0,0.1314760148525238,-0.024890564382076263,50
siglip2_b16_224,vehicle::query_images::21010_c163_01.jpg,vehicle,query_images,21010_c163_01.jpg,llm_human_description,gemini:gemini-3.1-flash-lite:3cab990ae372,information_reduced,"That's a black Lexus RX SUV. It has alloy wheels, roof rails, and window visors on the side windows, plus a piece of paper sitting on the dashboard.",0.1312388926744461,6,0.16666666666666666,0,0,0.1432497501373291,-0.012010857462882996,50
siglip2_b16_224,vehicle::query_images::20249_c003_00.jpg,vehicle,query_images,20249_c003_00.jpg,llm_brief,gemini:gemini-3.1-flash-lite:3cab990ae372,information_reduced,Black Volkswagen Passat sedan.,0.10972526669502258,21,0.047619047619047616,0,0,0.1228519082069397,-0.013126641511917114,50
siglip2_b16_224,vehicle::query_images::20249_c003_00.jpg,vehicle,query_images,20249_c003_00.jpg,llm_balanced,gemini:gemini-3.1-flash-lite:3cab990ae372,information_reduced,"A black Volkswagen Passat sedan with alloy rims, a sunroof, and tinted windows.",0.1499253809452057,2,0.5,0,1,0.15537646412849426,-0.005451083183288574,50
siglip2_b16_224,vehicle::query_images::20249_c003_00.jpg,vehicle,query_images,20249_c003_00.jpg,llm_detailed,gemini:gemini-3.1-flash-lite:3cab990ae372,information_reduced,"Black sedan, model Volkswagen Passat, equipped with alloy rims, a sunroof, and tinted windows.",0.13936634361743927,1,1.0,1,1,0.1378270387649536,0.0015393048524856567,50
siglip2_b16_224,vehicle::query_images::20249_c003_00.jpg,vehicle,query_images,20249_c003_00.jpg,llm_human_description,gemini:gemini-3.1-flash-lite:3cab990ae372,information_reduced,"It is a black Volkswagen Passat sedan that has tinted windows, a sunroof, and alloy rims.",0.15953798592090607,2,0.5,0,1,0.15999606251716614,-0.0004580765962600708,50
siglip2_b16_224,vehicle::query_images::20506_c051_01.jpg,vehicle,query_images,20506_c051_01.jpg,llm_brief,gemini:gemini-3.1-flash-lite:3cab990ae372,information_reduced,White Ford Focus hatchback.,0.10162078589200974,9,0.1111111111111111,0,0,0.12354601919651031,-0.02192523330450058,50
siglip2_b16_224,vehicle::query_images::20506_c051_01.jpg,vehicle,query_images,20506_c051_01.jpg,llm_balanced,gemini:gemini-3.1-flash-lite:3cab990ae372,information_reduced,White Ford Focus hatchback with a sunroof and alloy rims.,0.1297883689403534,3,0.3333333333333333,0,1,0.1452280431985855,-0.015439674258232117,50
siglip2_b16_224,vehicle::query_images::20506_c051_01.jpg,vehicle,query_images,20506_c051_01.jpg,llm_detailed,gemini:gemini-3.1-flash-lite:3cab990ae372,information_reduced,"White Ford Focus hatchback, equipped with a sunroof and alloy wheels.",0.1115591749548912,5,0.2,0,1,0.12181365489959717,-0.010254479944705963,50
siglip2_b16_224,vehicle::query_images::20506_c051_01.jpg,vehicle,query_images,20506_c051_01.jpg,llm_human_description,gemini:gemini-3.1-flash-lite:3cab990ae372,information_reduced,It is a white Ford Focus hatchback that has a sunroof and nice alloy rims.,0.14467498660087585,3,0.3333333333333333,0,1,0.14856404066085815,-0.0038890540599823,50
siglip2_b16_224,vehicle::query_images::21112_c079_00.jpg,vehicle,query_images,21112_c079_00.jpg,llm_brief,gemini:gemini-3.1-flash-lite:3cab990ae372,information_reduced,White Honda CR-V crossover SUV with silver alloy wheels and roof rails.,0.1192597895860672,3,0.3333333333333333,0,1,0.12508270144462585,-0.005822911858558655,50
siglip2_b16_224,vehicle::query_images::21112_c079_00.jpg,vehicle,query_images,21112_c079_00.jpg,llm_balanced,gemini:gemini-3.1-flash-lite:3cab990ae372,information_reduced,"White Honda CR-V crossover SUV featuring silver alloy wheels, roof rails, and a green registration sticker on the windshield.",0.14544564485549927,5,0.2,0,1,0.15503591299057007,-0.0095902681350708,50
siglip2_b16_224,vehicle::query_images::21112_c079_00.jpg,vehicle,query_images,21112_c079_00.jpg,llm_detailed,gemini:gemini-3.1-flash-lite:3cab990ae372,information_reduced,"White Honda CR-V compact crossover SUV with silver alloy wheels, roof rails, clear windows, a green registration sticker on the upper corner of the windshield, and a small white bobblehead ornament on the dashboard.",0.1398002803325653,6,0.16666666666666666,0,0,0.1522032469511032,-0.012402966618537903,50
siglip2_b16_224,vehicle::query_images::21112_c079_00.jpg,vehicle,query_images,21112_c079_00.jpg,llm_human_description,gemini:gemini-3.1-flash-lite:3cab990ae372,information_reduced,It is a white Honda CR-V crossover SUV. It has silver alloy wheels and roof rails on top. There is a small green registration sticker near the top corner of the windshield and a little white bobblehead on the dashboard.,0.1421724557876587,1,1.0,1,1,0.13504177331924438,0.007130682468414307,50
siglip2_b16_224,vehicle::query_images::20949_c003_01.jpg,vehicle,query_images,20949_c003_01.jpg,llm_brief,gemini:gemini-3.1-flash-lite:3cab990ae372,information_reduced,Black sedan with alloy rims and a sunroof.,0.12580594420433044,2,0.5,0,1,0.12973462045192719,-0.003928676247596741,50
siglip2_b16_224,vehicle::query_images::20949_c003_01.jpg,vehicle,query_images,20949_c003_01.jpg,llm_balanced,gemini:gemini-3.1-flash-lite:3cab990ae372,information_reduced,"Black sedan with a sunroof, dark window tint, and multi-spoke alloy rims.",0.12304200232028961,11,0.09090909090909091,0,0,0.13385812938213348,-0.010816127061843872,50
siglip2_b16_224,vehicle::query_images::20949_c003_01.jpg,vehicle,query_images,20949_c003_01.jpg,llm_detailed,gemini:gemini-3.1-flash-lite:3cab990ae372,information_reduced,"Black sedan featuring a sunroof, dark window tint, multi-spoke alloy rims, and multiple circular stickers on the lower passenger side of the windshield.",0.1289513111114502,10,0.1,0,0,0.14243173599243164,-0.013480424880981445,50
siglip2_b16_224,vehicle::query_images::20949_c003_01.jpg,vehicle,query_images,20949_c003_01.jpg,llm_human_description,gemini:gemini-3.1-flash-lite:3cab990ae372,information_reduced,I see a black sedan with a sunroof and tinted windows. It has multi-spoke alloy wheels and there are some circular stickers on the bottom corner of the passenger side windshield.,0.14606815576553345,5,0.2,0,1,0.15393945574760437,-0.007871299982070923,50
siglip2_b16_224,vehicle::query_images::20272_c102_00.jpg,vehicle,query_images,20272_c102_00.jpg,llm_brief,gemini:gemini-3.1-flash-lite:3cab990ae372,information_reduced,Black Volkswagen Lamando sedan.,0.10336868464946747,28,0.03571428571428571,0,0,0.12577591836452484,-0.022407233715057373,50
siglip2_b16_224,vehicle::query_images::20272_c102_00.jpg,vehicle,query_images,20272_c102_00.jpg,llm_balanced,gemini:gemini-3.1-flash-lite:3cab990ae372,information_reduced,Black Volkswagen Lamando sedan with alloy wheels and dark window tint.,0.09821213781833649,23,0.043478260869565216,0,0,0.11797453463077545,-0.019762396812438965,50
siglip2_b16_224,vehicle::query_images::20272_c102_00.jpg,vehicle,query_images,20272_c102_00.jpg,llm_detailed,gemini:gemini-3.1-flash-lite:3cab990ae372,information_reduced,Black Volkswagen Lamando sedan featuring alloy wheels and dark window tinting.,0.08980938792228699,18,0.05555555555555555,0,0,0.10781174898147583,-0.018002361059188843,50
siglip2_b16_224,vehicle::query_images::20272_c102_00.jpg,vehicle,query_images,20272_c102_00.jpg,llm_human_description,gemini:gemini-3.1-flash-lite:3cab990ae372,information_reduced,It's a black Volkswagen Lamando sedan that has alloy wheels and dark tinted windows.,0.14520035684108734,7,0.14285714285714285,0,0,0.1577140986919403,-0.012513741850852966,50
siglip2_b16_224,vehicle::gallery_images::20535_c170_02.jpg,vehicle,gallery_images,20535_c170_02.jpg,llm_brief,gemini:gemini-3.1-flash-lite:3cab990ae372,information_reduced,Silver Volkswagen Passat B4 sedan.,0.09728755056858063,25,0.04,0,0,0.11489753425121307,-0.017609983682632446,50
siglip2_b16_224,vehicle::gallery_images::20535_c170_02.jpg,vehicle,gallery_images,20535_c170_02.jpg,llm_balanced,gemini:gemini-3.1-flash-lite:3cab990ae372,information_reduced,Silver Volkswagen Passat B4 sedan with alloy wheels.,0.07953141629695892,35,0.02857142857142857,0,0,0.10471300035715103,-0.025181584060192108,50
siglip2_b16_224,vehicle::gallery_images::20535_c170_02.jpg,vehicle,gallery_images,20535_c170_02.jpg,llm_detailed,gemini:gemini-3.1-flash-lite:3cab990ae372,information_reduced,Silver Volkswagen Passat B4 sedan featuring alloy wheels.,0.07231511920690536,34,0.029411764705882353,0,0,0.09532571583986282,-0.02301059663295746,50
siglip2_b16_224,vehicle::gallery_images::20535_c170_02.jpg,vehicle,gallery_images,20535_c170_02.jpg,llm_human_description,gemini:gemini-3.1-flash-lite:3cab990ae372,information_reduced,It is a silver Volkswagen Passat B4 sedan that has alloy wheels.,0.10242926329374313,10,0.1,0,0,0.12124263495206833,-0.018813371658325195,50
siglip2_b16_224,vehicle::gallery_images::20877_c110_00.jpg,vehicle,gallery_images,20877_c110_00.jpg,llm_brief,gemini:gemini-3.1-flash-lite:3cab990ae372,information_reduced,Dark gray sedan with alloy rims and a spoiler.,0.1300206184387207,1,1.0,1,1,0.1291773021221161,0.0008433163166046143,50
siglip2_b16_224,vehicle::gallery_images::20877_c110_00.jpg,vehicle,gallery_images,20877_c110_00.jpg,llm_balanced,gemini:gemini-3.1-flash-lite:3cab990ae372,information_reduced,"A dark gray sedan featuring alloy rims, a rear spoiler, and tinted windows.",0.13480857014656067,2,0.5,0,1,0.1410529613494873,-0.006244391202926636,50
siglip2_b16_224,vehicle::gallery_images::20877_c110_00.jpg,vehicle,gallery_images,20877_c110_00.jpg,llm_detailed,gemini:gemini-3.1-flash-lite:3cab990ae372,information_reduced,"A dark gray sedan equipped with alloy rims, a spoiler, and tinted windows. The vehicle has a small oval decal on the right side of the rear bumper and a rectangular decal on the right side of the trunk lid.",0.1278878003358841,1,1.0,1,1,0.1268739253282547,0.0010138750076293945,50
siglip2_b16_224,vehicle::gallery_images::20877_c110_00.jpg,vehicle,gallery_images,20877_c110_00.jpg,llm_human_description,gemini:gemini-3.1-flash-lite:3cab990ae372,information_reduced,"That's a dark gray sedan with tinted windows and alloy wheels. It has a spoiler on the back, and I noticed a small oval sticker on the right side of the rear bumper plus a rectangular sticker on the right side of the trunk lid.",0.163771852850914,1,1.0,1,1,0.15123461186885834,0.012537240982055664,50
siglip2_b16_224,vehicle::gallery_images::20159_c003_00.jpg,vehicle,gallery_images,20159_c003_00.jpg,llm_brief,gemini:gemini-3.1-flash-lite:3cab990ae372,information_reduced,Black Toyota Camry sedan.,0.12111225724220276,2,0.5,0,1,0.12117066979408264,-5.841255187988281e-05,50
siglip2_b16_224,vehicle::gallery_images::20159_c003_00.jpg,vehicle,gallery_images,20159_c003_00.jpg,llm_balanced,gemini:gemini-3.1-flash-lite:3cab990ae372,information_reduced,Black Toyota Camry sedan with hubcap wheels and moderate window tint.,0.09462349116802216,26,0.038461538461538464,0,0,0.11574588716030121,-0.021122395992279053,50
siglip2_b16_224,vehicle::gallery_images::20159_c003_00.jpg,vehicle,gallery_images,20159_c003_00.jpg,llm_detailed,gemini:gemini-3.1-flash-lite:3cab990ae372,information_reduced,"Black Toyota Camry sedan featuring hubcap wheels, moderate window tint, and a chrome trim strip on the rear bumper.",0.10822582244873047,18,0.05555555555555555,0,0,0.12592482566833496,-0.017699003219604492,50
siglip2_b16_224,vehicle::gallery_images::20159_c003_00.jpg,vehicle,gallery_images,20159_c003_00.jpg,llm_human_description,gemini:gemini-3.1-flash-lite:3cab990ae372,information_reduced,"It is a black Toyota Camry sedan; you can tell by the hubcaps and the tinted windows, plus it has a little chrome strip on the back bumper.",0.11235564947128296,6,0.16666666666666666,0,0,0.12213540077209473,-0.009779751300811768,50
siglip2_b16_224,vehicle::gallery_images::21199_c014_04.jpg,vehicle,gallery_images,21199_c014_04.jpg,llm_brief,gemini:gemini-3.1-flash-lite:3cab990ae372,information_reduced,Silver FAW V5 sedan.,0.11601269245147705,5,0.2,0,1,0.12128195911645889,-0.005269266664981842,50
siglip2_b16_224,vehicle::gallery_images::21199_c014_04.jpg,vehicle,gallery_images,21199_c014_04.jpg,llm_balanced,gemini:gemini-3.1-flash-lite:3cab990ae372,information_reduced,Silver FAW V5 sedan with multi-spoke alloy rims and light window tint.,0.10612405091524124,19,0.05263157894736842,0,0,0.11704313009977341,-0.010919079184532166,50
siglip2_b16_224,vehicle::gallery_images::21199_c014_04.jpg,vehicle,gallery_images,21199_c014_04.jpg,llm_detailed,gemini:gemini-3.1-flash-lite:3cab990ae372,information_reduced,Silver FAW V5 sedan featuring multi-spoke alloy rims and light window tinting.,0.09045952558517456,16,0.0625,0,0,0.10377860069274902,-0.013319075107574463,50
siglip2_b16_224,vehicle::gallery_images::21199_c014_04.jpg,vehicle,gallery_images,21199_c014_04.jpg,llm_human_description,gemini:gemini-3.1-flash-lite:3cab990ae372,information_reduced,I am looking for a silver FAW V5 sedan that has light tint on the windows and multi-spoke alloy wheels.,0.11939489841461182,5,0.2,0,1,0.13827264308929443,-0.018877744674682617,50
siglip2_b16_224,vehicle::gallery_images::20762_c156_00.jpg,vehicle,gallery_images,20762_c156_00.jpg,llm_brief,gemini:gemini-3.1-flash-lite:3cab990ae372,information_reduced,Black Nissan Livina compact minivan.,0.11252501606941223,6,0.16666666666666666,0,0,0.12677070498466492,-0.014245688915252686,50
siglip2_b16_224,vehicle::gallery_images::20762_c156_00.jpg,vehicle,gallery_images,20762_c156_00.jpg,llm_balanced,gemini:gemini-3.1-flash-lite:3cab990ae372,information_reduced,Black Nissan Livina compact minivan with silver roof rails and five-spoke alloy rims.,0.12220775336027145,5,0.2,0,1,0.1385917365550995,-0.016383983194828033,50
siglip2_b16_224,vehicle::gallery_images::20762_c156_00.jpg,vehicle,gallery_images,20762_c156_00.jpg,llm_detailed,gemini:gemini-3.1-flash-lite:3cab990ae372,information_reduced,A black Nissan Livina compact minivan featuring silver roof rails and five-spoke alloy rims.,0.13015171885490417,2,0.5,0,1,0.13299718499183655,-0.002845466136932373,50
siglip2_b16_224,vehicle::gallery_images::20762_c156_00.jpg,vehicle,gallery_images,20762_c156_00.jpg,llm_human_description,gemini:gemini-3.1-flash-lite:3cab990ae372,information_reduced,"It is a black Nissan Livina compact minivan, equipped with silver roof rails and five-spoke alloy wheels.",0.13759027421474457,1,1.0,1,1,0.13608500361442566,0.0015052706003189087,50
siglip2_b16_224,vehicle::gallery_images::20070_c017_01.jpg,vehicle,gallery_images,20070_c017_01.jpg,llm_brief,gemini:gemini-3.1-flash-lite:3cab990ae372,information_reduced,White and blue bus with AZ7892 printed above the license plate.,0.18618425726890564,1,1.0,1,1,0.10906299948692322,0.07712125778198242,50
siglip2_b16_224,vehicle::gallery_images::20070_c017_01.jpg,vehicle,gallery_images,20070_c017_01.jpg,llm_balanced,gemini:gemini-3.1-flash-lite:3cab990ae372,information_reduced,A white and blue bus with a digital route display on the rear window and AZ7892 printed above the license plate area.,0.21404382586479187,1,1.0,1,1,0.08571138232946396,0.1283324435353279,50
siglip2_b16_224,vehicle::gallery_images::20070_c017_01.jpg,vehicle,gallery_images,20070_c017_01.jpg,llm_detailed,gemini:gemini-3.1-flash-lite:3cab990ae372,information_reduced,"A bus featuring white and blue two-tone paint, a digital route display on the rear window, and stacked tail lights on both sides, with the text AZ7892 printed above the license plate area.",0.18752990663051605,1,1.0,1,1,0.09656151384115219,0.09096839278936386,50
siglip2_b16_224,vehicle::gallery_images::20070_c017_01.jpg,vehicle,gallery_images,20070_c017_01.jpg,llm_human_description,gemini:gemini-3.1-flash-lite:3cab990ae372,information_reduced,Look for a white and blue bus. It has a digital route display on the back window and the code AZ7892 printed just above where the license plate goes.,0.19598537683486938,1,1.0,1,1,0.10368374735116959,0.0923016294836998,50
siglip2_b16_224,vehicle::gallery_images::21216_c003_04.jpg,vehicle,gallery_images,21216_c003_04.jpg,llm_brief,gemini:gemini-3.1-flash-lite:3cab990ae372,information_reduced,Silver Volkswagen Passat sedan.,0.11730407178401947,12,0.08333333333333333,0,0,0.12303134799003601,-0.0057272762060165405,50
siglip2_b16_224,vehicle::gallery_images::21216_c003_04.jpg,vehicle,gallery_images,21216_c003_04.jpg,llm_balanced,gemini:gemini-3.1-flash-lite:3cab990ae372,information_reduced,Silver Volkswagen Passat sedan with five-spoke alloy wheels and tinted windows.,0.11628251522779465,1,1.0,1,1,0.11328062415122986,0.003001891076564789,50
siglip2_b16_224,vehicle::gallery_images::21216_c003_04.jpg,vehicle,gallery_images,21216_c003_04.jpg,llm_detailed,gemini:gemini-3.1-flash-lite:3cab990ae372,information_reduced,Silver Volkswagen Passat sedan featuring five-spoke alloy wheels and tinted windows.,0.10985586047172546,1,1.0,1,1,0.10749538987874985,0.0023604705929756165,50
siglip2_b16_224,vehicle::gallery_images::21216_c003_04.jpg,vehicle,gallery_images,21216_c003_04.jpg,llm_human_description,gemini:gemini-3.1-flash-lite:3cab990ae372,information_reduced,"That is a silver Volkswagen Passat sedan, it has tinted windows and five-spoke alloy wheels.",0.13889342546463013,2,0.5,0,1,0.14262264966964722,-0.00372922420501709,50
siglip2_b16_224,vehicle::gallery_images::20559_c170_01.jpg,vehicle,gallery_images,20559_c170_01.jpg,llm_brief,gemini:gemini-3.1-flash-lite:3cab990ae372,information_reduced,White sedan with a stylized trunk badge and rectangular taillights.,0.12249884009361267,1,1.0,1,1,0.11819413304328918,0.004304707050323486,50
siglip2_b16_224,vehicle::gallery_images::20559_c170_01.jpg,vehicle,gallery_images,20559_c170_01.jpg,llm_balanced,gemini:gemini-3.1-flash-lite:3cab990ae372,information_reduced,A white sedan featuring rectangular taillights and a badge on the center of the trunk lid with interlocking circular and geometric elements.,0.14579491317272186,1,1.0,1,1,0.1329473853111267,0.012847527861595154,50
siglip2_b16_224,vehicle::gallery_images::20559_c170_01.jpg,vehicle,gallery_images,20559_c170_01.jpg,llm_detailed,gemini:gemini-3.1-flash-lite:3cab990ae372,information_reduced,White sedan with rectangular taillights on either side of the trunk. The center of the trunk lid features a badge depicting a stylized symbol of interlocking circular and geometric elements.,0.1370520442724228,1,1.0,1,1,0.12154672294855118,0.015505321323871613,50
siglip2_b16_224,vehicle::gallery_images::20559_c170_01.jpg,vehicle,gallery_images,20559_c170_01.jpg,llm_human_description,gemini:gemini-3.1-flash-lite:3cab990ae372,information_reduced,"This is a white sedan. It has a distinctive badge in the middle of the trunk lid that looks like a symbol made of circles and geometric shapes, and it has rectangular taillights on the sides of the trunk.",0.1502683013677597,1,1.0,1,1,0.1497257649898529,0.0005425363779067993,50
siglip2_b16_224,vehicle::gallery_images::20401_c023_03.jpg,vehicle,gallery_images,20401_c023_03.jpg,llm_brief,gemini:gemini-3.1-flash-lite:3cab990ae372,information_reduced,Two-tone Smart Fortwo hatchback with a white body and red roof.,0.1345745176076889,2,0.5,0,1,0.14008599519729614,-0.005511477589607239,50
siglip2_b16_224,vehicle::gallery_images::20401_c023_03.jpg,vehicle,gallery_images,20401_c023_03.jpg,llm_balanced,gemini:gemini-3.1-flash-lite:3cab990ae372,information_reduced,"A two-tone Smart Fortwo hatchback featuring a white body, red roof, and red side mirror caps with dark alloy wheels.",0.15079458057880402,1,1.0,1,1,0.14065659046173096,0.010137990117073059,50
siglip2_b16_224,vehicle::gallery_images::20401_c023_03.jpg,vehicle,gallery_images,20401_c023_03.jpg,llm_detailed,gemini:gemini-3.1-flash-lite:3cab990ae372,information_reduced,"Hatchback Smart Fortwo, two-tone white body with red roof and red side mirror caps, five-spoke dark alloy wheels, and tinted windows.",0.137314110994339,2,0.5,0,1,0.1567409485578537,-0.01942683756351471,50
siglip2_b16_224,vehicle::gallery_images::20401_c023_03.jpg,vehicle,gallery_images,20401_c023_03.jpg,llm_human_description,gemini:gemini-3.1-flash-lite:3cab990ae372,information_reduced,"Look for a small Smart Fortwo hatchback that is two-toned, with a white body and a contrasting red roof and mirror caps, plus dark wheels and tinted windows.",0.1544218808412552,1,1.0,1,1,0.13967055082321167,0.014751330018043518,50
siglip2_b16_224,face::train::071174.jpg,face,train,071174.jpg,llm_brief,gemini:gemini-3.1-flash-lite:3cab990ae372,information_reduced,"A young adult female with an oval face, almond-shaped eyes, a straight nose, and a small dark mole above her right eyebrow, wearing a head covering.",0.10206316411495209,11,0.09090909090909091,0,0,0.12664127349853516,-0.02457810938358307,50
siglip2_b16_224,face::train::071174.jpg,face,train,071174.jpg,llm_balanced,gemini:gemini-3.1-flash-lite:3cab990ae372,information_reduced,"A young adult female with an oval face, almond-shaped eyes with upward tilt, and a straight nose. She has a small dark mole above the medial end of her right eyebrow and is wearing a colorful patterned head covering.",0.11445476114749908,1,1.0,1,1,0.11084219068288803,0.0036125704646110535,50
siglip2_b16_224,face::train::071174.jpg,face,train,071174.jpg,llm_detailed,gemini:gemini-3.1-flash-lite:3cab990ae372,information_reduced,"A young adult female with an oval face, rounded forehead contour, and moderate brow ridge. She has soft-arched eyebrows of moderate thickness, almond-shaped eyes with upward tilt and double lids, a straight nose with wide alar flare, and balanced lips. A small dark mole is located above the medial end of her right eyebrow. She is wearing a colorful patterned head covering.",0.07185111194849014,24,0.041666666666666664,0,0,0.12571430206298828,-0.05386319011449814,50
siglip2_b16_224,face::train::071174.jpg,face,train,071174.jpg,llm_human_description,gemini:gemini-3.1-flash-lite:3cab990ae372,information_reduced,This is a young woman with an oval face and almond-shaped eyes that tilt slightly upward. She has a straight nose and a small dark mole on her forehead just above her right eyebrow. She is wearing a head covering with a colorful pattern.,0.10700727999210358,1,1.0,1,1,0.09716658294200897,0.009840697050094604,50
siglip2_b16_224,face::train::166091.jpg,face,train,166091.jpg,llm_brief,gemini:gemini-3.1-flash-lite:3cab990ae372,information_reduced,"Adult male with an oval face, M-shaped hairline, dark short hair styled upwards, and stubble facial hair.",0.13046275079250336,2,0.5,0,1,0.13406270742416382,-0.0035999566316604614,50
siglip2_b16_224,face::train::166091.jpg,face,train,166091.jpg,llm_balanced,gemini:gemini-3.1-flash-lite:3cab990ae372,information_reduced,"Adult male with an oval face, almond-shaped eyes, a straight nose, and M-shaped hairline. He has short dark hair styled upwards and stubble on his jawline and upper lip.",0.11824274063110352,4,0.25,0,1,0.1334090530872345,-0.015166312456130981,50
siglip2_b16_224,face::train::166091.jpg,face,train,166091.jpg,llm_detailed,gemini:gemini-3.1-flash-lite:3cab990ae372,information_reduced,"Adult male, oval face shape, symmetrical features, M-shaped hairline with temporal recession. Soft-arched eyebrows, almond-shaped eyes with double upper-lid creases, straight nose with rounded tip, and medium mouth. Ears are average size with free lobes. Short dark hair styled upwards, stubble on jawline and upper lip, closed-mouth smile.",0.10000918060541153,2,0.5,0,1,0.1036025658249855,-0.0035933852195739746,50
siglip2_b16_224,face::train::166091.jpg,face,train,166091.jpg,llm_human_description,gemini:gemini-3.1-flash-lite:3cab990ae372,information_reduced,"A man with an oval face and short, dark hair styled upwards. He has a receding M-shaped hairline, stubble on his jaw and upper lip, and almond-shaped eyes. He is wearing a closed-mouth smile.",0.12049262225627899,6,0.16666666666666666,0,0,0.13820265233516693,-0.01771003007888794,50
siglip2_b16_224,face::train::157804.jpg,face,train,157804.jpg,llm_brief,gemini:gemini-3.1-flash-lite:3cab990ae372,information_reduced,"Older adult male with an oval face, receding hairline, thin sparse eyebrows, and a cleft chin.",0.10674869269132614,20,0.05,0,0,0.1395745575428009,-0.03282586485147476,50
siglip2_b16_224,face::train::157804.jpg,face,train,157804.jpg,llm_balanced,gemini:gemini-3.1-flash-lite:3cab990ae372,information_reduced,"Older adult male with an oval face, wide jawline, and receding hairline. He has thin sparse eyebrows, a straight nose, thin lips with a closed-mouth smile, and a prominent cleft chin.",0.09302446991205215,21,0.047619047619047616,0,0,0.1346161961555481,-0.04159172624349594,50
siglip2_b16_224,face::train::157804.jpg,face,train,157804.jpg,llm_detailed,gemini:gemini-3.1-flash-lite:3cab990ae372,information_reduced,"Older adult male with an oval face, balanced facial thirds, and a wide jawline. The forehead is high and rounded with a receding hairline. He has thin sparse eyebrows, almond-shaped eyes, a straight nose, a wide mouth with thin lips, and a defined philtrum. Distinguishing marks include a vertical crease on the left cheek and a prominent cleft chin.",0.08248588442802429,18,0.05555555555555555,0,0,0.12962135672569275,-0.04713547229766846,50
siglip2_b16_224,face::train::157804.jpg,face,train,157804.jpg,llm_human_description,gemini:gemini-3.1-flash-lite:3cab990ae372,information_reduced,"An older man with an oval-shaped face and a bit of a receding hairline. He has thin eyebrows, a straight nose, and a wide mouth. You can spot a cleft chin and a small vertical crease on his left cheek.",0.10639297962188721,8,0.125,0,0,0.12903992831707,-0.0226469486951828,50
siglip2_b16_224,face::train::091980.jpg,face,train,091980.jpg,llm_brief,gemini:gemini-3.1-flash-lite:3cab990ae372,information_reduced,"Middle-aged female with oval face, prominent cheekbones, and long, wavy dark brown hair parted in the center.",0.1374826729297638,5,0.2,0,1,0.14572852849960327,-0.008245855569839478,50
siglip2_b16_224,face::train::091980.jpg,face,train,091980.jpg,llm_balanced,gemini:gemini-3.1-flash-lite:3cab990ae372,information_reduced,"Middle-aged female with an oval face, prominent cheekbones, and center-parted dark brown hair with soft waves. She has almond-shaped eyes, a straight nose, and medium fullness lips shown in a closed-smile.",0.1283315271139145,3,0.3333333333333333,0,1,0.13058903813362122,-0.002257511019706726,50
siglip2_b16_224,face::train::091980.jpg,face,train,091980.jpg,llm_detailed,gemini:gemini-3.1-flash-lite:3cab990ae372,information_reduced,"Middle-aged female with an oval face, balanced facial thirds, and prominent cheekbones. Features include center-parted wavy dark brown hair reaching past shoulders, a high forehead with temporal recession, and almond-shaped eyes with upward slant. The nose has a straight dorsum and rounded tip. Mouth shows a closed-smile with defined cupid's bow. Left eyebrow is slightly higher than the right.",0.09606638550758362,6,0.16666666666666666,0,0,0.11714799702167511,-0.02108161151409149,50
siglip2_b16_224,face::train::091980.jpg,face,train,091980.jpg,llm_human_description,gemini:gemini-3.1-flash-lite:3cab990ae372,information_reduced,"A middle-aged woman with an oval face and long, wavy dark brown hair parted down the middle. She has a high forehead, noticeable cheekbones, and almond-shaped eyes. She is giving a subtle closed-mouth smile.",0.11691175401210785,1,1.0,1,1,0.11655763536691666,0.0003541186451911926,50
siglip2_b16_224,face::train::121281.jpg,face,train,121281.jpg,llm_brief,gemini:gemini-3.1-flash-lite:3cab990ae372,information_reduced,"A young adult with an oval face, almond-shaped eyes, full lips, and voluminous wavy dark hair.",0.13265490531921387,1,1.0,1,1,0.13042430579662323,0.002230599522590637,50
siglip2_b16_224,face::train::121281.jpg,face,train,121281.jpg,llm_balanced,gemini:gemini-3.1-flash-lite:3cab990ae372,information_reduced,"Young adult with an oval face, dark voluminous wavy hair, almond-shaped eyes with double eyelids, and full lips with a defined cupid's bow.",0.13163451850414276,2,0.5,0,1,0.1362682729959488,-0.00463375449180603,50
siglip2_b16_224,face::train::121281.jpg,face,train,121281.jpg,llm_detailed,gemini:gemini-3.1-flash-lite:3cab990ae372,information_reduced,"Young adult with an oval face, high cheekbones, and rounded hairline with moderate temporal recession. Features include medium-thick soft-arched eyebrows, almond-shaped eyes with double eyelids, a straight nasal bridge, and a medium-width mouth with full, defined lips. The subject has dark voluminous wavy hair and smooth skin with no visible marks.",0.09124637395143509,16,0.0625,0,0,0.10749898850917816,-0.016252614557743073,50
siglip2_b16_224,face::train::121281.jpg,face,train,121281.jpg,llm_human_description,gemini:gemini-3.1-flash-lite:3cab990ae372,information_reduced,"She is a young woman with a wavy, dark, and voluminous hairstyle. She has an oval-shaped face with high cheekbones, almond-shaped eyes, and full lips with a clearly defined cupid's bow.",0.10861483961343765,3,0.3333333333333333,0,1,0.11679038405418396,-0.008175544440746307,50
siglip2_b16_224,face::train::114832.jpg,face,train,114832.jpg,llm_brief,gemini:gemini-3.1-flash-lite:3cab990ae372,information_reduced,"Young adult male with an oval face, thick dark arched eyebrows, a straight nose, and light stubble on his upper lip and chin. He has a small mole on his right cheek.",0.12856194376945496,2,0.5,0,1,0.134267657995224,-0.005705714225769043,50
siglip2_b16_224,face::train::114832.jpg,face,train,114832.jpg,llm_balanced,gemini:gemini-3.1-flash-lite:3cab990ae372,information_reduced,"Young adult male with an oval face shape, thick dark eyebrows, and a straight nose. He has light stubble on his chin and upper lip, a small mole on his right cheek, and a straight hairline with slight temporal recession.",0.11810071766376495,3,0.3333333333333333,0,1,0.14037157595157623,-0.02227085828781128,50
siglip2_b16_224,face::train::114832.jpg,face,train,114832.jpg,llm_detailed,gemini:gemini-3.1-flash-lite:3cab990ae372,information_reduced,"Young adult male with an oval face, medium forehead, and straight hairline showing slight temporal recession. Features include thick dark arched eyebrows, almond-shaped eyes with double eyelids, and a straight nose with a rounded tip. He has a defined jawline with a rounded chin, light stubble on the upper lip and chin, and a small mole on the right cheek.",0.12833306193351746,1,1.0,1,1,0.12267022579908371,0.005662836134433746,50
siglip2_b16_224,face::train::114832.jpg,face,train,114832.jpg,llm_human_description,gemini:gemini-3.1-flash-lite:3cab990ae372,information_reduced,"This is a young man with an oval face, thick dark eyebrows, and a noticeable small mole on his right cheek. He has short stubble on his chin and mustache area, and his hair is receding slightly at the temples.",0.11611711978912354,2,0.5,0,1,0.12292467057704926,-0.00680755078792572,50
siglip2_b16_224,face::train::090489.jpg,face,train,090489.jpg,llm_brief,gemini:gemini-3.1-flash-lite:3cab990ae372,information_reduced,"A young adult with an oval face, almond-shaped eyes, and short blonde hair pulled back.",0.1549854576587677,1,1.0,1,1,0.12637022137641907,0.028615236282348633,50
siglip2_b16_224,face::train::090489.jpg,face,train,090489.jpg,llm_balanced,gemini:gemini-3.1-flash-lite:3cab990ae372,information_reduced,"A young adult with an oval face, medium-arched eyebrows, almond-shaped eyes, a straight nose, and short blonde hair pulled straight back.",0.14843785762786865,1,1.0,1,1,0.12050841748714447,0.027929440140724182,50
siglip2_b16_224,face::train::090489.jpg,face,train,090489.jpg,llm_detailed,gemini:gemini-3.1-flash-lite:3cab990ae372,information_reduced,"Young adult with an oval face, moderately defined bone structure, and a rounded chin. Features include medium-thickness soft-arched eyebrows, almond-shaped eyes with double eyelid creases, a straight nose with a rounded tip, and medium-width mouth. The hair is short and blonde, pulled straight back from a rounded hairline with slight temporal recession.",0.1125047579407692,1,1.0,1,1,0.11000005900859833,0.002504698932170868,50
siglip2_b16_224,face::train::090489.jpg,face,train,090489.jpg,llm_human_description,gemini:gemini-3.1-flash-lite:3cab990ae372,information_reduced,"This is a young woman with an oval-shaped face and short blonde hair that is pulled straight back. She has natural-looking eyebrows, almond-shaped eyes, and a straight nose.",0.13362839818000793,1,1.0,1,1,0.10520322620868683,0.028425171971321106,50
siglip2_b16_224,face::train::008309.jpg,face,train,008309.jpg,llm_brief,gemini:gemini-3.1-flash-lite:3cab990ae372,information_reduced,"Middle-aged male with an oblong face, receding dark wavy hair, and light stubble.",0.11439893394708633,13,0.07692307692307693,0,0,0.14845870435237885,-0.03405977040529251,50
siglip2_b16_224,face::train::008309.jpg,face,train,008309.jpg,llm_balanced,gemini:gemini-3.1-flash-lite:3cab990ae372,information_reduced,"Middle-aged male with an oblong face, dark wavy hair with a receding hairline, medium-thickness eyebrows, and light stubble on the upper lip and chin.",0.11252903938293457,13,0.07692307692307693,0,0,0.1467994898557663,-0.034270450472831726,50
siglip2_b16_224,face::train::008309.jpg,face,train,008309.jpg,llm_detailed,gemini:gemini-3.1-flash-lite:3cab990ae372,information_reduced,"Middle-aged male with an oblong face characterized by prominent bone structure. Features include dark wavy hair, a receding hairline with deep temporal recession, medium-thickness arched eyebrows, almond-shaped eyes with defined creases, a straight nose with a rounded tip, and a medium-width mouth. Light stubble is present on the upper lip and chin, and the skin is smooth without persistent marks.",0.11586946249008179,2,0.5,0,1,0.12210269272327423,-0.006233230233192444,50
siglip2_b16_224,face::train::008309.jpg,face,train,008309.jpg,llm_human_description,gemini:gemini-3.1-flash-lite:3cab990ae372,information_reduced,"A middle-aged man with an oblong face shape. He has dark, wavy hair that is receding at the temples and light stubble on his chin and upper lip. He has arched eyebrows, almond-shaped eyes, and a straight nose.",0.1065920814871788,6,0.16666666666666666,0,0,0.12793412804603577,-0.021342046558856964,50
siglip2_b16_224,face::train::129132.jpg,face,train,129132.jpg,llm_brief,gemini:gemini-3.1-flash-lite:3cab990ae372,information_reduced,"A middle-aged man with an oval face, receding hairline, and thin-rimmed rectangular eyeglasses.",0.12296319007873535,3,0.3333333333333333,0,1,0.1312078833580017,-0.008244693279266357,50
siglip2_b16_224,face::train::129132.jpg,face,train,129132.jpg,llm_balanced,gemini:gemini-3.1-flash-lite:3cab990ae372,information_reduced,"A middle-aged man with an oval face, prominent brow ridge, and a receding hairline. He has almond-shaped eyes, a straight-dorsumed nose, and wears thin-rimmed rectangular eyeglasses with a dark jacket over a patterned collared shirt.",0.10703732073307037,7,0.14285714285714285,0,0,0.12318134307861328,-0.016144022345542908,50
siglip2_b16_224,face::train::129132.jpg,face,train,129132.jpg,llm_detailed,gemini:gemini-3.1-flash-lite:3cab990ae372,information_reduced,"A middle-aged man with an oval face characterized by prominent bone structure, a high forehead with a receding hairline, and a defined jawline. Features include medium-thickness soft-arched eyebrows, almond-shaped eyes with visible under-eye fullness, and a straight-dorsumed nose. He has permanent creases on the forehead and around the eyes. He wears thin-rimmed rectangular eyeglasses, a patterned collared shirt, and a dark jacket.",0.08451925218105316,15,0.06666666666666667,0,0,0.12115241587162018,-0.03663316369056702,50
siglip2_b16_224,face::train::129132.jpg,face,train,129132.jpg,llm_human_description,gemini:gemini-3.1-flash-lite:3cab990ae372,information_reduced,"This is a middle-aged man with an oval face and some noticeable lines on his forehead and around his eyes. He has a receding hairline and is wearing thin-rimmed, rectangular glasses. He is dressed in a dark jacket over a patterned shirt and looks straight ahead with a neutral expression.",0.09076395630836487,12,0.08333333333333333,0,0,0.11285154521465302,-0.022087588906288147,50
siglip2_b16_224,face::train::053065.jpg,face,train,053065.jpg,llm_brief,gemini:gemini-3.1-flash-lite:3cab990ae372,information_reduced,"Middle-aged female with an oval face, thin soft-arched eyebrows, almond-shaped eyes with double eyelids, and a nose with a straight dorsum and rounded tip.",0.09868422150611877,17,0.058823529411764705,0,0,0.12176081538200378,-0.02307659387588501,50
siglip2_b16_224,face::train::053065.jpg,face,train,053065.jpg,llm_balanced,gemini:gemini-3.1-flash-lite:3cab990ae372,information_reduced,"Middle-aged female with an oval face shape, thin soft-arched eyebrows, almond-shaped eyes with double eyelids, and a nose with a straight dorsum and rounded tip. She has balanced lip fullness and a medium-width mouth with visible upper teeth.",0.10429553687572479,6,0.16666666666666666,0,0,0.12514564394950867,-0.020850107073783875,50
siglip2_b16_224,face::train::053065.jpg,face,train,053065.jpg,llm_detailed,gemini:gemini-3.1-flash-lite:3cab990ae372,information_reduced,"Middle-aged female with an oval face shape, moderate soft tissue coverage, and no discernible persistent asymmetries. The forehead is of moderate height and width. Eyebrows are thin and soft-arched. Eyes are almond-shaped with horizontal canthal tilt and double eyelids. The nose features a straight dorsum, average root width, and rounded tip. The mouth is medium width with balanced lip fullness and visible upper teeth at rest. The skin is clear.",0.06660788506269455,13,0.07692307692307693,0,0,0.10950087755918503,-0.04289299249649048,50
siglip2_b16_224,face::train::053065.jpg,face,train,053065.jpg,llm_human_description,gemini:gemini-3.1-flash-lite:3cab990ae372,information_reduced,"This is a middle-aged woman with an oval face. She has thin, arched eyebrows and almond-shaped eyes with visible double eyelids. Her nose is straight with a rounded tip, and her mouth is a medium width with balanced lips, showing her upper teeth.",0.09268546849489212,18,0.05555555555555555,0,0,0.11608082056045532,-0.023395352065563202,50
siglip2_b16_224,face::train::143554.jpg,face,train,143554.jpg,llm_brief,gemini:gemini-3.1-flash-lite:3cab990ae372,information_reduced,"A young adult with pink hair, a red heart-shaped headpiece, and two small moles on her left cheek.",0.15127849578857422,1,1.0,1,1,0.09108313918113708,0.060195356607437134,50
siglip2_b16_224,face::train::143554.jpg,face,train,143554.jpg,llm_balanced,gemini:gemini-3.1-flash-lite:3cab990ae372,information_reduced,"Young adult with pink hair, a red heart-shaped headpiece, black rectangular sunglasses, and red lipstick. She has two small moles on her left cheek and wears a dangling earring.",0.20671629905700684,1,1.0,1,1,0.0867321565747261,0.11998414248228073,50
siglip2_b16_224,face::train::143554.jpg,face,train,143554.jpg,llm_detailed,gemini:gemini-3.1-flash-lite:3cab990ae372,information_reduced,"Young adult female with pink hair and a red heart-shaped headpiece. Her oval face features black rectangular sunglasses, heavy red lipstick, and a narrow nose. Two small round dark moles are visible on the left cheek, and she wears a dangling earring on her visible left earlobe.",0.1430637240409851,1,1.0,1,1,0.09892584383487701,0.04413788020610809,50
siglip2_b16_224,face::train::143554.jpg,face,train,143554.jpg,llm_human_description,gemini:gemini-3.1-flash-lite:3cab990ae372,information_reduced,A young woman with bright pink hair wearing a red heart-shaped headpiece. She has on dark rectangular sunglasses and bold red lipstick. You can see two little moles on her left cheek and a dangling earring on her ear.,0.19683369994163513,1,1.0,1,1,0.050201430916786194,0.14663226902484894,50
siglip2_b16_224,face::train::178182.jpg,face,train,178182.jpg,llm_brief,gemini:gemini-3.1-flash-lite:3cab990ae372,information_reduced,"A young adult female with an oval face, almond-shaped eyes with upward canthal tilt, and a straight-bridged nose.",0.12770721316337585,5,0.2,0,1,0.13957379758358002,-0.011866584420204163,50
siglip2_b16_224,face::train::178182.jpg,face,train,178182.jpg,llm_balanced,gemini:gemini-3.1-flash-lite:3cab990ae372,information_reduced,"Young adult female with an oval face, almond eyes with an upward canthal tilt, moderately thick soft-arched eyebrows, and a straight-bridged nose with a rounded tip.",0.11425579339265823,8,0.125,0,0,0.13365907967090607,-0.019403286278247833,50
siglip2_b16_224,face::train::178182.jpg,face,train,178182.jpg,llm_detailed,gemini:gemini-3.1-flash-lite:3cab990ae372,information_reduced,"A young adult female with an oval face shape. Features include moderately thick, soft-arched eyebrows with a lateral peak; almond eyes with an upward canthal tilt and double crease; a straight nasal dorsum with a rounded, projecting tip; and a medium-width mouth with a defined cupid's bow. The skin surface is smooth with no persistent marks.",0.09166847914457321,11,0.09090909090909091,0,0,0.11477760225534439,-0.02310912311077118,50
siglip2_b16_224,face::train::178182.jpg,face,train,178182.jpg,llm_human_description,gemini:gemini-3.1-flash-lite:3cab990ae372,information_reduced,"This is a young woman with an oval face. She has almond-shaped eyes that tilt up slightly at the corners and moderately thick, arched eyebrows. Her nose is straight with a rounded tip, and she has a medium-sized mouth with a clear cupid's bow. Her skin looks smooth.",0.09716776013374329,10,0.1,0,0,0.12205465137958527,-0.02488689124584198,50
siglip2_b16_224,face::train::063618.jpg,face,train,063618.jpg,llm_brief,gemini:gemini-3.1-flash-lite:3cab990ae372,information_reduced,"Older man with an oblong face, receding hairline with thin light-colored hair, and a wide mouth with thin lips.",0.11708538979291916,10,0.1,0,0,0.1348893940448761,-0.01780400425195694,50
siglip2_b16_224,face::train::063618.jpg,face,train,063618.jpg,llm_balanced,gemini:gemini-3.1-flash-lite:3cab990ae372,information_reduced,"Older man with an oblong facial shape, a receding hairline with thin light-colored hair, deep-set eyes, and a wide mouth with thin lips.",0.11462092399597168,12,0.08333333333333333,0,0,0.1383596956729889,-0.023738771677017212,50
siglip2_b16_224,face::train::063618.jpg,face,train,063618.jpg,llm_detailed,gemini:gemini-3.1-flash-lite:3cab990ae372,information_reduced,"Older man with an oblong facial shape, angular bone structure, and high forehead. Features include a receding hairline with thin light-colored hair, thin light-colored eyebrows, deep-set eyes with downward slant, a straight nasal dorsum with a rounded tip, and a wide mouth with thin lips and visible upper teeth. Has a smooth jawline with a rounded chin, high cheekbones with deep nasolabial folds, and ears with attached lobes.",0.08572199940681458,17,0.058823529411764705,0,0,0.12570087611675262,-0.03997887670993805,50
siglip2_b16_224,face::train::063618.jpg,face,train,063618.jpg,llm_human_description,gemini:gemini-3.1-flash-lite:3cab990ae372,information_reduced,"An older man with an oblong face and a receding hairline with thin, light hair. He has thin eyebrows, deep-set eyes that slant downward, and a wide mouth with thin lips. You can see his upper teeth when he smiles.",0.12690198421478271,2,0.5,0,1,0.1300228238105774,-0.0031208395957946777,50
siglip2_b16_224,face::train::089537.jpg,face,train,089537.jpg,llm_brief,gemini:gemini-3.1-flash-lite:3cab990ae372,information_reduced,"A young adult female with an oval face, medium-thickness soft-arched eyebrows, almond-shaped eyes with upward tilt, and a nose with a bulbous tip.",0.1225108653306961,4,0.25,0,1,0.12727466225624084,-0.004763796925544739,50
siglip2_b16_224,face::train::089537.jpg,face,train,089537.jpg,llm_balanced,gemini:gemini-3.1-flash-lite:3cab990ae372,information_reduced,"A young adult female with an oval face shape, medium soft-arched eyebrows, and almond-shaped eyes featuring a double upper-lid crease and upward canthal tilt. She has a straight nose with a bulbous tip and balanced lips with a defined cupid's bow.",0.10034161061048508,6,0.16666666666666666,0,0,0.11668449640274048,-0.0163428857922554,50
siglip2_b16_224,face::train::089537.jpg,face,train,089537.jpg,llm_detailed,gemini:gemini-3.1-flash-lite:3cab990ae372,information_reduced,"A young adult female with an oval face, moderate brow ridge, and cheekbones of average fullness. She has medium-thickness soft-arched eyebrows, almond-shaped eyes with upward canthal tilt and double upper-lid creases. The nose has a straight dorsum and bulbous tip. Her mouth has a balanced lip fullness ratio and a short philtrum with defined ridges. There are no persistent marks visible.",0.10630139708518982,7,0.14285714285714285,0,0,0.11231178045272827,-0.006010383367538452,50
siglip2_b16_224,face::train::089537.jpg,face,train,089537.jpg,llm_human_description,gemini:gemini-3.1-flash-lite:3cab990ae372,information_reduced,"This is a young woman with an oval face and bangs covering her hairline. She has medium, nicely arched eyebrows, almond-shaped eyes that tilt upward slightly, and a nose with a rounder tip. Her mouth has a clear cupid's bow and she has a neutral expression.",0.11518659442663193,1,1.0,1,1,0.11208751797676086,0.0030990764498710632,50
siglip2_b16_224,face::train::065762.jpg,face,train,065762.jpg,llm_brief,gemini:gemini-3.1-flash-lite:3cab990ae372,information_reduced,"Adult with an oval face, high cheekbones, and a rounded chin.",0.10024157911539078,29,0.034482758620689655,0,0,0.13167151808738708,-0.03142993897199631,50
siglip2_b16_224,face::train::065762.jpg,face,train,065762.jpg,llm_balanced,gemini:gemini-3.1-flash-lite:3cab990ae372,information_reduced,"Adult with an oval face, wide high cheekbones, a defined jawline, and rounded chin. Features include medium-thick arched eyebrows, almond-shaped eyes with double lids, and a straight-bridged nose.",0.09345933049917221,30,0.03333333333333333,0,0,0.1205446794629097,-0.027085348963737488,50
siglip2_b16_224,face::train::065762.jpg,face,train,065762.jpg,llm_detailed,gemini:gemini-3.1-flash-lite:3cab990ae372,information_reduced,"Adult with an oval face, strong bone structure, and high, wide cheekbones. Features include a rounded hairline with moderate temporal recession, medium-thick soft-arched eyebrows, almond-shaped eyes with double lids and slight upward tilt, a straight-bridged nose with a rounded tip, and medium-full lips with a defined cupid's bow. The jawline is continuous with a rounded chin and moderately defined jaw angle. Skin is smooth with no persistent marks.",0.06247873976826668,24,0.041666666666666664,0,0,0.09876775741577148,-0.036289017647504807,50
siglip2_b16_224,face::train::065762.jpg,face,train,065762.jpg,llm_human_description,gemini:gemini-3.1-flash-lite:3cab990ae372,information_reduced,"A person with an oval-shaped face and high, prominent cheekbones. They have medium-thick, softly arched eyebrows, almond-shaped eyes, and a straight nose. Their jawline is clearly defined, ending in a rounded chin.",0.10019496083259583,28,0.03571428571428571,0,0,0.12171265482902527,-0.021517693996429443,50
siglip2_b16_224,face::train::168471.jpg,face,train,168471.jpg,llm_brief,gemini:gemini-3.1-flash-lite:3cab990ae372,information_reduced,"An adult female with an oval face, thick soft-arched eyebrows, and dark hair styled in loose waves with side-swept bangs.",0.12577150762081146,6,0.16666666666666666,0,0,0.14053162932395935,-0.014760121703147888,50
siglip2_b16_224,face::train::168471.jpg,face,train,168471.jpg,llm_balanced,gemini:gemini-3.1-flash-lite:3cab990ae372,information_reduced,"Adult female with an oval face shape, prominent cheekbones, and a defined jawline. She has thick soft-arched eyebrows, almond-shaped eyes, and dark hair styled in loose waves with side-swept bangs.",0.10554005950689316,9,0.1111111111111111,0,0,0.12134648114442825,-0.015806421637535095,50
siglip2_b16_224,face::train::168471.jpg,face,train,168471.jpg,llm_detailed,gemini:gemini-3.1-flash-lite:3cab990ae372,information_reduced,"Adult female with an oval face, straight forehead, and rounded hairline with temporal recession. Features include prominent cheekbones, a defined jawline, and a rounded chin. She has thick soft-arched eyebrows, almond-shaped eyes with double creases, and a straight nasal dorsum. Her mouth has a defined cupid's bow and fuller lower lip. She has attached earlobes and dark hair in loose waves with side-swept bangs.",0.08219341188669205,22,0.045454545454545456,0,0,0.11865299195051193,-0.036459580063819885,50
siglip2_b16_224,face::train::168471.jpg,face,train,168471.jpg,llm_human_description,gemini:gemini-3.1-flash-lite:3cab990ae372,information_reduced,"This is an adult woman with an oval face, dark wavy hair, and side-swept bangs. She has distinctively thick, arched eyebrows and almond-shaped eyes. Her cheekbones are quite prominent, and she has a defined jawline with a rounded chin.",0.1078374981880188,10,0.1,0,0,0.13150103390216827,-0.023663535714149475,50
siglip2_b16_224,face::train::101485.jpg,face,train,101485.jpg,llm_brief,gemini:gemini-3.1-flash-lite:3cab990ae372,information_reduced,"A young adult with an oval face, almond-shaped eyes, and voluminous layered brown hair, wearing large hoop earrings.",0.15905210375785828,1,1.0,1,1,0.1307896077632904,0.02826249599456787,50
siglip2_b16_224,face::train::101485.jpg,face,train,101485.jpg,llm_balanced,gemini:gemini-3.1-flash-lite:3cab990ae372,information_reduced,"A young adult woman with an oval face, prominent cheekbones, almond-shaped eyes, and a straight nose. She has voluminous layered brown hair and wears large circular hoop earrings.",0.14108386635780334,1,1.0,1,1,0.12375436723232269,0.017329499125480652,50
siglip2_b16_224,face::train::101485.jpg,face,train,101485.jpg,llm_detailed,gemini:gemini-3.1-flash-lite:3cab990ae372,information_reduced,"Young adult with an oval face, prominent cheekbones, and a rounded chin. Features include medium-thin arched eyebrows, almond-shaped eyes with double eyelids, and a straight nose with a rounded tip. She has medium-width lips, a short philtrum, and wears large circular hoop earrings. Her hair is voluminous, layered, and brown, styled to the side.",0.09424009174108505,15,0.06666666666666667,0,0,0.10966940969228745,-0.015429317951202393,50
siglip2_b16_224,face::train::101485.jpg,face,train,101485.jpg,llm_human_description,gemini:gemini-3.1-flash-lite:3cab990ae372,information_reduced,"This young woman has an oval face with prominent cheekbones and almond-shaped eyes. She has voluminous, layered brown hair and is wearing large circular hoop earrings and dark makeup.",0.12531909346580505,1,1.0,1,1,0.12154079228639603,0.003778301179409027,50
siglip2_b16_224,face::train::023736.jpg,face,train,023736.jpg,llm_brief,gemini:gemini-3.1-flash-lite:3cab990ae372,information_reduced,"Middle-aged male with an oval face, thick dark eyebrows, a short dense beard, and short wavy dark brown hair.",0.13170570135116577,2,0.5,0,1,0.13968777656555176,-0.007982075214385986,50
siglip2_b16_224,face::train::023736.jpg,face,train,023736.jpg,llm_balanced,gemini:gemini-3.1-flash-lite:3cab990ae372,information_reduced,"Middle-aged male with an oval face, prominent cheekbones, and a defined jawline. He has almond-shaped eyes, a straight nose, thick dark eyebrows, and a short dense beard with short wavy dark brown hair.",0.10683664679527283,9,0.1111111111111111,0,0,0.13283950090408325,-0.026002854108810425,50
siglip2_b16_224,face::train::023736.jpg,face,train,023736.jpg,llm_detailed,gemini:gemini-3.1-flash-lite:3cab990ae372,information_reduced,"Middle-aged male with an oval face, moderate facial depth, and strong bone structure. Features include a low hairline, prominent cheekbones, defined jawline, and rounded chin. He has thick dark soft-arched eyebrows, almond-shaped eyes with positive canthal tilt, a straight nose, and medium-full lips. The face is covered by a short dense beard and mustache, complemented by short wavy dark brown hair styled messy on top.",0.0721445083618164,29,0.034482758620689655,0,0,0.10885214805603027,-0.03670763969421387,50
siglip2_b16_224,face::train::023736.jpg,face,train,023736.jpg,llm_human_description,gemini:gemini-3.1-flash-lite:3cab990ae372,information_reduced,"This is a middle-aged man with an oval face, a well-defined jaw, and prominent cheekbones. He has short, wavy dark brown hair that looks a bit messy, and a short, dense beard and mustache. His eyebrows are thick and dark, and he has almond-shaped eyes and a straightforward nose. He is smiling in the photo.",0.10085892677307129,9,0.1111111111111111,0,0,0.11931154131889343,-0.018452614545822144,50
siglip2_b16_224,face::train::063708.jpg,face,train,063708.jpg,llm_brief,gemini:gemini-3.1-flash-lite:3cab990ae372,information_reduced,"An adult male with an oval face, short dark hair styled forward, and a white shirt.",0.14578767120838165,1,1.0,1,1,0.1433539241552353,0.0024337470531463623,50
siglip2_b16_224,face::train::063708.jpg,face,train,063708.jpg,llm_balanced,gemini:gemini-3.1-flash-lite:3cab990ae372,information_reduced,"An adult male with an oval face, short dark hair styled forward, and a white shirt. He has almond-shaped eyes, a straight nose, and medium-thickness arched eyebrows.",0.1207689642906189,3,0.3333333333333333,0,1,0.13281774520874023,-0.012048780918121338,50
siglip2_b16_224,face::train::063708.jpg,face,train,063708.jpg,llm_detailed,gemini:gemini-3.1-flash-lite:3cab990ae372,information_reduced,"Adult male with an oval face, moderate bone structure, and a rounded chin. He has short dark hair styled forward, a low-center hairline with slight temporal recession, medium-thickness arched eyebrows, almond-shaped eyes, and a straight nose with a rounded tip. He is wearing a white shirt.",0.07728080451488495,21,0.047619047619047616,0,0,0.11976566910743713,-0.042484864592552185,50
siglip2_b16_224,face::train::063708.jpg,face,train,063708.jpg,llm_human_description,gemini:gemini-3.1-flash-lite:3cab990ae372,information_reduced,"This is an adult man with an oval face and short, dark hair that is brushed forward. He has a straight nose, almond-shaped eyes, and medium-thick, arched eyebrows. He is wearing a white shirt.",0.10138201713562012,10,0.1,0,0,0.12248756736516953,-0.021105550229549408,50
siglip2_b16_224,face::train::138886.jpg,face,train,138886.jpg,llm_brief,gemini:gemini-3.1-flash-lite:3cab990ae372,information_reduced,"Young adult woman with an oval face, high cheekbones, and long dark hair.",0.13107699155807495,6,0.16666666666666666,0,0,0.13922709226608276,-0.008150100708007812,50
siglip2_b16_224,face::train::138886.jpg,face,train,138886.jpg,llm_balanced,gemini:gemini-3.1-flash-lite:3cab990ae372,information_reduced,"Young adult woman with an oval face, high cheekbones, and long dark hair. She has almond-shaped eyes with double creases and a straight nose with a rounded tip.",0.12339072674512863,4,0.25,0,1,0.12487228214740753,-0.0014815554022789001,50
siglip2_b16_224,face::train::138886.jpg,face,train,138886.jpg,llm_detailed,gemini:gemini-3.1-flash-lite:3cab990ae372,information_reduced,"Young adult woman, oval face, high cheekbones. Forehead height is average with rounded contour. Eyebrows are medium thickness, soft-arched. Almond-shaped eyes, upward slant, double lid creases. Straight nasal dorsum, rounded tip with moderate flare. Mouth has balanced lip fullness and level corners. Rounded chin, smooth skin, long dark hair.",0.08995813131332397,15,0.06666666666666667,0,0,0.11592663079500198,-0.02596849948167801,50
siglip2_b16_224,face::train::138886.jpg,face,train,138886.jpg,llm_human_description,gemini:gemini-3.1-flash-lite:3cab990ae372,information_reduced,"A young woman with a long dark hairstyle and an oval face. She has high cheekbones, almond-shaped eyes with a slight upward tilt, and a straight nose. Her expression is neutral, and her skin looks smooth.",0.11900724470615387,4,0.25,0,1,0.12435729801654816,-0.005350053310394287,50
siglip2_b16_224,face::train::149220.jpg,face,train,149220.jpg,llm_brief,gemini:gemini-3.1-flash-lite:3cab990ae372,information_reduced,"An adult with an oval face and short facial hair, wearing a yellow headband and a white towel.",0.1897445172071457,1,1.0,1,1,0.10766376554965973,0.08208075165748596,50
siglip2_b16_224,face::train::149220.jpg,face,train,149220.jpg,llm_balanced,gemini:gemini-3.1-flash-lite:3cab990ae372,information_reduced,"An adult with an oval face, almond-shaped eyes, and short facial hair stubble, wearing a yellow headband and a white towel draped over the head.",0.16648218035697937,1,1.0,1,1,0.11524830758571625,0.05123387277126312,50
siglip2_b16_224,face::train::149220.jpg,face,train,149220.jpg,llm_detailed,gemini:gemini-3.1-flash-lite:3cab990ae372,information_reduced,"Adult with an oval face, moderate bone structure, and almond-shaped eyes with visible lid creases. The nose has a straight dorsum and rounded tip, and the mouth is medium width with balanced lip fullness. Short facial hair stubble covers the upper lip and chin. The person wears a yellow headband and a white towel draped over the head.",0.06522408127784729,40,0.025,0,0,0.11342600733041763,-0.04820192605257034,50
siglip2_b16_224,face::train::149220.jpg,face,train,149220.jpg,llm_human_description,gemini:gemini-3.1-flash-lite:3cab990ae372,information_reduced,This is a person with an oval face and a bit of stubble on their chin and upper lip. They have almond-shaped eyes and are wearing a yellow headband with a white towel draped over their head.,0.14284026622772217,1,1.0,1,1,0.09166815876960754,0.051172107458114624,50
siglip2_b16_224,face::train::060309.jpg,face,train,060309.jpg,llm_brief,gemini:gemini-3.1-flash-lite:3cab990ae372,information_reduced,"Older male with a round face, receding hairline, thin arched eyebrows, and dark-rimmed rectangular eyeglasses, wearing a striped dark shirt.",0.12678708136081696,3,0.3333333333333333,0,1,0.1484934389591217,-0.02170635759830475,50
siglip2_b16_224,face::train::060309.jpg,face,train,060309.jpg,llm_balanced,gemini:gemini-3.1-flash-lite:3cab990ae372,information_reduced,"Older male with a round face, receding hairline, thin arched eyebrows, a wide nose with a bulbous tip, and thin upper lips. He is wearing dark-rimmed rectangular eyeglasses and a striped dark shirt.",0.10896984487771988,8,0.125,0,0,0.1229306310415268,-0.013960786163806915,50
siglip2_b16_224,face::train::060309.jpg,face,train,060309.jpg,llm_detailed,gemini:gemini-3.1-flash-lite:3cab990ae372,information_reduced,"Older male, round face, high rounded forehead, convex profile, receding hairline with hair at temples and back. Thin sparse arched eyebrows, almond-shaped eyes partially obscured by dark-rimmed rectangular eyeglasses. Straight nose with wide bridge and bulbous tip. Wide mouth, thin upper lip, fuller lower lip, upturned corners, visible upper teeth, medium philtrum. Permanent horizontal forehead creases, prominent nasolabial folds, wearing a striped dark shirt.",0.06340272724628448,21,0.047619047619047616,0,0,0.11552491039037704,-0.05212218314409256,50
siglip2_b16_224,face::train::060309.jpg,face,train,060309.jpg,llm_human_description,gemini:gemini-3.1-flash-lite:3cab990ae372,information_reduced,"This is an older man with a round face, a receding hairline, and thinning eyebrows. He has a distinctive nose with a bulbous tip and wears dark rectangular glasses. He is smiling and wearing a dark striped shirt.",0.11397526413202286,4,0.25,0,1,0.1201368197798729,-0.006161555647850037,50
siglip2_b16_224,face::train::025692.jpg,face,train,025692.jpg,llm_brief,gemini:gemini-3.1-flash-lite:3cab990ae372,information_reduced,"An adult woman with an oval face, almond-shaped eyes, and soft-textured hair with wispy bangs.",0.14010421931743622,1,1.0,1,1,0.13184025883674622,0.008263960480690002,50
siglip2_b16_224,face::train::025692.jpg,face,train,025692.jpg,llm_balanced,gemini:gemini-3.1-flash-lite:3cab990ae372,information_reduced,"An adult woman with an oval face, medium-thickness soft-arched eyebrows, almond-shaped eyes, a straight nose, and a soft-textured hairstyle with wispy bangs.",0.1333526372909546,2,0.5,0,1,0.1351659893989563,-0.001813352108001709,50
siglip2_b16_224,face::train::025692.jpg,face,train,025692.jpg,llm_detailed,gemini:gemini-3.1-flash-lite:3cab990ae372,information_reduced,"An adult woman featuring an oval face with moderate cheekbones and a tapering jawline to a rounded chin. She has medium-thickness soft-arched eyebrows, almond-shaped eyes with double-lid creases, and a straight nose of medium width. Her mouth is of average width with medium lip fullness, and she wears her hair in a soft-textured style with wispy bangs.",0.10730954259634018,5,0.2,0,1,0.11773353070020676,-0.010423988103866577,50
siglip2_b16_224,face::train::025692.jpg,face,train,025692.jpg,llm_human_description,gemini:gemini-3.1-flash-lite:3cab990ae372,information_reduced,"This is an adult woman with an oval-shaped face and a soft-textured hairstyle with wispy bangs. She has arched eyebrows, almond-shaped eyes with visible creases, and a straight nose.",0.12465101480484009,1,1.0,1,1,0.12001591920852661,0.0046350955963134766,50
siglip2_b16_224,face::train::060555.jpg,face,train,060555.jpg,llm_brief,gemini:gemini-3.1-flash-lite:3cab990ae372,information_reduced,"Middle-aged male with an oval face, receding hairline, and short dark hair.",0.12808959186077118,3,0.3333333333333333,0,1,0.13343659043312073,-0.005346998572349548,50
siglip2_b16_224,face::train::060555.jpg,face,train,060555.jpg,llm_balanced,gemini:gemini-3.1-flash-lite:3cab990ae372,information_reduced,"Middle-aged male with an oval face, receding hairline, short dark hair, and a clean-shaven face with straight-on head pose.",0.12852704524993896,2,0.5,0,1,0.136482834815979,-0.007955789566040039,50
siglip2_b16_224,face::train::060555.jpg,face,train,060555.jpg,llm_detailed,gemini:gemini-3.1-flash-lite:3cab990ae372,information_reduced,"Middle-aged male, oval face with balanced structure, high wide forehead with receding hairline at temples, medium thick soft-arched eyebrows, almond-shaped eyes with double creases, straight-bridged nose with rounded tip, medium width mouth with thin upper lip, and short dark hair styled backward; clean-shaven.",0.12609589099884033,2,0.5,0,1,0.12725535035133362,-0.0011594593524932861,50
siglip2_b16_224,face::train::060555.jpg,face,train,060555.jpg,llm_human_description,gemini:gemini-3.1-flash-lite:3cab990ae372,information_reduced,"A middle-aged man with short dark hair that's styled back. He has an oval-shaped face, a clean-shaven look, and a high forehead with a receding hairline. He has medium-thick eyebrows and almond-shaped eyes.",0.10370667278766632,9,0.1111111111111111,0,0,0.12911003828048706,-0.02540336549282074,50
siglip2_b16_224,face::train::150659.jpg,face,train,150659.jpg,llm_brief,gemini:gemini-3.1-flash-lite:3cab990ae372,information_reduced,"Young female with an oval face, receding hairline, almond-shaped eyes, and straight nasal dorsum, wearing dark lipstick and dangling earrings.",0.1311517357826233,3,0.3333333333333333,0,1,0.14199329912662506,-0.01084156334400177,50
siglip2_b16_224,face::train::150659.jpg,face,train,150659.jpg,llm_balanced,gemini:gemini-3.1-flash-lite:3cab990ae372,information_reduced,"Young adult female with an oval face, receding hairline, soft-arched eyebrows, almond-shaped eyes, and a straight nasal dorsum, wearing dark lipstick and dangling earrings.",0.13112957775592804,2,0.5,0,1,0.14108994603157043,-0.009960368275642395,50
siglip2_b16_224,face::train::150659.jpg,face,train,150659.jpg,llm_detailed,gemini:gemini-3.1-flash-lite:3cab990ae372,information_reduced,"Young adult female presenting an oval face with balanced vertical thirds, high forehead with receding hairline, moderate brow ridge, medium-width cheekbones, defined jawline, and rounded chin. Features soft-arched eyebrows with high peaks, almond-shaped eyes, straight nasal dorsum, and a defined mouth with full vermilion. Wears dark lipstick and dangling earrings; no persistent marks or asymmetries.",0.07571174949407578,18,0.05555555555555555,0,0,0.13281071186065674,-0.05709896236658096,50
siglip2_b16_224,face::train::150659.jpg,face,train,150659.jpg,llm_human_description,gemini:gemini-3.1-flash-lite:3cab990ae372,information_reduced,"This is a young woman with an oval-shaped face and a high, receding hairline. She has almond-shaped eyes, arched eyebrows, and a straight nose. She is wearing dark lipstick and dangling earrings, and she has no noticeable marks or facial asymmetries.",0.10031472146511078,13,0.07692307692307693,0,0,0.12428374588489532,-0.023969024419784546,50
siglip2_b16_224,face::train::026996.jpg,face,train,026996.jpg,llm_brief,gemini:gemini-3.1-flash-lite:3cab990ae372,information_reduced,"Middle-aged female with an oval face, prominent cheekbones, almond-shaped eyes, and a small wireless microphone near the right cheek.",0.13273218274116516,1,1.0,1,1,0.1282019466161728,0.004530236124992371,50
siglip2_b16_224,face::train::026996.jpg,face,train,026996.jpg,llm_balanced,gemini:gemini-3.1-flash-lite:3cab990ae372,information_reduced,"Middle-aged female with an oval face, prominent cheekbones, medium-thickness soft-arched eyebrows, and almond-shaped eyes. Features include a straight nasal bridge, balanced lips with visible teeth, and a small wireless microphone attached near the right cheek.",0.10119538754224777,7,0.14285714285714285,0,0,0.1297048032283783,-0.028509415686130524,50
siglip2_b16_224,face::train::026996.jpg,face,train,026996.jpg,llm_detailed,gemini:gemini-3.1-flash-lite:3cab990ae372,information_reduced,"Middle-aged female with an oval face, rounded hairline with temporal recession, prominent cheekbones, and shallow nasolabial folds. She has medium-thickness soft-arched eyebrows, almond-shaped eyes with double-creased lids, a straight nasal bridge, and a rounded tip. Her lips are balanced with a defined cupid's bow and visible upper teeth. A small wireless microphone is attached near her right cheek.",0.0782528966665268,7,0.14285714285714285,0,0,0.11686179041862488,-0.038608893752098083,50
siglip2_b16_224,face::train::026996.jpg,face,train,026996.jpg,llm_human_description,gemini:gemini-3.1-flash-lite:3cab990ae372,information_reduced,"This is a middle-aged woman with an oval-shaped face and high, prominent cheekbones. She has medium-thick, arched eyebrows over almond-shaped eyes. Her nose is straight and her lips have a nice shape with her top teeth visible. You can see a small wireless microphone clipped near her right cheek.",0.11676344275474548,2,0.5,0,1,0.11864126473665237,-0.0018778219819068909,50
siglip2_b16_224,face::train::082954.jpg,face,train,082954.jpg,llm_brief,gemini:gemini-3.1-flash-lite:3cab990ae372,information_reduced,"Young female with a heart-shaped face, dark wavy hair, and side-swept bangs.",0.11915021389722824,5,0.2,0,1,0.13392511010169983,-0.014774896204471588,50
siglip2_b16_224,face::train::082954.jpg,face,train,082954.jpg,llm_balanced,gemini:gemini-3.1-flash-lite:3cab990ae372,information_reduced,"Young female with a heart-shaped face, dark wavy hair with side-swept bangs, thick soft-arched eyebrows, and almond-shaped eyes.",0.12240789830684662,6,0.16666666666666666,0,0,0.1321309506893158,-0.009723052382469177,50
siglip2_b16_224,face::train::082954.jpg,face,train,082954.jpg,llm_detailed,gemini:gemini-3.1-flash-lite:3cab990ae372,information_reduced,"Young female with a heart-shaped face consisting of a moderately high forehead, medium-width cheekbones, and a rounded chin. Features include dark wavy hair with side-swept bangs, thick soft-arched eyebrows with a lateral peak, almond-shaped eyes with an upward canthal tilt, a straight nasal dorsum, and a medium-width mouth with a thin upper lip and fuller lower lip.",0.08026515692472458,22,0.045454545454545456,0,0,0.11548527330160141,-0.03522011637687683,50
siglip2_b16_224,face::train::082954.jpg,face,train,082954.jpg,llm_human_description,gemini:gemini-3.1-flash-lite:3cab990ae372,information_reduced,"A young woman with a heart-shaped face and long, dark, wavy hair styled with side-swept bangs. She has arched eyebrows, almond-shaped eyes, and a neutral expression.",0.08661897480487823,15,0.06666666666666667,0,0,0.127838596701622,-0.041219621896743774,50
siglip2_b16_224,face::train::042973.jpg,face,train,042973.jpg,llm_brief,gemini:gemini-3.1-flash-lite:3cab990ae372,information_reduced,"Young female with an oval face, thin soft-arched eyebrows, almond-shaped eyes, straight nose, and brown hair.",0.10661287605762482,19,0.05263157894736842,0,0,0.13600000739097595,-0.029387131333351135,50
siglip2_b16_224,face::train::042973.jpg,face,train,042973.jpg,llm_balanced,gemini:gemini-3.1-flash-lite:3cab990ae372,information_reduced,"Young adult female with an oval face, thin soft-arched eyebrows, almond-shaped eyes with double-lid creases, and a straight nose, styled with brown hair obscuring part of the forehead.",0.09305102378129959,18,0.05555555555555555,0,0,0.1257690191268921,-0.0327179953455925,50
siglip2_b16_224,face::train::042973.jpg,face,train,042973.jpg,llm_detailed,gemini:gemini-3.1-flash-lite:3cab990ae372,information_reduced,"Young adult female with an oval face shape. Features include thin, soft-arched eyebrows, almond-shaped eyes with upward canthal tilt and double upper-lid creases, a straight nose with a rounded tip, and a medium-width mouth with balanced lip fullness. Brown hair partially obscures the forehead and left eye region.",0.07703907042741776,27,0.037037037037037035,0,0,0.11390325427055359,-0.036864183843135834,50
siglip2_b16_224,face::train::042973.jpg,face,train,042973.jpg,llm_human_description,gemini:gemini-3.1-flash-lite:3cab990ae372,information_reduced,"This is a young woman with an oval-shaped face, thin arched eyebrows, and almond-shaped eyes that have visible creases on the lids. She has a straight nose and well-defined lips, and her brown hair is styled so that it falls over her forehead and part of her left eye.",0.09329956769943237,12,0.08333333333333333,0,0,0.12450265884399414,-0.031203091144561768,50
siglip2_b16_224,face::train::092618.jpg,face,train,092618.jpg,llm_brief,gemini:gemini-3.1-flash-lite:3cab990ae372,information_reduced,"Young adult male with an oval face, short tousled light brown hair, light stubble on jaw and chin, and a metal ring piercing in the left earlobe.",0.1554330587387085,1,1.0,1,1,0.13869066536426544,0.016742393374443054,50
siglip2_b16_224,face::train::092618.jpg,face,train,092618.jpg,llm_balanced,gemini:gemini-3.1-flash-lite:3cab990ae372,information_reduced,"A young adult male with an oval face, short tousled light brown hair, and light stubble on the jawline and chin. He has almond-shaped eyes, a straight nose, a smiling mouth showing upper teeth, and a metal ring piercing in his left earlobe.",0.12391599267721176,2,0.5,0,1,0.131122887134552,-0.0072068944573402405,50
siglip2_b16_224,face::train::092618.jpg,face,train,092618.jpg,llm_detailed,gemini:gemini-3.1-flash-lite:3cab990ae372,information_reduced,"Young adult male with an oval face and defined jawline. Features include short tousled light brown hair, medium-thick soft-arched eyebrows, almond-shaped eyes with visible lids, a straight-dorsum nose with a rounded tip, and a mouth showing upper teeth in a smile. Notable identity markers include light stubble on the jawline and chin and a metal ring piercing in the left earlobe.",0.11653251200914383,3,0.3333333333333333,0,1,0.12428168952465057,-0.007749177515506744,50
siglip2_b16_224,face::train::092618.jpg,face,train,092618.jpg,llm_human_description,gemini:gemini-3.1-flash-lite:3cab990ae372,information_reduced,"This is a young man with a short, tousled, light-brown hairstyle. He has an oval-shaped face, a bit of light stubble on his chin and jaw, and is wearing a small metal ring in his left ear. He is smiling slightly, showing his top teeth.",0.12379788607358932,2,0.5,0,1,0.13189174234867096,-0.008093856275081635,50
siglip2_b16_224,face::train::073196.jpg,face,train,073196.jpg,llm_brief,gemini:gemini-3.1-flash-lite:3cab990ae372,information_reduced,"Adult male with an oblong face, short dark textured hair, and light stubble.",0.1325850933790207,3,0.3333333333333333,0,1,0.14549171924591064,-0.012906625866889954,50
siglip2_b16_224,face::train::073196.jpg,face,train,073196.jpg,llm_balanced,gemini:gemini-3.1-flash-lite:3cab990ae372,information_reduced,"Adult male with an oblong face, prominent bone structure, short dark textured hair, and light stubble on the jaw and chin.",0.12488075345754623,6,0.16666666666666666,0,0,0.14827793836593628,-0.023397184908390045,50
siglip2_b16_224,face::train::073196.jpg,face,train,073196.jpg,llm_detailed,gemini:gemini-3.1-flash-lite:3cab990ae372,information_reduced,"Adult male, oblong face, prominent bone structure, moderate soft tissue, straight hairline with temporal recession, high forehead. Thick, medium-length, soft-arched eyebrows with lateral thinning. Almond-shaped eyes, slight upward canthal tilt, double upper-lid crease. Straight nasal dorsum, rounded tip. Balanced lips, short philtrum, teeth visible at rest. Average-sized ears, free lobes. Short dark textured hairstyle, light stubble on jaw and chin.",0.07891856878995895,16,0.0625,0,0,0.10420078039169312,-0.02528221160173416,50
siglip2_b16_224,face::train::073196.jpg,face,train,073196.jpg,llm_human_description,gemini:gemini-3.1-flash-lite:3cab990ae372,information_reduced,"A man with an oblong face, short dark textured hair, and some light stubble on his jaw and chin. He has a prominent bone structure, thick eyebrows, and is smiling.",0.1168137639760971,7,0.14285714285714285,0,0,0.1396474391222,-0.022833675146102905,50
siglip2_b16_224,face::train::178129.jpg,face,train,178129.jpg,llm_brief,gemini:gemini-3.1-flash-lite:3cab990ae372,information_reduced,"A middle-aged adult with an oval face, rounded hairline, thin arched eyebrows, almond eyes, and a narrow nose, wearing drop earrings.",0.11330799758434296,9,0.1111111111111111,0,0,0.13343289494514465,-0.020124897360801697,50
siglip2_b16_224,face::train::178129.jpg,face,train,178129.jpg,llm_balanced,gemini:gemini-3.1-flash-lite:3cab990ae372,information_reduced,"A middle-aged adult featuring an oval face, moderately wide jawline, rounded hairline with temporal recession, high-arched thin eyebrows, almond-shaped eyes, and a straight nose with a rounded tip, accessorized with drop earrings.",0.10043853521347046,16,0.0625,0,0,0.12124024331569672,-0.020801708102226257,50
siglip2_b16_224,face::train::178129.jpg,face,train,178129.jpg,llm_detailed,gemini:gemini-3.1-flash-lite:3cab990ae372,information_reduced,"A middle-aged adult with an oval face, moderately wide jawline, and no persistent asymmetries. Features include a rounded hairline with moderate temporal recession, thin high-arched eyebrows, almond-shaped eyes with double creases, and a narrow nose with a straight dorsum and rounded tip. The individual has thin lips, visible upper teeth, smooth skin, and wears drop earrings on free ear lobes.",0.09007345885038376,13,0.07692307692307693,0,0,0.12635588645935059,-0.03628242760896683,50
siglip2_b16_224,face::train::178129.jpg,face,train,178129.jpg,llm_human_description,gemini:gemini-3.1-flash-lite:3cab990ae372,information_reduced,"This middle-aged person has an oval-shaped face with a noticeable jawline and a rounded hairline that recedes slightly at the temples. They have thin, high-arched eyebrows, almond-shaped eyes, and a narrow nose with a rounded tip. You can see their upper teeth when they smile, and they are wearing a pair of drop earrings.",0.08448341488838196,15,0.06666666666666667,0,0,0.1123594269156456,-0.02787601202726364,50
siglip2_b16_224,face::train::123459.jpg,face,train,123459.jpg,llm_brief,gemini:gemini-3.1-flash-lite:3cab990ae372,information_reduced,"Adult male with an oval face, dark hair, thin mustache, and facial stubble.",0.11999815702438354,7,0.14285714285714285,0,0,0.1395610123872757,-0.01956285536289215,50
siglip2_b16_224,face::train::123459.jpg,face,train,123459.jpg,llm_balanced,gemini:gemini-3.1-flash-lite:3cab990ae372,information_reduced,"Adult male with an oval face, high forehead, and straight eyebrows. He has short dark hair and facial hair styled as a thin mustache and stubble along the jaw.",0.12443722039461136,5,0.2,0,1,0.13451310992240906,-0.010075889527797699,50
siglip2_b16_224,face::train::123459.jpg,face,train,123459.jpg,llm_detailed,gemini:gemini-3.1-flash-lite:3cab990ae372,information_reduced,"Male adult with an oval face and high forehead with a rounded hairline. Features include straight eyebrows, almond-shaped eyes with defined double eyelid creases, and a straight nasal dorsum with a rounded tip. He has medium-thickness lips with a defined cupid's bow and a short philtrum. The jawline is narrow with a rounded chin. Facial hair includes a short, dark thin mustache and stubble along the jaw, matching his short dark hair.",0.09285188466310501,16,0.0625,0,0,0.11136476695537567,-0.01851288229227066,50
siglip2_b16_224,face::train::123459.jpg,face,train,123459.jpg,llm_human_description,gemini:gemini-3.1-flash-lite:3cab990ae372,information_reduced,"A man with an oval-shaped face and short dark hair. He has a high forehead, straight eyebrows, and almond-shaped eyes. He also has a thin mustache and some short dark stubble growing along his jawline.",0.11552560329437256,6,0.16666666666666666,0,0,0.13712352514266968,-0.02159792184829712,50
siglip2_b16_224,face::train::088914.jpg,face,train,088914.jpg,llm_brief,gemini:gemini-3.1-flash-lite:3cab990ae372,information_reduced,"Adult male with an oval face, receding hairline, and thin mustache and goatee, wearing dark sunglasses.",0.1427260935306549,1,1.0,1,1,0.11592045426368713,0.026805639266967773,50
siglip2_b16_224,face::train::088914.jpg,face,train,088914.jpg,llm_balanced,gemini:gemini-3.1-flash-lite:3cab990ae372,information_reduced,"Adult male with an oval face, receding hairline, and defined jawline. He has a thin mustache and goatee, and is wearing dark sunglasses.",0.1342018097639084,1,1.0,1,1,0.11980218440294266,0.014399625360965729,50
siglip2_b16_224,face::train::088914.jpg,face,train,088914.jpg,llm_detailed,gemini:gemini-3.1-flash-lite:3cab990ae372,information_reduced,"Adult male with an oval face shape, receding hairline, and prominent cheekbones. He has a defined jawline, rounded chin, straight nose, and thin mustache and goatee. He wears dark sunglasses covering his eyes.",0.129580557346344,1,1.0,1,1,0.1228826642036438,0.006697893142700195,50
siglip2_b16_224,face::train::088914.jpg,face,train,088914.jpg,llm_human_description,gemini:gemini-3.1-flash-lite:3cab990ae372,information_reduced,"This is a man with an oval face and a receding hairline. He has a thin mustache and goatee, and he is wearing dark sunglasses.",0.1444663554430008,1,1.0,1,1,0.11825592815876007,0.026210427284240723,50
siglip2_b16_224,face::train::141457.jpg,face,train,141457.jpg,llm_brief,gemini:gemini-3.1-flash-lite:3cab990ae372,information_reduced,"Middle-aged man with short forward-styled hair, a clean-shaven face, and yellow-tinted round glasses, wearing dark high-collared outerwear.",0.1292920857667923,1,1.0,1,1,0.12090539187192917,0.008386693894863129,50
siglip2_b16_224,face::train::141457.jpg,face,train,141457.jpg,llm_balanced,gemini:gemini-3.1-flash-lite:3cab990ae372,information_reduced,"Middle-aged male with an oval face, receding hairline, short forward-styled hair, and thin eyebrows. He is clean-shaven and wears yellow-tinted round glasses with dark, high-collared outerwear; a ring is visible on his finger.",0.10167717933654785,13,0.07692307692307693,0,0,0.11732832342386246,-0.015651144087314606,50
siglip2_b16_224,face::train::141457.jpg,face,train,141457.jpg,llm_detailed,gemini:gemini-3.1-flash-lite:3cab990ae372,information_reduced,"Middle-aged male with an oval face, moderate soft tissue, and medium-height forehead. Features include a receding hairline at the temples, thin arched eyebrows, almond-shaped eyes with upper-lid creases, a straight nose with a rounded tip, and a mouth with thin lips. He has short hair styled forward and is clean-shaven. He wears round glasses with yellow-tinted lenses, dark high-collared outerwear, and a ring on the finger resting against his cheek.",0.06315889954566956,41,0.024390243902439025,0,0,0.10532364249229431,-0.042164742946624756,50
siglip2_b16_224,face::train::141457.jpg,face,train,141457.jpg,llm_human_description,gemini:gemini-3.1-flash-lite:3cab990ae372,information_reduced,"A middle-aged man with short hair combed forward, wearing yellow-tinted round glasses. He has a clean-shaven face and is wearing a dark, high-collared jacket or coat. He has a ring on his finger, which he is resting against his cheek.",0.1289663463830948,1,1.0,1,1,0.11488735675811768,0.014078989624977112,50
siglip2_b16_224,face::train::001042.jpg,face,train,001042.jpg,llm_brief,gemini:gemini-3.1-flash-lite:3cab990ae372,information_reduced,"An adult with an oval face, rounded hairline with slight temporal recession, medium arched eyebrows, and almond-shaped eyes.",0.10067413747310638,28,0.03571428571428571,0,0,0.12473553419113159,-0.024061396718025208,50
siglip2_b16_224,face::train::001042.jpg,face,train,001042.jpg,llm_balanced,gemini:gemini-3.1-flash-lite:3cab990ae372,information_reduced,"An adult with an oval face, rounded hairline with slight temporal recession, medium arched eyebrows, almond-shaped eyes, and a straight-bridged nose with a rounded tip.",0.09129266440868378,35,0.02857142857142857,0,0,0.12197865545749664,-0.030685991048812866,50
siglip2_b16_224,face::train::001042.jpg,face,train,001042.jpg,llm_detailed,gemini:gemini-3.1-flash-lite:3cab990ae372,information_reduced,"Feminine-presenting adult with an oval face, moderate soft tissue, and distinct bone structure. Features include a rounded hairline with slight temporal recession, medium-thickness arched eyebrows, almond-shaped eyes with visible upper-lid creases, a straight-dorsum nose with a rounded tip, and moderately full lips with a defined cupid's bow. A finger partially occludes the mouth, and the skin is clear.",0.04104403778910637,46,0.021739130434782608,0,0,0.10966678708791733,-0.06862274929881096,50
siglip2_b16_224,face::train::001042.jpg,face,train,001042.jpg,llm_human_description,gemini:gemini-3.1-flash-lite:3cab990ae372,information_reduced,"You can recognize this person by their oval-shaped face, a hairline that slightly recedes at the temples, and medium-thick eyebrows with a soft arch. They have almond-shaped eyes and a straight nose with a rounded tip. Their lips are moderately full, though one of their fingers is partially covering their mouth.",0.07421863079071045,42,0.023809523809523808,0,0,0.1143534928560257,-0.04013486206531525,50
siglip2_b16_224,face::train::032580.jpg,face,train,032580.jpg,llm_brief,gemini:gemini-3.1-flash-lite:3cab990ae372,information_reduced,"Adult male with an oblong face, high M-shaped hairline, dark wavy hair, and a clean-shaven face with light stubble on the upper lip.",0.14324253797531128,1,1.0,1,1,0.13943281769752502,0.003809720277786255,50
siglip2_b16_224,face::train::032580.jpg,face,train,032580.jpg,llm_balanced,gemini:gemini-3.1-flash-lite:3cab990ae372,information_reduced,"Adult male with an oblong face, prominent bone structure, and a high M-shaped hairline. He has almond-shaped eyes, a straight nose with a bulbous tip, a strong jawline with a rounded chin, and short dark wavy hair. His face is clean-shaven with light stubble on the upper lip.",0.12008938193321228,3,0.3333333333333333,0,1,0.12846697866916656,-0.008377596735954285,50
siglip2_b16_224,face::train::032580.jpg,face,train,032580.jpg,llm_detailed,gemini:gemini-3.1-flash-lite:3cab990ae372,information_reduced,"Adult male with an oblong face, prominent bone structure, and a high, broad forehead. Features include a high M-shaped hairline with temporal recession, prominent brow ridges, and medium-thick soft-arched eyebrows. Eyes are almond-shaped with moderate creases. The nose has a straight bridge and a bulbous tip. Lips are thin, and the chin is rounded with a central indentation. Ears are free-lobed and positioned level with the eye-nose line. He has short dark wavy hair styled back and a clean-shaven face with light upper-lip stubble.",0.10338501632213593,1,1.0,1,1,0.10156722366809845,0.0018177926540374756,50
siglip2_b16_224,face::train::032580.jpg,face,train,032580.jpg,llm_human_description,gemini:gemini-3.1-flash-lite:3cab990ae372,information_reduced,"A man with an oblong-shaped face and strong features. He has a high, receding hairline and short, wavy dark hair. He has prominent eyebrows and almond-shaped eyes, with a straight nose and a rounded chin. He is clean-shaven, though he has a bit of light stubble on his upper lip.",0.12936142086982727,1,1.0,1,1,0.1280491054058075,0.0013123154640197754,50
siglip2_b16_224,face::train::109762.jpg,face,train,109762.jpg,llm_brief,gemini:gemini-3.1-flash-lite:3cab990ae372,information_reduced,"Middle-aged male with an oblong face, high receding hairline, and thin straight eyebrows.",0.12436079978942871,7,0.14285714285714285,0,0,0.13871705532073975,-0.014356255531311035,50
siglip2_b16_224,face::train::109762.jpg,face,train,109762.jpg,llm_balanced,gemini:gemini-3.1-flash-lite:3cab990ae372,information_reduced,"A middle-aged man with an oblong facial shape, high receding hairline, thin straight eyebrows, and a narrow jawline. He has a straight nose and thin lips.",0.11172877997159958,10,0.1,0,0,0.14122143387794495,-0.029492653906345367,50
siglip2_b16_224,face::train::109762.jpg,face,train,109762.jpg,llm_detailed,gemini:gemini-3.1-flash-lite:3cab990ae372,information_reduced,"Middle-aged male with an oblong facial shape, straight forehead, and high receding hairline with deep temporal recession. Features include thin straight-arched eyebrows, almond-shaped eyes with double upper-lid creases, a straight nose with a rounded tip, and thin lips with a defined cupid's bow. The jawline is narrow with a rounded chin; ears are average size with attached lobes. Notable permanent features include horizontal forehead creases and nasolabial folds.",0.08877245336771011,14,0.07142857142857142,0,0,0.10964024066925049,-0.020867787301540375,50
siglip2_b16_224,face::train::109762.jpg,face,train,109762.jpg,llm_human_description,gemini:gemini-3.1-flash-lite:3cab990ae372,information_reduced,"This is a middle-aged man with an oblong face and a high, receding hairline. He has thin, straight eyebrows and almond-shaped eyes. His nose is straight, and he has thin lips. You can clearly see horizontal forehead lines and some nasolabial folds on his face.",0.10015869140625,12,0.08333333333333333,0,0,0.13091588020324707,-0.03075718879699707,50
siglip2_b16_224,face::test::185812.jpg,face,test,185812.jpg,llm_brief,gemini:gemini-3.1-flash-lite:3cab990ae372,information_reduced,"Adult male with a round face, receding hairline, thin facial hair on the jawline, and thin-metal-frame eyeglasses.",0.13878346979618073,1,1.0,1,1,0.12951938807964325,0.009264081716537476,50
siglip2_b16_224,face::test::185812.jpg,face,test,185812.jpg,llm_balanced,gemini:gemini-3.1-flash-lite:3cab990ae372,information_reduced,"Adult male with a round face and receding M-shaped hairline. He has moderately thick straight eyebrows, almond-shaped eyes, and thin facial hair along his jawline, wearing thin-metal-frame eyeglasses.",0.1286143660545349,1,1.0,1,1,0.1264803558588028,0.0021340101957321167,50
siglip2_b16_224,face::test::185812.jpg,face,test,185812.jpg,llm_detailed,gemini:gemini-3.1-flash-lite:3cab990ae372,information_reduced,"Male adult with a round face, broad forehead, and moderate temple narrowing. The hairline is receding in an M-shaped pattern. He has a prominent brow ridge, straight moderately thick eyebrows, and almond-shaped eyes with visible upper-lid creases. The nose has a straight dorsum and rounded tip. He has thin lips, a rounded chin, and average-sized ears with free lobes. He wears thin-metal-frame eyeglasses and has short dark hair styled upward with thin facial hair along the jawline.",0.09738580137491226,7,0.14285714285714285,0,0,0.11020053178071976,-0.012814730405807495,50
siglip2_b16_224,face::test::185812.jpg,face,test,185812.jpg,llm_human_description,gemini:gemini-3.1-flash-lite:3cab990ae372,information_reduced,"This is a man with a round face and a noticeably receding M-shaped hairline. He has short dark hair swept up, thin facial hair along his jawline, and wears thin, metal-framed glasses. His eyebrows are straight and thick, and he has a rounded chin.",0.10445526242256165,8,0.125,0,0,0.12130830436944962,-0.01685304194688797,50
siglip2_b16_224,face::test::189858.jpg,face,test,189858.jpg,llm_brief,gemini:gemini-3.1-flash-lite:3cab990ae372,information_reduced,Young woman with voluminous curly reddish-brown hair and an oval face.,0.1484045684337616,1,1.0,1,1,0.13229213654994965,0.01611243188381195,50
siglip2_b16_224,face::test::189858.jpg,face,test,189858.jpg,llm_balanced,gemini:gemini-3.1-flash-lite:3cab990ae372,information_reduced,"Young woman with an oval face, almond-shaped eyes, and voluminous curly reddish-brown hair styled with bangs.",0.1451934576034546,1,1.0,1,1,0.13388730585575104,0.011306151747703552,50
siglip2_b16_224,face::test::189858.jpg,face,test,189858.jpg,llm_detailed,gemini:gemini-3.1-flash-lite:3cab990ae372,information_reduced,"A young adult woman with an oval face and distinct bone structure. She has voluminous curly reddish-brown hair with bangs. Her facial features include almond-shaped eyes with double creases, a straight-dorsum nose, and full lips with a defined cupid's bow. Her chin is rounded and her skin is clear.",0.12458892166614532,2,0.5,0,1,0.12480871379375458,-0.00021979212760925293,50
siglip2_b16_224,face::test::189858.jpg,face,test,189858.jpg,llm_human_description,gemini:gemini-3.1-flash-lite:3cab990ae372,information_reduced,"This is a young woman who has a lot of curly, reddish-brown hair worn with bangs. She has a clear complexion, an oval face, and almond-shaped eyes. Her nose is straight and she has fairly full lips with a clear cupid's bow.",0.131048783659935,1,1.0,1,1,0.11714139580726624,0.013907387852668762,50
siglip2_b16_224,face::test::183801.jpg,face,test,183801.jpg,llm_brief,gemini:gemini-3.1-flash-lite:3cab990ae372,information_reduced,"Adult woman with an oval face, almond-shaped eyes, straight nose, and small stud earrings.",0.13802622258663177,1,1.0,1,1,0.13074573874473572,0.007280483841896057,50
siglip2_b16_224,face::test::183801.jpg,face,test,183801.jpg,llm_balanced,gemini:gemini-3.1-flash-lite:3cab990ae372,information_reduced,"Adult woman with an oval face, rounded hairline, soft-arched eyebrows, almond-shaped eyes, and a straight nose, wearing small stud earrings.",0.13781505823135376,1,1.0,1,1,0.12948989868164062,0.008325159549713135,50
siglip2_b16_224,face::test::183801.jpg,face,test,183801.jpg,llm_detailed,gemini:gemini-3.1-flash-lite:3cab990ae372,information_reduced,"Adult woman with an oval face, defined jawline, and rounded hairline with temporal recession. Features include medium-thick soft-arched eyebrows, almond-shaped eyes with double eyelids, and a straight nose with a rounded tip. Medium width mouth with defined cupid's bow. Smooth skin, no facial hair, and small stud earrings in free-lobed ears.",0.11323457211256027,2,0.5,0,1,0.11687953770160675,-0.0036449655890464783,50
siglip2_b16_224,face::test::183801.jpg,face,test,183801.jpg,llm_human_description,gemini:gemini-3.1-flash-lite:3cab990ae372,information_reduced,"This is an adult woman with an oval-shaped face and a fairly neutral look. She has almond-shaped eyes, eyebrows with a soft arch, and a straight nose. Her hair is pulled back, and she is wearing small stud earrings.",0.11533589661121368,3,0.3333333333333333,0,1,0.11763301491737366,-0.002297118306159973,50
siglip2_b16_224,face::test::188858.jpg,face,test,188858.jpg,llm_brief,gemini:gemini-3.1-flash-lite:3cab990ae372,information_reduced,"A young woman with an oval face, almond-shaped eyes, and a straight nose.",0.11300215125083923,11,0.09090909090909091,0,0,0.13133589923381805,-0.01833374798297882,50
siglip2_b16_224,face::test::188858.jpg,face,test,188858.jpg,llm_balanced,gemini:gemini-3.1-flash-lite:3cab990ae372,information_reduced,"Young woman with an oval face, rounded hairline, soft-arched eyebrows, almond-shaped eyes, and a straight nose with a rounded tip.",0.10102307796478271,18,0.05555555555555555,0,0,0.12857678532600403,-0.027553707361221313,50
siglip2_b16_224,face::test::188858.jpg,face,test,188858.jpg,llm_detailed,gemini:gemini-3.1-flash-lite:3cab990ae372,information_reduced,"Young adult woman with an oval face shape. Features a rounded hairline with moderate temporal recession, medium-thick soft-arched eyebrows with lateral thinning, almond-shaped eyes with double upper-lid creases, a straight nasal dorsum with a rounded tip, and a medium-width mouth with a defined cupid's bow. Skin is smooth without prominent marks.",0.09735404700040817,7,0.14285714285714285,0,0,0.12554213404655457,-0.028188087046146393,50
siglip2_b16_224,face::test::188858.jpg,face,test,188858.jpg,llm_human_description,gemini:gemini-3.1-flash-lite:3cab990ae372,information_reduced,"This is a young woman with an oval-shaped face and smooth skin. She has almond-shaped eyes, arched eyebrows that are thinner toward the outer edges, and a straight nose with a rounded tip. Her mouth has a well-defined cupid's bow and she is showing her upper teeth in a wide smile.",0.08877424150705338,20,0.05,0,0,0.11488756537437439,-0.026113323867321014,50
siglip2_b16_224,face::test::196777.jpg,face,test,196777.jpg,llm_brief,gemini:gemini-3.1-flash-lite:3cab990ae372,information_reduced,"Young adult male with an oval face, square jawline, thick straight eyebrows, and short stubble.",0.12010598182678223,6,0.16666666666666666,0,0,0.1424814611673355,-0.022375479340553284,50
siglip2_b16_224,face::test::196777.jpg,face,test,196777.jpg,llm_balanced,gemini:gemini-3.1-flash-lite:3cab990ae372,information_reduced,"Young adult male with an oval face shape, square jawline, and thick straight eyebrows. He has an almond-shaped eye structure and short stubble on his upper lip, chin, and jawline.",0.11503857374191284,8,0.125,0,0,0.13678310811519623,-0.021744534373283386,50
siglip2_b16_224,face::test::196777.jpg,face,test,196777.jpg,llm_detailed,gemini:gemini-3.1-flash-lite:3cab990ae372,information_reduced,"Young adult male with an oval face, moderate soft tissue, and prominent bone structure. Features include a medium forehead with slight temporal recession, thick straight eyebrows, and almond-shaped eyes with a double lid crease. The nose has a straight dorsum and bulbous tip. The jaw is broad and square with a rounded chin. Short stubble covers the upper lip, chin, and jawline. Ears have free lobes.",0.08727936446666718,14,0.07142857142857142,0,0,0.1092505007982254,-0.021971136331558228,50
siglip2_b16_224,face::test::196777.jpg,face,test,196777.jpg,llm_human_description,gemini:gemini-3.1-flash-lite:3cab990ae372,information_reduced,"A young guy with an oval face and a strong, square jaw. He has thick, straight eyebrows and a bit of stubble on his chin and jawline. His nose is fairly prominent with a rounded tip, and he has almond-shaped eyes.",0.11341186612844467,5,0.2,0,1,0.1338076889514923,-0.020395822823047638,50
siglip2_b16_224,face::test::184003.jpg,face,test,184003.jpg,llm_brief,gemini:gemini-3.1-flash-lite:3cab990ae372,information_reduced,"A young adult male with an oval face, rounded chin, and clean-shaven face.",0.11476654559373856,9,0.1111111111111111,0,0,0.14623425900936127,-0.03146771341562271,50
siglip2_b16_224,face::test::184003.jpg,face,test,184003.jpg,llm_balanced,gemini:gemini-3.1-flash-lite:3cab990ae372,information_reduced,"Young adult male with an oval face, medium-height forehead, and rounded chin. He features medium-thickness arched eyebrows, almond-shaped eyes with double-lid creases, and a straight nose with a rounded tip. He is clean-shaven.",0.1005902886390686,19,0.05263157894736842,0,0,0.1309620589017868,-0.0303717702627182,50
siglip2_b16_224,face::test::184003.jpg,face,test,184003.jpg,llm_detailed,gemini:gemini-3.1-flash-lite:3cab990ae372,information_reduced,"Young adult male with an oval face, medium-height forehead, and rounded chin. Facial features include medium-thickness arched eyebrows, almond-shaped eyes with upward canthal tilt and visible double upper-lid creases, and a straight nose with a rounded, moderately projecting tip. The mouth is moderate in width with medium-full lips and a defined cupid's bow. He has a clean-shaven face and average-sized ears with free lobes.",0.0937701016664505,11,0.09090909090909091,0,0,0.13042446970939636,-0.03665436804294586,50
siglip2_b16_224,face::test::184003.jpg,face,test,184003.jpg,llm_human_description,gemini:gemini-3.1-flash-lite:3cab990ae372,information_reduced,"This is a young adult man with an oval-shaped face and a clean-shaven look. He has a fairly rounded chin, medium-height forehead, and neatly arched eyebrows. His eyes are almond-shaped with visible double-lids, and he has a straight nose with a rounded tip. His mouth is medium-sized with well-defined lips.",0.10083937644958496,13,0.07692307692307693,0,0,0.12592928111553192,-0.02508990466594696,50
siglip2_b16_224,face::test::201409.jpg,face,test,201409.jpg,llm_brief,gemini:gemini-3.1-flash-lite:3cab990ae372,information_reduced,"Young adult male with an oval face, receding hairline, thick eyebrows, and short facial stubble.",0.13111639022827148,3,0.3333333333333333,0,1,0.1334766149520874,-0.002360224723815918,50
siglip2_b16_224,face::test::201409.jpg,face,test,201409.jpg,llm_balanced,gemini:gemini-3.1-flash-lite:3cab990ae372,information_reduced,"Young adult male with an oval face, receding hairline, thick soft-arched eyebrows, almond-shaped eyes, and short facial stubble on the cheeks, jaw, and chin.",0.12033477425575256,5,0.2,0,1,0.14057369530200958,-0.02023892104625702,50
siglip2_b16_224,face::test::201409.jpg,face,test,201409.jpg,llm_detailed,gemini:gemini-3.1-flash-lite:3cab990ae372,information_reduced,"Young adult male, oval face with strong bone structure, high forehead, and receding hairline. Features include thick, dense, soft-arched eyebrows, almond-shaped eyes with visible creases, a straight-dorsum nose with a rounded tip, and medium-width mouth with defined cupid's bow. Short facial stubble covers the cheeks, jaw, and chin; ears have free lobes.",0.0883680135011673,13,0.07692307692307693,0,0,0.11230574548244476,-0.023937731981277466,50
siglip2_b16_224,face::test::201409.jpg,face,test,201409.jpg,llm_human_description,gemini:gemini-3.1-flash-lite:3cab990ae372,information_reduced,"That young guy has an oval face with a receding hairline, thick dark eyebrows, and short stubble on his jaw. He has a pretty standard straight nose and almond-shaped eyes.",0.13013920187950134,4,0.25,0,1,0.14031818509101868,-0.010178983211517334,50
siglip2_b16_224,face::test::196611.jpg,face,test,196611.jpg,llm_brief,gemini:gemini-3.1-flash-lite:3cab990ae372,information_reduced,"Adult woman with oval face, almond-shaped eyes, straight nose, and long reddish-brown hair.",0.1326865404844284,4,0.25,0,1,0.1376960575580597,-0.005009517073631287,50
siglip2_b16_224,face::test::196611.jpg,face,test,196611.jpg,llm_balanced,gemini:gemini-3.1-flash-lite:3cab990ae372,information_reduced,"Adult woman with an oval face, prominent cheekbones, almond-shaped eyes, and a straight nose, wearing a linked metal necklace and featuring long reddish-brown hair.",0.1316191852092743,1,1.0,1,1,0.12108200788497925,0.010537177324295044,50
siglip2_b16_224,face::test::196611.jpg,face,test,196611.jpg,llm_detailed,gemini:gemini-3.1-flash-lite:3cab990ae372,information_reduced,"Adult woman with an oval face, prominent cheekbones, and moderate forehead with a straight hairline. Medium-thickness soft-arched eyebrows, almond-shaped eyes with upward canthal tilt, and double eyelid creases. Straight nose, moderate vermilion fullness in the mouth, and a defined jawline with a rounded chin. Hair is long and reddish-brown; wearing a linked metal necklace.",0.09497012197971344,14,0.07142857142857142,0,0,0.12658073008060455,-0.03161060810089111,50
siglip2_b16_224,face::test::196611.jpg,face,test,196611.jpg,llm_human_description,gemini:gemini-3.1-flash-lite:3cab990ae372,information_reduced,"A woman with a nice oval face, long reddish-brown hair, and almond-shaped eyes. She has a bright smile, a clear complexion, and she is wearing a linked metal necklace.",0.1406625211238861,1,1.0,1,1,0.12896610796451569,0.011696413159370422,50
siglip2_b16_224,person::train::00197_4.png,person,train,00197_4.png,llm_attribute_list,gemini:gemini-3.1-flash-lite:db9b7254d53d,information_reduced,woman; average-build; hair; long; brown; winter jacket; light brown; fur hood; pants; light blue; shoes; white,0.10510945320129395,5,0.2,0,1,0.13277480006217957,-0.02766534686088562,50
siglip2_b16_224,person::train::00197_4.png,person,train,00197_4.png,llm_distinctive_first,gemini:gemini-3.1-flash-lite:db9b7254d53d,information_reduced,"Light brown winter jacket with a fur hood worn by an average-build woman with long brown hair, light blue pants, and white shoes.",0.12546125054359436,4,0.25,0,1,0.1554098129272461,-0.029948562383651733,50
siglip2_b16_224,person::train::03736_1.jpg,person,train,03736_1.jpg,llm_attribute_list,gemini:gemini-3.1-flash-lite:db9b7254d53d,information_reduced,man;build:average;hair:short and dark;face:eyeglasses;skin tone:medium;jacket:black long-sleeved quilted with light gray collar lining;inner collar:dark;pants:black long;shoes:black;bag:white plastic,0.08645569533109665,16,0.0625,0,0,0.09840211272239685,-0.011946417391300201,50
siglip2_b16_224,person::train::03736_1.jpg,person,train,03736_1.jpg,llm_distinctive_first,gemini:gemini-3.1-flash-lite:db9b7254d53d,information_reduced,"Man with eyeglasses and short dark hair wears a black long-sleeved quilted jacket featuring a light gray collar lining over a dark inner collar, paired with black long pants and black shoes, while carrying a white plastic bag. He has a medium skin tone and an average build.",0.11383134126663208,4,0.25,0,1,0.1309174746274948,-0.017086133360862732,50
siglip2_b16_224,person::train::06597_2.jpg,person,train,06597_2.jpg,llm_attribute_list,gemini:gemini-3.1-flash-lite:db9b7254d53d,information_reduced,man; average-build; hair; short; dark; shirt; dark blue; short-sleeved; collared; trousers; dark; shoes; dark,0.10486578196287155,4,0.25,0,1,0.11814279854297638,-0.013277016580104828,50
siglip2_b16_224,person::train::06597_2.jpg,person,train,06597_2.jpg,llm_distinctive_first,gemini:gemini-3.1-flash-lite:db9b7254d53d,information_reduced,"Dark blue short-sleeved collared shirt worn by an average-build man with short dark hair, dark trousers, and dark shoes.",0.10398856550455093,20,0.05,0,0,0.1291493922472,-0.02516082674264908,50
siglip2_b16_224,person::train::10977_1.jpg,person,train,10977_1.jpg,llm_attribute_list,gemini:gemini-3.1-flash-lite:db9b7254d53d,information_reduced,woman; shoulder-length dark brown hair; black sunglasses; white face mask; light gray short-sleeved top; dark pants; dark sandals; dark shoulder bag; shoulder bag strap,0.16880778968334198,1,1.0,1,1,0.150595560669899,0.018212229013442993,50
siglip2_b16_224,person::train::10977_1.jpg,person,train,10977_1.jpg,llm_distinctive_first,gemini:gemini-3.1-flash-lite:db9b7254d53d,information_reduced,"Dark shoulder bag with a strap over one shoulder, black sunglasses, and a white face mask on an average-build woman with shoulder-length dark brown hair, wearing a light gray short-sleeved top, dark pants, and dark sandals.",0.17884691059589386,1,1.0,1,1,0.1571386754512787,0.021708235144615173,50
siglip2_b16_224,person::train::12050_5.jpg,person,train,12050_5.jpg,llm_attribute_list,gemini:gemini-3.1-flash-lite:db9b7254d53d,information_reduced,"person; build: average; hair: short, brown; shirt: short-sleeved, white, polo; pants: light brown; shoes: dark brown",0.12138225138187408,3,0.3333333333333333,0,1,0.1268347054719925,-0.005452454090118408,50
siglip2_b16_224,person::train::12050_5.jpg,person,train,12050_5.jpg,llm_distinctive_first,gemini:gemini-3.1-flash-lite:db9b7254d53d,information_reduced,"A person wearing a short-sleeved white polo shirt with light brown pants and dark brown shoes, featuring short brown hair and an average build.",0.16102612018585205,2,0.5,0,1,0.164852574467659,-0.003826454281806946,50
siglip2_b16_224,person::train::08529_4.jpg,person,train,08529_4.jpg,llm_attribute_list,gemini:gemini-3.1-flash-lite:db9b7254d53d,information_reduced,"male; build: average; outer jacket: dark blue, long-sleeved; inner garment: white; trousers: white; shoes: dark; headwear: dark",0.13795335590839386,1,1.0,1,1,0.1299440562725067,0.008009299635887146,50
siglip2_b16_224,person::train::08529_4.jpg,person,train,08529_4.jpg,llm_distinctive_first,gemini:gemini-3.1-flash-lite:db9b7254d53d,information_reduced,"Dark headwear and a dark blue long-sleeved outer jacket worn over a white inner garment define this average-build male, who is further dressed in white trousers and dark shoes.",0.16362348198890686,1,1.0,1,1,0.1388128697872162,0.024810612201690674,50
siglip2_b16_224,person::train::01742_4.jpg,person,train,01742_4.jpg,llm_attribute_list,gemini:gemini-3.1-flash-lite:db9b7254d53d,information_reduced,"woman; average-build; hair: dark brown, tied back in a ponytail; eyeglasses; scarf: dark brown, wrapped around neck; coat: light brown, hooded, winter, long sleeves, knee-length hem; pants: black; shoes: light brown",0.12638354301452637,1,1.0,1,1,0.126107320189476,0.000276222825050354,50
siglip2_b16_224,person::train::01742_4.jpg,person,train,01742_4.jpg,llm_distinctive_first,gemini:gemini-3.1-flash-lite:db9b7254d53d,information_reduced,"Dark brown ponytail, eyeglasses, and dark brown neck scarf worn by an average-build woman. She is wearing a light brown hooded winter coat with long sleeves and a knee-length hem, paired with black pants and light brown shoes.",0.16393323242664337,1,1.0,1,1,0.13732504844665527,0.026608183979988098,50
siglip2_b16_224,person::train::05158_3.jpg,person,train,05158_3.jpg,llm_attribute_list,gemini:gemini-3.1-flash-lite:db9b7254d53d,information_reduced,"male; person build: average; hooded jacket: black, long sleeves; pants: dark",0.11820918321609497,2,0.5,0,1,0.13451580703258514,-0.016306623816490173,50
siglip2_b16_224,person::train::05158_3.jpg,person,train,05158_3.jpg,llm_distinctive_first,gemini:gemini-3.1-flash-lite:db9b7254d53d,information_reduced,"Black hooded jacket with long sleeves worn by a male of average build, dressed in dark pants.",0.13748949766159058,1,1.0,1,1,0.13681519031524658,0.0006743073463439941,50
siglip2_b16_224,person::train::02167_1.jpg,person,train,02167_1.jpg,llm_attribute_list,gemini:gemini-3.1-flash-lite:db9b7254d53d,information_reduced,person; slim build; short dark hair; eyeglasses with thin frames; dark jacket; long sleeves; light-colored collar; black pants; black backpack; backpack on both shoulders,0.13166850805282593,1,1.0,1,1,0.13145941495895386,0.0002090930938720703,50
siglip2_b16_224,person::train::02167_1.jpg,person,train,02167_1.jpg,llm_distinctive_first,gemini:gemini-3.1-flash-lite:db9b7254d53d,information_reduced,"Eyeglasses with thin frames and short dark hair characterize this person, who wears a dark jacket with long sleeves over a light-colored collar. The person has a slim build and is dressed in black pants while carrying a black backpack on both shoulders.",0.11115746200084686,2,0.5,0,1,0.11179481446743011,-0.000637352466583252,50
siglip2_b16_224,person::train::00233_10.png,person,train,00233_10.png,llm_attribute_list,gemini:gemini-3.1-flash-lite:db9b7254d53d,information_reduced,Adult male; hair: short dark; shirt: dark blue short-sleeved collared; trousers: black; shoes: black; build: average,0.12188136577606201,2,0.5,0,1,0.12518128752708435,-0.003299921751022339,50
siglip2_b16_224,person::train::00233_10.png,person,train,00233_10.png,llm_distinctive_first,gemini:gemini-3.1-flash-lite:db9b7254d53d,information_reduced,Dark blue short-sleeved collared shirt worn with black trousers and black shoes on an adult male with short dark hair and an average build.,0.11705581843852997,3,0.3333333333333333,0,1,0.13295553624629974,-0.015899717807769775,50
siglip2_b16_224,person::train::01108_7.png,person,train,01108_7.png,llm_attribute_list,gemini:gemini-3.1-flash-lite:db9b7254d53d,information_reduced,"person: male; build: average; hair: dark brown medium-length; jacket: dark blue hooded, long sleeves; pants: dark; shoes: dark",0.11682876199483871,11,0.09090909090909091,0,0,0.13499842584133148,-0.018169663846492767,50
siglip2_b16_224,person::train::01108_7.png,person,train,01108_7.png,llm_distinctive_first,gemini:gemini-3.1-flash-lite:db9b7254d53d,information_reduced,Dark brown medium-length hair and a dark blue hooded jacket with long sleeves are worn by an average build male in dark pants and dark shoes.,0.0949728861451149,17,0.058823529411764705,0,0,0.1320604681968689,-0.037087582051754,50
siglip2_b16_224,person::train::06085_7.jpg,person,train,06085_7.jpg,llm_attribute_list,gemini:gemini-3.1-flash-lite:db9b7254d53d,information_reduced,"male: average build; hair: short dark; shirt: long-sleeved light gray; pants: dark; shoes: black; backpack: dark, worn on both shoulders.",0.11140824109315872,23,0.043478260869565216,0,0,0.13144296407699585,-0.020034722983837128,50
siglip2_b16_224,person::train::06085_7.jpg,person,train,06085_7.jpg,llm_distinctive_first,gemini:gemini-3.1-flash-lite:db9b7254d53d,information_reduced,"A dark backpack worn on both shoulders distinguishes this male with short dark hair, who is wearing a long-sleeved light gray shirt, dark pants, and black shoes. He has an average build.",0.13520236313343048,4,0.25,0,1,0.15438486635684967,-0.01918250322341919,50
siglip2_b16_224,person::train::12462_1.jpg,person,train,12462_1.jpg,llm_attribute_list,gemini:gemini-3.1-flash-lite:db9b7254d53d,information_reduced,"man; average-build; hair: short and light; eyeglasses: present; shirt: light blue, short-sleeved, collared; trousers: dark",0.10840007662773132,24,0.041666666666666664,0,0,0.12394799292087555,-0.015547916293144226,50
siglip2_b16_224,person::train::12462_1.jpg,person,train,12462_1.jpg,llm_distinctive_first,gemini:gemini-3.1-flash-lite:db9b7254d53d,information_reduced,"Light-haired man with eyeglasses wearing a light blue short-sleeved collared shirt and dark trousers, characterized by an average build.",0.10531807690858841,5,0.2,0,1,0.11942130327224731,-0.014103226363658905,50
siglip2_b16_224,person::train::01924_2.jpg,person,train,01924_2.jpg,llm_attribute_list,gemini:gemini-3.1-flash-lite:db9b7254d53d,information_reduced,"Person: male, average build, short dark hair; hooded puffer jacket: grey and black patterned design; shirt: striped; pants: dark blue; shoes: red with white soles.",0.14637061953544617,1,1.0,1,1,0.14457884430885315,0.0017917752265930176,50
siglip2_b16_224,person::train::01924_2.jpg,person,train,01924_2.jpg,llm_distinctive_first,gemini:gemini-3.1-flash-lite:db9b7254d53d,information_reduced,"Grey and black patterned hooded puffer jacket worn over a striped shirt, paired with dark blue pants and red shoes with white soles on a male of average build with short dark hair.",0.1756730079650879,1,1.0,1,1,0.1281605362892151,0.0475124716758728,50
siglip2_b16_224,person::train::00969_2.png,person,train,00969_2.png,llm_attribute_list,gemini:gemini-3.1-flash-lite:db9b7254d53d,information_reduced,"person; average build; hair: dark brown medium-length; eyes: dark sunglasses; jacket: dark, long sleeves; trousers: dark; shoes: dark; shopping bag: white, dark pattern.",0.11947247385978699,2,0.5,0,1,0.12078680098056793,-0.0013143271207809448,50
siglip2_b16_224,person::train::00969_2.png,person,train,00969_2.png,llm_distinctive_first,gemini:gemini-3.1-flash-lite:db9b7254d53d,information_reduced,"Dark sunglasses paired with a white shopping bag featuring a dark pattern are held by a person of average build who has dark brown medium-length hair, wearing a dark long-sleeved jacket, dark trousers, and dark shoes.",0.15751957893371582,1,1.0,1,1,0.13388365507125854,0.023635923862457275,50
siglip2_b16_224,person::train::09634_1.jpg,person,train,09634_1.jpg,llm_attribute_list,gemini:gemini-3.1-flash-lite:db9b7254d53d,information_reduced,"person: average-build; hair: long dark; cardigan: white; top: white; pants: black; shoes: dark; shoulder bag: dark, cross-body strap; watch: worn on wrist.",0.10625455528497696,5,0.2,0,1,0.11495760083198547,-0.008703045547008514,50
siglip2_b16_224,person::train::09634_1.jpg,person,train,09634_1.jpg,llm_distinctive_first,gemini:gemini-3.1-flash-lite:db9b7254d53d,information_reduced,"A dark shoulder bag with a cross-body strap is worn over a white cardigan and white top, accompanied by black pants and dark shoes on an average-build person with long dark hair and a watch on the wrist.",0.14441344141960144,1,1.0,1,1,0.14078956842422485,0.003623872995376587,50
siglip2_b16_224,person::train::11561_6.jpg,person,train,11561_6.jpg,llm_attribute_list,gemini:gemini-3.1-flash-lite:db9b7254d53d,information_reduced,woman; average build; hair dark short; skin tone light; jacket light blue hooded puffer with long sleeves; pants dark blue; boots dark brown; shoulder bag light brown with long strap,0.1450033187866211,1,1.0,1,1,0.1287274807691574,0.016275838017463684,50
siglip2_b16_224,person::train::11561_6.jpg,person,train,11561_6.jpg,llm_distinctive_first,gemini:gemini-3.1-flash-lite:db9b7254d53d,information_reduced,"Light blue hooded puffer jacket with long sleeves worn over dark blue pants, dark brown boots, and a light brown shoulder bag with a long strap on a woman with dark short hair, light skin tone, and an average build.",0.15280890464782715,1,1.0,1,1,0.12510722875595093,0.02770167589187622,50
siglip2_b16_224,person::train::08528_6.jpg,person,train,08528_6.jpg,llm_attribute_list,gemini:gemini-3.1-flash-lite:db9b7254d53d,information_reduced,"male build: average; male hair: short, dark; male accessory: dark cap; male skin tone: light; jacket: long-sleeved, black, zipped; shirt: white; jeans: light blue; shoes: white",0.09033328294754028,9,0.1111111111111111,0,0,0.10285899043083191,-0.012525707483291626,50
siglip2_b16_224,person::train::08528_6.jpg,person,train,08528_6.jpg,llm_distinctive_first,gemini:gemini-3.1-flash-lite:db9b7254d53d,information_reduced,"A dark cap worn by an average-build male with short dark hair and light skin tone, wearing a long-sleeved black jacket zipped over a white shirt, light blue jeans, and white shoes.",0.14451093971729279,1,1.0,1,1,0.14055292308330536,0.003958016633987427,50
siglip2_b16_224,person::train::01287_5.jpg,person,train,01287_5.jpg,llm_attribute_list,gemini:gemini-3.1-flash-lite:db9b7254d53d,information_reduced,"person; average build; hair; dark; scarf; red; coat; light gray, long-sleeved, front pockets; skirt; white; leggings; black; shoes; black",0.13816049695014954,1,1.0,1,1,0.13049596548080444,0.007664531469345093,50
siglip2_b16_224,person::train::01287_5.jpg,person,train,01287_5.jpg,llm_distinctive_first,gemini:gemini-3.1-flash-lite:db9b7254d53d,information_reduced,A red scarf wrapped around the neck and a light gray long-sleeved coat with front pockets worn over a white skirt and black leggings with black shoes characterize this person with an average build and dark hair.,0.19547060132026672,1,1.0,1,1,0.08740443736314774,0.10806616395711899,50
siglip2_b16_224,person::train::10252_1.jpg,person,train,10252_1.jpg,llm_attribute_list,gemini:gemini-3.1-flash-lite:db9b7254d53d,information_reduced,"Person: female, average build, long dark hair; jacket: black, long-sleeved; mid-layer garment: light gray; trousers: dark blue; shoes: dark; bag: black shoulder bag, thin strap.",0.12898823618888855,1,1.0,1,1,0.11531991511583328,0.013668321073055267,50
siglip2_b16_224,person::train::10252_1.jpg,person,train,10252_1.jpg,llm_distinctive_first,gemini:gemini-3.1-flash-lite:db9b7254d53d,information_reduced,"Black shoulder bag with a thin strap worn over a black long-sleeved jacket and light gray mid-layer garment, paired with dark blue trousers and dark shoes. The individual is a female of average build with long dark hair.",0.15016378462314606,3,0.3333333333333333,0,1,0.1633724421262741,-0.013208657503128052,50
siglip2_b16_224,person::train::08924_1.jpg,person,train,08924_1.jpg,llm_attribute_list,gemini:gemini-3.1-flash-lite:db9b7254d53d,information_reduced,person; average-build; female; hair; dark; top; dark blue; long-sleeved; pants; dark; shoes; dark; bag; dark; strap; smartphone; holding,0.08534954488277435,40,0.025,0,0,0.11732038855552673,-0.03197084367275238,50
siglip2_b16_224,person::train::08924_1.jpg,person,train,08924_1.jpg,llm_distinctive_first,gemini:gemini-3.1-flash-lite:db9b7254d53d,information_reduced,"A dark blue long-sleeved top is worn by an average-build female with dark hair who carries a dark bag by its strap and holds a smartphone, while wearing dark pants and dark shoes.",0.07289120554924011,42,0.023809523809523808,0,0,0.14842326939105988,-0.07553206384181976,50
siglip2_b16_224,person::train::02319_1.jpg,person,train,02319_1.jpg,llm_attribute_list,gemini:gemini-3.1-flash-lite:db9b7254d53d,information_reduced,build; average; hair; short dark; jacket; orange and dark brown hooded puffer with long sleeves; pants; black; shoes; white,0.15726915001869202,1,1.0,1,1,0.12425724416971207,0.03301190584897995,50
siglip2_b16_224,person::train::02319_1.jpg,person,train,02319_1.jpg,llm_distinctive_first,gemini:gemini-3.1-flash-lite:db9b7254d53d,information_reduced,The orange and dark brown hooded puffer jacket with long sleeves is paired with black pants and white shoes. This person has short dark hair and an average build.,0.16695734858512878,2,0.5,0,1,0.17626771330833435,-0.009310364723205566,50
siglip2_b16_224,person::train::09715_3.jpg,person,train,09715_3.jpg,llm_attribute_list,gemini:gemini-3.1-flash-lite:db9b7254d53d,information_reduced,person; average build; cap; black; hooded sweatshirt; long-sleeve; black; shorts; black,0.089723140001297,4,0.25,0,1,0.11216345429420471,-0.022440314292907715,50
siglip2_b16_224,person::train::09715_3.jpg,person,train,09715_3.jpg,llm_distinctive_first,gemini:gemini-3.1-flash-lite:db9b7254d53d,information_reduced,"Wearing a black cap, long-sleeve black hooded sweatshirt, and black shorts, this person is of average build.",0.154899001121521,1,1.0,1,1,0.15348586440086365,0.0014131367206573486,50
siglip2_b16_224,person::train::13508_2.jpg,person,train,13508_2.jpg,llm_attribute_list,gemini:gemini-3.1-flash-lite:db9b7254d53d,information_reduced,"woman; average build; hair: voluminous, black; top: sleeveless, black; skirt: short, black; boots: reaching above the knees, black",0.14261697232723236,1,1.0,1,1,0.12802140414714813,0.014595568180084229,50
siglip2_b16_224,person::train::13508_2.jpg,person,train,13508_2.jpg,llm_distinctive_first,gemini:gemini-3.1-flash-lite:db9b7254d53d,information_reduced,"A woman with voluminous black hair wears a black sleeveless top, a short black skirt, and black boots that reach above the knees. She has an average build.",0.1351083666086197,1,1.0,1,1,0.10387489944696426,0.031233467161655426,50
siglip2_b16_224,person::train::09751_6.jpg,person,train,09751_6.jpg,llm_attribute_list,gemini:gemini-3.1-flash-lite:db9b7254d53d,information_reduced,person; male; body; average build; hair; short dark; shirt; long-sleeved white; shorts; dark; shoes; white,0.11635085940361023,3,0.3333333333333333,0,1,0.12133578956127167,-0.004984930157661438,50
siglip2_b16_224,person::train::09751_6.jpg,person,train,09751_6.jpg,llm_distinctive_first,gemini:gemini-3.1-flash-lite:db9b7254d53d,information_reduced,The long-sleeved white shirt worn with dark shorts and white shoes identifies a male with short dark hair and an average build.,0.15097296237945557,1,1.0,1,1,0.14891396462917328,0.0020589977502822876,50
siglip2_b16_224,person::train::11903_4.jpg,person,train,11903_4.jpg,llm_attribute_list,gemini:gemini-3.1-flash-lite:db9b7254d53d,information_reduced,person; average build; dark skin tone; dark medium-length hair; white short-sleeved crew-neck t-shirt; t-shirt; large graphic print of a face; dark trousers; silver-colored watch; watch on right wrist.,0.10362926870584488,4,0.25,0,1,0.11814785748720169,-0.014518588781356812,50
siglip2_b16_224,person::train::11903_4.jpg,person,train,11903_4.jpg,llm_distinctive_first,gemini:gemini-3.1-flash-lite:db9b7254d53d,information_reduced,"A white short-sleeved crew-neck t-shirt featuring a large graphic print of a face on the front distinguishes this person, who has dark medium-length hair, dark skin tone, and an average build. She wears dark trousers and a silver-colored watch on the right wrist.",0.08826929330825806,1,1.0,1,1,0.07540156692266464,0.012867726385593414,50
siglip2_b16_224,person::train::03720_4.jpg,person,train,03720_4.jpg,llm_attribute_list,gemini:gemini-3.1-flash-lite:db9b7254d53d,information_reduced,child; build: slim; hair: short and dark; coat: long-sleeved dark pink hooded puffer; pants: black; shoes: pink and white.,0.17789821326732635,1,1.0,1,1,0.1597614586353302,0.018136754631996155,50
siglip2_b16_224,person::train::03720_4.jpg,person,train,03720_4.jpg,llm_distinctive_first,gemini:gemini-3.1-flash-lite:db9b7254d53d,information_reduced,"The child wears a long-sleeved dark pink hooded puffer coat with black pants and pink and white shoes, featuring a slim build and short dark hair.",0.20693598687648773,1,1.0,1,1,0.15507005155086517,0.05186593532562256,50
siglip2_b16_224,person::train::26249_12.jpg,person,train,26249_12.jpg,llm_attribute_list,gemini:gemini-3.1-flash-lite:db9b7254d53d,information_reduced,adult male; stocky build; short dark hair; light skin tone; light blue long-sleeved collared shirt; shirt sleeves rolled-up; dark trousers; black shoes; white rectangular folder; two-wheeled cart; green mesh container,0.06622707098722458,16,0.0625,0,0,0.09672418236732483,-0.03049711138010025,50
siglip2_b16_224,person::train::26249_12.jpg,person,train,26249_12.jpg,llm_distinctive_first,gemini:gemini-3.1-flash-lite:db9b7254d53d,information_reduced,"A light blue long-sleeved collared shirt with rolled-up sleeves and dark trousers worn by an adult male with a stocky build, short dark hair, and light skin tone. He is wearing black shoes, holding a white rectangular folder, and pulling a two-wheeled cart with a green mesh container.",0.10674132406711578,2,0.5,0,1,0.11006568372249603,-0.003324359655380249,50
siglip2_b16_224,person::train::08634_3.jpg,person,train,08634_3.jpg,llm_attribute_list,gemini:gemini-3.1-flash-lite:db9b7254d53d,information_reduced,"person; average build; light skin tone; short gray hair; sunglasses; white sleeveless outer vest; short-sleeved striped shirt with horizontal white, black, and blue stripes; dark blue shirt collar; black pants; black shoes; black shoulder bag; long bag strap; blue garment draped over the shoulder bag; watch on left wrist.",0.13055741786956787,1,1.0,1,1,0.10675284266471863,0.023804575204849243,50
siglip2_b16_224,person::train::08634_3.jpg,person,train,08634_3.jpg,llm_distinctive_first,gemini:gemini-3.1-flash-lite:db9b7254d53d,information_reduced,"Short gray hair and sunglasses worn with a white sleeveless outer vest and a short-sleeved striped shirt featuring horizontal white, black, and blue stripes and a dark blue collar. This person has a light skin tone and an average build, wearing black pants and black shoes. They carry a black shoulder bag with a long strap and a blue garment draped over the bag, with a watch on their left wrist.",0.1400233805179596,1,1.0,1,1,0.09514403343200684,0.04487934708595276,50
siglip2_b16_224,person::train::00837_3.png,person,train,00837_3.png,llm_attribute_list,gemini:gemini-3.1-flash-lite:db9b7254d53d,information_reduced,"Person: male; build: average; hair: light-colored, short; jacket: dark green, long-sleeve; trousers: dark green; shoes: dark; bag: dark",0.07902272045612335,29,0.034482758620689655,0,0,0.10150927305221558,-0.022486552596092224,50
siglip2_b16_224,person::train::00837_3.png,person,train,00837_3.png,llm_distinctive_first,gemini:gemini-3.1-flash-lite:db9b7254d53d,information_reduced,"The dark green long-sleeve jacket and dark green trousers are worn by a male of average build with light-colored short hair, dark shoes, and a dark bag.",0.12258894741535187,6,0.16666666666666666,0,0,0.14246731996536255,-0.01987837255001068,50
siglip2_b16_224,person::query::26685_1.jpg,person,query,26685_1.jpg,llm_attribute_list,gemini:gemini-3.1-flash-lite:db9b7254d53d,information_reduced,Person: male; build: average; hair: short dark; shirt: long-sleeved light blue button-down; trousers: light brown; shoes: dark,0.10528916120529175,3,0.3333333333333333,0,1,0.11049602180719376,-0.005206860601902008,50
siglip2_b16_224,person::query::26685_1.jpg,person,query,26685_1.jpg,llm_distinctive_first,gemini:gemini-3.1-flash-lite:db9b7254d53d,information_reduced,"The male has short dark hair and wears a long-sleeved light blue button-down shirt paired with light brown trousers and dark shoes, with an average build.",0.1591425985097885,1,1.0,1,1,0.1435822695493698,0.015560328960418701,50
siglip2_b16_224,person::query::14604_1.png,person,query,14604_1.png,llm_attribute_list,gemini:gemini-3.1-flash-lite:db9b7254d53d,information_reduced,"male; build: average; headwear: black; upper garment: dark gray long-sleeved; pants: blue; shoes: black; backpack: black, carried on both shoulders.",0.12139526754617691,7,0.14285714285714285,0,0,0.13259804248809814,-0.011202774941921234,50
siglip2_b16_224,person::query::14604_1.png,person,query,14604_1.png,llm_distinctive_first,gemini:gemini-3.1-flash-lite:db9b7254d53d,information_reduced,"Black headwear and a black backpack carried on both shoulders identify an average build male wearing a dark gray long-sleeved upper garment, blue pants, and black shoes.",0.14874760806560516,2,0.5,0,1,0.1549513041973114,-0.006203696131706238,50
siglip2_b16_224,person::query::27008_3.jpg,person,query,27008_3.jpg,llm_attribute_list,gemini:gemini-3.1-flash-lite:db9b7254d53d,information_reduced,"Person: average build; hair: dark; jacket: long-sleeved, black; pants: dark; shoes: light-colored; object: smartphone held in hand",0.10099643468856812,20,0.05,0,0,0.1250954419374466,-0.02409900724887848,50
siglip2_b16_224,person::query::27008_3.jpg,person,query,27008_3.jpg,llm_distinctive_first,gemini:gemini-3.1-flash-lite:db9b7254d53d,information_reduced,"Holding a smartphone, this person wears a long-sleeved black jacket, dark pants, and light-colored shoes. They have dark hair and an average build.",0.13067856431007385,29,0.034482758620689655,0,0,0.1682199239730835,-0.037541359663009644,50
siglip2_b16_224,person::query::14994_1.png,person,query,14994_1.png,llm_attribute_list,gemini:gemini-3.1-flash-lite:db9b7254d53d,information_reduced,"male: average build; hair: short black; jacket: dark green, long-sleeved; trousers: dark gray, loose; shoes: white; backpack: yellow, worn on both shoulders.",0.09596437215805054,41,0.024390243902439025,0,0,0.13164614140987396,-0.035681769251823425,50
siglip2_b16_224,person::query::14994_1.png,person,query,14994_1.png,llm_distinctive_first,gemini:gemini-3.1-flash-lite:db9b7254d53d,information_reduced,"Yellow backpack worn on both shoulders over a dark green long-sleeved jacket, paired with dark gray loose trousers and white shoes on an average build male with short black hair.",0.12506812810897827,7,0.14285714285714285,0,0,0.1420978605747223,-0.01702973246574402,50
siglip2_b16_224,person::query::14459_1.png,person,query,14459_1.png,llm_attribute_list,gemini:gemini-3.1-flash-lite:db9b7254d53d,information_reduced,"man; average-build; hair; short dark; eyeglasses; shirt; long-sleeved button-down; shirt pattern; blue, white, and green plaid; pants; dark gray long; shoes; white",0.11443350464105606,4,0.25,0,1,0.11736933887004852,-0.002935834228992462,50
siglip2_b16_224,person::query::14459_1.png,person,query,14459_1.png,llm_distinctive_first,gemini:gemini-3.1-flash-lite:db9b7254d53d,information_reduced,"Blue, white, and green plaid long-sleeved button-down shirt worn by an average-build man with short dark hair and eyeglasses. He wears dark gray long pants and white shoes.",0.16699016094207764,1,1.0,1,1,0.14630886912345886,0.020681291818618774,50
siglip2_b16_224,person::query::26943_3.jpg,person,query,26943_3.jpg,llm_attribute_list,gemini:gemini-3.1-flash-lite:db9b7254d53d,information_reduced,male; build: average; hair: short and dark; shirt: red and short-sleeved; pants: dark; shoes: light-colored,0.11543510854244232,2,0.5,0,1,0.115877166390419,-0.00044205784797668457,50
siglip2_b16_224,person::query::26943_3.jpg,person,query,26943_3.jpg,llm_distinctive_first,gemini:gemini-3.1-flash-lite:db9b7254d53d,information_reduced,Red short-sleeved shirt paired with dark pants and light-colored shoes worn by an average-build male with short dark hair.,0.11905904114246368,6,0.16666666666666666,0,0,0.13122111558914185,-0.012162074446678162,50
siglip2_b16_224,person::query::26789_3.jpg,person,query,26789_3.jpg,llm_attribute_list,gemini:gemini-3.1-flash-lite:db9b7254d53d,information_reduced,"person: average build; male; hair: dark, short; shirt: dark red, long-sleeved; pants: blue; backpack: light-colored, straps on both shoulders",0.12919878959655762,2,0.5,0,1,0.13597440719604492,-0.006775617599487305,50
siglip2_b16_224,person::query::26789_3.jpg,person,query,26789_3.jpg,llm_distinctive_first,gemini:gemini-3.1-flash-lite:db9b7254d53d,information_reduced,"The light-colored backpack with straps on both shoulders is worn by an average-build male with dark short hair, wearing a dark red long-sleeved shirt and blue pants.",0.1264546513557434,5,0.2,0,1,0.1395418643951416,-0.013087213039398193,50
siglip2_b16_224,person::query::26935_2.jpg,person,query,26935_2.jpg,llm_attribute_list,gemini:gemini-3.1-flash-lite:db9b7254d53d,information_reduced,person; average build; headwear white; jacket long-sleeved light green; pants dark; shoes dark,0.12276388704776764,2,0.5,0,1,0.13196620345115662,-0.009202316403388977,50
siglip2_b16_224,person::query::26935_2.jpg,person,query,26935_2.jpg,llm_distinctive_first,gemini:gemini-3.1-flash-lite:db9b7254d53d,information_reduced,"White headwear worn with a long-sleeved light green jacket, dark pants, and dark shoes on a person of average build.",0.14655612409114838,1,1.0,1,1,0.14090220630168915,0.0056539177894592285,50
siglip2_b16_224,person::query::27100_1.jpg,person,query,27100_1.jpg,llm_attribute_list,gemini:gemini-3.1-flash-lite:db9b7254d53d,information_reduced,"male; build: average; hair: dark, short; cap: worn; shirt: long-sleeved, light pink, button-down; jeans: long, blue; shoes: dark; backpack: dark, worn on one shoulder.",0.10581858456134796,12,0.08333333333333333,0,0,0.1142158955335617,-0.008397310972213745,50
siglip2_b16_224,person::query::27100_1.jpg,person,query,27100_1.jpg,llm_distinctive_first,gemini:gemini-3.1-flash-lite:db9b7254d53d,information_reduced,"The long-sleeved light pink button-down shirt paired with a dark backpack worn on one shoulder characterizes the average-build male, who wears a cap, long blue jeans, dark shoes, and has short dark hair.",0.1441631019115448,4,0.25,0,1,0.1542399674654007,-0.010076865553855896,50
siglip2_b16_224,person::query::26761_2.jpg,person,query,26761_2.jpg,llm_attribute_list,gemini:gemini-3.1-flash-lite:db9b7254d53d,information_reduced,Person: average build; hair: dark; jacket: dark long-sleeved hooded; pants: dark; shoes: dark.,0.10150015354156494,6,0.16666666666666666,0,0,0.13064055144786835,-0.029140397906303406,50
siglip2_b16_224,person::query::26761_2.jpg,person,query,26761_2.jpg,llm_distinctive_first,gemini:gemini-3.1-flash-lite:db9b7254d53d,information_reduced,Dark long-sleeved hooded jacket worn with dark pants and dark shoes by a person with dark hair and an average build.,0.1158037781715393,8,0.125,0,0,0.13911259174346924,-0.02330881357192993,50
siglip2_b16_224,person::gallery::26474_5.jpg,person,gallery,26474_5.jpg,llm_attribute_list,gemini:gemini-3.1-flash-lite:db9b7254d53d,information_reduced,"person; male; body; average build; hair; short black; eyes; eyeglasses; jacket; light-colored hooded zip-up; shirt; purple-patterned collared; pants; dark blue; shoes; dark; backpack; black, worn on both shoulders",0.10010645538568497,22,0.045454545454545456,0,0,0.1250058263540268,-0.024899370968341827,50
siglip2_b16_224,person::gallery::26474_5.jpg,person,gallery,26474_5.jpg,llm_distinctive_first,gemini:gemini-3.1-flash-lite:db9b7254d53d,information_reduced,"Eyeglasses and short black hair define this male of average build, who is wearing a black backpack on both shoulders over a light-colored hooded zip-up jacket. He is dressed in a purple-patterned collared shirt, dark blue pants, and dark shoes.",0.13057279586791992,7,0.14285714285714285,0,0,0.1541174352169037,-0.023544639348983765,50
siglip2_b16_224,person::gallery::27153_5.jpg,person,gallery,27153_5.jpg,llm_attribute_list,gemini:gemini-3.1-flash-lite:db9b7254d53d,information_reduced,"adult: average build; shirt: long-sleeved, light gray; pants: dark; shoes: light-colored",0.10776945948600769,5,0.2,0,1,0.12024836242198944,-0.01247890293598175,50
siglip2_b16_224,person::gallery::27153_5.jpg,person,gallery,27153_5.jpg,llm_distinctive_first,gemini:gemini-3.1-flash-lite:db9b7254d53d,information_reduced,Light gray long-sleeved shirt and dark pants worn by an average build adult with light-colored shoes.,0.12486393749713898,13,0.07692307692307693,0,0,0.14466592669487,-0.019801989197731018,50
siglip2_b16_224,person::gallery::26789_1.jpg,person,gallery,26789_1.jpg,llm_attribute_list,gemini:gemini-3.1-flash-lite:db9b7254d53d,information_reduced,man;build:average;jacket:long-sleeved dark red;trousers:light gray;shoes:dark,0.10048504173755646,20,0.05,0,0,0.1275111734867096,-0.027026131749153137,50
siglip2_b16_224,person::gallery::26789_1.jpg,person,gallery,26789_1.jpg,llm_distinctive_first,gemini:gemini-3.1-flash-lite:db9b7254d53d,information_reduced,A long-sleeved dark red jacket worn with light gray trousers and dark shoes is on an average-build man.,0.09187854826450348,16,0.0625,0,0,0.14019960165023804,-0.04832105338573456,50
siglip2_b16_224,person::gallery::26721_4.jpg,person,gallery,26721_4.jpg,llm_attribute_list,gemini:gemini-3.1-flash-lite:db9b7254d53d,information_reduced,person: average build; jacket: dark long-sleeved; trousers: dark; shoes: dark.,0.13818101584911346,1,1.0,1,1,0.12161993235349655,0.016561083495616913,50
siglip2_b16_224,person::gallery::26721_4.jpg,person,gallery,26721_4.jpg,llm_distinctive_first,gemini:gemini-3.1-flash-lite:db9b7254d53d,information_reduced,Dark long-sleeved jacket worn with dark trousers and dark shoes on a person of average build.,0.13181394338607788,5,0.2,0,1,0.1385897547006607,-0.006775811314582825,50
siglip2_b16_224,person::gallery::26991_3.jpg,person,gallery,26991_3.jpg,llm_attribute_list,gemini:gemini-3.1-flash-lite:db9b7254d53d,information_reduced,male; average build; hair short and dark; skin light; shirt long-sleeved white with dark shoulder stripes and chest text; pants light brown loose; shoes white; smartphone held in hand,0.12986816465854645,1,1.0,1,1,0.12528502941131592,0.00458313524723053,50
siglip2_b16_224,person::gallery::26991_3.jpg,person,gallery,26991_3.jpg,llm_distinctive_first,gemini:gemini-3.1-flash-lite:db9b7254d53d,information_reduced,"Long-sleeved white shirt with dark shoulder stripes and chest text worn with loose light brown pants and white shoes. This male of average build has short dark hair and light skin, and is holding a smartphone in his hand.",0.16696716845035553,1,1.0,1,1,0.13595840334892273,0.0310087651014328,50
siglip2_b16_224,person::gallery::26735_2.jpg,person,gallery,26735_2.jpg,llm_attribute_list,gemini:gemini-3.1-flash-lite:db9b7254d53d,information_reduced,"male; build: average; hair: short and black; shirt: long-sleeve, horizontal stripes in blue, white, and purple; pants: dark; shoes: light brown; backpack: black, worn on both shoulders.",0.11537761986255646,2,0.5,0,1,0.1158749908208847,-0.0004973709583282471,50
siglip2_b16_224,person::gallery::26735_2.jpg,person,gallery,26735_2.jpg,llm_distinctive_first,gemini:gemini-3.1-flash-lite:db9b7254d53d,information_reduced,"Long-sleeve shirt with blue, white, and purple horizontal stripes and a black backpack worn on both shoulders; male of average build with short black hair, dark pants, and light brown shoes.",0.17185604572296143,1,1.0,1,1,0.14741024374961853,0.024445801973342896,50
siglip2_b16_224,person::gallery::14888_1.png,person,gallery,14888_1.png,llm_attribute_list,gemini:gemini-3.1-flash-lite:db9b7254d53d,information_reduced,person; slim build; short dark hair; jacket; bright blue; long-sleeved; hooded; jeans; blue; long; shoes; light brown; messenger bag; black; messenger bag strap; single; long; across right shoulder,0.12115880846977234,1,1.0,1,1,0.11769992858171463,0.0034588798880577087,50
siglip2_b16_224,person::gallery::14888_1.png,person,gallery,14888_1.png,llm_distinctive_first,gemini:gemini-3.1-flash-lite:db9b7254d53d,information_reduced,"Black messenger bag with a single long strap across the right shoulder worn by a male with short dark hair, slim build, a long-sleeved bright blue hooded jacket, long blue jeans, and light brown shoes.",0.17411410808563232,1,1.0,1,1,0.14206409454345703,0.03205001354217529,50
siglip2_b16_224,person::gallery::26774_3.jpg,person,gallery,26774_3.jpg,llm_attribute_list,gemini:gemini-3.1-flash-lite:db9b7254d53d,information_reduced,"Person: male; build: average; hair: short dark; jacket: blue hooded, long sleeves; pants: dark blue; shoes: white; backpack: black, worn on both shoulders.",0.11460572481155396,5,0.2,0,1,0.12447355687618256,-0.009867832064628601,50
siglip2_b16_224,person::gallery::26774_3.jpg,person,gallery,26774_3.jpg,llm_distinctive_first,gemini:gemini-3.1-flash-lite:db9b7254d53d,information_reduced,"A black backpack worn on both shoulders accompanies a person in a blue hooded jacket with long sleeves, dark blue pants, and white shoes. The individual has an average build and short dark hair.",0.1903296262025833,1,1.0,1,1,0.1723613739013672,0.017968252301216125,50
siglip2_b16_224,person::gallery::15309_3.png,person,gallery,15309_3.png,llm_attribute_list,gemini:gemini-3.1-flash-lite:db9b7254d53d,information_reduced,male: average-build; hair: short and dark; shirt: gray short-sleeve collared; pants: dark; shoes: dark,0.10429123044013977,3,0.3333333333333333,0,1,0.11978518962860107,-0.015493959188461304,50
siglip2_b16_224,person::gallery::15309_3.png,person,gallery,15309_3.png,llm_distinctive_first,gemini:gemini-3.1-flash-lite:db9b7254d53d,information_reduced,"Gray short-sleeve collared shirt worn by an average-build male with short dark hair, dark pants, and dark shoes.",0.1368328332901001,4,0.25,0,1,0.14176110923290253,-0.004928275942802429,50
siglip2_b16_224,person::gallery::15194_3.png,person,gallery,15194_3.png,llm_attribute_list,gemini:gemini-3.1-flash-lite:db9b7254d53d,information_reduced,person; average build; hair; short dark; eyeglasses; jacket; dark purple full-zip; trousers; light gray; shoes; dark; papers; held in hand,0.10436695069074631,10,0.1,0,0,0.1178327202796936,-0.013465769588947296,50
siglip2_b16_224,person::gallery::15194_3.png,person,gallery,15194_3.png,llm_distinctive_first,gemini:gemini-3.1-flash-lite:db9b7254d53d,information_reduced,"Eyeglasses and short dark hair characterize this person of average build. They are wearing a long-sleeved dark purple full-zip jacket paired with light gray trousers and dark shoes, and they hold papers in their hand.",0.1464613378047943,1,1.0,1,1,0.13940298557281494,0.00705835223197937,50
siglip2_b16_224,vehicle::train_images::19666_c077_02.jpg,vehicle,train_images,19666_c077_02.jpg,llm_attribute_list,gemini:gemini-3.1-flash-lite:db9b7254d53d,information_reduced,"Minivan, Volkswagen Touran; paint, black; rims, alloy; roof rails, silver; windows, tinted.",0.12045448273420334,1,1.0,1,1,0.11895839869976044,0.0014960840344429016,50
siglip2_b16_224,vehicle::train_images::19666_c077_02.jpg,vehicle,train_images,19666_c077_02.jpg,llm_distinctive_first,gemini:gemini-3.1-flash-lite:db9b7254d53d,information_reduced,"Black Volkswagen Touran minivan featuring silver roof rails, alloy rims, and tinted windows.",0.12875983119010925,4,0.25,0,1,0.1560167372226715,-0.027256906032562256,50
siglip2_b16_224,vehicle::train_images::13184_c012_02.jpg,vehicle,train_images,13184_c012_02.jpg,llm_attribute_list,gemini:gemini-3.1-flash-lite:db9b7254d53d,information_reduced,sedan; silver; steel wheels; multi-spoke hubcaps; sunroof; white cloth items; rear parcel shelf,0.12081603705883026,5,0.2,0,1,0.13382913172245026,-0.013013094663619995,50
siglip2_b16_224,vehicle::train_images::13184_c012_02.jpg,vehicle,train_images,13184_c012_02.jpg,llm_distinctive_first,gemini:gemini-3.1-flash-lite:db9b7254d53d,information_reduced,"Silver sedan with multi-spoke hubcaps on steel wheels and a sunroof, featuring several white cloth items located on the rear parcel shelf.",0.12224919348955154,7,0.14285714285714285,0,0,0.14505362510681152,-0.02280443161725998,50
siglip2_b16_224,vehicle::train_images::13608_c139_04.jpg,vehicle,train_images,13608_c139_04.jpg,llm_attribute_list,gemini:gemini-3.1-flash-lite:db9b7254d53d,information_reduced,sedan: black; chrome grille: vertical slat; Buick emblem: centered; multi-spoke alloy wheels: silver; sunroof: present,0.1093805804848671,15,0.06666666666666667,0,0,0.12443380057811737,-0.015053220093250275,50
siglip2_b16_224,vehicle::train_images::13608_c139_04.jpg,vehicle,train_images,13608_c139_04.jpg,llm_distinctive_first,gemini:gemini-3.1-flash-lite:db9b7254d53d,information_reduced,"Black sedan with a chrome vertical slat grille displaying a centered Buick emblem, featuring multi-spoke silver alloy wheels and a sunroof.",0.11518491059541702,7,0.14285714285714285,0,0,0.12738679349422455,-0.012201882898807526,50
siglip2_b16_224,vehicle::train_images::12849_c170_02.jpg,vehicle,train_images,12849_c170_02.jpg,llm_attribute_list,gemini:gemini-3.1-flash-lite:db9b7254d53d,information_reduced,Sedan; Volkswagen Jetta; Black paint; Alloy wheels; Dark window tint,0.0841204822063446,16,0.0625,0,0,0.10667558014392853,-0.022555097937583923,50
siglip2_b16_224,vehicle::train_images::12849_c170_02.jpg,vehicle,train_images,12849_c170_02.jpg,llm_distinctive_first,gemini:gemini-3.1-flash-lite:db9b7254d53d,information_reduced,Black Volkswagen Jetta sedan with alloy wheels and dark window tint.,0.0863756537437439,25,0.04,0,0,0.11804245412349701,-0.03166680037975311,50
siglip2_b16_224,vehicle::train_images::10839_c110_00.jpg,vehicle,train_images,10839_c110_00.jpg,llm_attribute_list,gemini:gemini-3.1-flash-lite:db9b7254d53d,information_reduced,"Vehicle: hatchback, Volkswagen Polo, silver; Wheels: multi-spoke alloy; Interior: rearview mirror air freshener; Front bumper: fog lights.",0.12896254658699036,4,0.25,0,1,0.13288788497447968,-0.003925338387489319,50
siglip2_b16_224,vehicle::train_images::10839_c110_00.jpg,vehicle,train_images,10839_c110_00.jpg,llm_distinctive_first,gemini:gemini-3.1-flash-lite:db9b7254d53d,information_reduced,"Silver Volkswagen Polo hatchback featuring multi-spoke alloy wheels, with an air freshener hanging from the rearview mirror and fog lights integrated into the front bumper.",0.11957491934299469,13,0.07692307692307693,0,0,0.14184632897377014,-0.02227140963077545,50
siglip2_b16_224,vehicle::train_images::02440_c090_02.jpg,vehicle,train_images,02440_c090_02.jpg,llm_attribute_list,gemini:gemini-3.1-flash-lite:db9b7254d53d,information_reduced,SUV; Hyundai Tucson; SUV color dark brown; SUV wheels alloy; SUV side steps silver-colored; SUV rear bumper trim silver accents; SUV roof rails; SUV shark fin antenna; SUV windows tinted; SUV circular decal on rear bumper,0.1017143502831459,1,1.0,1,1,0.10031544417142868,0.0013989061117172241,50
siglip2_b16_224,vehicle::train_images::02440_c090_02.jpg,vehicle,train_images,02440_c090_02.jpg,llm_distinctive_first,gemini:gemini-3.1-flash-lite:db9b7254d53d,information_reduced,"Dark brown Hyundai Tucson SUV featuring a circular decal on the rear bumper, silver-colored side steps, and rear bumper trim with silver accents. The vehicle is equipped with alloy wheels, roof rails, a shark fin antenna, and tinted windows.",0.1297980099916458,1,1.0,1,1,0.1168789491057396,0.01291906088590622,50
siglip2_b16_224,vehicle::train_images::12341_c073_00.jpg,vehicle,train_images,12341_c073_00.jpg,llm_attribute_list,gemini:gemini-3.1-flash-lite:db9b7254d53d,information_reduced,"Sedan, Nissan Altima; paint, black; wheels, alloy; sunroof, present; window tint, moderate",0.09961098432540894,1,1.0,1,1,0.09821584820747375,0.0013951361179351807,50
siglip2_b16_224,vehicle::train_images::12341_c073_00.jpg,vehicle,train_images,12341_c073_00.jpg,llm_distinctive_first,gemini:gemini-3.1-flash-lite:db9b7254d53d,information_reduced,"Black Nissan Altima sedan with alloy wheels, a sunroof, and moderate window tint.",0.15515251457691193,1,1.0,1,1,0.1333465874195099,0.02180592715740204,50
siglip2_b16_224,vehicle::train_images::18263_c110_02.jpg,vehicle,train_images,18263_c110_02.jpg,llm_attribute_list,gemini:gemini-3.1-flash-lite:db9b7254d53d,information_reduced,"SUV, Nissan Qashqai; SUV body color, silver; SUV wheels, silver-painted alloy; SUV feature, sunroof; SUV feature, roof rails.",0.14440888166427612,3,0.3333333333333333,0,1,0.15378250181674957,-0.00937362015247345,50
siglip2_b16_224,vehicle::train_images::18263_c110_02.jpg,vehicle,train_images,18263_c110_02.jpg,llm_distinctive_first,gemini:gemini-3.1-flash-lite:db9b7254d53d,information_reduced,"Silver Nissan Qashqai SUV featuring silver-painted alloy wheels, a sunroof, and roof rails.",0.1649886667728424,1,1.0,1,1,0.1515338271856308,0.013454839587211609,50
siglip2_b16_224,vehicle::train_images::10529_c003_02.jpg,vehicle,train_images,10529_c003_02.jpg,llm_attribute_list,gemini:gemini-3.1-flash-lite:db9b7254d53d,information_reduced,"Sedan, Kia Rio; vehicle color, silver; wheels, five-spoke alloy; windshield, rain guard deflectors.",0.10375820100307465,21,0.047619047619047616,0,0,0.12153680622577667,-0.017778605222702026,50
siglip2_b16_224,vehicle::train_images::10529_c003_02.jpg,vehicle,train_images,10529_c003_02.jpg,llm_distinctive_first,gemini:gemini-3.1-flash-lite:db9b7254d53d,information_reduced,Silver Kia Rio sedan featuring five-spoke alloy wheels and windshield rain guard deflectors.,0.11117830872535706,1,1.0,1,1,0.11113368719816208,4.462152719497681e-05,50
siglip2_b16_224,vehicle::train_images::15907_c041_04.jpg,vehicle,train_images,15907_c041_04.jpg,llm_attribute_list,gemini:gemini-3.1-flash-lite:db9b7254d53d,information_reduced,"sedan, Mazda 6; vehicle color, red; wheels, alloy wheels",0.11700855940580368,2,0.5,0,1,0.11729451268911362,-0.0002859532833099365,50
siglip2_b16_224,vehicle::train_images::15907_c041_04.jpg,vehicle,train_images,15907_c041_04.jpg,llm_distinctive_first,gemini:gemini-3.1-flash-lite:db9b7254d53d,information_reduced,Red Mazda 6 sedan with alloy wheels.,0.10214134305715561,20,0.05,0,0,0.12157072126865387,-0.01942937821149826,50
siglip2_b16_224,vehicle::train_images::08854_c110_02.jpg,vehicle,train_images,08854_c110_02.jpg,llm_attribute_list,gemini:gemini-3.1-flash-lite:db9b7254d53d,information_reduced,"sedan, dark gray; sedan, alloy wheels; sedan, dark window tint.",0.10875831544399261,3,0.3333333333333333,0,1,0.112922303378582,-0.004163987934589386,50
siglip2_b16_224,vehicle::train_images::08854_c110_02.jpg,vehicle,train_images,08854_c110_02.jpg,llm_distinctive_first,gemini:gemini-3.1-flash-lite:db9b7254d53d,information_reduced,Dark gray sedan with alloy wheels and dark window tint.,0.11618176102638245,3,0.3333333333333333,0,1,0.12654905021190643,-0.010367289185523987,50
siglip2_b16_224,vehicle::train_images::04922_c023_01.jpg,vehicle,train_images,04922_c023_01.jpg,llm_attribute_list,gemini:gemini-3.1-flash-lite:db9b7254d53d,information_reduced,hatchback; BAIC E-Series; color bright red; wheels alloy; sunroof present; window tint present,0.13976514339447021,1,1.0,1,1,0.12028294056653976,0.01948220282793045,50
siglip2_b16_224,vehicle::train_images::04922_c023_01.jpg,vehicle,train_images,04922_c023_01.jpg,llm_distinctive_first,gemini:gemini-3.1-flash-lite:db9b7254d53d,information_reduced,"Bright red BAIC E-Series hatchback with alloy wheels, a sunroof, and window tint.",0.1545533835887909,1,1.0,1,1,0.13404133915901184,0.020512044429779053,50
siglip2_b16_224,vehicle::train_images::19263_c030_03.jpg,vehicle,train_images,19263_c030_03.jpg,llm_attribute_list,gemini:gemini-3.1-flash-lite:db9b7254d53d,information_reduced,Sedan Buick Verano; Sedan color light brown; Sedan silver alloy rims; Sedan integrated rear spoiler; Sedan tinted rear windows,0.10343620926141739,10,0.1,0,0,0.11735865473747253,-0.013922445476055145,50
siglip2_b16_224,vehicle::train_images::19263_c030_03.jpg,vehicle,train_images,19263_c030_03.jpg,llm_distinctive_first,gemini:gemini-3.1-flash-lite:db9b7254d53d,information_reduced,"Light brown Buick Verano sedan with silver alloy rims, an integrated rear spoiler, and tinted rear windows.",0.12400814890861511,3,0.3333333333333333,0,1,0.13147257268428802,-0.007464423775672913,50
siglip2_b16_224,vehicle::train_images::07345_c110_03.jpg,vehicle,train_images,07345_c110_03.jpg,llm_attribute_list,gemini:gemini-3.1-flash-lite:db9b7254d53d,information_reduced,"Sedan, white Chevrolet Cruze; alloy wheels; black window tinting; rear window, small sticker.",0.10605368763208389,6,0.16666666666666666,0,0,0.13086578249931335,-0.02481209486722946,50
siglip2_b16_224,vehicle::train_images::07345_c110_03.jpg,vehicle,train_images,07345_c110_03.jpg,llm_distinctive_first,gemini:gemini-3.1-flash-lite:db9b7254d53d,information_reduced,"White Chevrolet Cruze sedan with a small sticker on the rear window, featuring black window tinting and alloy wheels.",0.13391157984733582,3,0.3333333333333333,0,1,0.14056962728500366,-0.006658047437667847,50
siglip2_b16_224,vehicle::train_images::19520_c034_01.jpg,vehicle,train_images,19520_c034_01.jpg,llm_attribute_list,gemini:gemini-3.1-flash-lite:db9b7254d53d,information_reduced,SUV; vehicle color white; Ford Escape; exhaust tips dual; roof rails silver; alloy rims silver; sunroof panoramic; windows tinted,0.10858018696308136,8,0.125,0,0,0.12668533623218536,-0.018105149269104004,50
siglip2_b16_224,vehicle::train_images::19520_c034_01.jpg,vehicle,train_images,19520_c034_01.jpg,llm_distinctive_first,gemini:gemini-3.1-flash-lite:db9b7254d53d,information_reduced,"White Ford Escape SUV featuring dual exhaust tips, silver roof rails, silver alloy rims, a panoramic sunroof, and tinted windows.",0.11054471135139465,21,0.047619047619047616,0,0,0.14328844845294952,-0.03274373710155487,50
siglip2_b16_224,vehicle::train_images::16253_c139_00.jpg,vehicle,train_images,16253_c139_00.jpg,llm_attribute_list,gemini:gemini-3.1-flash-lite:db9b7254d53d,information_reduced,sedan; sedan body color black; sedan rims alloy.,0.10428523272275925,4,0.25,0,1,0.10905319452285767,-0.004767961800098419,50
siglip2_b16_224,vehicle::train_images::16253_c139_00.jpg,vehicle,train_images,16253_c139_00.jpg,llm_distinctive_first,gemini:gemini-3.1-flash-lite:db9b7254d53d,information_reduced,Black sedan with alloy rims.,0.11457417905330658,5,0.2,0,1,0.12573674321174622,-0.011162564158439636,50
siglip2_b16_224,vehicle::train_images::06987_c051_04.jpg,vehicle,train_images,06987_c051_04.jpg,llm_attribute_list,gemini:gemini-3.1-flash-lite:db9b7254d53d,information_reduced,hatchback; dark gray paint; black roof rails; alloy wheels; aftermarket blue accent lighting strip beneath the headlights,0.10733282566070557,2,0.5,0,1,0.12068242579698563,-0.01334960013628006,50
siglip2_b16_224,vehicle::train_images::06987_c051_04.jpg,vehicle,train_images,06987_c051_04.jpg,llm_distinctive_first,gemini:gemini-3.1-flash-lite:db9b7254d53d,information_reduced,"Hatchback with aftermarket blue accent lighting strip beneath the headlights, dark gray paint, black roof rails, and alloy wheels.",0.10301309078931808,11,0.09090909090909091,0,0,0.13316932320594788,-0.03015623241662979,50
siglip2_b16_224,vehicle::train_images::05685_c100_04.jpg,vehicle,train_images,05685_c100_04.jpg,llm_attribute_list,gemini:gemini-3.1-flash-lite:db9b7254d53d,information_reduced,sedan; silver; sunroof; alloy rims; side windows; window visors,0.12215256690979004,7,0.14285714285714285,0,0,0.1348947137594223,-0.012742146849632263,50
siglip2_b16_224,vehicle::train_images::05685_c100_04.jpg,vehicle,train_images,05685_c100_04.jpg,llm_distinctive_first,gemini:gemini-3.1-flash-lite:db9b7254d53d,information_reduced,"Silver sedan with a sunroof, alloy rims, and window visors on the side windows.",0.12551520764827728,13,0.07692307692307693,0,0,0.14032329618930817,-0.014808088541030884,50
siglip2_b16_224,vehicle::train_images::16614_c041_04.jpg,vehicle,train_images,16614_c041_04.jpg,llm_attribute_list,gemini:gemini-3.1-flash-lite:db9b7254d53d,information_reduced,"Sedan, Infiniti M; Sedan, black; Sedan, alloy rims; Sedan, tinted windows.",0.08334637433290482,13,0.07692307692307693,0,0,0.09795387089252472,-0.014607496559619904,50
siglip2_b16_224,vehicle::train_images::16614_c041_04.jpg,vehicle,train_images,16614_c041_04.jpg,llm_distinctive_first,gemini:gemini-3.1-flash-lite:db9b7254d53d,information_reduced,Black Infiniti M sedan featuring alloy rims and tinted windows.,0.10369005799293518,24,0.041666666666666664,0,0,0.12099729478359222,-0.017307236790657043,50
siglip2_b16_224,vehicle::train_images::13946_c012_04.jpg,vehicle,train_images,13946_c012_04.jpg,llm_attribute_list,gemini:gemini-3.1-flash-lite:db9b7254d53d,information_reduced,Minivan; silver color; sunroof present; alloy wheels,0.11376538127660751,1,1.0,1,1,0.11083592474460602,0.0029294565320014954,50
siglip2_b16_224,vehicle::train_images::13946_c012_04.jpg,vehicle,train_images,13946_c012_04.jpg,llm_distinctive_first,gemini:gemini-3.1-flash-lite:db9b7254d53d,information_reduced,Silver minivan with a sunroof and alloy wheels.,0.15131278336048126,1,1.0,1,1,0.14611774682998657,0.00519503653049469,50
siglip2_b16_224,vehicle::train_images::14133_c170_01.jpg,vehicle,train_images,14133_c170_01.jpg,llm_attribute_list,gemini:gemini-3.1-flash-lite:db9b7254d53d,information_reduced,sedan; sedan paint: black; rear windows: dark tinted; roof: tree branches secured,0.162005215883255,1,1.0,1,1,0.14342692494392395,0.018578290939331055,50
siglip2_b16_224,vehicle::train_images::14133_c170_01.jpg,vehicle,train_images,14133_c170_01.jpg,llm_distinctive_first,gemini:gemini-3.1-flash-lite:db9b7254d53d,information_reduced,Tree branches secured to the roof of a black sedan with dark tinted rear windows.,0.22443145513534546,1,1.0,1,1,0.16571851074695587,0.05871294438838959,50
siglip2_b16_224,vehicle::train_images::16747_c163_03.jpg,vehicle,train_images,16747_c163_03.jpg,llm_attribute_list,gemini:gemini-3.1-flash-lite:db9b7254d53d,information_reduced,"Sedan, Buick Regal; vehicle color, white; sunroof, present; windshield upper portion, stickers.",0.11399377882480621,41,0.024390243902439025,0,0,0.15438517928123474,-0.04039140045642853,50
siglip2_b16_224,vehicle::train_images::16747_c163_03.jpg,vehicle,train_images,16747_c163_03.jpg,llm_distinctive_first,gemini:gemini-3.1-flash-lite:db9b7254d53d,information_reduced,White Buick Regal sedan featuring stickers on the upper portion of the windshield and a sunroof.,0.12451038509607315,22,0.045454545454545456,0,0,0.14794006943702698,-0.023429684340953827,50
siglip2_b16_224,vehicle::train_images::05432_c163_04.jpg,vehicle,train_images,05432_c163_04.jpg,llm_attribute_list,gemini:gemini-3.1-flash-lite:db9b7254d53d,information_reduced,Sedan; Volkswagen Passat; black color; alloy rims.,0.07179346680641174,9,0.1111111111111111,0,0,0.08207034319639206,-0.010276876389980316,50
siglip2_b16_224,vehicle::train_images::05432_c163_04.jpg,vehicle,train_images,05432_c163_04.jpg,llm_distinctive_first,gemini:gemini-3.1-flash-lite:db9b7254d53d,information_reduced,Black Volkswagen Passat sedan featuring alloy rims.,0.10552546381950378,4,0.25,0,1,0.11208178102970123,-0.006556317210197449,50
siglip2_b16_224,vehicle::train_images::19057_c170_04.jpg,vehicle,train_images,19057_c170_04.jpg,llm_attribute_list,gemini:gemini-3.1-flash-lite:db9b7254d53d,information_reduced,SUV; SUV color white; SUV bumper black; SUV lower cladding dark gray; SUV trunk lid sticker rectangular yellow; SUV rear wiper present; SUV roof tree branches present,0.13538464903831482,1,1.0,1,1,0.12100154906511307,0.014383099973201752,50
siglip2_b16_224,vehicle::train_images::19057_c170_04.jpg,vehicle,train_images,19057_c170_04.jpg,llm_distinctive_first,gemini:gemini-3.1-flash-lite:db9b7254d53d,information_reduced,"A white SUV with a rectangular yellow sticker on the trunk lid below the rear window features a black bumper, dark gray lower cladding, a rear wiper, and tree branches laying across the roof.",0.17214998602867126,1,1.0,1,1,0.1480807065963745,0.024069279432296753,50
siglip2_b16_224,vehicle::train_images::04455_c078_00.jpg,vehicle,train_images,04455_c078_00.jpg,llm_attribute_list,gemini:gemini-3.1-flash-lite:db9b7254d53d,information_reduced,"Sedan, Toyota Camry; paint, black; rims, alloy; hood, damaged near driver-side headlight",0.1258317530155182,5,0.2,0,1,0.13646727800369263,-0.010635524988174438,50
siglip2_b16_224,vehicle::train_images::04455_c078_00.jpg,vehicle,train_images,04455_c078_00.jpg,llm_distinctive_first,gemini:gemini-3.1-flash-lite:db9b7254d53d,information_reduced,Damaged hood near the driver-side headlight on a black Toyota Camry sedan with alloy rims.,0.14490099251270294,2,0.5,0,1,0.14644145965576172,-0.0015404671430587769,50
siglip2_b16_224,vehicle::train_images::14387_c163_04.jpg,vehicle,train_images,14387_c163_04.jpg,llm_attribute_list,gemini:gemini-3.1-flash-lite:db9b7254d53d,information_reduced,SUV Volkswagen Tiguan; vehicle color white; wheels alloy; window tint dark; sunroof present; side windows window visors present,0.10638589411973953,7,0.14285714285714285,0,0,0.12656345963478088,-0.02017756551504135,50
siglip2_b16_224,vehicle::train_images::14387_c163_04.jpg,vehicle,train_images,14387_c163_04.jpg,llm_distinctive_first,gemini:gemini-3.1-flash-lite:db9b7254d53d,information_reduced,"White Volkswagen Tiguan SUV featuring alloy wheels, dark window tint, a sunroof, and window visors on the side windows.",0.10853715240955353,22,0.045454545454545456,0,0,0.1323140561580658,-0.023776903748512268,50
siglip2_b16_224,vehicle::train_images::09221_c139_03.jpg,vehicle,train_images,09221_c139_03.jpg,llm_attribute_list,gemini:gemini-3.1-flash-lite:db9b7254d53d,information_reduced,sedan; white paint finish; toyota badging; grille; alloy rims; windows; light tinting; antenna; roof,0.13891667127609253,2,0.5,0,1,0.14450237154960632,-0.005585700273513794,50
siglip2_b16_224,vehicle::train_images::09221_c139_03.jpg,vehicle,train_images,09221_c139_03.jpg,llm_distinctive_first,gemini:gemini-3.1-flash-lite:db9b7254d53d,information_reduced,"Toyota-badged white sedan featuring alloy rims, a roof-mounted antenna, and windows with light tinting.",0.13297614455223083,7,0.14285714285714285,0,0,0.1520945131778717,-0.01911836862564087,50
siglip2_b16_224,vehicle::train_images::04724_c110_02.jpg,vehicle,train_images,04724_c110_02.jpg,llm_attribute_list,gemini:gemini-3.1-flash-lite:db9b7254d53d,information_reduced,hatchback; white; sunroof; alloy wheels,0.10603615641593933,6,0.16666666666666666,0,0,0.12259127199649811,-0.016555115580558777,50
siglip2_b16_224,vehicle::train_images::04724_c110_02.jpg,vehicle,train_images,04724_c110_02.jpg,llm_distinctive_first,gemini:gemini-3.1-flash-lite:db9b7254d53d,information_reduced,White hatchback featuring a sunroof and alloy wheels.,0.11550254374742508,2,0.5,0,1,0.12450931966304779,-0.009006775915622711,50
siglip2_b16_224,vehicle::train_images::08361_c094_04.jpg,vehicle,train_images,08361_c094_04.jpg,llm_attribute_list,gemini:gemini-3.1-flash-lite:db9b7254d53d,information_reduced,vehicle: Nissan Tiida sedan; vehicle color: silver; wheels: alloy wheels; vehicle feature: sunroof; front windows: wind deflectors; rear passenger windows: wind deflectors,0.12262645363807678,7,0.14285714285714285,0,0,0.12954840064048767,-0.006921947002410889,50
siglip2_b16_224,vehicle::train_images::08361_c094_04.jpg,vehicle,train_images,08361_c094_04.jpg,llm_distinctive_first,gemini:gemini-3.1-flash-lite:db9b7254d53d,information_reduced,"Silver Nissan Tiida sedan equipped with wind deflectors on the front and rear passenger windows, featuring alloy wheels and a sunroof.",0.10041961073875427,20,0.05,0,0,0.1215713769197464,-0.021151766180992126,50
siglip2_b16_224,vehicle::train_images::03678_c014_03.jpg,vehicle,train_images,03678_c014_03.jpg,llm_attribute_list,gemini:gemini-3.1-flash-lite:db9b7254d53d,information_reduced,sedan: white; brand: Buick; rims: alloy multi-spoke; sunroof: present; window tint: dark; driver's side mirror: red ribbon attached,0.10670066624879837,10,0.1,0,0,0.12057096511125565,-0.013870298862457275,50
siglip2_b16_224,vehicle::train_images::03678_c014_03.jpg,vehicle,train_images,03678_c014_03.jpg,llm_distinctive_first,gemini:gemini-3.1-flash-lite:db9b7254d53d,information_reduced,"Red ribbon attached to the driver's side mirror on a white Buick sedan with alloy multi-spoke rims, a sunroof, and dark window tint.",0.1346958577632904,2,0.5,0,1,0.13640297949314117,-0.001707121729850769,50
siglip2_b16_224,vehicle::query_images::20204_c041_01.jpg,vehicle,query_images,20204_c041_01.jpg,llm_attribute_list,gemini:gemini-3.1-flash-lite:db9b7254d53d,information_reduced,Sedan; black paint; alloy wheels; chrome trunk trim; tinted rear window.,0.08430972695350647,12,0.08333333333333333,0,0,0.09633215516805649,-0.012022428214550018,50
siglip2_b16_224,vehicle::query_images::20204_c041_01.jpg,vehicle,query_images,20204_c041_01.jpg,llm_distinctive_first,gemini:gemini-3.1-flash-lite:db9b7254d53d,information_reduced,"Black sedan with chrome trunk trim, alloy wheels, and a tinted rear window.",0.12703539431095123,7,0.14285714285714285,0,0,0.13625389337539673,-0.009218499064445496,50
siglip2_b16_224,vehicle::query_images::21022_c078_01.jpg,vehicle,query_images,21022_c078_01.jpg,llm_attribute_list,gemini:gemini-3.1-flash-lite:db9b7254d53d,information_reduced,SUV; FAW; white; alloy rims; roof rails; sunroof.,0.10674388706684113,7,0.14285714285714285,0,0,0.11282151937484741,-0.006077632308006287,50
siglip2_b16_224,vehicle::query_images::21022_c078_01.jpg,vehicle,query_images,21022_c078_01.jpg,llm_distinctive_first,gemini:gemini-3.1-flash-lite:db9b7254d53d,information_reduced,"White FAW SUV with alloy rims, roof rails, and a sunroof.",0.1129307821393013,11,0.09090909090909091,0,0,0.12891852855682373,-0.01598774641752243,50
siglip2_b16_224,vehicle::query_images::20039_c015_00.jpg,vehicle,query_images,20039_c015_00.jpg,llm_attribute_list,gemini:gemini-3.1-flash-lite:db9b7254d53d,information_reduced,box truck JAC brand; box truck silver paint; box truck black side mirrors; box truck black front grill; box truck clear windshield; box truck roof-mounted wind deflector,0.1127118468284607,1,1.0,1,1,0.097521111369133,0.015190735459327698,50
siglip2_b16_224,vehicle::query_images::20039_c015_00.jpg,vehicle,query_images,20039_c015_00.jpg,llm_distinctive_first,gemini:gemini-3.1-flash-lite:db9b7254d53d,information_reduced,"JAC brand silver box truck with a roof-mounted wind deflector, featuring a black front grill and black side mirrors with a clear windshield.",0.13440191745758057,1,1.0,1,1,0.12946701049804688,0.004934906959533691,50
siglip2_b16_224,vehicle::query_images::20298_c122_00.jpg,vehicle,query_images,20298_c122_00.jpg,llm_attribute_list,gemini:gemini-3.1-flash-lite:db9b7254d53d,information_reduced,MPV; silver; silver alloy wheels.,0.07264044880867004,13,0.07692307692307693,0,0,0.0838962197303772,-0.011255770921707153,50
siglip2_b16_224,vehicle::query_images::20298_c122_00.jpg,vehicle,query_images,20298_c122_00.jpg,llm_distinctive_first,gemini:gemini-3.1-flash-lite:db9b7254d53d,information_reduced,Silver MPV with silver alloy wheels.,0.09014132618904114,10,0.1,0,0,0.1004689633846283,-0.010327637195587158,50
siglip2_b16_224,vehicle::query_images::21010_c163_01.jpg,vehicle,query_images,21010_c163_01.jpg,llm_attribute_list,gemini:gemini-3.1-flash-lite:db9b7254d53d,information_reduced,SUV; Lexus RX; vehicle color black; wheels alloy; roof rails present; window visors attached to top of side windows; dashboard contains sheet of paper.,0.1091165542602539,16,0.0625,0,0,0.12939901649951935,-0.020282462239265442,50
siglip2_b16_224,vehicle::query_images::21010_c163_01.jpg,vehicle,query_images,21010_c163_01.jpg,llm_distinctive_first,gemini:gemini-3.1-flash-lite:db9b7254d53d,information_reduced,"Black Lexus RX SUV featuring window visors attached to the top of the side windows and a sheet of paper on the dashboard, equipped with alloy wheels and roof rails.",0.10700847208499908,14,0.07142857142857142,0,0,0.1204666942358017,-0.013458222150802612,50
siglip2_b16_224,vehicle::query_images::20249_c003_00.jpg,vehicle,query_images,20249_c003_00.jpg,llm_attribute_list,gemini:gemini-3.1-flash-lite:db9b7254d53d,information_reduced,"Sedan, Volkswagen Passat; vehicle, black; wheels, alloy rims; roof, sunroof; windows, tinted",0.13718745112419128,2,0.5,0,1,0.14062222838401794,-0.00343477725982666,50
siglip2_b16_224,vehicle::query_images::20249_c003_00.jpg,vehicle,query_images,20249_c003_00.jpg,llm_distinctive_first,gemini:gemini-3.1-flash-lite:db9b7254d53d,information_reduced,"Black Volkswagen Passat sedan featuring alloy rims, a sunroof, and tinted windows.",0.13500648736953735,2,0.5,0,1,0.1360563337802887,-0.0010498464107513428,50
siglip2_b16_224,vehicle::query_images::20506_c051_01.jpg,vehicle,query_images,20506_c051_01.jpg,llm_attribute_list,gemini:gemini-3.1-flash-lite:db9b7254d53d,information_reduced,Vehicle: hatchback; Ford Focus: white; rims: alloy; sunroof: present,0.11324210464954376,6,0.16666666666666666,0,0,0.12399369478225708,-0.010751590132713318,50
siglip2_b16_224,vehicle::query_images::20506_c051_01.jpg,vehicle,query_images,20506_c051_01.jpg,llm_distinctive_first,gemini:gemini-3.1-flash-lite:db9b7254d53d,information_reduced,White Ford Focus hatchback featuring alloy rims and a sunroof.,0.1109866350889206,9,0.1111111111111111,0,0,0.12816013395786285,-0.01717349886894226,50
siglip2_b16_224,vehicle::query_images::21112_c079_00.jpg,vehicle,query_images,21112_c079_00.jpg,llm_attribute_list,gemini:gemini-3.1-flash-lite:db9b7254d53d,information_reduced,vehicle: compact crossover SUV; make/model: Honda CR-V; vehicle: white primary color; wheels: silver alloy; exterior: roof rails; windows: clear; windshield: green registration sticker on upper corner; dashboard: small white bobblehead ornament,0.10414306819438934,1,1.0,1,1,0.09256759285926819,0.011575475335121155,50
siglip2_b16_224,vehicle::query_images::21112_c079_00.jpg,vehicle,query_images,21112_c079_00.jpg,llm_distinctive_first,gemini:gemini-3.1-flash-lite:db9b7254d53d,information_reduced,"White Honda CR-V compact crossover SUV featuring a green registration sticker on the upper corner of the windshield and a small white bobblehead ornament on the dashboard, equipped with silver alloy wheels and roof rails with clear windows.",0.13244235515594482,5,0.2,0,1,0.14730727672576904,-0.014864921569824219,50
siglip2_b16_224,vehicle::query_images::20949_c003_01.jpg,vehicle,query_images,20949_c003_01.jpg,llm_attribute_list,gemini:gemini-3.1-flash-lite:db9b7254d53d,information_reduced,Sedan; vehicle body black paint; alloy rims multi-spoke design; sunroof present; window tint dark; windshield passenger side multiple circular stickers.,0.1041296124458313,13,0.07692307692307693,0,0,0.11659960448741913,-0.01246999204158783,50
siglip2_b16_224,vehicle::query_images::20949_c003_01.jpg,vehicle,query_images,20949_c003_01.jpg,llm_distinctive_first,gemini:gemini-3.1-flash-lite:db9b7254d53d,information_reduced,"Multiple circular stickers on the lower passenger side of the windshield identify this black sedan, which features a sunroof, dark window tint, and alloy rims with a multi-spoke design.",0.13304384052753448,8,0.125,0,0,0.1498161107301712,-0.01677227020263672,50
siglip2_b16_224,vehicle::query_images::20272_c102_00.jpg,vehicle,query_images,20272_c102_00.jpg,llm_attribute_list,gemini:gemini-3.1-flash-lite:db9b7254d53d,information_reduced,vehicle: sedan; model: Volkswagen Lamando; color: black; wheels: alloy; windows: dark tint,0.1124853789806366,10,0.1,0,0,0.11951275169849396,-0.007027372717857361,50
siglip2_b16_224,vehicle::query_images::20272_c102_00.jpg,vehicle,query_images,20272_c102_00.jpg,llm_distinctive_first,gemini:gemini-3.1-flash-lite:db9b7254d53d,information_reduced,A black Volkswagen Lamando sedan featuring alloy wheels and dark window tint.,0.0920952558517456,10,0.1,0,0,0.11443917453289032,-0.022343918681144714,50
siglip2_b16_224,vehicle::gallery_images::20591_c110_03.jpg,vehicle,gallery_images,20591_c110_03.jpg,llm_attribute_list,gemini:gemini-3.1-flash-lite:db9b7254d53d,information_reduced,Sedan; BMW 5 Series F10 generation; paint black; wheels multi-spoke alloy; sunroof present; window tint light; front windshield passenger side stickers present,0.08204779773950577,34,0.029411764705882353,0,0,0.10504437983036041,-0.022996582090854645,50
siglip2_b16_224,vehicle::gallery_images::20591_c110_03.jpg,vehicle,gallery_images,20591_c110_03.jpg,llm_distinctive_first,gemini:gemini-3.1-flash-lite:db9b7254d53d,information_reduced,"Black BMW 5 Series F10 generation sedan with passenger side stickers on the front windshield, multi-spoke alloy wheels, light window tint, and a sunroof.",0.11319820582866669,27,0.037037037037037035,0,0,0.13881993293762207,-0.025621727108955383,50
siglip2_b16_224,vehicle::gallery_images::20535_c170_02.jpg,vehicle,gallery_images,20535_c170_02.jpg,llm_attribute_list,gemini:gemini-3.1-flash-lite:db9b7254d53d,information_reduced,"sedan, body style; Volkswagen Passat B4, make/model; silver, paint color; alloy wheels, wheel type",0.09294038265943527,26,0.038461538461538464,0,0,0.10906332731246948,-0.01612294465303421,50
siglip2_b16_224,vehicle::gallery_images::20535_c170_02.jpg,vehicle,gallery_images,20535_c170_02.jpg,llm_distinctive_first,gemini:gemini-3.1-flash-lite:db9b7254d53d,information_reduced,Silver Volkswagen Passat B4 sedan featuring alloy wheels.,0.07231511920690536,34,0.029411764705882353,0,0,0.09532571583986282,-0.02301059663295746,50
siglip2_b16_224,vehicle::gallery_images::20877_c110_00.jpg,vehicle,gallery_images,20877_c110_00.jpg,llm_attribute_list,gemini:gemini-3.1-flash-lite:db9b7254d53d,information_reduced,Sedan; sedan color dark gray; alloy rims; spoiler; tinted windows; rear bumper right side small oval decal; trunk lid right side rectangular decal,0.10455828160047531,4,0.25,0,1,0.10994863510131836,-0.005390353500843048,50
siglip2_b16_224,vehicle::gallery_images::20877_c110_00.jpg,vehicle,gallery_images,20877_c110_00.jpg,llm_distinctive_first,gemini:gemini-3.1-flash-lite:db9b7254d53d,information_reduced,"Small oval decal on the right side of the rear bumper and rectangular decal on the right side of the trunk lid adorn this dark gray sedan, which features alloy rims, a spoiler, and tinted windows.",0.11105918139219284,3,0.3333333333333333,0,1,0.11719676852226257,-0.006137587130069733,50
siglip2_b16_224,vehicle::gallery_images::20159_c003_00.jpg,vehicle,gallery_images,20159_c003_00.jpg,llm_attribute_list,gemini:gemini-3.1-flash-lite:db9b7254d53d,information_reduced,"Sedan, Toyota Camry; vehicle color, black; wheels, hubcap; windows, moderate tint; rear bumper, chrome trim strip",0.11412909626960754,6,0.16666666666666666,0,0,0.12559595704078674,-0.0114668607711792,50
siglip2_b16_224,vehicle::gallery_images::20159_c003_00.jpg,vehicle,gallery_images,20159_c003_00.jpg,llm_distinctive_first,gemini:gemini-3.1-flash-lite:db9b7254d53d,information_reduced,"Black Toyota Camry sedan with a chrome trim strip on the rear bumper, hubcap wheels, and moderate window tint.",0.11836117506027222,14,0.07142857142857142,0,0,0.13538923859596252,-0.017028063535690308,50
siglip2_b16_224,vehicle::gallery_images::21199_c014_04.jpg,vehicle,gallery_images,21199_c014_04.jpg,llm_attribute_list,gemini:gemini-3.1-flash-lite:db9b7254d53d,information_reduced,"Sedan, FAW V5; car body, silver; wheels, multi-spoke alloy rims; windows, light tint.",0.09813893586397171,41,0.024390243902439025,0,0,0.12485504895448685,-0.026716113090515137,50
siglip2_b16_224,vehicle::gallery_images::21199_c014_04.jpg,vehicle,gallery_images,21199_c014_04.jpg,llm_distinctive_first,gemini:gemini-3.1-flash-lite:db9b7254d53d,information_reduced,Silver FAW V5 sedan featuring multi-spoke alloy rims and light window tint.,0.09635864198207855,18,0.05555555555555555,0,0,0.10867543518543243,-0.012316793203353882,50
siglip2_b16_224,vehicle::gallery_images::20762_c156_00.jpg,vehicle,gallery_images,20762_c156_00.jpg,llm_attribute_list,gemini:gemini-3.1-flash-lite:db9b7254d53d,information_reduced,vehicle; compact minivan; Nissan Livina; body; black; rims; five-spoke alloy; roof rails; silver,0.11688437312841415,8,0.125,0,0,0.13140642642974854,-0.014522053301334381,50
siglip2_b16_224,vehicle::gallery_images::20762_c156_00.jpg,vehicle,gallery_images,20762_c156_00.jpg,llm_distinctive_first,gemini:gemini-3.1-flash-lite:db9b7254d53d,information_reduced,Black Nissan Livina compact minivan featuring silver roof rails and five-spoke alloy rims.,0.12157943844795227,6,0.16666666666666666,0,0,0.13703107833862305,-0.015451639890670776,50
siglip2_b16_224,vehicle::gallery_images::20070_c017_01.jpg,vehicle,gallery_images,20070_c017_01.jpg,llm_attribute_list,gemini:gemini-3.1-flash-lite:db9b7254d53d,information_reduced,Bus; paint white and blue two-tone; rear window digital route display; text AZ7892 above license plate area; tail lights stacked on both sides,0.17070892453193665,1,1.0,1,1,0.1415921449661255,0.029116779565811157,50
siglip2_b16_224,vehicle::gallery_images::20070_c017_01.jpg,vehicle,gallery_images,20070_c017_01.jpg,llm_distinctive_first,gemini:gemini-3.1-flash-lite:db9b7254d53d,information_reduced,"Bus with AZ7892 printed above the license plate area, featuring a white and blue two-tone paint job, a digital route display on the rear window, and stacked tail lights on both sides.",0.12801244854927063,1,1.0,1,1,0.11945302039384842,0.00855942815542221,50
siglip2_b16_224,vehicle::gallery_images::21216_c003_04.jpg,vehicle,gallery_images,21216_c003_04.jpg,llm_attribute_list,gemini:gemini-3.1-flash-lite:db9b7254d53d,information_reduced,"Sedan, Volkswagen Passat; color silver; wheels five-spoke alloy; windows tinted.",0.09048035740852356,4,0.25,0,1,0.10125844925642014,-0.010778091847896576,50
siglip2_b16_224,vehicle::gallery_images::21216_c003_04.jpg,vehicle,gallery_images,21216_c003_04.jpg,llm_distinctive_first,gemini:gemini-3.1-flash-lite:db9b7254d53d,information_reduced,Silver Volkswagen Passat sedan with five-spoke alloy wheels and tinted windows.,0.11628250777721405,1,1.0,1,1,0.11328060925006866,0.0030018985271453857,50
siglip2_b16_224,vehicle::gallery_images::20559_c170_01.jpg,vehicle,gallery_images,20559_c170_01.jpg,llm_attribute_list,gemini:gemini-3.1-flash-lite:db9b7254d53d,information_reduced,Sedan; exterior white; trunk lid center badge; badge stylized symbol of interlocking circular and geometric elements; taillights rectangular; taillights position on either side of trunk.,0.1325039118528366,1,1.0,1,1,0.11895053088665009,0.013553380966186523,50
siglip2_b16_224,vehicle::gallery_images::20559_c170_01.jpg,vehicle,gallery_images,20559_c170_01.jpg,llm_distinctive_first,gemini:gemini-3.1-flash-lite:db9b7254d53d,information_reduced,"The trunk lid center features a stylized symbol badge composed of interlocking circular and geometric elements on this white sedan, which has rectangular taillights on either side of the trunk.",0.14471817016601562,1,1.0,1,1,0.13617125153541565,0.008546918630599976,50
siglip2_b16_224,vehicle::gallery_images::20401_c023_03.jpg,vehicle,gallery_images,20401_c023_03.jpg,llm_attribute_list,gemini:gemini-3.1-flash-lite:db9b7254d53d,information_reduced,Vehicle: Smart Fortwo; Body: two-tone white; Roof: red; Side mirror caps: red; Wheels: five-spoke dark alloy; Windows: tinted; Body type: hatchback,0.0699739158153534,16,0.0625,0,0,0.07914102077484131,-0.009167104959487915,50
siglip2_b16_224,vehicle::gallery_images::20401_c023_03.jpg,vehicle,gallery_images,20401_c023_03.jpg,llm_distinctive_first,gemini:gemini-3.1-flash-lite:db9b7254d53d,information_reduced,"A two-tone white Smart Fortwo hatchback with a red roof and red side mirror caps, featuring five-spoke dark alloy wheels and tinted windows.",0.14743690192699432,1,1.0,1,1,0.14081861078739166,0.006618291139602661,50
siglip2_b16_224,face::train::170623.jpg,face,train,170623.jpg,llm_attribute_list,gemini:gemini-3.1-flash-lite:db9b7254d53d,information_reduced,"Face shape oval; jawline moderately defined; chin rounded, moderate projection, slight vertical height; hairline M-shaped, temporal recession; eyebrows medium thickness, soft-arched, low peak, moderate spacing, moderate brow-to-eye distance; eyes almond-shaped, moderate palpebral fissure length, horizontal slant, average inner corner distance, double moderate upper-lid crease, moderate lid exposure, average orbital depth; nasal root moderate width/depth; nasal dorsum straight; nasal bridge moderate width; nasal tip rounded, moderate projection/rotation; alar width moderate; alar flare moderate; nostrils partially visible; mouth width moderate; upper-to-lower lip ratio balanced; vermilion fullness moderate; cupid's bow defined; corners level; philtrum moderate length/width, defined ridges; upper dental alignment visible; ears average size, moderate protrusion, helix rolled, antihelix defined, lobes free, aligned with eye-nose line.",0.08115158975124359,12,0.08333333333333333,0,0,0.10282724350690842,-0.021675653755664825,50
siglip2_b16_224,face::train::170623.jpg,face,train,170623.jpg,llm_distinctive_first,gemini:gemini-3.1-flash-lite:db9b7254d53d,information_reduced,"M-shaped hairline with temporal recession on an oval-shaped face featuring a moderate, rounded chin and a moderately defined jawline. The eyes are almond-shaped with a horizontal slant, double upper-lid creases of moderate height, and moderate lid exposure, set beneath soft-arched, medium-thickness eyebrows with a low peak. The nose has a straight dorsum, rounded tip with moderate projection, and partially visible nostrils. The mouth features a defined cupid's bow, balanced lip fullness, and visible upper dental alignment. Ears are of average size and protrusion with free lobes, aligned with the eye-nose line.",0.08988022804260254,9,0.1111111111111111,0,0,0.12293916940689087,-0.03305894136428833,50
siglip2_b16_224,face::train::081413.jpg,face,train,081413.jpg,llm_attribute_list,gemini:gemini-3.1-flash-lite:db9b7254d53d,information_reduced,face oblong shape; facial thirds balanced; bone structure defined; forehead high and moderately wide; horizontal creases prominent; hairline receding at temples; brow ridge moderate; eyebrows low and soft-arched; eyes almond-shaped with moderate upper-lid exposure; orbital depth deep-set; nasal bridge straight; nasal tip slightly downturned and bulbous; alar width moderate; mouth medium-width; lips thin; mouth corners level; philtrum short with defined ridges; jawline sharp with moderate angularity; chin rounded; ears moderate size with attached lobes positioned level with eye-nose line; hair short grey and styled back; mustache short grey; head tilt slight upward.,0.06884396821260452,36,0.027777777777777776,0,0,0.11137338727712631,-0.04252941906452179,50
siglip2_b16_224,face::train::081413.jpg,face,train,081413.jpg,llm_distinctive_first,gemini:gemini-3.1-flash-lite:db9b7254d53d,information_reduced,"Short grey hair styled back and a short grey mustache accompany an oblong facial shape with defined bone structure. The forehead is high and moderately wide with prominent horizontal creases and a receding hairline at the temples. The face features low, soft-arched eyebrows over almond-shaped eyes with deep-set orbital depth and moderate upper-lid exposure. The nose has a straight bridge and a slightly downturned, bulbous tip with moderate alar width. The mouth is medium-width with thin lips and level corners, situated below a short philtrum with defined ridges. The sharp jawline leads to a rounded chin, with moderate-sized ears featuring attached lobes positioned level with the eye-nose line.",0.09119943529367447,21,0.047619047619047616,0,0,0.12635180354118347,-0.035152368247509,50
siglip2_b16_224,face::train::137722.jpg,face,train,137722.jpg,llm_attribute_list,gemini:gemini-3.1-flash-lite:db9b7254d53d,information_reduced,"Face shape: oval; Cheeks and jawline: soft tissue fullness; Hair: straight bangs; Eyebrows: thin, sparse, soft arch; Eyes: almond-shaped, moderate palpebral fissure length, average orbital depth, visible upper-lid creases, average intercanthal distance; Nose: straight dorsum, moderate bridge width, rounded tip, moderate projection, average alar width; Lips: medium-thin, defined cupid's bow, level corners; Philtrum: moderately short; Submental contour: smooth; Neck: mild vertical creases; Headwear: textured white flat cap with a dark band.",0.07190602272748947,9,0.1111111111111111,0,0,0.08988575637340546,-0.017979733645915985,50
siglip2_b16_224,face::train::137722.jpg,face,train,137722.jpg,llm_distinctive_first,gemini:gemini-3.1-flash-lite:db9b7254d53d,information_reduced,"Textured white flat cap with a dark band worn over straight bangs that frame the forehead. The individual has an oval face with soft tissue fullness across the cheeks and jawline, thin and sparse eyebrows with a soft arch, and almond-shaped eyes with visible upper-lid creases. The nose has a straight dorsum and rounded tip, and the mouth features medium-thin lips with a defined cupid's bow. There are mild vertical neck creases beneath a smooth submental contour.",0.14189371466636658,1,1.0,1,1,0.10407976806163788,0.0378139466047287,50
siglip2_b16_224,face::train::071174.jpg,face,train,071174.jpg,llm_attribute_list,gemini:gemini-3.1-flash-lite:db9b7254d53d,information_reduced,"face shape: oval; forehead: rounded contour; brow ridge: moderate; glabella: narrow; hairline: not discernible; head covering: present; eyebrows: soft-arched, moderate thickness, low peak; eyes: almond-shaped, upward canthal tilt, double upper-lid creases, average orbital depth; nasal dorsum: straight; bridge: medium width; nasal tip: rounded, moderate projection; alar: wide flare; mouth: medium width; lip fullness: balanced; lip corners: level; philtrum: narrow, defined ridges; skin surface: smooth; forehead mole: small, dark, above medial end of right eyebrow; garment: colorful, patterned; head position: slight tilt; expression: gentle smile",0.048468343913555145,50,0.02,0,0,0.1175968199968338,-0.06912847608327866,50
siglip2_b16_224,face::train::071174.jpg,face,train,071174.jpg,llm_distinctive_first,gemini:gemini-3.1-flash-lite:db9b7254d53d,information_reduced,"A small dark mole sits on the forehead above the medial end of the right eyebrow, framed by colorful patterned garments and a head covering. The face is oval with a rounded forehead contour, moderate brow ridge, and narrow glabella, featuring soft-arched eyebrows with moderate thickness and a low peak. The almond-shaped eyes have an upward canthal tilt, double upper-lid creases, and average orbital depth. The nose has a straight dorsum, medium bridge width, rounded tip with moderate projection, and wide alar flare. The mouth has a medium width, balanced lip fullness, level corners, and a narrow philtrum with defined ridges. The individual has smooth skin, a slight head tilt, and a gentle smile.",0.07207385450601578,10,0.1,0,0,0.08710083365440369,-0.015026979148387909,50
siglip2_b16_224,face::train::166091.jpg,face,train,166091.jpg,llm_attribute_list,gemini:gemini-3.1-flash-lite:db9b7254d53d,information_reduced,"face shape: oval; bone structure: balanced; hairline: M-shaped with moderate temporal recession; brow ridge: moderately prominent; eyebrows: soft-arched, moderate density and length; eyes: almond-shaped, double upper-lid creases; nose: straight dorsum, medium bridge, rounded tip; mouth: medium width, balanced lips, defined cupid's bow, short philtrum; ears: average size, moderate protrusion, rolled helices, free lobes; hair: short dark, styled upwards; facial hair: stubble on jawline and upper lip.",0.0894162505865097,4,0.25,0,1,0.10771434754133224,-0.01829809695482254,50
siglip2_b16_224,face::train::166091.jpg,face,train,166091.jpg,llm_distinctive_first,gemini:gemini-3.1-flash-lite:db9b7254d53d,information_reduced,"Short dark hair styled upwards and stubble facial hair on the jawline and upper lip complement an M-shaped hairline with moderate temporal recession. This individual has an oval face shape, soft-arched eyebrows of moderate density, and almond-shaped eyes with double upper-lid creases. The nose has a straight dorsum and rounded tip, while the mouth features a defined cupid's bow and short philtrum. The ears are of average size with rolled helices and free lobes.",0.09189721941947937,8,0.125,0,0,0.11587116867303848,-0.023973949253559113,50
siglip2_b16_224,face::train::157804.jpg,face,train,157804.jpg,llm_attribute_list,gemini:gemini-3.1-flash-lite:db9b7254d53d,information_reduced,"face shape: oval; facial thirds: balanced; jawline: wide; forehead: moderately high and gently rounded; hairline: receding at temples with light hair density; eyebrows: thin, sparse, and lightly arched; eyes: almond-shaped, slightly upturned, average orbital depth, visible upper-lid creases; nose: straight dorsum, moderate bridge width, rounded tip, visible nostrils; mouth: wide, thin vermilion lips, even fullness ratio, level corners, upper dental show; philtrum: defined with moderate ridge separation; facial hair: clean-shaven; marks: vertical crease on the left cheek, prominent cleft chin; pose: forward-facing, closed-mouth smile.",0.05994828790426254,39,0.02564102564102564,0,0,0.12174668908119202,-0.061798401176929474,50
siglip2_b16_224,face::train::157804.jpg,face,train,157804.jpg,llm_distinctive_first,gemini:gemini-3.1-flash-lite:db9b7254d53d,information_reduced,"Prominent cleft chin and a vertical crease on the left cheek identify this older adult with a clean-shaven face. The oval-shaped head features a wide jawline and a moderately high, gently rounded forehead with a receding hairline at the temples. Thin, sparse, lightly arched eyebrows sit above almond-shaped, slightly upturned eyes with visible upper-lid creases. The nose has a straight dorsum and rounded tip, while the wide mouth has thin lips with an upper dental show during a closed-mouth smile. The philtrum is defined, and the head is held in a forward-facing pose.",0.08068551123142242,18,0.05555555555555555,0,0,0.1170312911272049,-0.03634577989578247,50
siglip2_b16_224,face::train::091980.jpg,face,train,091980.jpg,llm_attribute_list,gemini:gemini-3.1-flash-lite:db9b7254d53d,information_reduced,"face shape: oval; facial thirds: balanced; cheekbones: moderately prominent; left eyebrow: arches slightly higher than right; hair: center-parted, dark brown, soft waves, falling past shoulders; forehead: high with temporal recession; eyebrows: medium thickness, soft-arched, moderately spaced; eyes: almond-shaped, slightly upward slant, average orbital depth, visible upper-lid creases; nose: straight dorsum, moderate bridge width, rounded tip, medium alar width; mouth: medium fullness, level corners, defined cupid's bow, upper teeth showing; skin: smooth; expression: neutral",0.08979099988937378,6,0.16666666666666666,0,0,0.10716770589351654,-0.01737670600414276,50
siglip2_b16_224,face::train::091980.jpg,face,train,091980.jpg,llm_distinctive_first,gemini:gemini-3.1-flash-lite:db9b7254d53d,information_reduced,"Center-parted dark brown hair with soft waves falling past the shoulders and temporal recession exposing a high forehead identifies this individual. The person has an oval face shape, balanced facial thirds, and moderately prominent cheekbones. The left eyebrow arches slightly higher than the right, while the medium-thickness eyebrows are soft-arched and moderately spaced. The almond-shaped eyes show a slight upward slant, average orbital depth, and visible upper-lid creases. The nose has a straight dorsum, moderate bridge width, rounded tip, and medium alar width. The mouth features medium fullness, level corners, and a defined cupid's bow with upper teeth showing in a closed-smile, set within smooth, mark-free skin.",0.10599355399608612,10,0.1,0,0,0.12309091538190842,-0.017097361385822296,50
siglip2_b16_224,face::train::121281.jpg,face,train,121281.jpg,llm_attribute_list,gemini:gemini-3.1-flash-lite:db9b7254d53d,information_reduced,"face shape: oval; facial thirds: balanced; cheekbones: high; asymmetries: not discernible; hairline: rounded with moderate temporal recession; eyebrows: medium-thick soft-arched with lateral tapering; eyes: almond-shaped with moderate palpebral fissure length, average canthal tilt, and visible double eyelids; nasal bridge: straight; nasal tip: rounded; alar width: moderate; mouth: medium-width; lips: full with defined cupid's bow and level corners; skin: smooth with no visible permanent marks; hair: dark voluminous wavy",0.07839292287826538,27,0.037037037037037035,0,0,0.12018996477127075,-0.04179704189300537,50
siglip2_b16_224,face::train::121281.jpg,face,train,121281.jpg,llm_distinctive_first,gemini:gemini-3.1-flash-lite:db9b7254d53d,information_reduced,"Dark voluminous wavy hair surrounds an oval face with high cheekbones, balanced facial thirds, and a rounded hairline showing moderate temporal recession. The features include medium-thick soft-arched eyebrows with lateral tapering, almond-shaped eyes with visible double eyelids, and a straight nasal bridge ending in a rounded tip. The mouth is medium-width with full lips and a defined cupid's bow, and the skin is smooth with no visible marks and no discernible asymmetries.",0.09776955842971802,3,0.3333333333333333,0,1,0.1106622964143753,-0.012892737984657288,50
siglip2_b16_224,face::train::114832.jpg,face,train,114832.jpg,llm_attribute_list,gemini:gemini-3.1-flash-lite:db9b7254d53d,information_reduced,"face shape: oval; cheekbones: moderately prominent; forehead: medium height/width, gently rounded; hairline: straight, slight temporal recession; eyebrows: thick, dark, soft-arched; eyes: almond-shaped, average palpebral fissure, level canthal tilt, double eyelids; nose: straight dorsum, medium bridge width, rounded tip; mouth: medium width, balanced vermilion, well-defined cupid's bow, level corners; philtrum: moderate length, defined ridges; jawline: defined, moderate angle flare; chin: rounded projection; facial hair: light stubble on upper lip and chin; right cheek: small mole; ears: partially visible, free lobes; neck region: vertical artifact distortion.",0.08087434619665146,18,0.05555555555555555,0,0,0.1099650114774704,-0.02909066528081894,50
siglip2_b16_224,face::train::114832.jpg,face,train,114832.jpg,llm_distinctive_first,gemini:gemini-3.1-flash-lite:db9b7254d53d,information_reduced,"Small mole on the right cheek near the mouth, thick dark soft-arched eyebrows, and light stubble on the upper lip and chin identify this young adult male with an oval face shape. The hairline is straight with slight temporal recession above a medium height forehead. He features almond-shaped eyes with double eyelids, a straight-dorsum nose with a rounded tip, and a defined jawline with a rounded chin. The ears have free lobes and are partially visible, and there is vertical artifact distortion on the neck region.",0.11254509538412094,1,1.0,1,1,0.10723920166492462,0.00530589371919632,50
siglip2_b16_224,face::train::090489.jpg,face,train,090489.jpg,llm_attribute_list,gemini:gemini-3.1-flash-lite:db9b7254d53d,information_reduced,Face shape; oval; forehead; moderately high wide rounded; hairline; rounded with slight temporal recession; cheekbones; moderately prominent average width; jawline; moderately defined; chin; rounded; eyebrows; medium thickness density length soft-arched; eyes; almond-shaped slight upward slant average intercanthal distance double eyelid creases; nose; straight medium bridge width rounded tip; mouth; medium width balanced vermilion fullness level corners; teeth; upper visible; ears; average size protrusion free lobes; hair; short blonde pulled back.,0.1138337254524231,1,1.0,1,1,0.11275558173656464,0.0010781437158584595,50
siglip2_b16_224,face::train::090489.jpg,face,train,090489.jpg,llm_distinctive_first,gemini:gemini-3.1-flash-lite:db9b7254d53d,information_reduced,"Short blonde hair pulled straight back frames an oval face with moderately prominent cheekbones, a rounded chin, and a moderately defined jawline. The subject has soft-arched medium eyebrows, almond-shaped eyes with double eyelid creases and a slight upward slant, and a straight nose with a rounded tip. The forehead is moderately high and wide with slight temporal recession, the mouth is of medium width with level corners and visible upper teeth, and the ears have free lobes.",0.13288447260856628,1,1.0,1,1,0.13239727914333344,0.0004871934652328491,50
siglip2_b16_224,face::train::008309.jpg,face,train,008309.jpg,llm_attribute_list,gemini:gemini-3.1-flash-lite:db9b7254d53d,information_reduced,"face: oblong, balanced thirds, prominent bone structure; hairline: receding with deep temporal recession; hair: dark, wavy; eyebrows: medium thickness, soft arch; eyes: almond-shaped, neutral canthal tilt, defined upper-lid creases; nose: straight bridge, medium width, rounded tip; mouth: medium width, balanced fullness, defined philtrum; facial hair: light stubble on upper lip and chin; skin: smooth, no persistent marks; hand: resting near temple.",0.08791851997375488,7,0.14285714285714285,0,0,0.10922714322805405,-0.021308623254299164,50
siglip2_b16_224,face::train::008309.jpg,face,train,008309.jpg,llm_distinctive_first,gemini:gemini-3.1-flash-lite:db9b7254d53d,information_reduced,"Deep temporal recession at the hairline and light stubble on the upper lip and chin characterize this individual, who has dark wavy hair and an oblong face with prominent bone structure. The person has almond-shaped eyes with defined upper-lid creases and a straight nasal bridge. A hand is resting near the temple, and the skin surface is smooth.",0.09870198369026184,12,0.08333333333333333,0,0,0.11828052252531052,-0.019578538835048676,50
siglip2_b16_224,face::train::129132.jpg,face,train,129132.jpg,llm_attribute_list,gemini:gemini-3.1-flash-lite:db9b7254d53d,information_reduced,"face oval shape; forehead high, wide, rounded contour, prominent brow ridge, temple narrowing; hairline receding at temples, rounded central shape; cheekbones wide, moderate projection, hollowing below; nasolabial folds moderate; lower face wide; jawline defined, slightly rounded; chin rounded, moderate projection; eyebrows medium, soft-arched, lateral tapering; eyes almond-shaped, moderate palpebral fissure, average orbital depth, moderate upper-lid exposure, under-eye fullness; nose straight-dorsumed, moderate bridge width, rounded tip, moderate alar width; mouth medium width, balanced lip fullness, level corners; philtrum defined; skin permanent creases across forehead and around eyes; eyeglasses thin-rimmed, rectangular; shirt patterned, collared; jacket dark.",0.06400102376937866,30,0.03333333333333333,0,0,0.1103833019733429,-0.04638227820396423,50
siglip2_b16_224,face::train::129132.jpg,face,train,129132.jpg,llm_distinctive_first,gemini:gemini-3.1-flash-lite:db9b7254d53d,information_reduced,"Thin-rimmed rectangular eyeglasses are worn by a middle-aged adult with an oval face, prominent brow ridge, and receding hairline at the temples. The individual features a straight-dorsumed nose with a rounded tip, medium-thickness soft-arched eyebrows, and almond-shaped eyes with visible under-eye fullness. Permanent creases are present across the forehead and around the eyes. The lower face is wide with a defined, slightly rounded jawline and a rounded, moderately projecting chin. The subject is dressed in a patterned collared shirt and a dark jacket.",0.10690775513648987,2,0.5,0,1,0.11547911912202835,-0.008571363985538483,50
siglip2_b16_224,face::train::053065.jpg,face,train,053065.jpg,llm_attribute_list,gemini:gemini-3.1-flash-lite:db9b7254d53d,information_reduced,"face shape: oval; facial thirds: balanced; soft tissue coverage: moderate; hairline: obscured; forehead: moderate height and width; eyebrows: thin, soft-arched, moderate spacing; eyes: almond-shaped, medium palpebral fissure length, horizontal canthal tilt, double eyelids with moderate exposure; nose: straight dorsum, average root width, rounded tip, moderate alar width; mouth: medium width, balanced lip fullness, corners slightly upturned, moderate philtrum length with defined ridges; teeth: upper visible at rest; skin: clear; hair: partial occlusion",0.06259354948997498,18,0.05555555555555555,0,0,0.09558898955583572,-0.03299544006586075,50
siglip2_b16_224,face::train::053065.jpg,face,train,053065.jpg,llm_distinctive_first,gemini:gemini-3.1-flash-lite:db9b7254d53d,information_reduced,"Almond-shaped eyes with double eyelids and horizontal canthal tilt combined with an oval face shape and a nose featuring a straight dorsum and rounded tip. The subject has thin, soft-arched eyebrows with moderate spacing and a mouth of medium width with slightly upturned corners and visible upper teeth. The forehead is of moderate height and width, the hairline is obscured by hair with partial occlusion, and the skin is clear.",0.08665449917316437,15,0.06666666666666667,0,0,0.10818056017160416,-0.02152606099843979,50
siglip2_b16_224,face::train::143554.jpg,face,train,143554.jpg,llm_attribute_list,gemini:gemini-3.1-flash-lite:db9b7254d53d,information_reduced,"face shape: oval; cheekbones: moderately prominent; forehead: partially occluded by hair; nose: narrow root, straight dorsum, narrow bridge, narrow and slightly rounded tip, narrow alar base; mouth: medium width, full vermilion lips, well-defined cupid's bow, level corners, philtrum with defined ridges; skin: smooth, two small round dark moles on left cheek; earlobe: left visible with dangling earring; hair: pink; headpiece: red heart-shaped; lipstick: heavy red; sunglasses: black rectangular",0.022920556366443634,50,0.02,0,0,0.10410768538713455,-0.08118712902069092,50
siglip2_b16_224,face::train::143554.jpg,face,train,143554.jpg,llm_distinctive_first,gemini:gemini-3.1-flash-lite:db9b7254d53d,information_reduced,"The person features pink hair, a red heart-shaped headpiece, heavy red lipstick, and black rectangular sunglasses that occlude the eyes and periocular region. Two small round dark moles appear on the left cheek below the outer corner of the eye, and a dangling earring is visible on the left earlobe. The face is oval with moderately prominent cheekbones, a narrow nasal root, straight dorsum, narrow bridge, and a narrow, slightly rounded tip. The mouth is medium width with full vermilion lips, a well-defined cupid's bow, and defined ridges on the philtrum.",0.1601221263408661,1,1.0,1,1,0.10461289435625076,0.055509231984615326,50
siglip2_b16_224,face::train::178182.jpg,face,train,178182.jpg,llm_attribute_list,gemini:gemini-3.1-flash-lite:db9b7254d53d,information_reduced,"face shape: oval; eyebrows: moderately thick, soft-arched, lateral peak, moderate brow-to-eye vertical distance; eyes: almond, slight upward canthal tilt, average palpebral fissure length, moderate upper-lid double crease, average intercanthal distance; nose: straight nasal dorsum, average root width, rounded tip, moderate projection, narrow alar base; mouth: medium-width, even upper-to-lower fullness ratio, defined cupid's bow, level lip corners; skin surface: smooth, no persistent marks",0.061402738094329834,18,0.05555555555555555,0,0,0.09438688308000565,-0.03298414498567581,50
siglip2_b16_224,face::train::178182.jpg,face,train,178182.jpg,llm_distinctive_first,gemini:gemini-3.1-flash-lite:db9b7254d53d,information_reduced,"Almond eyes with a slight upward canthal tilt, moderate upper-lid double crease, and average intercanthal distance accompany moderately thick, soft-arched eyebrows featuring a lateral peak and moderate brow-to-eye vertical distance. The oval face displays a straight nasal dorsum with a rounded tip, moderate projection, and a narrow alar base, alongside a medium-width mouth characterized by a defined cupid's bow, even fullness ratio, and level lip corners. The skin surface is smooth with no persistent marks visible.",0.069790318608284,13,0.07692307692307693,0,0,0.10572995245456696,-0.03593963384628296,50
siglip2_b16_224,face::train::063618.jpg,face,train,063618.jpg,llm_attribute_list,gemini:gemini-3.1-flash-lite:db9b7254d53d,information_reduced,oblong facial shape; balanced thirds; angular bone structure; high forehead; prominent brow ridges; deep temples; receding hairline; thin light-colored hair swept backward; thin light-colored soft-arched eyebrows with lateral thinning; deep-set eyes with moderate palpebral fissure length and downward slant; visible upper-lid creases; straight nasal dorsum; moderate bridge width; rounded nasal tip; wide mouth; thin lips; level mouth corners; visible upper teeth; smooth jawline; rounded chin; moderate vertical chin height; high cheekbones with moderate projection; deep nasolabial folds; ears positioned alongside central face line with attached lobes,0.08181426674127579,24,0.041666666666666664,0,0,0.1111392229795456,-0.029324956238269806,50
siglip2_b16_224,face::train::063618.jpg,face,train,063618.jpg,llm_distinctive_first,gemini:gemini-3.1-flash-lite:db9b7254d53d,information_reduced,"Receding hairline with thin, light-colored hair swept backward and prominent brow ridges on an oblong facial shape with angular bone structure. The face features a high forehead with deep temples, thin light-colored soft-arched eyebrows with lateral thinning, and deep-set eyes with a downward slant and visible upper-lid creases. A wide mouth with thin lips and visible upper teeth is present, along with a straight nasal dorsum and rounded tip. The individual has high cheekbones with moderate projection, deep nasolabial folds, and a smooth jawline with a rounded chin, with ears featuring attached lobes positioned alongside the central face line.",0.08318040519952774,31,0.03225806451612903,0,0,0.11690739542245865,-0.03372699022293091,50
siglip2_b16_224,face::train::089537.jpg,face,train,089537.jpg,llm_attribute_list,gemini:gemini-3.1-flash-lite:db9b7254d53d,information_reduced,"face shape: oval; forehead: smooth contour; brow ridge: moderate; glabella width: average; temples: obscured by hair; hairline: obscured by bangs; cheekbones: moderately prominent, average fullness; nasolabial folds: shallow; lower face: tapering; chin: rounded, moderate projection; eyebrows: medium thickness, soft-arched, moderate spacing; eyes: almond-shaped, horizontal palpebral fissure, average inner-corner distance, upward canthal tilt, double upper-lid crease, average orbital depth; nasal root: medium width; dorsum profile: straight; bridge width: medium; tip shape: bulbous; tip projection: moderate; tip rotation: moderate; alar width: proportional to inner eye corners; nostrils: partially visible; mouth width: proportional to inter-pupillary distance; lips: balanced fullness, moderate vermilion fullness; cupid's bow: defined; corner orientation: level; philtrum: short, defined ridges; ears: occluded; marks: none visible; asymmetries: none visible; head position: slightly tilted and turned; expression: neutral.",0.08830547332763672,11,0.09090909090909091,0,0,0.10597953200340271,-0.01767405867576599,50
siglip2_b16_224,face::train::089537.jpg,face,train,089537.jpg,llm_distinctive_first,gemini:gemini-3.1-flash-lite:db9b7254d53d,information_reduced,"Almond-shaped eyes with upward canthal tilt and double upper-lid creases, accompanied by a bulbous-tipped nose and balanced, moderately full lips with a defined cupid's bow. The face is oval-shaped with moderately prominent cheekbones, shallow nasolabial folds, and a rounded chin with moderate projection. The forehead is smooth with a moderate brow ridge, while the hairline and temples are obscured by bangs. The eyebrows are medium-thick and soft-arched with moderate spacing. The philtrum is short with defined ridges, and the nostrils are partially visible.",0.08290798962116241,7,0.14285714285714285,0,0,0.1093548908829689,-0.026446901261806488,50
siglip2_b16_224,face::train::065762.jpg,face,train,065762.jpg,llm_attribute_list,gemini:gemini-3.1-flash-lite:db9b7254d53d,information_reduced,"face shape: oval; facial structure: balanced thirds, strong bone structure, moderate depth; forehead: average height and width, rounded contour, moderate brow ridge, average glabella width, slight temple narrowing; hairline: rounded, moderate temporal recession; cheekbones: wide, high, moderate projection and fullness; jaw: proportional width, moderately defined angle, continuous line; chin: rounded, moderate projection; eyebrows: medium-thick, soft arches, moderate spacing; eyes: almond-shaped, moderate palpebral fissure, average intercanthal distance, slight upward canthal tilt, double upper-lid creases, average orbital depth; nasal root: average; nasal dorsum: straight; nasal bridge: medium width; nasal tip: rounded, moderate projection; alar width: proportional to inner eye corners; nostrils: partially visible; mouth: moderate width, medium fullness lips, defined cupid's bow, level corners; philtrum: average length, defined ridges; teeth: upper visible at rest; skin: smooth, no marks; head: slight upward tilt; expression: smiling; gaze: direct.",0.06424838304519653,30,0.03333333333333333,0,0,0.11238883435726166,-0.048140451312065125,50
siglip2_b16_224,face::train::065762.jpg,face,train,065762.jpg,llm_distinctive_first,gemini:gemini-3.1-flash-lite:db9b7254d53d,information_reduced,"Oval face with rounded hairline and moderate temporal recession, featuring wide high cheekbones, a continuous jawline, and a rounded chin. The individual has medium-thick eyebrows with soft arches, almond-shaped eyes with slight upward canthal tilt and double upper-lid creases, and a straight-bridged nose with a rounded tip. The mouth has medium fullness lips, a defined cupid's bow, and upper teeth visible at rest. The facial structure is balanced with strong bone structure, and the skin is smooth without marks. The head is positioned with a slight upward tilt, accompanied by a smiling expression and direct gaze.",0.08425572514533997,34,0.029411764705882353,0,0,0.11512775719165802,-0.030872032046318054,50
siglip2_b16_224,face::train::168471.jpg,face,train,168471.jpg,llm_attribute_list,gemini:gemini-3.1-flash-lite:db9b7254d53d,information_reduced,"face shape: oval; forehead: straight contour, moderate height, prominent brow ridge, gentle temple narrowing; hairline: rounded, temporal recession; cheekbones: prominent, moderate width and fullness; jawline: defined; chin: rounded, moderate projection; eyebrows: thick, soft-arched, moderate length and spacing; eyes: almond-shaped, moderate palpebral fissure length, positive canthal tilt, double upper-lid creases, average orbital depth, moderate under-eye fullness; nose: straight nasal dorsum, moderate bridge width, rounded tip with moderate projection, narrow alar base; mouth: average width, lower lip fuller than upper, defined cupid's bow, level lip corners; philtrum: moderate length, defined ridges; earlobes: attached, level with eye-nose line; hair: dark, loose waves, side-swept bangs; hands: chin resting on hand.",0.06178686395287514,45,0.022222222222222223,0,0,0.11439498513936996,-0.05260812118649483,50
siglip2_b16_224,face::train::168471.jpg,face,train,168471.jpg,llm_distinctive_first,gemini:gemini-3.1-flash-lite:db9b7254d53d,information_reduced,"Dark hair styled in loose waves with side-swept bangs frames an oval face with a rounded hairline featuring temporal recession. The face presents with prominent cheekbones, a defined jawline, and a rounded chin with moderate projection. Features include thick, soft-arched eyebrows and almond-shaped eyes with a positive canthal tilt and double upper-lid creases. The nose has a straight dorsum and a rounded tip, while the mouth has a defined cupid's bow and a fuller lower lip. The chin is positioned resting on a hand, and the attached earlobes are level with the eye-nose line.",0.07364679127931595,27,0.037037037037037035,0,0,0.12459030747413635,-0.050943516194820404,50
siglip2_b16_224,face::train::101485.jpg,face,train,101485.jpg,llm_attribute_list,gemini:gemini-3.1-flash-lite:db9b7254d53d,information_reduced,"face shape: oval; forehead: high, gently rounded, moderate temple narrowing; cheekbones: prominent; cheeks: moderate fullness; lower face: narrow; chin: rounded; eyebrows: medium-thin, soft arches; eyes: almond-shaped, moderate upward slant, visible double eyelids, average orbital depth; nose bridge: straight; nose tip: rounded; alar base: narrow; lips: medium-width, balanced fullness, upturned corners; philtrum: short, well-defined; skin: smooth, no prominent permanent marks; earrings: large circular hoop; hair: voluminous layered brown, styled to the side; makeup: dark; facial expression: smiling; gaze: direct; head: turned slightly.",0.0790499821305275,22,0.045454545454545456,0,0,0.1091812252998352,-0.03013124316930771,50
siglip2_b16_224,face::train::101485.jpg,face,train,101485.jpg,llm_distinctive_first,gemini:gemini-3.1-flash-lite:db9b7254d53d,information_reduced,"Voluminous layered brown hair styled to the side paired with large circular hoop earrings on a person with dark makeup and a smiling direct gaze. The subject has an oval face shape, prominent cheekbones, moderate cheek fullness, and a narrow lower face with a rounded chin. The forehead is high and gently rounded with moderate temple narrowing. The almond-shaped eyes show a moderate upward slant with visible double eyelids and average orbital depth. The nose features a straight bridge, rounded tip, and narrow alar base, while the lips are medium-width with balanced fullness and upturned corners. The philtrum is short and well-defined, and the skin is smooth with no prominent permanent marks.",0.11321726441383362,1,1.0,1,1,0.1119714081287384,0.0012458562850952148,50
siglip2_b16_224,face::train::023736.jpg,face,train,023736.jpg,llm_attribute_list,gemini:gemini-3.1-flash-lite:db9b7254d53d,information_reduced,"face shape: oval; forehead: average height and width, gently rounded profile, subtle brow ridge prominence; hairline: moderately low, balanced temporal recession; cheekbones: prominent, moderate zygomatic flare, slight cheek hollowing; jawline: defined continuous; chin: rounded, moderate projection; eyebrows: thick, dark, soft-arched, moderate length and spacing; eyes: almond-shaped, slight positive canthal tilt, average orbital depth, double upper-lid creases; nose: straight dorsum, moderate bridge width, rounded tip, average alar width, moderate flare; lips: medium fullness, level corners, well-defined cupid's bow; philtrum: medium-length; ears: free lobes, normal position; facial hair: short dense beard and mustache covering lower jaw and upper lip; hair: short, wavy, dark brown, styled messy on top.",0.07433423399925232,43,0.023255813953488372,0,0,0.11465130746364594,-0.040317073464393616,50
siglip2_b16_224,face::train::023736.jpg,face,train,023736.jpg,llm_distinctive_first,gemini:gemini-3.1-flash-lite:db9b7254d53d,information_reduced,"Short, wavy dark brown hair styled messy on top accompanies a short, dense beard and mustache covering the lower jaw and upper lip. This middle-aged individual has an oval face shape with strong bone structure, prominent cheekbones with moderate zygomatic flare, and a defined continuous jawline with a rounded chin. The face features thick, dark, soft-arched eyebrows, almond-shaped eyes with a positive canthal tilt, and a straight nose with a rounded tip. The forehead is average in height with a low hairline and balanced temporal recession, while the lips have medium fullness with a well-defined cupid's bow.",0.11686921119689941,3,0.3333333333333333,0,1,0.11813117563724518,-0.0012619644403457642,50
siglip2_b16_224,face::train::063708.jpg,face,train,063708.jpg,llm_attribute_list,gemini:gemini-3.1-flash-lite:db9b7254d53d,information_reduced,"Face shape: oval; Forehead: medium height, medium width, gently rounded profile, moderate brow ridge; Hairline: low center, slight temporal recession; Cheekbones: average width, moderate projection; Lower face: rounded chin, moderate jawline definition; Eyebrows: medium thickness, medium density, medium length, soft arch; Eyes: almond-shaped, neutral palpebral fissure slant, medium upper-lid crease; Nose: straight dorsum, medium bridge width, rounded tip; Mouth: medium width, balanced vermilion fullness, level corners; Ears: medium size, free lobes; Hair: short, dark, styled forward; Clothing: white shirt",0.060426972806453705,42,0.023809523809523808,0,0,0.09088719636201859,-0.03046022355556488,50
siglip2_b16_224,face::train::063708.jpg,face,train,063708.jpg,llm_distinctive_first,gemini:gemini-3.1-flash-lite:db9b7254d53d,information_reduced,"Short dark hair styled forward and a white shirt define this individual, who has an oval face with a low-centered hairline showing slight temporal recession. The forehead is of medium height and width with a moderate brow ridge, leading down to almond-shaped eyes with a neutral palpebral fissure slant and medium upper-lid crease. Features include medium-thickness eyebrows with a soft arch, a straight-dorsum nose with a rounded tip, and medium-width mouth with balanced vermilion fullness. The lower face shows a rounded chin and moderate jawline definition, with medium-size ears featuring free lobes and cheekbones of average width.",0.0939178392291069,25,0.04,0,0,0.12523144483566284,-0.03131360560655594,50
siglip2_b16_224,face::train::138886.jpg,face,train,138886.jpg,llm_attribute_list,gemini:gemini-3.1-flash-lite:db9b7254d53d,information_reduced,"face shape; oval; forehead; average height and gently rounded; brow ridge; moderately prominent; hairline; rounded with moderate temporal recession and high placement; eyebrows; medium thickness and density, soft-arched with downward angling lateral tails; eyes; almond-shaped, upward slanting, positive canthal tilt, double upper-lid creases, moderate lid exposure; nasal root; average width; nasal dorsum; straight; nasal tip; rounded; alar; moderate flare; mouth; moderate width, balanced lip fullness, moderately defined cupid's bow; chin; rounded; skin; smooth texture; hair; long and dark",0.09484583139419556,12,0.08333333333333333,0,0,0.11538496613502502,-0.020539134740829468,50
siglip2_b16_224,face::train::138886.jpg,face,train,138886.jpg,llm_distinctive_first,gemini:gemini-3.1-flash-lite:db9b7254d53d,information_reduced,"Long dark hair frames an oval face with a rounded hairline showing moderate temporal recession and high forehead placement. The soft-arched eyebrows are of medium thickness with downward-angled lateral tails, set above almond-shaped eyes with an upward slant, positive canthal tilt, and moderate double-lid creases. The nose has a straight dorsum and rounded tip with moderate alar flare, while the mouth exhibits balanced lip fullness and a moderately defined cupid's bow. The chin is rounded and the skin texture is smooth, with the subject captured in a direct sideways gaze and neutral expression.",0.09869195520877838,20,0.05,0,0,0.11305195093154907,-0.014359995722770691,50
siglip2_b16_224,face::train::149220.jpg,face,train,149220.jpg,llm_attribute_list,gemini:gemini-3.1-flash-lite:db9b7254d53d,information_reduced,"face shape: oval; bone structure: moderate with balanced soft tissue; hairline: occluded; forehead: occluded; eyebrows: thin, soft-arched, moderate spacing; eyes: almond-shaped, moderate palpebral fissure, average orbital depth, upper-lid creases present; nose: straight dorsum, medium bridge width, rounded tip, moderate alar width; mouth: medium width, balanced lip fullness, level corners, philtrum with defined ridges; facial hair: short stubble on upper lip and chin; headband: yellow; towel: white",0.016178874298930168,50,0.02,0,0,0.11275732517242432,-0.09657845087349415,50
siglip2_b16_224,face::train::149220.jpg,face,train,149220.jpg,llm_distinctive_first,gemini:gemini-3.1-flash-lite:db9b7254d53d,information_reduced,"Wearing a yellow headband and a white towel draped over the head, this adult has an oval face with moderate bone structure and balanced soft tissue. The hairline and forehead are occluded. The eyebrows are thin and soft-arched with moderate spacing, and the almond-shaped eyes feature moderate palpebral fissures, average orbital depth, and upper-lid creases. The straight nose has a medium bridge width and rounded tip, while the medium-width mouth shows balanced lip fullness, level corners, and a philtrum with defined ridges. Short facial hair stubble is present on the upper lip and chin, and the head is slightly turned.",0.11438415199518204,1,1.0,1,1,0.09033749997615814,0.024046652019023895,50
siglip2_b16_224,face::train::060309.jpg,face,train,060309.jpg,llm_attribute_list,gemini:gemini-3.1-flash-lite:db9b7254d53d,information_reduced,"face shape; round, forehead; high and rounded with strongly convex profile, hairline; receding with hair at temples and back of head, eyebrows; thin and sparse and arched and wide-spaced, eyes; almond-shaped with moderate palpebral fissure length and average orbital depth, upper lids; partially obscured by frames, nose; straight dorsum and wide bridge and bulbous tip and moderate alar width and flaring nostrils, mouth; wide with thin upper lip and fuller lower lip and upturned corners, teeth; visible upper at rest, philtrum; medium-length with well-defined ridges, skin; permanent horizontal forehead creases and prominent nasolabial folds, eyeglasses; dark-rimmed rectangular, shirt; striped dark",0.07389742136001587,41,0.024390243902439025,0,0,0.11553481221199036,-0.04163739085197449,50
siglip2_b16_224,face::train::060309.jpg,face,train,060309.jpg,llm_distinctive_first,gemini:gemini-3.1-flash-lite:db9b7254d53d,information_reduced,"Dark-rimmed rectangular eyeglasses and a striped dark shirt worn by an older adult with a round face shape, high rounded forehead, strongly convex profile, and receding hairline present only at temples and back. The face features thin sparse arched eyebrows, almond-shaped eyes with lids partially obscured by frames, a straight-bridged nose with a bulbous tip and flaring nostrils, and a wide mouth with thin upper lip, fuller lower lip, upturned corners, and visible upper teeth. The skin shows permanent horizontal forehead creases and prominent nasolabial folds.",0.09337328374385834,6,0.16666666666666666,0,0,0.1247476115822792,-0.03137432783842087,50
siglip2_b16_224,face::train::025692.jpg,face,train,025692.jpg,llm_attribute_list,gemini:gemini-3.1-flash-lite:db9b7254d53d,information_reduced,"Face shape: oval; forehead: gently rounded; brow ridge: moderate; glabella width: average; cheekbone width: moderate; jawline: tapering; chin: rounded; eyebrows: medium thickness, soft-arched shape, moderate spacing; eyes: almond-shaped, neutral canthal tilt, average palpebral fissure length, visible double upper-lid creases; nose: straight dorsum, medium width, moderate tip projection, narrow alar base; mouth: average width, medium lip fullness, level corners, defined philtrum; hair: soft-textured, wispy bangs; ears: occluded by hair.",0.0989498570561409,3,0.3333333333333333,0,1,0.10294568538665771,-0.003995828330516815,50
siglip2_b16_224,face::train::025692.jpg,face,train,025692.jpg,llm_distinctive_first,gemini:gemini-3.1-flash-lite:db9b7254d53d,information_reduced,"The subject has a soft-textured hairstyle with wispy bangs and an oval face shape characterized by a gently rounded forehead, tapering jawline, and rounded chin. They feature almond-shaped eyes with double upper-lid creases, a straight nose of medium width with a narrow alar base, and medium-full lips. The eyebrows are medium thickness with a soft-arched shape, and the face exhibits a moderate brow ridge and moderate cheekbone width.",0.11474061757326126,1,1.0,1,1,0.11185240000486374,0.002888217568397522,50
siglip2_b16_224,face::train::060555.jpg,face,train,060555.jpg,llm_attribute_list,gemini:gemini-3.1-flash-lite:db9b7254d53d,information_reduced,"face shape: oval; forehead: high, wide, gently rounded contour, moderate brow ridge prominence; hairline: receding at temples, rounded frontal shape; cheekbones: moderately wide, prominent, average fullness; lower-face: proportional width, defined jawline, rounded chin; eyebrows: medium thickness, medium density, soft-arched, moderately spaced; eyes: almond-shaped, average palpebral fissure length, moderate canthal tilt, double upper-lid crease, average orbital depth; nose: straight dorsum, medium bridge, rounded tip, moderate alar width, visible nostrils; mouth: medium width, thin upper vermilion, medium lower vermilion, level corners; philtrum: distinct, moderate ridges; ears: partially occluded; hair: short, dark, styled backward; facial hair: clean-shaven; head pose: straight-on.",0.10056904703378677,4,0.25,0,1,0.10326885432004929,-0.002699807286262512,50
siglip2_b16_224,face::train::060555.jpg,face,train,060555.jpg,llm_distinctive_first,gemini:gemini-3.1-flash-lite:db9b7254d53d,information_reduced,"The subject has short dark hair styled backward with a receding hairline at the temples and a high, wide forehead. The face is oval-shaped with a defined jawline, a rounded chin, and moderately wide, prominent cheekbones. The eyebrows are medium-thick and soft-arched, sitting above almond-shaped eyes with double upper-lid creases. The nose has a straight dorsum and a rounded tip, while the mouth features a thin upper vermilion, a medium lower vermilion, and a distinct philtrum. The individual is clean-shaven and is captured in a straight-on head pose.",0.10206874459981918,6,0.16666666666666666,0,0,0.11480553448200226,-0.012736789882183075,50
siglip2_b16_224,face::train::150659.jpg,face,train,150659.jpg,llm_attribute_list,gemini:gemini-3.1-flash-lite:db9b7254d53d,information_reduced,"face shape: oval; forehead: high with gentle contour; brow ridge: moderate; glabella width: medium; temple: slight narrowing; hairline: receding at temples with rounded central peak; cheekbones: medium-width with moderate projection; midface length: average; nasolabial folds: shallow; lower-face width: moderate; jawline: defined and continuous; chin: rounded with moderate vertical height; eyebrows: soft-arched with high arch peak, medium thickness and density, moderate spacing; eyes: almond-shaped, moderate palpebral fissure length, level canthal tilt, double upper-lid crease, average orbital depth; nasal dorsum: straight; bridge width: medium; nasal tip: rounded with moderate projection; alar width: moderate; nostrils: visible; mouth width: medium; lip fullness ratio: balanced; vermilion: full; cupid's bow: well-defined; lip corners: level; philtrum: short with defined ridges; ears: average-sized with rolled helix and free lobes, positioned level with eye-nose line; marks/asymmetries: none; lipstick: dark; earrings: dangling; garment: light-colored",0.07250725477933884,30,0.03333333333333333,0,0,0.11172462999820709,-0.039217375218868256,50
siglip2_b16_224,face::train::150659.jpg,face,train,150659.jpg,llm_distinctive_first,gemini:gemini-3.1-flash-lite:db9b7254d53d,information_reduced,"Wearing dark lipstick and dangling earrings, this person has a light-colored garment and an oval face shape with a receding hairline at the temples featuring a rounded central peak. They possess soft-arched eyebrows with a high arch peak and medium density, almond-shaped eyes with a double upper-lid crease, and a straight nasal dorsum leading to a rounded, moderately projecting tip. Their features include a defined, continuous jawline with a rounded chin, a short philtrum with defined ridges, and full vermilion lips with a well-defined cupid's bow. The face displays a high forehead, medium-width cheekbones with moderate projection, shallow nasolabial folds, and average-sized ears with free lobes. No persistent marks or asymmetries are visible.",0.09900122135877609,5,0.2,0,1,0.11675054579973221,-0.017749324440956116,50
siglip2_b16_224,face::train::026996.jpg,face,train,026996.jpg,llm_attribute_list,gemini:gemini-3.1-flash-lite:db9b7254d53d,information_reduced,"face shape: oval; forehead: moderately high, gently rounded; temples: full; hairline: rounded, moderate temporal recession; cheekbones: prominent, wide; midface: average length; nasolabial folds: shallow; jawline: smooth, continuous; jaw angle: rounded; chin: rounded, moderate projection, moderate vertical height; eyebrows: medium thickness, medium density, soft-arched; medial spacing: one eye width; eyebrow position: moderately high; eyes: almond-shaped, moderate palpebral fissure length, slight upward slant, neutral canthal tilt; upper-lid crease: double, well-defined; lid exposure: moderate; orbital depth: average; under-eye: smooth; nasal root: medium width, medium depth; nasal dorsum: straight; nasal bridge: medium width; nasal tip: rounded, moderate projection, moderate rotation; alar: width equal to intercanthal distance, slight flare; nostrils: partially visible; columella: moderate show; mouth: width equal to interocular distance; lip ratio: balanced; vermilion height: moderate; cupid's bow: moderately defined; corners: level; philtrum: average length, average width, distinct ridges; upper teeth: visible at rest; ears: average size, free lobes, level with eye-nose line; microphone: small wireless, attached near right cheek.",0.08172068744897842,21,0.047619047619047616,0,0,0.11012013256549835,-0.028399445116519928,50
siglip2_b16_224,face::train::026996.jpg,face,train,026996.jpg,llm_distinctive_first,gemini:gemini-3.1-flash-lite:db9b7254d53d,information_reduced,"Small wireless microphone attached near the right cheek on a middle-aged adult with an oval face shape. The face features prominent wide cheekbones, a rounded chin with moderate projection, and a rounded hairline with moderate temporal recession. The almond-shaped eyes have a slight upward slant and well-defined double upper-lid creases, positioned below moderately high soft-arched eyebrows. The straight-bridged nose has a rounded tip, and the mouth shows balanced lips with visible upper teeth. The ears have free lobes level with the eye-nose line, and the individual is captured with a slight head turn to the right and a backward tilt.",0.12447473406791687,1,1.0,1,1,0.11457233875989914,0.00990239530801773,50
siglip2_b16_224,face::train::082954.jpg,face,train,082954.jpg,llm_attribute_list,gemini:gemini-3.1-flash-lite:db9b7254d53d,information_reduced,"face; heart-shaped; forehead; moderately high, gently rounded; brow ridges; prominent; glabella; moderate width; temple; slightly narrowing; hairline; partially obscured by side-swept bangs parted on the right; cheekbones; medium-width, moderate projection and fullness; jawline; narrowing; chin; rounded, moderate projection; eyebrows; thick, soft-arched, lateral peak, moderate spacing; eyes; almond-shaped, slight upward canthal tilt, moderate palpebral fissure length, average orbital depth, defined upper-lid creases; nose; straight dorsum, moderate bridge width, rounded tip, moderate projection, narrow alar base; mouth; medium-width, thin upper lip, moderately full lower lip, level corners; philtrum; short, well-defined ridges; hair; dark, wavy, worn down, side-swept bangs.",0.07041792571544647,23,0.043478260869565216,0,0,0.10285439342260361,-0.032436467707157135,50
siglip2_b16_224,face::train::082954.jpg,face,train,082954.jpg,llm_distinctive_first,gemini:gemini-3.1-flash-lite:db9b7254d53d,information_reduced,"Dark wavy hair worn down with side-swept bangs parted on the right partially obscures the hairline of this young adult with a heart-shaped face. The face features prominent brow ridges, thick soft-arched eyebrows with a lateral peak, and almond-shaped eyes with an upward canthal tilt and defined upper-lid creases. The straight nose has a rounded tip, while the medium-width mouth consists of a thin upper lip and a moderately full lower lip with a short, well-defined philtrum. The facial structure includes a moderately high forehead, medium-width cheekbones, and a jawline narrowing to a rounded, moderately projecting chin.",0.11045323312282562,5,0.2,0,1,0.1217695027589798,-0.011316269636154175,50
siglip2_b16_224,face::train::042973.jpg,face,train,042973.jpg,llm_attribute_list,gemini:gemini-3.1-flash-lite:db9b7254d53d,information_reduced,"face shape: oval; midface: rounded cheekbones, smooth infraorbital contours, shallow nasolabial folds; jawline: continuous, moderately defined; chin: rounded, shallow mentolabial sulcus; eyebrows: thin, soft-arched; eyes: almond-shaped, medium palpebral fissure, upward canthal tilt, double upper-lid creases; nose: straight dorsum, medium bridge width, rounded tip of moderate projection, narrow alar bases; mouth: medium width, balanced lip fullness, defined cupid's bow, level lip corners, smooth philtrum; hair: brown, strands partially obscuring forehead and left eye region.",0.06479529291391373,28,0.03571428571428571,0,0,0.11376547813415527,-0.04897018522024155,50
siglip2_b16_224,face::train::042973.jpg,face,train,042973.jpg,llm_distinctive_first,gemini:gemini-3.1-flash-lite:db9b7254d53d,information_reduced,"Brown hair with strands partially obscuring the forehead and left eye region frames an oval face with a rounded chin and a continuous, moderately defined jawline. The features include thin, soft-arched eyebrows and almond-shaped eyes with a slight upward canthal tilt and double upper-lid creases. The nose has a straight dorsum and a rounded tip of moderate projection, while the medium-width mouth displays balanced lip fullness and a defined cupid's bow.",0.08588628470897675,33,0.030303030303030304,0,0,0.11654213815927505,-0.03065585345029831,50
siglip2_b16_224,face::train::092618.jpg,face,train,092618.jpg,llm_attribute_list,gemini:gemini-3.1-flash-lite:db9b7254d53d,information_reduced,"face shape: oval; forehead: moderately high, gently rounded contour; cheekbones: average width and projection; jawline: defined; chin: rounded; hair: short tousled light brown; eyebrows: medium thickness, soft-arched, moderately spaced; eyes: almond-shaped, medium palpebral fissure length, neutral canthal tilt, visible upper-lid crease; nose: straight dorsum, medium bridge width, rounded tip; mouth: medium width, thin upper and lower lips, level corners, upper teeth showing; facial hair: light stubble along jawline and chin; ears: free lobes, metal ring piercing in left lobe",0.09854798018932343,6,0.16666666666666666,0,0,0.11051537096500397,-0.011967390775680542,50
siglip2_b16_224,face::train::092618.jpg,face,train,092618.jpg,llm_distinctive_first,gemini:gemini-3.1-flash-lite:db9b7254d53d,information_reduced,"Short tousled light brown hair and a metal ring piercing in the left ear lobe characterize this individual, who has an oval face with a defined jawline and rounded chin. They exhibit light stubble along the jawline and chin, medium-thickness soft-arched eyebrows, and almond-shaped eyes with a neutral canthal tilt. The nose has a straight dorsum with a rounded tip, while the mouth features thin lips and shows upper teeth in a smile.",0.1187756210565567,1,1.0,1,1,0.11591093242168427,0.0028646886348724365,50
siglip2_b16_224,face::train::073196.jpg,face,train,073196.jpg,llm_attribute_list,gemini:gemini-3.1-flash-lite:db9b7254d53d,information_reduced,"Face shape: oblong; hairline: straight with moderate temporal recession; forehead: high; brow ridge: moderate; glabella width: average; cheekbones: moderate projection; nasolabial folds: shallow; jawline: defined continuous with moderate angle flare; chin: rounded with moderate vertical height and projection; eyebrows: thick, medium-length, soft-arched with lateral thinning and moderate interbrow spacing; eyes: almond-shaped, slight upward canthal tilt, double upper-lid crease, average orbital depth; nose: straight dorsum, average bridge width, rounded tip with moderate projection and rotation, medium alar width with slight flare; mouth: medium width, balanced lip fullness, level corners, short philtrum with defined ridges, upper teeth visible; ears: average-sized with free lobes; hair: short dark with textured styling; facial hair: light stubble on jaw and chin; expression: smiling; gaze: forward; head position: slight head turn.",0.088971346616745,15,0.06666666666666667,0,0,0.11005561053752899,-0.021084263920783997,50
siglip2_b16_224,face::train::073196.jpg,face,train,073196.jpg,llm_distinctive_first,gemini:gemini-3.1-flash-lite:db9b7254d53d,information_reduced,"Short dark textured hairstyle paired with light stubble on the jaw and chin characterize this adult with an oblong face. The individual has thick, soft-arched eyebrows with lateral thinning, almond-shaped eyes with a slight upward canthal tilt, and a straight nasal dorsum with a rounded tip. The face features a high forehead with a straight hairline showing moderate temporal recession, a defined continuous jawline with moderate angle flare, and a rounded chin. The mouth is of medium width with a short philtrum, displaying the upper teeth at rest, while the ears are average-sized with free lobes.",0.1288526952266693,1,1.0,1,1,0.12529495358467102,0.003557741641998291,50
siglip2_b16_224,face::train::178129.jpg,face,train,178129.jpg,llm_attribute_list,gemini:gemini-3.1-flash-lite:db9b7254d53d,information_reduced,"face shape: oval; jawline: moderately wide; facial thirds: balanced; hairline: natural, rounded shape, moderate temporal recession; eyebrows: thin, soft-arched, high arch peak position; eyes: almond-shaped, neutral canthal tilt, double upper-lid creases, moderate lid exposure; nose: narrow root, straight dorsum, narrow bridge, rounded tip, moderate projection; mouth: medium-width, thin upper and lower lips, level corners; teeth: visible upper; skin: smooth, no persistent marks; ear lobes: free; earrings: drop style",0.08195888996124268,21,0.047619047619047616,0,0,0.11989471316337585,-0.03793582320213318,50
siglip2_b16_224,face::train::178129.jpg,face,train,178129.jpg,llm_distinctive_first,gemini:gemini-3.1-flash-lite:db9b7254d53d,information_reduced,"Drop earrings accent an oval face with a moderately wide jawline and a natural, rounded hairline showing moderate temporal recession. The face features thin, soft-arched eyebrows with a high arch peak position above almond-shaped eyes that have double upper-lid creases and neutral canthal tilt. The nose has a narrow root and bridge with a straight dorsum and rounded, moderately projecting tip. The mouth is medium-width with thin lips and visible upper teeth, and the skin is smooth with free ear lobes.",0.08417310565710068,20,0.05,0,0,0.12150563299655914,-0.037332527339458466,50
siglip2_b16_224,face::train::123459.jpg,face,train,123459.jpg,llm_attribute_list,gemini:gemini-3.1-flash-lite:db9b7254d53d,information_reduced,"Face shape: oval; forehead: high with rounded hairline and moderate temporal recession; brow ridge: prominent; eyebrows: straight, moderate density; eyes: almond-shaped, moderate palpebral fissure, slight upward slant, defined double eyelid creases, average orbital depth; nose: straight nasal dorsum, moderate bridge width, rounded tip with moderate projection, average alar width; lips: medium-thickness, defined cupid's bow, level mouth corners; philtrum: short with distinct ridges; jawline: narrow; chin: rounded with moderate projection; facial hair: short dark, thin mustache, stubble along jaw; hair: short dark; head: slight downward tilt.",0.04705656319856644,39,0.02564102564102564,0,0,0.08358972519636154,-0.036533161997795105,50
siglip2_b16_224,face::train::123459.jpg,face,train,123459.jpg,llm_distinctive_first,gemini:gemini-3.1-flash-lite:db9b7254d53d,information_reduced,"Short dark hair paired with a short dark thin mustache and jawline stubble defines this person, who has an oval face with a high forehead and rounded hairline showing moderate temporal recession. The face features a prominent brow ridge above straight, moderate-density eyebrows and almond-shaped eyes with double eyelid creases and a slight upward slant. The nose has a straight dorsum with a rounded, moderately projecting tip, while the lips are medium-thick with a defined cupid's bow and a short, ridged philtrum. The chin is rounded with moderate projection, leading into a narrow jawline, and the head is held at a slight downward tilt.",0.11853870749473572,2,0.5,0,1,0.12665705382823944,-0.008118346333503723,50
siglip2_b16_224,face::train::088914.jpg,face,train,088914.jpg,llm_attribute_list,gemini:gemini-3.1-flash-lite:db9b7254d53d,information_reduced,face shape: oval; forehead: rounded contour; hairline: receding; cheekbones: prominent with moderate fullness; jawline: defined; chin: rounded with moderate projection; nose: straight dorsum with moderate bridge width and rounded tip; lips: moderate fullness with level corners; philtrum: defined ridges; facial hair: thin mustache and goatee; eyewear: dark sunglasses; hands: saluting near head,0.078607477247715,25,0.04,0,0,0.10851078480482101,-0.029903307557106018,50
siglip2_b16_224,face::train::088914.jpg,face,train,088914.jpg,llm_distinctive_first,gemini:gemini-3.1-flash-lite:db9b7254d53d,information_reduced,"Dark sunglasses obscure the eyes and eyebrows while a thin mustache and goatee accent the face. The individual has an oval face shape, a receding hairline, and a rounded forehead. Prominent cheekbones, a defined jawline, and a rounded chin with moderate projection complete the facial structure. A hand is positioned in a salute near the head, and the nose features a straight dorsum with a rounded tip.",0.10989082604646683,1,1.0,1,1,0.10676230490207672,0.003128521144390106,50
siglip2_b16_224,face::train::141457.jpg,face,train,141457.jpg,llm_attribute_list,gemini:gemini-3.1-flash-lite:db9b7254d53d,information_reduced,"face shape: oval; forehead: medium height, gently rounded profile; hairline: receding evenly at temples; eyebrows: thin, sparse, soft arch; eyes: almond-shaped, neutral canthal tilt, visible upper-lid creases; nose: straight, medium bridge, rounded tip; mouth: moderate width, thin vermilion lips, level corners; hair: short, styled forward; facial hair: clean-shaven; eyewear: round glasses, yellow-tinted lenses; outerwear: high-collared, dark; hand: ring on finger resting against cheek.",0.07303415983915329,30,0.03333333333333333,0,0,0.11053197085857391,-0.037497811019420624,50
siglip2_b16_224,face::train::141457.jpg,face,train,141457.jpg,llm_distinctive_first,gemini:gemini-3.1-flash-lite:db9b7254d53d,information_reduced,"Round glasses with yellow-tinted lenses and a ring on a finger resting against the cheek are worn by a clean-shaven individual with short hair styled forward. The person has an oval face shape, a medium-height forehead with an evenly receding hairline, and thin, sparse eyebrows with a soft arch. The almond-shaped eyes feature neutral canthal tilt and visible upper-lid creases, complemented by a straight nose with a medium bridge and rounded tip. The mouth is of moderate width with thin vermilion lips and level corners, and the individual wears high-collared dark outerwear.",0.13164639472961426,1,1.0,1,1,0.11569468677043915,0.01595170795917511,50
siglip2_b16_224,face::train::001042.jpg,face,train,001042.jpg,llm_attribute_list,gemini:gemini-3.1-flash-lite:db9b7254d53d,information_reduced,"face shape: oval; hairline: rounded with slight temporal recession; eyebrows: medium thickness, soft arch; eyes: almond-shaped, slight upward slant, visible upper-lid crease, under-eye fullness; nose: straight dorsum, rounded tip; lips: moderate fullness, defined cupid's bow, defined philtrum ridges; skin: clear; hand: partially occluding lower face, occluding teeth; head: turned slightly.",0.060875970870256424,37,0.02702702702702703,0,0,0.1091141328215599,-0.04823816195130348,50
siglip2_b16_224,face::train::001042.jpg,face,train,001042.jpg,llm_distinctive_first,gemini:gemini-3.1-flash-lite:db9b7254d53d,information_reduced,"With a hand partially occluding the lower face and teeth, this adult presents an oval face shape and a rounded hairline exhibiting slight temporal recession. The face features almond-shaped eyes with a slight upward slant and visible upper-lid creases, a nose with a straight dorsum and rounded tip, and lips with moderate fullness and a defined cupid's bow. The eyebrows have a soft arch and medium thickness, and the skin is clear.",0.07566080242395401,24,0.041666666666666664,0,0,0.0978732705116272,-0.022212468087673187,50
siglip2_b16_224,face::train::032580.jpg,face,train,032580.jpg,llm_attribute_list,gemini:gemini-3.1-flash-lite:db9b7254d53d,information_reduced,face; oblong with balanced vertical thirds; bone structure; prominent; forehead; high and broad; hairline; high M-shaped with deep temporal recession; brow ridges; prominent; eyebrows; medium-thick soft-arched with downward sloping lateral tails; eyes; almond-shaped with moderate upper-lid crease; nasal bridge; straight with high root; nasal tip; slightly bulbous; lips; thin; mouth corners; level; philtrum; shallow with well-defined ridges; jawline; strong continuous; jaw angle; moderate sharpness; chin; rounded with moderate vertical height and slight central indentation; ears; moderate-sized free-lobed; hair; short dark wavy; face; clean-shaven with light stubble on upper lip,0.07575909048318863,13,0.07692307692307693,0,0,0.10883548855781555,-0.03307639807462692,50
siglip2_b16_224,face::train::032580.jpg,face,train,032580.jpg,llm_distinctive_first,gemini:gemini-3.1-flash-lite:db9b7254d53d,information_reduced,"High M-shaped hairline with deep temporal recession and short dark wavy hair styled away from the forehead characterize this adult with a clean-shaven face and light stubble on the upper lip. The subject has an oblong face with a prominent bone structure, a high and broad forehead, and prominent brow ridges with minimal spacing. Features include medium-thick soft-arched eyebrows with downward sloping lateral tails, almond-shaped eyes with moderate upper-lid creases, and a straight nasal bridge with a slightly bulbous tip. The jawline is strong and continuous with a rounded chin showing a slight central indentation, while moderate-sized free-lobed ears are positioned level with the eye-nose line.",0.130443274974823,1,1.0,1,1,0.1294286549091339,0.001014620065689087,50
siglip2_b16_224,face::train::109762.jpg,face,train,109762.jpg,llm_attribute_list,gemini:gemini-3.1-flash-lite:db9b7254d53d,information_reduced,"face shape: oblong; forehead: straight; brow ridge: prominent; temple: moderate narrowing; hairline: high receding with deep temporal recession; cheekbones: moderate projection with slight hollowing; jawline: narrow with defined jaw; chin: rounded; eyebrows: thin, sparse, straight-arched with moderate spacing and high vertical distance to eyes; eyes: almond-shaped, medium palpebral fissure, moderate intercanthal distance, horizontal canthal tilt, visible double upper-lid crease, average orbital depth, moderate under-eye fullness; nose: straight dorsum, narrow bridge, rounded tip with moderate projection, moderate alar width, visible nostrils; mouth: moderate width, thin lips, level corners, defined cupid's bow, short philtrum with defined ridges, upper teeth visible at rest; ears: average size with attached lobes and moderate protrusion; skin: permanent horizontal forehead creases and nasolabial folds; hair: short wavy light brown styled upwards",0.07799363881349564,29,0.034482758620689655,0,0,0.10959962010383606,-0.031605981290340424,50
siglip2_b16_224,face::train::109762.jpg,face,train,109762.jpg,llm_distinctive_first,gemini:gemini-3.1-flash-lite:db9b7254d53d,information_reduced,"The subject has short wavy light brown hair styled upwards and a high receding hairline with deep temporal recession. The face is oblong with a straight forehead, prominent brow ridge, and moderate temple narrowing. It features thin, sparse, straight-arched eyebrows with a high vertical distance to almond-shaped eyes that show a horizontal canthal tilt and visible double upper-lid creases. The nose has a straight dorsum and rounded tip, while the mouth has thin lips and shows upper teeth at rest. The jawline is narrow with a rounded chin, and the skin exhibits permanent horizontal forehead creases and nasolabial folds.",0.10227130353450775,14,0.07142857142857142,0,0,0.1310020536184311,-0.02873075008392334,50
siglip2_b16_224,face::test::189457.jpg,face,test,189457.jpg,llm_attribute_list,gemini:gemini-3.1-flash-lite:db9b7254d53d,information_reduced,face shape: oval; hairline: rounded with moderate temporal recession; eyebrows: medium thickness/density/length with soft-arched shape; eyes: almond-shaped with double upper-lid creases; nose: straight dorsum with rounded tip; lips: balanced fullness with defined cupid's bow and upturned corners; facial hair: short stubble along the jawline; skin: clear; jawline: continuous and well-defined; chin: rounded with moderate projection; forehead: medium height/width with moderate brow ridge; cheekbones: prominent of medium width and height,0.03948334604501724,40,0.025,0,0,0.09310990571975708,-0.05362655967473984,50
siglip2_b16_224,face::test::189457.jpg,face,test,189457.jpg,llm_distinctive_first,gemini:gemini-3.1-flash-lite:db9b7254d53d,information_reduced,"Short facial stubble along the jawline marks this young adult male with an oval face, rounded hairline showing moderate temporal recession, and prominent cheekbones. He features almond-shaped eyes with double upper-lid creases and a straight nose with a rounded tip. His well-defined jawline leads to a rounded chin of moderate projection, complemented by medium-thickness soft-arched eyebrows and a mouth with upturned corners and a defined cupid's bow.",0.09286569058895111,14,0.07142857142857142,0,0,0.12991754710674286,-0.03705185651779175,50
siglip2_b16_224,face::test::186223.jpg,face,test,186223.jpg,llm_attribute_list,gemini:gemini-3.1-flash-lite:db9b7254d53d,information_reduced,"face shape oval; forehead height moderate and rounded; brow ridge subtle; glabella width average; temples full; hairline obscured by bangs; hair dark, styled up with loose side strands; eyebrows medium thickness and density, soft-arched; eyes almond-shaped, horizontal palpebral fissures, average intercanthal distance, neutral canthal tilt, upper lids with creases, orbital depth moderate; nose root width average, dorsum straight, bridge width medium, tip rounded, alar base proportional; mouth width medium, lip fullness balanced, vermilion full, cupid's bow defined, corners slightly upturned; philtrum with defined ridges; facial hair none; skin smooth; accessories tiara, veil, necklace",0.05833438038825989,47,0.02127659574468085,0,0,0.10959933698177338,-0.05126495659351349,50
siglip2_b16_224,face::test::186223.jpg,face,test,186223.jpg,llm_distinctive_first,gemini:gemini-3.1-flash-lite:db9b7254d53d,information_reduced,"Wearing a tiara, veil, and necklace, this individual has dark hair styled up with loose side strands and bangs obscuring the hairline. The person has an oval face with moderate, rounded forehead, subtle brow ridge, and medium-density soft-arched eyebrows. The almond-shaped eyes feature horizontal palpebral fissures and visible upper lid creases. The straight-dorsum nose has a rounded tip, and the mouth has defined cupid's bow, full vermilion, and slightly upturned corners.",0.12648294866085052,1,1.0,1,1,0.1200861930847168,0.006396755576133728,50
siglip2_b16_224,face::test::185812.jpg,face,test,185812.jpg,llm_attribute_list,gemini:gemini-3.1-flash-lite:db9b7254d53d,information_reduced,"face shape: round; vertical thirds: balanced; forehead: broad, slight temporal recession; brow ridge: prominent; temple: moderate narrowing; hairline: receding at the temples, irregular M-shaped pattern; eyebrows: moderately thick, straight, spaced apart; eyes: almond-shaped, horizontal palpebral fissure, average orbital depth, upper-lid crease visible; nose: straight dorsum, medium bridge width, rounded tip, moderate projection, alar width proportional to inner eye corners; mouth: medium width, thin upper lip, fuller lower lip, level corners; philtrum: shallow with soft ridges; jawline: moderately defined; chin: rounded; submental contour: smooth; ears: average size, free lobes, level with eye-nose line; hair: short, dark, styled upward; facial hair: thin growth along the jawline; eyeglasses: thin-metal-frame; expression: neutral.",0.09315090626478195,9,0.1111111111111111,0,0,0.11073856055736542,-0.017587654292583466,50
siglip2_b16_224,face::test::185812.jpg,face,test,185812.jpg,llm_distinctive_first,gemini:gemini-3.1-flash-lite:db9b7254d53d,information_reduced,"Thin-metal-frame eyeglasses worn by a person with short dark hair styled upward and thin facial hair growth along the jawline. The individual has an irregular M-shaped receding hairline, a broad forehead with slight temporal recession, and a prominent brow ridge. The face is round with balanced vertical thirds, a moderately defined jawline, and a rounded chin. The eyebrows are straight and moderately thick. The eyes are almond-shaped with visible upper-lid creases. The nose has a straight dorsum and a rounded tip of moderate projection. The mouth is medium width with a thin upper lip and a fuller lower lip. The ears are average-sized with free lobes and are level with the eye-nose line.",0.10814347863197327,2,0.5,0,1,0.11055666953325272,-0.0024131909012794495,50
siglip2_b16_224,face::test::189858.jpg,face,test,189858.jpg,llm_attribute_list,gemini:gemini-3.1-flash-lite:db9b7254d53d,information_reduced,face; oval shape; forehead; obscured by hair; cheekbones; moderate width and projection; lower face; tapering; chin; rounded with moderate projection; mentolabial sulcus; shallow; eyebrows; soft-arched and moderate thickness; eyes; almond-shaped with double creases; nose; straight dorsum and rounded tip; mouth; open with moderate lip fullness and defined cupid's bow; hair; voluminous curly reddish-brown with bangs; skin; clear without persistent marks,0.0831821858882904,17,0.058823529411764705,0,0,0.10266601294279099,-0.01948382705450058,50
siglip2_b16_224,face::test::189858.jpg,face,test,189858.jpg,llm_distinctive_first,gemini:gemini-3.1-flash-lite:db9b7254d53d,information_reduced,"Voluminous curly reddish-brown hair styled with bangs across the forehead frames an oval face featuring almond-shaped eyes with double creases and a nose with a straight dorsum and rounded tip. The individual has moderate cheekbone width and projection, a rounded chin with moderate projection, and a shallow mentolabial sulcus. The mouth is open with moderate lip fullness and a defined cupid's bow, and the clear skin is devoid of persistent marks.",0.13102342188358307,1,1.0,1,1,0.12437815964221954,0.006645262241363525,50
siglip2_b16_224,face::test::183801.jpg,face,test,183801.jpg,llm_attribute_list,gemini:gemini-3.1-flash-lite:db9b7254d53d,information_reduced,"face shape: oval; cheekbones: moderate width; jawline: defined; hairline: rounded and pulled backward; temporal recession: moderate; eyebrows: medium-thick, soft-arched with lateral peak; eyebrow spacing: moderate; eyes: almond-shaped with slight upward slant; palpebral fissure: moderate length; eyelids: double with visible upper lid exposure; orbital depth: average; nasal dorsum: straight; nose bridge: medium width; nose tip: rounded with moderate projection; nostrils: visible; mouth width: medium; lips: even fullness ratio with defined cupid's bow; lip corners: level; skin: smooth without permanent marks; ears: average-sized with free lobes; earrings: small stud",0.10783471167087555,2,0.5,0,1,0.12093310058116913,-0.013098388910293579,50
siglip2_b16_224,face::test::183801.jpg,face,test,183801.jpg,llm_distinctive_first,gemini:gemini-3.1-flash-lite:db9b7254d53d,information_reduced,"Small stud earrings adorn the free lobes of average-sized ears on an individual with a rounded, moderately recessed hairline. The face features a defined jawline, moderate cheekbone width, and an oval shape. The almond-shaped eyes show a slight upward slant, moderate palpebral fissure length, and double eyelids with upper lid exposure. Medium-thick, soft-arched eyebrows have a lateral peak and moderate spacing. The nose has a straight dorsum, medium bridge width, and a rounded, moderately projecting tip with visible nostrils. The medium-width mouth displays even lip fullness, a defined cupid's bow, and level corners. The skin is smooth with no permanent marks or facial hair.",0.09440232813358307,1,1.0,1,1,0.08203807473182678,0.012364253401756287,50
siglip2_b16_224,face::test::188858.jpg,face,test,188858.jpg,llm_attribute_list,gemini:gemini-3.1-flash-lite:db9b7254d53d,information_reduced,"face shape: oval; facial thirds: balanced; soft tissue: moderate; asymmetry: not discernible; hairline: rounded; temporal recession: moderate; eyebrows: medium-thick and soft-arched with lateral thinning; eyes: almond-shaped with moderate palpebral fissure length, slight upward canthal tilt, and visible double upper-lid creases; nasal dorsum: straight; nasal bridge: moderate width; nasal tip: rounded with average projection; alar: average width; mouth: medium width; lip fullness: balanced; vermilion height: moderate; cupid's bow: well-defined; lip corners: upturned; upper teeth: visible; facial hair: not discernible; skin: smooth; marks: none; ears: partially occluded; head: slight turn to the right; expression: wide smile",0.07336612790822983,32,0.03125,0,0,0.10870145261287689,-0.035335324704647064,50
siglip2_b16_224,face::test::188858.jpg,face,test,188858.jpg,llm_distinctive_first,gemini:gemini-3.1-flash-lite:db9b7254d53d,information_reduced,"Almond-shaped eyes with slight upward canthal tilt and visible double upper-lid creases, paired with an oval face shape, rounded hairline with moderate temporal recession, and a wide smile revealing upper teeth. The subject has medium-thick, soft-arched eyebrows with lateral thinning, a straight nasal dorsum, and a medium-width mouth with balanced lip fullness, a well-defined cupid's bow, and upturned corners. The facial thirds are balanced with moderate soft tissue and no discernible asymmetry. The skin is smooth, and ears are partially occluded.",0.08138928562402725,29,0.034482758620689655,0,0,0.1123710498213768,-0.03098176419734955,50
siglip2_b16_224,face::test::196777.jpg,face,test,196777.jpg,llm_attribute_list,gemini:gemini-3.1-flash-lite:db9b7254d53d,information_reduced,"face shape: oval; bone structure: prominent; forehead: medium height, rounded contour; brow ridge: moderate prominence; hairline: rounded, slight temporal recession; cheekbones: wide, moderately projecting, average fullness; lower-face: broad; jawline: strong, square; jaw angle: well-defined; chin: rounded, moderate projection; eyebrows: thick, dense, straight, low vertical distance to eyes; eyes: almond-shaped, medium palpebral fissure length, level canthal tilt, double upper-lid crease; nose: straight dorsum, medium bridge width, bulbous tip, moderate projection, narrow alar base; mouth: medium width, even lip fullness, level corners, defined cupid's bow; philtrum: medium length, distinct ridges; facial hair: short stubble on upper lip, chin, and jawline; ears: free lobes, positioned slightly above eye-nose line",0.0604812428355217,36,0.027777777777777776,0,0,0.09691101312637329,-0.03642977029085159,50
siglip2_b16_224,face::test::196777.jpg,face,test,196777.jpg,llm_distinctive_first,gemini:gemini-3.1-flash-lite:db9b7254d53d,information_reduced,"Short stubble covers the upper lip, chin, and jawline of this young adult with a broad lower-face, strong square jawline, and well-defined jaw angle. The subject has an oval face with wide, moderately projecting cheekbones and a rounded chin with moderate projection. The hairline is rounded with slight temporal recession above a medium-height forehead and moderately prominent brow ridge. Thick, dense, straight eyebrows sit low above almond-shaped eyes with double upper-lid creases. The nose features a straight dorsum and bulbous tip, while the mouth has even lip fullness and a defined cupid's bow. Ears with free lobes are positioned slightly above the eye-nose line.",0.08677680790424347,16,0.0625,0,0,0.10430820286273956,-0.017531394958496094,50
siglip2_b16_224,face::test::184003.jpg,face,test,184003.jpg,llm_attribute_list,gemini:gemini-3.1-flash-lite:db9b7254d53d,information_reduced,"Face: oval shape, balanced facial thirds, moderate soft tissue coverage; Forehead: medium height, gently rounded profile, slight temple narrowing; Hairline: rounded, low temporal recession, moderate height; Cheekbones: average width, moderate projection; Midface: medium length; Nasolabial folds: shallow; Lower face: width proportional to cheekbones, continuous jawline; Chin: rounded, moderate projection; Mentolabial sulcus: shallow; Eyebrows: medium thickness and density, soft arch, moderate spacing; Eyes: almond-shaped, slight upward canthal tilt, moderate palpebral fissure length, average intercanthal distance, visible double upper-lid creases, average orbital depth; Nasal root: medium width; Nasal dorsum: straight; Bridge: medium width; Nasal tip: rounded, moderate projection; Alar: width proportional to inner eye corners; Nostrils: partially visible; Columella: moderate show; Mouth: moderate width; Lips: medium fullness, defined cupid's bow; Mouth corners: slightly upturned; Philtrum: moderate length, defined ridges; Facial hair: clean-shaven; Ears: average size, free lobes, positioned in line with eye-nose region.",0.05383340269327164,35,0.02857142857142857,0,0,0.09093455225229263,-0.037101149559020996,50
siglip2_b16_224,face::test::184003.jpg,face,test,184003.jpg,llm_distinctive_first,gemini:gemini-3.1-flash-lite:db9b7254d53d,information_reduced,"Almond-shaped eyes with a slight upward canthal tilt, visible double upper-lid creases, and moderate palpebral fissure length define this face, which has an oval shape and moderate soft tissue coverage. The forehead is of medium height with a rounded hairline and low temporal recession. The nose features a straight dorsum and a rounded tip with moderate projection. The lips have medium fullness with a defined cupid's bow, and the chin is rounded with moderate projection. The individual is clean-shaven, and the ears are of average size with free lobes.",0.0679808259010315,29,0.034482758620689655,0,0,0.10543082654476166,-0.037450000643730164,50
siglip2_b16_224,face::test::201409.jpg,face,test,201409.jpg,llm_attribute_list,gemini:gemini-3.1-flash-lite:db9b7254d53d,information_reduced,"face shape: oval; facial thirds: balanced; facial depth: moderate; bone structure: strong; forehead: moderately high and wide; brow ridges: prominent; temple: slight narrowing; hairline: receding with temporal recession; eyebrows: thick, dense, and soft-arched; eyes: almond-shaped with moderate palpebral fissure length and visible upper-lid creases; nasal root: medium width; nasal dorsum: straight; nasal tip: rounded; alar: medium width; mouth: medium width with balanced vermilion fullness and defined cupid's bow; facial stubble: short on cheeks, jaw, and chin; ears: partially visible with free lobes; pose: turned; gaze: direct; artifact: severe digital glitch on top of frame.",0.10228362679481506,8,0.125,0,0,0.11064477264881134,-0.008361145853996277,50
siglip2_b16_224,face::test::201409.jpg,face,test,201409.jpg,llm_distinctive_first,gemini:gemini-3.1-flash-lite:db9b7254d53d,information_reduced,"Receding hairline with temporal recession and thick, dense, soft-arched eyebrows frame an oval face with strong bone structure, prominent brow ridges, and a moderately high, wide forehead. The subject features almond-shaped eyes with visible upper-lid creases, a straight-dorsum nose with a rounded tip, and a medium-width mouth with a defined cupid's bow. Short facial stubble covers the cheeks, jaw, and chin, while partially visible ears with free lobes are present. The subject is in a turned pose with a direct gaze, with severe digital glitch artifacts distorting the top of the frame.",0.06486831605434418,16,0.0625,0,0,0.09861285239458084,-0.033744536340236664,50
siglip2_b16_224,face::test::196611.jpg,face,test,196611.jpg,llm_attribute_list,gemini:gemini-3.1-flash-lite:db9b7254d53d,information_reduced,face; oval shape; prominent cheekbones; forehead; moderate height; straight hairline; minor temporal recession; eyebrows; medium thickness; soft-arched; almond-shaped eyes; upward canthal tilt; double eyelid creases; nose; straight dorsum; medium-width bridge; rounded tip; mouth; moderate vermilion fullness; upturned corners; visible upper teeth; jawline; defined; moderate angle flare; rounded chin; skin; smooth; hair; long reddish-brown; necklace; linked metal,0.07327066361904144,20,0.05,0,0,0.09881584346294403,-0.025545179843902588,50
siglip2_b16_224,face::test::196611.jpg,face,test,196611.jpg,llm_distinctive_first,gemini:gemini-3.1-flash-lite:db9b7254d53d,information_reduced,"Long reddish-brown hair accompanies a woman with prominent cheekbones and an oval face shape featuring a straight hairline with minor temporal recession. Her almond-shaped eyes have an upward canthal tilt and visible double eyelid creases, while her nose has a straight dorsum and rounded tip. She displays a defined jawline with a rounded chin, a mouth with upturned corners and visible upper teeth, and wears a linked metal necklace.",0.09485729038715363,6,0.16666666666666666,0,0,0.10971426963806152,-0.014856979250907898,50
siglip2_b16_224,person::train::00197_4.png,person,train,00197_4.png,control_synonym,controlled:single-span,semantic_preserving,"Average-build woman with long brown hair, dressed in a light brown winter jacket with a fur hood, light blue pants, and white shoes.",0.1355874389410019,3,0.3333333333333333,0,1,0.14495721459388733,-0.009369775652885437,50
siglip2_b16_224,person::train::00197_4.png,person,train,00197_4.png,control_one_fact,controlled:single-span,semantic_changed,"Average-build woman with long brown hair, wearing a light brown winter jacket with a fur hood, dark red pants, and white shoes.",0.12839162349700928,3,0.3333333333333333,0,1,0.1545962691307068,-0.02620464563369751,50
siglip2_b16_224,person::query::26685_1.jpg,person,query,26685_1.jpg,control_synonym,controlled:single-span,semantic_preserving,"A man of average build with short dark hair, dressed in a long-sleeved light blue button-down shirt, light brown trousers, and dark shoes.",0.12791259586811066,1,1.0,1,1,0.12334427237510681,0.004568323493003845,50
siglip2_b16_224,person::query::26685_1.jpg,person,query,26685_1.jpg,control_one_fact,controlled:single-span,semantic_changed,"A man of average build with short dark hair, wearing a long-sleeved dark red button-down shirt, light brown trousers, and dark shoes.",0.12624384462833405,5,0.2,0,1,0.1371835321187973,-0.010939687490463257,50
siglip2_b16_224,person::gallery::26474_5.jpg,person,gallery,26474_5.jpg,control_synonym,controlled:single-span,semantic_preserving,"A man of average build with short black hair and eyeglasses, dressed in a light-colored hooded zip-up jacket over a purple-patterned collared shirt, dark blue pants, and dark shoes, carrying a black backpack.",0.16486552357673645,1,1.0,1,1,0.1558191031217575,0.009046420454978943,50
siglip2_b16_224,person::gallery::26474_5.jpg,person,gallery,26474_5.jpg,control_one_fact,controlled:single-span,semantic_changed,"A man of average build with short white hair and eyeglasses, wearing a light-colored hooded zip-up jacket over a purple-patterned collared shirt, dark blue pants, and dark shoes, carrying a black backpack.",0.13514868915081024,1,1.0,1,1,0.124906986951828,0.010241702198982239,50
siglip2_b16_224,person::train::03736_1.jpg,person,train,03736_1.jpg,control_synonym,controlled:single-span,semantic_preserving,"Average-build man with short dark hair and eyeglasses, dressed in a black long-sleeved quilted jacket with gray collar lining, black pants, and black shoes, carrying a white plastic bag.",0.09890580177307129,13,0.07692307692307693,0,0,0.12502248585224152,-0.026116684079170227,50
siglip2_b16_224,person::train::03736_1.jpg,person,train,03736_1.jpg,control_one_fact,controlled:single-span,semantic_changed,"Average-build man with short dark hair and eyeglasses, wearing a white long-sleeved quilted jacket with gray collar lining, black pants, and black shoes, carrying a white plastic bag.",0.08124770224094391,33,0.030303030303030304,0,0,0.14964769780635834,-0.06839999556541443,50
siglip2_b16_224,person::query::14604_1.png,person,query,14604_1.png,control_one_fact,controlled:single-span,semantic_changed,"Average build male in white headwear, dark gray long-sleeved top, blue pants, and black shoes, carrying a black backpack on both shoulders.",0.14414620399475098,5,0.2,0,1,0.16774949431419373,-0.02360329031944275,50
siglip2_b16_224,vehicle::train_images::19666_c077_02.jpg,vehicle,train_images,19666_c077_02.jpg,control_synonym,controlled:single-span,semantic_preserving,Black Volkswagen Touran minivan with alloy wheels and silver roof rails.,0.11644574999809265,8,0.125,0,0,0.1534104347229004,-0.03696468472480774,50
siglip2_b16_224,vehicle::train_images::19666_c077_02.jpg,vehicle,train_images,19666_c077_02.jpg,control_one_fact,controlled:single-span,semantic_changed,white Volkswagen Touran minivan with alloy rims and silver roof rails.,0.07290224730968475,27,0.037037037037037035,0,0,0.16539397835731506,-0.09249173104763031,50
siglip2_b16_224,vehicle::query_images::20204_c041_01.jpg,vehicle,query_images,20204_c041_01.jpg,control_synonym,controlled:single-span,semantic_preserving,Black sedan with alloy wheels and chrome trunk trim.,0.10324744880199432,16,0.0625,0,0,0.12006030976772308,-0.01681286096572876,50
siglip2_b16_224,vehicle::query_images::20204_c041_01.jpg,vehicle,query_images,20204_c041_01.jpg,control_one_fact,controlled:single-span,semantic_changed,white sedan featuring alloy wheels and chrome trunk trim.,0.061152778565883636,33,0.030303030303030304,0,0,0.13111665844917297,-0.06996387988328934,50
siglip2_b16_224,vehicle::gallery_images::20591_c110_03.jpg,vehicle,gallery_images,20591_c110_03.jpg,control_synonym,controlled:single-span,semantic_preserving,"Black BMW 5 Series (F10) sedan with a sunroof, multi-spoke alloy wheels, and light window tint.",0.09763592481613159,38,0.02631578947368421,0,0,0.12655547261238098,-0.02891954779624939,50
siglip2_b16_224,vehicle::gallery_images::20591_c110_03.jpg,vehicle,gallery_images,20591_c110_03.jpg,control_one_fact,controlled:single-span,semantic_changed,"white BMW 5 Series (F10) sedan featuring a sunroof, multi-spoke alloy wheels, and light window tint.",0.09920880943536758,33,0.030303030303030304,0,0,0.13944461941719055,-0.04023580998182297,50
siglip2_b16_224,vehicle::train_images::13184_c012_02.jpg,vehicle,train_images,13184_c012_02.jpg,control_synonym,controlled:single-span,semantic_preserving,"Silver sedan with a sunroof, steel wheels with multi-spoke hubcaps, and white cloth items on the rear parcel shelf.",0.13331064581871033,4,0.25,0,1,0.1494889259338379,-0.016178280115127563,50
siglip2_b16_224,vehicle::train_images::13184_c012_02.jpg,vehicle,train_images,13184_c012_02.jpg,control_one_fact,controlled:single-span,semantic_changed,"Silver sedan featuring a sunroof, steel wheels with multi-spoke hubcaps, and black cloth items on the rear parcel shelf.",0.1267959177494049,8,0.125,0,0,0.1376236081123352,-0.010827690362930298,50
siglip2_b16_224,vehicle::query_images::21022_c078_01.jpg,vehicle,query_images,21022_c078_01.jpg,control_synonym,controlled:single-span,semantic_preserving,"White FAW SUV featuring alloy wheels, roof rails, and a sunroof.",0.10805303603410721,11,0.09090909090909091,0,0,0.1267102211713791,-0.01865718513727188,50
siglip2_b16_224,vehicle::query_images::21022_c078_01.jpg,vehicle,query_images,21022_c078_01.jpg,control_one_fact,controlled:single-span,semantic_changed,"black FAW SUV featuring alloy rims, roof rails, and a sunroof.",0.1085396558046341,19,0.05263157894736842,0,0,0.14516140520572662,-0.03662174940109253,50
siglip2_b16_224,face::train::170623.jpg,face,train,170623.jpg,control_synonym,controlled:single-span,semantic_preserving,"Middle-aged male with an oval face, M-shaped hairline with temporal recession, almond-shaped eyes, and a straight-bridged nose with a round tip.",0.0966811552643776,20,0.05,0,0,0.13079196214675903,-0.03411080688238144,50
siglip2_b16_224,face::train::170623.jpg,face,train,170623.jpg,control_one_fact,controlled:single-span,semantic_changed,"Middle-aged male with an angular face, M-shaped hairline with temporal recession, almond-shaped eyes, and a straight-bridged nose with a rounded tip.",0.10138145834207535,16,0.0625,0,0,0.12690351903438568,-0.025522060692310333,50
siglip2_b16_224,face::test::189457.jpg,face,test,189457.jpg,control_one_fact,controlled:single-span,semantic_changed,"A young adult male with an angular face, moderate-height forehead with slight temporal recession, almond-shaped eyes, and a straight-bridged nose. He has balanced lips, a well-defined jawline with a rounded chin, and short facial stubble along the jawline.",0.10995228588581085,16,0.0625,0,0,0.15881425142288208,-0.04886196553707123,50
siglip2_b16_224,face::train::081413.jpg,face,train,081413.jpg,control_one_fact,controlled:single-span,semantic_changed,"Older man with an oval face, receding grey hairline, and a short grey mustache. He has a straight nose with a bulbous tip and a sharp jawline.",0.11112169921398163,10,0.1,0,0,0.135486900806427,-0.024365201592445374,50
siglip2_b16_224,face::test::186223.jpg,face,test,186223.jpg,control_synonym,controlled:single-span,semantic_preserving,"An adult female with an oval face, dark hair styled up with bangs, and almond-shaped eyes. She wears a tiara, veil, and necklace.",0.11343564093112946,12,0.08333333333333333,0,0,0.14143717288970947,-0.028001531958580017,50
siglip2_b16_224,face::test::186223.jpg,face,test,186223.jpg,control_one_fact,controlled:single-span,semantic_changed,"An adult female with an angular face, dark hair styled up with bangs, and almond-shaped eyes. She is wearing a tiara, veil, and necklace.",0.1494148224592209,1,1.0,1,1,0.12856675684452057,0.020848065614700317,50
siglip2_b16_224,face::train::137722.jpg,face,train,137722.jpg,control_synonym,controlled:single-span,semantic_preserving,"An older woman with an oval face, straight bangs, thin arched eyebrows, and medium-thin lips. She wears a textured white flat cap with a dark band.",0.16258969902992249,1,1.0,1,1,0.10845916718244553,0.05413053184747696,50
siglip2_b16_224,face::train::137722.jpg,face,train,137722.jpg,control_one_fact,controlled:single-span,semantic_changed,"An older woman with an angular face, straight bangs, thin arched eyebrows, and medium-thin lips. She is wearing a textured white flat cap with a dark band.",0.1485092043876648,1,1.0,1,1,0.09706111252307892,0.051448091864585876,50
siglip2_b16_224,person::train::06597_2.jpg,person,train,06597_2.jpg,control_synonym,controlled:single-span,semantic_preserving,"An average-build man with short dark hair, dressed in a dark blue short-sleeved collared shirt, dark trousers, and dark shoes.",0.11070361733436584,20,0.05,0,0,0.13792644441127777,-0.027222827076911926,50
siglip2_b16_224,person::train::10977_1.jpg,person,train,10977_1.jpg,control_synonym,controlled:single-span,semantic_preserving,"An average-build woman with shoulder-length dark brown hair, dressed in black sunglasses and a white face mask, a light gray short-sleeved top, dark pants, and dark sandals, carrying a dark shoulder bag.",0.1674392819404602,1,1.0,1,1,0.14487074315547943,0.022568538784980774,50
siglip2_b16_224,person::train::10977_1.jpg,person,train,10977_1.jpg,control_one_fact,controlled:single-span,semantic_changed,"An average-build woman with shoulder-length dark brown hair, wearing white sunglasses and a white face mask, a light gray short-sleeved top, dark pants, and dark sandals, carrying a dark shoulder bag.",0.14133773744106293,1,1.0,1,1,0.1326196789741516,0.008718058466911316,50
siglip2_b16_224,person::train::12050_5.jpg,person,train,12050_5.jpg,control_synonym,controlled:single-span,semantic_preserving,"Person of average build with short brown hair, dressed in a short-sleeved white polo shirt, light brown pants, and dark brown shoes.",0.1448916792869568,2,0.5,0,1,0.14801940321922302,-0.0031277239322662354,50
siglip2_b16_224,person::train::12050_5.jpg,person,train,12050_5.jpg,control_one_fact,controlled:single-span,semantic_changed,"Person of average build with short brown hair, wearing a short-sleeved white polo shirt, dark gray pants, and dark brown shoes.",0.13674554228782654,4,0.25,0,1,0.14386361837387085,-0.0071180760860443115,50
siglip2_b16_224,person::train::08529_4.jpg,person,train,08529_4.jpg,control_synonym,controlled:single-span,semantic_preserving,"An average-build male dressed in a dark blue long-sleeved jacket over a white shirt, white trousers, dark shoes, and dark headwear.",0.14337395131587982,2,0.5,0,1,0.14478908479213715,-0.0014151334762573242,50
siglip2_b16_224,person::train::08529_4.jpg,person,train,08529_4.jpg,control_one_fact,controlled:single-span,semantic_changed,"An average-build male wearing a dark blue long-sleeved jacket over a black shirt, white trousers, dark shoes, and dark headwear.",0.13538457453250885,6,0.16666666666666666,0,0,0.1577598750591278,-0.022375300526618958,50
siglip2_b16_224,person::train::01742_4.jpg,person,train,01742_4.jpg,control_synonym,controlled:single-span,semantic_preserving,"Woman of average build with dark brown hair in a ponytail and eyeglasses, dressed in a dark brown scarf, a light brown hooded knee-length winter coat, black pants, and light brown shoes.",0.15660829842090607,1,1.0,1,1,0.12563174962997437,0.0309765487909317,50
siglip2_b16_224,person::train::01742_4.jpg,person,train,01742_4.jpg,control_one_fact,controlled:single-span,semantic_changed,"Woman of average build with dark brown hair in a ponytail and eyeglasses, wearing a dark brown scarf, a dark gray hooded knee-length winter coat, black pants, and light brown shoes.",0.13749879598617554,1,1.0,1,1,0.13219237327575684,0.005306422710418701,50
siglip2_b16_224,person::train::05158_3.jpg,person,train,05158_3.jpg,control_synonym,controlled:single-span,semantic_preserving,A male of average build dressed in a black hooded jacket with long sleeves and dark pants.,0.16014787554740906,1,1.0,1,1,0.15473414957523346,0.005413725972175598,50
siglip2_b16_224,person::train::05158_3.jpg,person,train,05158_3.jpg,control_one_fact,controlled:single-span,semantic_changed,A male of average build wearing a white hooded jacket with long sleeves and dark pants.,0.1303267627954483,3,0.3333333333333333,0,1,0.15593037009239197,-0.025603607296943665,50
siglip2_b16_224,person::train::02167_1.jpg,person,train,02167_1.jpg,control_synonym,controlled:single-span,semantic_preserving,"Slim male with short dark hair and thin-framed glasses, dressed in a dark long-sleeved jacket over a light collar, black pants, and a black backpack.",0.15032052993774414,1,1.0,1,1,0.13877005875110626,0.011550471186637878,50
siglip2_b16_224,person::train::02167_1.jpg,person,train,02167_1.jpg,control_one_fact,controlled:single-span,semantic_changed,"Slim male with short dark hair and thin-framed glasses, wearing a dark long-sleeved jacket over a light collar, white pants, and a black backpack.",0.1579914093017578,2,0.5,0,1,0.16307136416435242,-0.0050799548625946045,50
siglip2_b16_224,person::train::00233_10.png,person,train,00233_10.png,control_synonym,controlled:single-span,semantic_preserving,"Adult male of average build with short dark hair, dressed in a dark blue short-sleeved collared shirt, black trousers, and black shoes.",0.13945390284061432,1,1.0,1,1,0.12868495285511017,0.01076894998550415,50
siglip2_b16_224,person::train::00233_10.png,person,train,00233_10.png,control_one_fact,controlled:single-span,semantic_changed,"Adult male of average build with short dark hair, wearing a dark blue short-sleeved collared shirt, white trousers, and black shoes.",0.14424827694892883,1,1.0,1,1,0.13085323572158813,0.013395041227340698,50
siglip2_b16_224,person::train::01108_7.png,person,train,01108_7.png,control_synonym,controlled:single-span,semantic_preserving,"Male of average build with dark brown medium-length hair, dressed in a dark blue hooded jacket, dark pants, and dark shoes.",0.12940973043441772,6,0.16666666666666666,0,0,0.14624705910682678,-0.016837328672409058,50
siglip2_b16_224,person::train::06085_7.jpg,person,train,06085_7.jpg,control_synonym,controlled:single-span,semantic_preserving,"A man of average build with short dark hair, dressed in a light gray long-sleeved shirt, dark pants, and black shoes, carrying a dark backpack.",0.1558406949043274,5,0.2,0,1,0.15984567999839783,-0.004004985094070435,50
siglip2_b16_224,person::train::06085_7.jpg,person,train,06085_7.jpg,control_one_fact,controlled:single-span,semantic_changed,"A man of average build with short dark hair, wearing a light gray long-sleeved shirt, dark pants, and white shoes, carrying a dark backpack.",0.15100103616714478,5,0.2,0,1,0.16529901325702667,-0.014297977089881897,50
siglip2_b16_224,person::train::12462_1.jpg,person,train,12462_1.jpg,control_synonym,controlled:single-span,semantic_preserving,"Average-build man with short light hair and eyeglasses, dressed in a light blue short-sleeved collared shirt and dark trousers.",0.09025740623474121,7,0.14285714285714285,0,0,0.11216972768306732,-0.02191232144832611,50
siglip2_b16_224,person::train::12462_1.jpg,person,train,12462_1.jpg,control_one_fact,controlled:single-span,semantic_changed,"Average-build man with short light hair and eyeglasses, wearing a dark red short-sleeved collared shirt and dark trousers.",0.08811841905117035,6,0.16666666666666666,0,0,0.12612412869930267,-0.038005709648132324,50
siglip2_b16_224,person::train::01924_2.jpg,person,train,01924_2.jpg,control_synonym,controlled:single-span,semantic_preserving,"Male with short dark hair, dressed in a hooded grey and black patterned puffer jacket over a striped shirt, dark blue pants, and red shoes with white soles.",0.1842791736125946,1,1.0,1,1,0.15270008146762848,0.031579092144966125,50
siglip2_b16_224,person::train::01924_2.jpg,person,train,01924_2.jpg,control_one_fact,controlled:single-span,semantic_changed,"Male with short dark hair, wearing a hooded grey and white patterned puffer jacket over a striped shirt, dark blue pants, and red shoes with white soles.",0.18814250826835632,1,1.0,1,1,0.1514703631401062,0.03667214512825012,50
siglip2_b16_224,person::train::00969_2.png,person,train,00969_2.png,control_synonym,controlled:single-span,semantic_preserving,"Person of average build, dark medium-length hair, dressed in dark sunglasses, a dark jacket, dark trousers, and dark shoes, carrying a white shopping bag with a dark pattern.",0.17144036293029785,1,1.0,1,1,0.15547099709510803,0.01596936583518982,50
siglip2_b16_224,person::train::00969_2.png,person,train,00969_2.png,control_one_fact,controlled:single-span,semantic_changed,"Person of average build, dark medium-length hair, wearing dark sunglasses, a dark jacket, dark trousers, and dark shoes, carrying a black shopping bag with a dark pattern.",0.16016924381256104,1,1.0,1,1,0.1505543440580368,0.009614899754524231,50
siglip2_b16_224,person::train::09634_1.jpg,person,train,09634_1.jpg,control_synonym,controlled:single-span,semantic_preserving,"Average-build female with long dark hair, dressed in a white cardigan over a white top, black pants, and a dark crossbody bag.",0.1389697939157486,2,0.5,0,1,0.13953489065170288,-0.0005650967359542847,50
siglip2_b16_224,person::train::09634_1.jpg,person,train,09634_1.jpg,control_one_fact,controlled:single-span,semantic_changed,"Average-build female with long dark hair, wearing a white cardigan over a white top, white pants, and a dark crossbody bag.",0.14944136142730713,1,1.0,1,1,0.14738504588603973,0.002056315541267395,50
siglip2_b16_224,person::train::11561_6.jpg,person,train,11561_6.jpg,control_synonym,controlled:single-span,semantic_preserving,"A woman with short dark hair and an average build, dressed in a light blue hooded puffer jacket, dark blue pants, dark brown boots, and a light brown shoulder bag.",0.16577528417110443,1,1.0,1,1,0.1401679366827011,0.02560734748840332,50
siglip2_b16_224,person::train::11561_6.jpg,person,train,11561_6.jpg,control_one_fact,controlled:single-span,semantic_changed,"A woman with short dark hair and an average build, wearing a dark red hooded puffer jacket, dark blue pants, dark brown boots, and a light brown shoulder bag.",0.13889262080192566,1,1.0,1,1,0.13306285440921783,0.005829766392707825,50
siglip2_b16_224,person::train::08528_6.jpg,person,train,08528_6.jpg,control_one_fact,controlled:single-span,semantic_changed,"An average-build male with short dark hair and a dark cap. He wears a long-sleeved black jacket zipped over a white shirt, dark red jeans, and white shoes.",0.1310805082321167,3,0.3333333333333333,0,1,0.136013925075531,-0.004933416843414307,50
siglip2_b16_224,person::train::01287_5.jpg,person,train,01287_5.jpg,control_synonym,controlled:single-span,semantic_preserving,"A person of average build with dark hair, dressed in a red scarf and a light gray long-sleeved coat with front pockets, paired with a white skirt, black leggings, and black shoes.",0.1920820027589798,1,1.0,1,1,0.14964962005615234,0.042432382702827454,50
siglip2_b16_224,person::train::01287_5.jpg,person,train,01287_5.jpg,control_one_fact,controlled:single-span,semantic_changed,"A person of average build with dark hair, wearing a red scarf and a light gray long-sleeved coat with front pockets, paired with a white skirt, white leggings, and black shoes.",0.1719244420528412,1,1.0,1,1,0.1275712251663208,0.044353216886520386,50
siglip2_b16_224,person::train::10252_1.jpg,person,train,10252_1.jpg,control_synonym,controlled:single-span,semantic_preserving,"A woman of average build with long dark hair. She is dressed in a black long-sleeved jacket over a light gray mid-layer, dark blue trousers, and dark shoes, carrying a black shoulder bag with a thin strap.",0.14443208277225494,1,1.0,1,1,0.1253097951412201,0.01912228763103485,50
siglip2_b16_224,person::train::10252_1.jpg,person,train,10252_1.jpg,control_one_fact,controlled:single-span,semantic_changed,"A woman of average build with long dark hair. She is wearing a white long-sleeved jacket over a light gray mid-layer, dark blue trousers, and dark shoes, carrying a black shoulder bag with a thin strap.",0.12711039185523987,6,0.16666666666666666,0,0,0.14510177075862885,-0.017991378903388977,50
siglip2_b16_224,person::train::08924_1.jpg,person,train,08924_1.jpg,control_synonym,controlled:single-span,semantic_preserving,"Average-build woman with dark hair, dressed in a dark blue long-sleeved top, dark pants, and dark shoes, carrying a dark bag and a smartphone.",0.07358136773109436,38,0.02631578947368421,0,0,0.13759517669677734,-0.06401380896568298,50
siglip2_b16_224,person::train::02319_1.jpg,person,train,02319_1.jpg,control_synonym,controlled:single-span,semantic_preserving,"A person of average build with short dark hair, dressed in an orange and dark brown hooded puffer jacket, black pants, and white shoes.",0.19455939531326294,1,1.0,1,1,0.1877579391002655,0.0068014562129974365,50
siglip2_b16_224,person::train::02319_1.jpg,person,train,02319_1.jpg,control_one_fact,controlled:single-span,semantic_changed,"A person of average build with short dark hair, wearing an orange and dark brown hooded puffer jacket, white pants, and white shoes.",0.18950939178466797,1,1.0,1,1,0.1662563979625702,0.02325299382209778,50
siglip2_b16_224,person::train::09715_3.jpg,person,train,09715_3.jpg,control_synonym,controlled:single-span,semantic_preserving,"A male of average build dressed in a black cap, a black long-sleeve hooded sweatshirt, and black shorts.",0.15786463022232056,1,1.0,1,1,0.15478377044200897,0.0030808597803115845,50
siglip2_b16_224,person::train::09715_3.jpg,person,train,09715_3.jpg,control_one_fact,controlled:single-span,semantic_changed,"A male of average build wearing a white cap, a black long-sleeve hooded sweatshirt, and black shorts.",0.16029532253742218,2,0.5,0,1,0.16286227107048035,-0.0025669485330581665,50
siglip2_b16_224,person::train::13508_2.jpg,person,train,13508_2.jpg,control_synonym,controlled:single-span,semantic_preserving,"An average-build woman with voluminous black hair, dressed in a black sleeveless top, a short black skirt, and black boots that reach above her knees.",0.1640675961971283,1,1.0,1,1,0.1147719994187355,0.04929559677839279,50
siglip2_b16_224,person::train::13508_2.jpg,person,train,13508_2.jpg,control_one_fact,controlled:single-span,semantic_changed,"An average-build woman with voluminous white hair, wearing a black sleeveless top, a short black skirt, and black boots that reach above her knees.",0.15626157820224762,1,1.0,1,1,0.12689827382564545,0.029363304376602173,50
siglip2_b16_224,person::train::09751_6.jpg,person,train,09751_6.jpg,control_synonym,controlled:single-span,semantic_preserving,"A man of average build with short dark hair, dressed in a long-sleeved white shirt, dark shorts, and white shoes.",0.13541200757026672,2,0.5,0,1,0.15087832510471344,-0.015466317534446716,50
siglip2_b16_224,person::train::09751_6.jpg,person,train,09751_6.jpg,control_one_fact,controlled:single-span,semantic_changed,"A man of average build with short dark hair, wearing a long-sleeved black shirt, dark shorts, and white shoes.",0.15512952208518982,2,0.5,0,1,0.17824184894561768,-0.023112326860427856,50
siglip2_b16_224,person::train::11903_4.jpg,person,train,11903_4.jpg,control_synonym,controlled:single-span,semantic_preserving,"A woman of average build and dark skin tone, with dark medium-length hair, dressed in a white short-sleeved graphic t-shirt, dark trousers, and a silver watch on her right wrist.",0.13754357397556305,1,1.0,1,1,0.11159960925579071,0.02594396471977234,50
siglip2_b16_224,person::train::11903_4.jpg,person,train,11903_4.jpg,control_one_fact,controlled:single-span,semantic_changed,"A woman of average build and dark skin tone, with dark medium-length hair, wearing a black short-sleeved graphic t-shirt, dark trousers, and a silver watch on her right wrist.",0.13561402261257172,1,1.0,1,1,0.11133236438035965,0.024281658232212067,50
siglip2_b16_224,person::train::03720_4.jpg,person,train,03720_4.jpg,control_synonym,controlled:single-span,semantic_preserving,"Slim child with short dark hair, dressed in a long-sleeved dark pink hooded puffer coat, black pants, and pink and white shoes.",0.2203277349472046,1,1.0,1,1,0.15793317556381226,0.062394559383392334,50
siglip2_b16_224,person::train::03720_4.jpg,person,train,03720_4.jpg,control_one_fact,controlled:single-span,semantic_changed,"Slim child with short dark hair, wearing a long-sleeved dark pink hooded puffer coat, white pants, and pink and white shoes.",0.23455141484737396,1,1.0,1,1,0.1635228395462036,0.07102857530117035,50
siglip2_b16_224,person::train::26249_12.jpg,person,train,26249_12.jpg,control_synonym,controlled:single-span,semantic_preserving,"Stocky adult male with short dark hair, dressed in a light blue long-sleeved collared shirt, dark trousers, and black shoes, carrying a white folder and a two-wheeled cart with a green mesh container.",0.1412144899368286,1,1.0,1,1,0.1340063214302063,0.0072081685066223145,50
siglip2_b16_224,person::train::26249_12.jpg,person,train,26249_12.jpg,control_one_fact,controlled:single-span,semantic_changed,"Stocky adult male with short dark hair, wearing a dark red long-sleeved collared shirt, dark trousers, and black shoes, carrying a white folder and a two-wheeled cart with a green mesh container.",0.13717329502105713,8,0.125,0,0,0.16943788528442383,-0.0322645902633667,50
siglip2_b16_224,person::train::08634_3.jpg,person,train,08634_3.jpg,control_synonym,controlled:single-span,semantic_preserving,"A female of average build with short gray hair and sunglasses, dressed in a white sleeveless vest over a white, black, and blue striped shirt, paired with black pants and shoes. She carries a black shoulder bag with a blue garment and wears a watch on her left wrist.",0.19150884449481964,1,1.0,1,1,0.14447297155857086,0.04703587293624878,50
siglip2_b16_224,person::train::08634_3.jpg,person,train,08634_3.jpg,control_one_fact,controlled:single-span,semantic_changed,"A female of average build with short gray hair and sunglasses, wearing a white sleeveless vest over a white, white, and blue striped shirt, paired with black pants and shoes. She carries a black shoulder bag with a blue garment and wears a watch on her left wrist.",0.2115999162197113,1,1.0,1,1,0.13585971295833588,0.07574020326137543,50
siglip2_b16_224,person::train::00837_3.png,person,train,00837_3.png,control_synonym,controlled:single-span,semantic_preserving,"A man of average build with short, light-colored hair, dressed in a dark green long-sleeve jacket and trousers with dark shoes, and carrying a dark bag.",0.14845436811447144,1,1.0,1,1,0.14720703661441803,0.0012473315000534058,50
siglip2_b16_224,person::train::00837_3.png,person,train,00837_3.png,control_one_fact,controlled:single-span,semantic_changed,"A man of average build with short, dark-colored hair, wearing a dark green long-sleeve jacket and trousers with dark shoes, and carrying a dark bag.",0.13523179292678833,9,0.1111111111111111,0,0,0.15091532468795776,-0.015683531761169434,50
siglip2_b16_224,person::query::27008_3.jpg,person,query,27008_3.jpg,control_synonym,controlled:single-span,semantic_preserving,"A person with an average build and dark hair, dressed in a long-sleeved black jacket, dark pants, and light-colored shoes, while holding a smartphone.",0.12184341251850128,9,0.1111111111111111,0,0,0.1452414095401764,-0.02339799702167511,50
siglip2_b16_224,person::query::27008_3.jpg,person,query,27008_3.jpg,control_one_fact,controlled:single-span,semantic_changed,"A person with an average build and dark hair, wearing a long-sleeved white jacket, dark pants, and light-colored shoes, while holding a smartphone.",0.11495589464902878,27,0.037037037037037035,0,0,0.14850834012031555,-0.033552445471286774,50
siglip2_b16_224,person::query::14994_1.png,person,query,14994_1.png,control_synonym,controlled:single-span,semantic_preserving,"A man of average build with short black hair, dressed in a dark green long-sleeved jacket, dark gray loose trousers, white shoes, and a yellow backpack on his shoulders.",0.1567820906639099,1,1.0,1,1,0.14737042784690857,0.009411662817001343,50
siglip2_b16_224,person::query::14994_1.png,person,query,14994_1.png,control_one_fact,controlled:single-span,semantic_changed,"A man of average build with short white hair, wearing a dark green long-sleeved jacket, dark gray loose trousers, white shoes, and a yellow backpack on his shoulders.",0.10480496287345886,21,0.047619047619047616,0,0,0.1527041792869568,-0.047899216413497925,50
siglip2_b16_224,person::query::14459_1.png,person,query,14459_1.png,control_synonym,controlled:single-span,semantic_preserving,"Average-build man with short dark hair and eyeglasses, dressed in a long-sleeved blue, white, and green plaid button-down shirt, dark gray pants, and white shoes.",0.12227211892604828,1,1.0,1,1,0.10970226675271988,0.0125698521733284,50
siglip2_b16_224,person::query::14459_1.png,person,query,14459_1.png,control_one_fact,controlled:single-span,semantic_changed,"Average-build man with short dark hair and eyeglasses, wearing a long-sleeved blue, black, and green plaid button-down shirt, dark gray pants, and white shoes.",0.14834947884082794,1,1.0,1,1,0.1262219250202179,0.022127553820610046,50
siglip2_b16_224,person::query::26943_3.jpg,person,query,26943_3.jpg,control_synonym,controlled:single-span,semantic_preserving,"Average-build male with short dark hair, dressed in a red short-sleeved shirt, dark pants, and light-colored shoes.",0.16505248844623566,1,1.0,1,1,0.12766604125499725,0.0373864471912384,50
siglip2_b16_224,person::query::26943_3.jpg,person,query,26943_3.jpg,control_one_fact,controlled:single-span,semantic_changed,"Average-build male with short dark hair, wearing a red short-sleeved shirt, dark pants, and dark-colored shoes.",0.1604372262954712,1,1.0,1,1,0.133008673787117,0.027428552508354187,50
siglip2_b16_224,person::query::26789_3.jpg,person,query,26789_3.jpg,control_synonym,controlled:single-span,semantic_preserving,"An average-build male with short dark hair, dressed in a dark red long-sleeved shirt and blue pants, carrying a light-colored backpack on both shoulders.",0.1519320011138916,1,1.0,1,1,0.15040399134159088,0.0015280097723007202,50
siglip2_b16_224,person::query::26789_3.jpg,person,query,26789_3.jpg,control_one_fact,controlled:single-span,semantic_changed,"An average-build male with short dark hair, wearing a dark red long-sleeved shirt and blue pants, carrying a dark-colored backpack on both shoulders.",0.15843281149864197,1,1.0,1,1,0.140602707862854,0.017830103635787964,50
siglip2_b16_224,person::query::26935_2.jpg,person,query,26935_2.jpg,control_synonym,controlled:single-span,semantic_preserving,"A person of average build dressed in white headwear, a long-sleeved light green jacket, dark pants, and dark shoes.",0.14303067326545715,2,0.5,0,1,0.14945197105407715,-0.006421297788619995,50
siglip2_b16_224,person::query::26935_2.jpg,person,query,26935_2.jpg,control_one_fact,controlled:single-span,semantic_changed,"A person of average build wearing black headwear, a long-sleeved light green jacket, dark pants, and dark shoes.",0.15444140136241913,2,0.5,0,1,0.1598549485206604,-0.005413547158241272,50
siglip2_b16_224,person::query::27100_1.jpg,person,query,27100_1.jpg,control_synonym,controlled:single-span,semantic_preserving,"Average-build male with short dark hair and a cap, dressed in a light pink long-sleeved button-down shirt, blue jeans, dark shoes, and a dark backpack on one shoulder.",0.12080450356006622,4,0.25,0,1,0.13327272236347198,-0.012468218803405762,50
siglip2_b16_224,person::query::26761_2.jpg,person,query,26761_2.jpg,control_synonym,controlled:single-span,semantic_preserving,"Person of average build with dark hair, dressed in a dark long-sleeved hooded jacket, dark pants, and dark shoes.",0.1328989565372467,7,0.14285714285714285,0,0,0.16333913803100586,-0.030440181493759155,50
siglip2_b16_224,person::gallery::27153_5.jpg,person,gallery,27153_5.jpg,control_synonym,controlled:single-span,semantic_preserving,"An adult of average build dressed in a long-sleeved light gray shirt, dark pants, and light-colored shoes.",0.13179704546928406,9,0.1111111111111111,0,0,0.15679776668548584,-0.025000721216201782,50
siglip2_b16_224,person::gallery::27153_5.jpg,person,gallery,27153_5.jpg,control_one_fact,controlled:single-span,semantic_changed,"An adult of average build wearing a long-sleeved light gray shirt, dark pants, and dark-colored shoes.",0.1250339299440384,12,0.08333333333333333,0,0,0.14649662375450134,-0.02146269381046295,50
siglip2_b16_224,person::gallery::26789_1.jpg,person,gallery,26789_1.jpg,control_synonym,controlled:single-span,semantic_preserving,"Average-build man dressed in a long-sleeved dark red jacket, light gray trousers, and dark shoes.",0.10455889999866486,13,0.07692307692307693,0,0,0.14669233560562134,-0.04213343560695648,50
siglip2_b16_224,person::gallery::26721_4.jpg,person,gallery,26721_4.jpg,control_synonym,controlled:single-span,semantic_preserving,"A person with an average build dressed in a dark long-sleeved jacket, dark trousers, and dark shoes.",0.16672185063362122,1,1.0,1,1,0.14769451320171356,0.019027337431907654,50
siglip2_b16_224,person::gallery::26991_3.jpg,person,gallery,26991_3.jpg,control_synonym,controlled:single-span,semantic_preserving,"A male of average build with short dark hair dressed in a long-sleeved white shirt with dark shoulder stripes and chest text, light brown pants, and white shoes, holding a smartphone.",0.1287994533777237,1,1.0,1,1,0.11985653638839722,0.008942916989326477,50
siglip2_b16_224,person::gallery::26991_3.jpg,person,gallery,26991_3.jpg,control_one_fact,controlled:single-span,semantic_changed,"A male of average build with short dark hair wearing a long-sleeved white shirt with dark shoulder stripes and chest text, dark gray pants, and white shoes, holding a smartphone.",0.16888700425624847,1,1.0,1,1,0.1512264609336853,0.01766054332256317,50
siglip2_b16_224,person::gallery::26735_2.jpg,person,gallery,26735_2.jpg,control_synonym,controlled:single-span,semantic_preserving,"Male of average build with short black hair. He is dressed in a long-sleeve shirt with blue, white, and purple horizontal stripes, dark pants, and light brown shoes, carrying a black backpack on both shoulders.",0.15836887061595917,1,1.0,1,1,0.14730040729045868,0.011068463325500488,50
siglip2_b16_224,person::gallery::26735_2.jpg,person,gallery,26735_2.jpg,control_one_fact,controlled:single-span,semantic_changed,"Male of average build with short black hair. He is wearing a long-sleeve shirt with blue, white, and purple horizontal stripes, dark pants, and dark gray shoes, carrying a black backpack on both shoulders.",0.11343888938426971,10,0.1,0,0,0.1318015605211258,-0.01836267113685608,50
siglip2_b16_224,person::gallery::14888_1.png,person,gallery,14888_1.png,control_synonym,controlled:single-span,semantic_preserving,"A slim male with short dark hair, dressed in a long-sleeved bright blue hooded jacket, blue jeans, and light brown shoes, carrying a black messenger bag with a single strap.",0.1813972294330597,1,1.0,1,1,0.16203664243221283,0.019360587000846863,50
siglip2_b16_224,person::gallery::14888_1.png,person,gallery,14888_1.png,control_one_fact,controlled:single-span,semantic_changed,"A slim male with short dark hair, wearing a long-sleeved bright blue hooded jacket, blue jeans, and dark gray shoes, carrying a black messenger bag with a single strap.",0.19600972533226013,1,1.0,1,1,0.16111935675144196,0.034890368580818176,50
siglip2_b16_224,person::gallery::26774_3.jpg,person,gallery,26774_3.jpg,control_synonym,controlled:single-span,semantic_preserving,"A man of average build with short dark hair, dressed in a long-sleeved blue hooded jacket, dark blue pants, and white shoes, carrying a black backpack on both shoulders.",0.18109780550003052,1,1.0,1,1,0.1622965931892395,0.018801212310791016,50
siglip2_b16_224,person::gallery::26774_3.jpg,person,gallery,26774_3.jpg,control_one_fact,controlled:single-span,semantic_changed,"A man of average build with short dark hair, wearing a long-sleeved blue hooded jacket, dark blue pants, and white shoes, carrying a white backpack on both shoulders.",0.15432503819465637,2,0.5,0,1,0.15480194985866547,-0.00047691166400909424,50
siglip2_b16_224,person::gallery::15309_3.png,person,gallery,15309_3.png,control_synonym,controlled:single-span,semantic_preserving,"Average-build male with short dark hair, dressed in a gray short-sleeve collared shirt, dark pants, and dark shoes.",0.13727650046348572,1,1.0,1,1,0.12713295221328735,0.010143548250198364,50
siglip2_b16_224,person::gallery::15194_3.png,person,gallery,15194_3.png,control_synonym,controlled:single-span,semantic_preserving,"A male of average build with short dark hair and eyeglasses, dressed in a long-sleeved dark purple full-zip jacket, light gray trousers, and dark shoes, holding papers.",0.13835418224334717,1,1.0,1,1,0.12696048617362976,0.011393696069717407,50
siglip2_b16_224,vehicle::train_images::13608_c139_04.jpg,vehicle,train_images,13608_c139_04.jpg,control_synonym,controlled:single-span,semantic_preserving,"Black sedan with a chrome vertical slat grille with a Buick emblem, silver alloy wheels, and a sunroof.",0.12437553703784943,13,0.07692307692307693,0,0,0.13907432556152344,-0.014698788523674011,50
siglip2_b16_224,vehicle::train_images::13608_c139_04.jpg,vehicle,train_images,13608_c139_04.jpg,control_one_fact,controlled:single-span,semantic_changed,"white sedan featuring a chrome vertical slat grille with a Buick emblem, silver alloy wheels, and a sunroof.",0.09053489565849304,32,0.03125,0,0,0.1490166336297989,-0.05848173797130585,50
siglip2_b16_224,vehicle::train_images::12849_c170_02.jpg,vehicle,train_images,12849_c170_02.jpg,control_one_fact,controlled:single-span,semantic_changed,A white Volkswagen Jetta sedan with alloy wheels and dark window tint.,0.0475306510925293,36,0.027777777777777776,0,0,0.13414829969406128,-0.08661764860153198,50
siglip2_b16_224,vehicle::train_images::10839_c110_00.jpg,vehicle,train_images,10839_c110_00.jpg,control_one_fact,controlled:single-span,semantic_changed,black Volkswagen Polo hatchback with alloy wheels and fog lights.,0.07058849185705185,25,0.04,0,0,0.12230044603347778,-0.051711954176425934,50
siglip2_b16_224,vehicle::train_images::02440_c090_02.jpg,vehicle,train_images,02440_c090_02.jpg,control_synonym,controlled:single-span,semantic_preserving,"Dark brown Hyundai Tucson SUV with alloy wheels, silver side steps, roof rails, and a shark fin antenna.",0.1477878987789154,1,1.0,1,1,0.1214580088853836,0.0263298898935318,50
siglip2_b16_224,vehicle::train_images::02440_c090_02.jpg,vehicle,train_images,02440_c090_02.jpg,control_one_fact,controlled:single-span,semantic_changed,"Dark brown Hyundai Tucson SUV featuring alloy wheels, black side steps, roof rails, and a shark fin antenna.",0.14327679574489594,1,1.0,1,1,0.11840436607599258,0.02487242966890335,50
siglip2_b16_224,vehicle::train_images::12341_c073_00.jpg,vehicle,train_images,12341_c073_00.jpg,control_synonym,controlled:single-span,semantic_preserving,"Black Nissan Altima sedan with alloy wheels, a sunroof, and tinted windows.",0.15386947989463806,1,1.0,1,1,0.13284310698509216,0.0210263729095459,50
siglip2_b16_224,vehicle::train_images::12341_c073_00.jpg,vehicle,train_images,12341_c073_00.jpg,control_one_fact,controlled:single-span,semantic_changed,"white Nissan Altima sedan featuring alloy wheels, a sunroof, and tinted windows.",0.1272558569908142,2,0.5,0,1,0.1385921984910965,-0.011336341500282288,50
siglip2_b16_224,vehicle::train_images::18263_c110_02.jpg,vehicle,train_images,18263_c110_02.jpg,control_one_fact,controlled:single-span,semantic_changed,black Nissan Qashqai SUV with roof rails and a sunroof.,0.1362190544605255,4,0.25,0,1,0.16946402192115784,-0.033244967460632324,50
siglip2_b16_224,vehicle::train_images::10529_c003_02.jpg,vehicle,train_images,10529_c003_02.jpg,control_one_fact,controlled:single-span,semantic_changed,A black Kia Rio sedan with five-spoke alloy wheels.,0.07938297837972641,22,0.045454545454545456,0,0,0.1161159873008728,-0.03673300892114639,50
siglip2_b16_224,vehicle::train_images::08854_c110_02.jpg,vehicle,train_images,08854_c110_02.jpg,control_synonym,controlled:single-span,semantic_preserving,A dark gray sedan with alloy wheels and dark window tint.,0.11110883206129074,5,0.2,0,1,0.11930940300226212,-0.008200570940971375,50
siglip2_b16_224,vehicle::train_images::08854_c110_02.jpg,vehicle,train_images,08854_c110_02.jpg,control_one_fact,controlled:single-span,semantic_changed,A light brown sedan featuring alloy wheels and dark window tint.,0.09888598322868347,3,0.3333333333333333,0,1,0.13030043244361877,-0.0314144492149353,50
siglip2_b16_224,vehicle::train_images::19263_c030_03.jpg,vehicle,train_images,19263_c030_03.jpg,control_synonym,controlled:single-span,semantic_preserving,Light brown Buick Verano sedan with silver alloy wheels and a rear spoiler.,0.11902522295713425,2,0.5,0,1,0.1272866576910019,-0.008261434733867645,50
siglip2_b16_224,vehicle::train_images::19263_c030_03.jpg,vehicle,train_images,19263_c030_03.jpg,control_one_fact,controlled:single-span,semantic_changed,dark gray Buick Verano sedan with silver alloy rims and a rear spoiler.,0.0950666218996048,13,0.07692307692307693,0,0,0.13342629373073578,-0.03835967183113098,50
siglip2_b16_224,vehicle::train_images::07345_c110_03.jpg,vehicle,train_images,07345_c110_03.jpg,control_one_fact,controlled:single-span,semantic_changed,black Chevrolet Cruze sedan with alloy wheels and tinted windows.,0.08155714720487595,30,0.03333333333333333,0,0,0.13566231727600098,-0.05410517007112503,50
siglip2_b16_224,vehicle::train_images::19520_c034_01.jpg,vehicle,train_images,19520_c034_01.jpg,control_synonym,controlled:single-span,semantic_preserving,"A white Ford Escape SUV with silver roof rails, silver alloy wheels, and tinted windows.",0.12693558633327484,10,0.1,0,0,0.1376940757036209,-0.01075848937034607,50
siglip2_b16_224,vehicle::train_images::19520_c034_01.jpg,vehicle,train_images,19520_c034_01.jpg,control_one_fact,controlled:single-span,semantic_changed,"A black Ford Escape SUV with silver roof rails, silver alloy rims, and tinted windows.",0.10173584520816803,34,0.029411764705882353,0,0,0.13661625981330872,-0.034880414605140686,50
siglip2_b16_224,vehicle::train_images::16253_c139_00.jpg,vehicle,train_images,16253_c139_00.jpg,control_synonym,controlled:single-span,semantic_preserving,Black sedan with alloy wheels.,0.11383087933063507,4,0.25,0,1,0.12309885025024414,-0.00926797091960907,50
siglip2_b16_224,vehicle::train_images::16253_c139_00.jpg,vehicle,train_images,16253_c139_00.jpg,control_one_fact,controlled:single-span,semantic_changed,white sedan with alloy rims.,0.07214713841676712,26,0.038461538461538464,0,0,0.1295444667339325,-0.057397328317165375,50
siglip2_b16_224,vehicle::train_images::06987_c051_04.jpg,vehicle,train_images,06987_c051_04.jpg,control_synonym,controlled:single-span,semantic_preserving,"A dark gray hatchback with black roof rails, alloy wheels, and blue accent lighting under the headlights.",0.14381393790245056,1,1.0,1,1,0.1412874460220337,0.00252649188041687,50
siglip2_b16_224,vehicle::train_images::06987_c051_04.jpg,vehicle,train_images,06987_c051_04.jpg,control_one_fact,controlled:single-span,semantic_changed,"A dark gray hatchback featuring white roof rails, alloy wheels, and blue accent lighting under the headlights.",0.14295274019241333,1,1.0,1,1,0.13847757875919342,0.00447516143321991,50
siglip2_b16_224,vehicle::train_images::05685_c100_04.jpg,vehicle,train_images,05685_c100_04.jpg,control_synonym,controlled:single-span,semantic_preserving,"A silver sedan featuring a sunroof, alloy wheels, and side window visors.",0.12802349030971527,5,0.2,0,1,0.14824530482292175,-0.020221814513206482,50
siglip2_b16_224,vehicle::train_images::05685_c100_04.jpg,vehicle,train_images,05685_c100_04.jpg,control_one_fact,controlled:single-span,semantic_changed,"A black sedan featuring a sunroof, alloy rims, and side window visors.",0.09553786367177963,25,0.04,0,0,0.14896880090236664,-0.053430937230587006,50
siglip2_b16_224,vehicle::train_images::16614_c041_04.jpg,vehicle,train_images,16614_c041_04.jpg,control_synonym,controlled:single-span,semantic_preserving,Black Infiniti M sedan with tinted windows and alloy wheels.,0.11164429783821106,22,0.045454545454545456,0,0,0.1267167031764984,-0.015072405338287354,50
siglip2_b16_224,vehicle::train_images::16614_c041_04.jpg,vehicle,train_images,16614_c041_04.jpg,control_one_fact,controlled:single-span,semantic_changed,white Infiniti M sedan with tinted windows and alloy rims.,0.08787402510643005,22,0.045454545454545456,0,0,0.14717385172843933,-0.05929982662200928,50
siglip2_b16_224,vehicle::train_images::13946_c012_04.jpg,vehicle,train_images,13946_c012_04.jpg,control_one_fact,controlled:single-span,semantic_changed,black minivan with a sunroof and alloy wheels.,0.10436765849590302,11,0.09090909090909091,0,0,0.14833810925483704,-0.04397045075893402,50
siglip2_b16_224,vehicle::train_images::14133_c170_01.jpg,vehicle,train_images,14133_c170_01.jpg,control_one_fact,controlled:single-span,semantic_changed,white sedan with dark tinted rear windows and tree branches secured to the roof.,0.16119766235351562,2,0.5,0,1,0.1669810265302658,-0.005783364176750183,50
siglip2_b16_224,vehicle::train_images::16747_c163_03.jpg,vehicle,train_images,16747_c163_03.jpg,control_one_fact,controlled:single-span,semantic_changed,black Buick Regal sedan with a sunroof.,0.09229157119989395,42,0.023809523809523808,0,0,0.16323184967041016,-0.0709402784705162,50
siglip2_b16_224,vehicle::train_images::05432_c163_04.jpg,vehicle,train_images,05432_c163_04.jpg,control_synonym,controlled:single-span,semantic_preserving,Black Volkswagen Passat sedan with alloy wheels.,0.11071132868528366,6,0.16666666666666666,0,0,0.11713677644729614,-0.006425447762012482,50
siglip2_b16_224,vehicle::train_images::05432_c163_04.jpg,vehicle,train_images,05432_c163_04.jpg,control_one_fact,controlled:single-span,semantic_changed,white Volkswagen Passat sedan with alloy rims.,0.08513424545526505,23,0.043478260869565216,0,0,0.13530145585536957,-0.05016721040010452,50
siglip2_b16_224,vehicle::train_images::19057_c170_04.jpg,vehicle,train_images,19057_c170_04.jpg,control_synonym,controlled:single-span,semantic_preserving,"White SUV with a black bumper, dark gray lower cladding, and a yellow sticker on the trunk lid.",0.1396193504333496,1,1.0,1,1,0.138676255941391,0.0009430944919586182,50
siglip2_b16_224,vehicle::train_images::19057_c170_04.jpg,vehicle,train_images,19057_c170_04.jpg,control_one_fact,controlled:single-span,semantic_changed,"White SUV featuring a white bumper, dark gray lower cladding, and a yellow sticker on the trunk lid.",0.14419424533843994,1,1.0,1,1,0.13515996932983398,0.009034276008605957,50
siglip2_b16_224,vehicle::train_images::04455_c078_00.jpg,vehicle,train_images,04455_c078_00.jpg,control_synonym,controlled:single-span,semantic_preserving,A black Toyota Camry sedan featuring alloy wheels and damage on the hood near the driver-side headlight.,0.15817253291606903,1,1.0,1,1,0.15798383951187134,0.00018869340419769287,50
siglip2_b16_224,vehicle::train_images::04455_c078_00.jpg,vehicle,train_images,04455_c078_00.jpg,control_one_fact,controlled:single-span,semantic_changed,A white Toyota Camry sedan featuring alloy rims and damage on the hood near the driver-side headlight.,0.12357356399297714,18,0.05555555555555555,0,0,0.16265903413295746,-0.039085470139980316,50
siglip2_b16_224,vehicle::train_images::14387_c163_04.jpg,vehicle,train_images,14387_c163_04.jpg,control_one_fact,controlled:single-span,semantic_changed,black Volkswagen Tiguan SUV with alloy wheels and dark window tint.,0.08172651380300522,29,0.034482758620689655,0,0,0.11518878489732742,-0.033462271094322205,50
siglip2_b16_224,vehicle::train_images::09221_c139_03.jpg,vehicle,train_images,09221_c139_03.jpg,control_synonym,controlled:single-span,semantic_preserving,"A white Toyota sedan with alloy wheels, light window tint, and a roof antenna.",0.13938656449317932,6,0.16666666666666666,0,0,0.14666138589382172,-0.007274821400642395,50
siglip2_b16_224,vehicle::train_images::09221_c139_03.jpg,vehicle,train_images,09221_c139_03.jpg,control_one_fact,controlled:single-span,semantic_changed,"A black Toyota sedan with alloy rims, light window tint, and a roof antenna.",0.09511236846446991,37,0.02702702702702703,0,0,0.1466742604970932,-0.05156189203262329,50
siglip2_b16_224,vehicle::train_images::04724_c110_02.jpg,vehicle,train_images,04724_c110_02.jpg,control_one_fact,controlled:single-span,semantic_changed,A black hatchback with a sunroof and alloy wheels.,0.09708833694458008,21,0.047619047619047616,0,0,0.1460648477077484,-0.048976510763168335,50
siglip2_b16_224,vehicle::train_images::08361_c094_04.jpg,vehicle,train_images,08361_c094_04.jpg,control_one_fact,controlled:single-span,semantic_changed,A black Nissan Tiida sedan with alloy wheels and a sunroof.,0.08487346768379211,33,0.030303030303030304,0,0,0.13160277903079987,-0.04672931134700775,50
siglip2_b16_224,vehicle::train_images::03678_c014_03.jpg,vehicle,train_images,03678_c014_03.jpg,control_synonym,controlled:single-span,semantic_preserving,"A white Buick sedan with alloy multi-spoke rims, a sunroof, dark window tint, and a red ribbon on the driver's side mirror.",0.16050797700881958,1,1.0,1,1,0.15646672248840332,0.00404125452041626,50
siglip2_b16_224,vehicle::train_images::03678_c014_03.jpg,vehicle,train_images,03678_c014_03.jpg,control_one_fact,controlled:single-span,semantic_changed,"A black Buick sedan featuring alloy multi-spoke rims, a sunroof, dark window tint, and a red ribbon on the driver's side mirror.",0.11507980525493622,16,0.0625,0,0,0.15949055552482605,-0.04441075026988983,50
siglip2_b16_224,vehicle::query_images::20039_c015_00.jpg,vehicle,query_images,20039_c015_00.jpg,control_synonym,controlled:single-span,semantic_preserving,"Silver JAC box truck with a roof-mounted wind deflector, black side mirrors, and a black front grill.",0.1465638279914856,1,1.0,1,1,0.12840187549591064,0.01816195249557495,50
siglip2_b16_224,vehicle::query_images::20039_c015_00.jpg,vehicle,query_images,20039_c015_00.jpg,control_one_fact,controlled:single-span,semantic_changed,"Silver JAC box truck featuring a roof-mounted wind deflector, white side mirrors, and a black front grill.",0.15623381733894348,1,1.0,1,1,0.13361048698425293,0.022623330354690552,50
siglip2_b16_224,vehicle::query_images::20298_c122_00.jpg,vehicle,query_images,20298_c122_00.jpg,control_one_fact,controlled:single-span,semantic_changed,black MPV with silver alloy wheels.,0.08960181474685669,17,0.058823529411764705,0,0,0.11206842958927155,-0.022466614842414856,50
siglip2_b16_224,vehicle::query_images::21010_c163_01.jpg,vehicle,query_images,21010_c163_01.jpg,control_synonym,controlled:single-span,semantic_preserving,"Black Lexus RX SUV with alloy wheels, roof rails, and side window visors.",0.08967426419258118,39,0.02564102564102564,0,0,0.12722189724445343,-0.03754763305187225,50
siglip2_b16_224,vehicle::query_images::21010_c163_01.jpg,vehicle,query_images,21010_c163_01.jpg,control_one_fact,controlled:single-span,semantic_changed,"white Lexus RX SUV featuring alloy wheels, roof rails, and side window visors.",0.0858064591884613,42,0.023809523809523808,0,0,0.13775436580181122,-0.051947906613349915,50
siglip2_b16_224,vehicle::query_images::20249_c003_00.jpg,vehicle,query_images,20249_c003_00.jpg,control_synonym,controlled:single-span,semantic_preserving,"A black Volkswagen Passat sedan with alloy wheels, a sunroof, and tinted windows.",0.14601033926010132,2,0.5,0,1,0.1498030722141266,-0.0037927329540252686,50
siglip2_b16_224,vehicle::query_images::20249_c003_00.jpg,vehicle,query_images,20249_c003_00.jpg,control_one_fact,controlled:single-span,semantic_changed,"A white Volkswagen Passat sedan with alloy rims, a sunroof, and tinted windows.",0.110182024538517,26,0.038461538461538464,0,0,0.15208882093429565,-0.041906796395778656,50
siglip2_b16_224,vehicle::query_images::20506_c051_01.jpg,vehicle,query_images,20506_c051_01.jpg,control_synonym,controlled:single-span,semantic_preserving,White Ford Focus hatchback with a sunroof and alloy wheels.,0.1256377398967743,5,0.2,0,1,0.14224007725715637,-0.01660233736038208,50
siglip2_b16_224,vehicle::query_images::20506_c051_01.jpg,vehicle,query_images,20506_c051_01.jpg,control_one_fact,controlled:single-span,semantic_changed,black Ford Focus hatchback with a sunroof and alloy rims.,0.09525757282972336,26,0.038461538461538464,0,0,0.14858783781528473,-0.05333026498556137,50
siglip2_b16_224,vehicle::query_images::21112_c079_00.jpg,vehicle,query_images,21112_c079_00.jpg,control_synonym,controlled:single-span,semantic_preserving,"White Honda CR-V crossover SUV with silver alloy wheels, roof rails, and a green registration sticker on the windshield.",0.1480008363723755,5,0.2,0,1,0.15906018018722534,-0.011059343814849854,50
siglip2_b16_224,vehicle::query_images::21112_c079_00.jpg,vehicle,query_images,21112_c079_00.jpg,control_one_fact,controlled:single-span,semantic_changed,"black Honda CR-V crossover SUV featuring silver alloy wheels, roof rails, and a green registration sticker on the windshield.",0.14001211524009705,12,0.08333333333333333,0,0,0.16120460629463196,-0.021192491054534912,50
siglip2_b16_224,vehicle::query_images::20949_c003_01.jpg,vehicle,query_images,20949_c003_01.jpg,control_synonym,controlled:single-span,semantic_preserving,"Black sedan with a sunroof, dark window tint, and multi-spoke alloy wheels.",0.1111629381775856,13,0.07692307692307693,0,0,0.124950110912323,-0.013787172734737396,50
siglip2_b16_224,vehicle::query_images::20949_c003_01.jpg,vehicle,query_images,20949_c003_01.jpg,control_one_fact,controlled:single-span,semantic_changed,"white sedan with a sunroof, dark window tint, and multi-spoke alloy rims.",0.0977085530757904,29,0.034482758620689655,0,0,0.15987083315849304,-0.06216228008270264,50
siglip2_b16_224,vehicle::query_images::20272_c102_00.jpg,vehicle,query_images,20272_c102_00.jpg,control_one_fact,controlled:single-span,semantic_changed,white Volkswagen Lamando sedan with alloy wheels and dark window tint.,0.05533052235841751,43,0.023255813953488372,0,0,0.1296769231557846,-0.0743464007973671,50
siglip2_b16_224,vehicle::gallery_images::20535_c170_02.jpg,vehicle,gallery_images,20535_c170_02.jpg,control_one_fact,controlled:single-span,semantic_changed,black Volkswagen Passat B4 sedan with alloy wheels.,0.06495225429534912,31,0.03225806451612903,0,0,0.12375502288341522,-0.0588027685880661,50
siglip2_b16_224,vehicle::gallery_images::20877_c110_00.jpg,vehicle,gallery_images,20877_c110_00.jpg,control_synonym,controlled:single-span,semantic_preserving,"A dark gray sedan featuring alloy wheels, a rear spoiler, and tinted windows.",0.134323388338089,2,0.5,0,1,0.14065900444984436,-0.006335616111755371,50
siglip2_b16_224,vehicle::gallery_images::20877_c110_00.jpg,vehicle,gallery_images,20877_c110_00.jpg,control_one_fact,controlled:single-span,semantic_changed,"A light brown sedan featuring alloy rims, a rear spoiler, and tinted windows.",0.11345421522855759,5,0.2,0,1,0.15777918696403503,-0.04432497173547745,50
siglip2_b16_224,vehicle::gallery_images::20159_c003_00.jpg,vehicle,gallery_images,20159_c003_00.jpg,control_one_fact,controlled:single-span,semantic_changed,white Toyota Camry sedan with hubcap wheels and moderate window tint.,0.06503599882125854,38,0.02631578947368421,0,0,0.13712871074676514,-0.07209271192550659,50
siglip2_b16_224,vehicle::gallery_images::21199_c014_04.jpg,vehicle,gallery_images,21199_c014_04.jpg,control_synonym,controlled:single-span,semantic_preserving,Silver FAW V5 sedan with multi-spoke alloy wheels and light window tint.,0.09995835274457932,21,0.047619047619047616,0,0,0.11151199042797089,-0.011553637683391571,50
siglip2_b16_224,vehicle::gallery_images::21199_c014_04.jpg,vehicle,gallery_images,21199_c014_04.jpg,control_one_fact,controlled:single-span,semantic_changed,black FAW V5 sedan with multi-spoke alloy rims and light window tint.,0.07983791828155518,27,0.037037037037037035,0,0,0.131727397441864,-0.05188947916030884,50
siglip2_b16_224,vehicle::gallery_images::20762_c156_00.jpg,vehicle,gallery_images,20762_c156_00.jpg,control_synonym,controlled:single-span,semantic_preserving,Black Nissan Livina compact minivan with silver roof rails and five-spoke alloy wheels.,0.1174849420785904,6,0.16666666666666666,0,0,0.13482370972633362,-0.017338767647743225,50
siglip2_b16_224,vehicle::gallery_images::20762_c156_00.jpg,vehicle,gallery_images,20762_c156_00.jpg,control_one_fact,controlled:single-span,semantic_changed,white Nissan Livina compact minivan with silver roof rails and five-spoke alloy rims.,0.09814728051424026,16,0.0625,0,0,0.1482744812965393,-0.05012720078229904,50
siglip2_b16_224,vehicle::gallery_images::20070_c017_01.jpg,vehicle,gallery_images,20070_c017_01.jpg,control_one_fact,controlled:single-span,semantic_changed,A black and blue bus with a digital route display on the rear window and AZ7892 printed above the license plate area.,0.18746374547481537,1,1.0,1,1,0.09398620575666428,0.09347753971815109,50
siglip2_b16_224,vehicle::gallery_images::21216_c003_04.jpg,vehicle,gallery_images,21216_c003_04.jpg,control_one_fact,controlled:single-span,semantic_changed,black Volkswagen Passat sedan with five-spoke alloy wheels and tinted windows.,0.08915745466947556,25,0.04,0,0,0.13893891870975494,-0.04978146404027939,50
siglip2_b16_224,vehicle::gallery_images::20559_c170_01.jpg,vehicle,gallery_images,20559_c170_01.jpg,control_synonym,controlled:single-span,semantic_preserving,A white sedan with rectangular taillights and a badge on the center of the trunk lid with interlocking circular and geometric elements.,0.15138369798660278,1,1.0,1,1,0.13849569857120514,0.012887999415397644,50
siglip2_b16_224,vehicle::gallery_images::20559_c170_01.jpg,vehicle,gallery_images,20559_c170_01.jpg,control_one_fact,controlled:single-span,semantic_changed,A black sedan featuring rectangular taillights and a badge on the center of the trunk lid with interlocking circular and geometric elements.,0.08879382908344269,19,0.05263157894736842,0,0,0.12687021493911743,-0.038076385855674744,50
siglip2_b16_224,vehicle::gallery_images::20401_c023_03.jpg,vehicle,gallery_images,20401_c023_03.jpg,control_synonym,controlled:single-span,semantic_preserving,"A two-tone Smart Fortwo hatchback with a white body, red roof, and red side mirror caps with dark alloy wheels.",0.1544913649559021,1,1.0,1,1,0.14630962908267975,0.008181735873222351,50
siglip2_b16_224,vehicle::gallery_images::20401_c023_03.jpg,vehicle,gallery_images,20401_c023_03.jpg,control_one_fact,controlled:single-span,semantic_changed,"A two-tone Smart Fortwo hatchback featuring a black body, red roof, and red side mirror caps with dark alloy wheels.",0.12230797857046127,2,0.5,0,1,0.1354544311761856,-0.013146452605724335,50
siglip2_b16_224,face::train::071174.jpg,face,train,071174.jpg,control_synonym,controlled:single-span,semantic_preserving,"A young adult female with an oval face, almond-shaped eyes with upward tilt, and a straight nose. She has a small dark mole above the medial end of her right eyebrow and wears a colorful patterned head covering.",0.11369707435369492,1,1.0,1,1,0.11328358203172684,0.0004134923219680786,50
siglip2_b16_224,face::train::071174.jpg,face,train,071174.jpg,control_one_fact,controlled:single-span,semantic_changed,"A young adult female with an angular face, almond-shaped eyes with upward tilt, and a straight nose. She has a small dark mole above the medial end of her right eyebrow and is wearing a colorful patterned head covering.",0.10634571313858032,3,0.3333333333333333,0,1,0.11513501405715942,-0.008789300918579102,50
siglip2_b16_224,face::train::166091.jpg,face,train,166091.jpg,control_one_fact,controlled:single-span,semantic_changed,"Adult male with an angular face, almond-shaped eyes, a straight nose, and M-shaped hairline. He has short dark hair styled upwards and stubble on his jawline and upper lip.",0.12018904089927673,4,0.25,0,1,0.13518910109996796,-0.015000060200691223,50
siglip2_b16_224,face::train::157804.jpg,face,train,157804.jpg,control_one_fact,controlled:single-span,semantic_changed,"Older adult male with an angular face, wide jawline, and receding hairline. He has thin sparse eyebrows, a straight nose, thin lips with a closed-mouth smile, and a prominent cleft chin.",0.09262620657682419,22,0.045454545454545456,0,0,0.1374116837978363,-0.044785477221012115,50
siglip2_b16_224,face::train::091980.jpg,face,train,091980.jpg,control_one_fact,controlled:single-span,semantic_changed,"Middle-aged female with an angular face, prominent cheekbones, and center-parted dark brown hair with soft waves. She has almond-shaped eyes, a straight nose, and medium fullness lips shown in a closed-smile.",0.1286582350730896,5,0.2,0,1,0.13160428404808044,-0.0029460489749908447,50
siglip2_b16_224,face::train::121281.jpg,face,train,121281.jpg,control_one_fact,controlled:single-span,semantic_changed,"Young adult with an angular face, dark voluminous wavy hair, almond-shaped eyes with double eyelids, and full lips with a defined cupid's bow.",0.1364119052886963,1,1.0,1,1,0.12860766053199768,0.007804244756698608,50
siglip2_b16_224,face::train::114832.jpg,face,train,114832.jpg,control_one_fact,controlled:single-span,semantic_changed,"Young adult male with an angular face shape, thick dark eyebrows, and a straight nose. He has light stubble on his chin and upper lip, a small mole on his right cheek, and a straight hairline with slight temporal recession.",0.11149126291275024,5,0.2,0,1,0.141363725066185,-0.029872462153434753,50
siglip2_b16_224,face::train::090489.jpg,face,train,090489.jpg,control_one_fact,controlled:single-span,semantic_changed,"A young adult with an angular face, medium-arched eyebrows, almond-shaped eyes, a straight nose, and short blonde hair pulled straight back.",0.15803776681423187,1,1.0,1,1,0.12561097741127014,0.03242678940296173,50
siglip2_b16_224,face::train::008309.jpg,face,train,008309.jpg,control_one_fact,controlled:single-span,semantic_changed,"Middle-aged male with an oval face, dark wavy hair with a receding hairline, medium-thickness eyebrows, and light stubble on the upper lip and chin.",0.10667131841182709,13,0.07692307692307693,0,0,0.14293864369392395,-0.03626732528209686,50
siglip2_b16_224,face::train::129132.jpg,face,train,129132.jpg,control_synonym,controlled:single-span,semantic_preserving,"A middle-aged man with an oval face, prominent brow ridge, and a receding hairline. He has almond-shaped eyes, a straight-dorsumed nose, and wears thin-rimmed rectangular glasses with a dark jacket over a patterned collared shirt.",0.11505793780088425,4,0.25,0,1,0.13392236828804016,-0.018864430487155914,50
siglip2_b16_224,face::train::129132.jpg,face,train,129132.jpg,control_one_fact,controlled:single-span,semantic_changed,"A middle-aged man with an angular face, prominent brow ridge, and a receding hairline. He has almond-shaped eyes, a straight-dorsumed nose, and wears thin-rimmed rectangular eyeglasses with a dark jacket over a patterned collared shirt.",0.10770570486783981,7,0.14285714285714285,0,0,0.12031322717666626,-0.012607522308826447,50
siglip2_b16_224,face::train::053065.jpg,face,train,053065.jpg,control_synonym,controlled:single-span,semantic_preserving,"Middle-aged female with an oval face shape, thin soft-arched eyebrows, almond-shaped eyes with double eyelids, and a nose with a straight dorsum and round tip. She has balanced lip fullness and a medium-width mouth with visible upper teeth.",0.10413624346256256,6,0.16666666666666666,0,0,0.12431452423334122,-0.020178280770778656,50
siglip2_b16_224,face::train::053065.jpg,face,train,053065.jpg,control_one_fact,controlled:single-span,semantic_changed,"Middle-aged female with an angular face shape, thin soft-arched eyebrows, almond-shaped eyes with double eyelids, and a nose with a straight dorsum and rounded tip. She has balanced lip fullness and a medium-width mouth with visible upper teeth.",0.10322105884552002,8,0.125,0,0,0.12858831882476807,-0.025367259979248047,50
siglip2_b16_224,face::train::178182.jpg,face,train,178182.jpg,control_synonym,controlled:single-span,semantic_preserving,"Young adult female with an oval face, almond eyes with an upward canthal tilt, moderately thick soft-arched eyebrows, and a straight-bridged nose with a round tip.",0.1121910810470581,8,0.125,0,0,0.13302671909332275,-0.02083563804626465,50
siglip2_b16_224,face::train::178182.jpg,face,train,178182.jpg,control_one_fact,controlled:single-span,semantic_changed,"Young adult female with an angular face, almond eyes with an upward canthal tilt, moderately thick soft-arched eyebrows, and a straight-bridged nose with a rounded tip.",0.11132195591926575,7,0.14285714285714285,0,0,0.13607457280158997,-0.02475261688232422,50
siglip2_b16_224,face::train::089537.jpg,face,train,089537.jpg,control_synonym,controlled:single-span,semantic_preserving,"A young adult female with an oval face shape, medium soft-arched eyebrows, and almond-shaped eyes with a double upper-lid crease and upward canthal tilt. She has a straight nose with a bulbous tip and balanced lips with a defined cupid's bow.",0.10072638094425201,6,0.16666666666666666,0,0,0.1164781004190445,-0.01575171947479248,50
siglip2_b16_224,face::train::089537.jpg,face,train,089537.jpg,control_one_fact,controlled:single-span,semantic_changed,"A young adult female with an angular face shape, medium soft-arched eyebrows, and almond-shaped eyes featuring a double upper-lid crease and upward canthal tilt. She has a straight nose with a bulbous tip and balanced lips with a defined cupid's bow.",0.10101597756147385,6,0.16666666666666666,0,0,0.11770199239253998,-0.01668601483106613,50
siglip2_b16_224,face::train::065762.jpg,face,train,065762.jpg,control_one_fact,controlled:single-span,semantic_changed,"Adult with an angular face, wide high cheekbones, a defined jawline, and rounded chin. Features include medium-thick arched eyebrows, almond-shaped eyes with double lids, and a straight-bridged nose.",0.09176331013441086,33,0.030303030303030304,0,0,0.1227869838476181,-0.031023673713207245,50
siglip2_b16_224,face::train::168471.jpg,face,train,168471.jpg,control_one_fact,controlled:single-span,semantic_changed,"Adult female with an angular face shape, prominent cheekbones, and a defined jawline. She has thick soft-arched eyebrows, almond-shaped eyes, and dark hair styled in loose waves with side-swept bangs.",0.1051434725522995,11,0.09090909090909091,0,0,0.11951793730258942,-0.014374464750289917,50
siglip2_b16_224,face::train::101485.jpg,face,train,101485.jpg,control_one_fact,controlled:single-span,semantic_changed,"A young adult woman with an angular face, prominent cheekbones, almond-shaped eyes, and a straight nose. She has voluminous layered brown hair and wears large circular hoop earrings.",0.1360938549041748,1,1.0,1,1,0.12066125869750977,0.015432596206665039,50
siglip2_b16_224,face::train::023736.jpg,face,train,023736.jpg,control_one_fact,controlled:single-span,semantic_changed,"Middle-aged male with an angular face, prominent cheekbones, and a defined jawline. He has almond-shaped eyes, a straight nose, thick dark eyebrows, and a short dense beard with short wavy dark brown hair.",0.10586497187614441,9,0.1111111111111111,0,0,0.12863510847091675,-0.02277013659477234,50
siglip2_b16_224,face::train::063708.jpg,face,train,063708.jpg,control_one_fact,controlled:single-span,semantic_changed,"An adult male with an angular face, short dark hair styled forward, and a white shirt. He has almond-shaped eyes, a straight nose, and medium-thickness arched eyebrows.",0.12364232540130615,2,0.5,0,1,0.13510647416114807,-0.011464148759841919,50
siglip2_b16_224,face::train::138886.jpg,face,train,138886.jpg,control_synonym,controlled:single-span,semantic_preserving,"Young adult woman with an oval face, high cheekbones, and long dark hair. She has almond-shaped eyes with double creases and a straight nose with a round tip.",0.12513750791549683,2,0.5,0,1,0.12584002315998077,-0.0007025152444839478,50
siglip2_b16_224,face::train::138886.jpg,face,train,138886.jpg,control_one_fact,controlled:single-span,semantic_changed,"Young adult woman with an angular face, high cheekbones, and long dark hair. She has almond-shaped eyes with double creases and a straight nose with a rounded tip.",0.13011068105697632,1,1.0,1,1,0.12686756253242493,0.0032431185245513916,50
siglip2_b16_224,face::train::149220.jpg,face,train,149220.jpg,control_one_fact,controlled:single-span,semantic_changed,"An adult with an angular face, almond-shaped eyes, and short facial hair stubble, wearing a yellow headband and a white towel draped over the head.",0.16717317700386047,1,1.0,1,1,0.11304577440023422,0.05412740260362625,50
siglip2_b16_224,face::train::060309.jpg,face,train,060309.jpg,control_synonym,controlled:single-span,semantic_preserving,"Older male with a round face, receding hairline, thin arched eyebrows, a wide nose with a bulbous tip, and thin upper lips. He wears dark-rimmed rectangular eyeglasses and a striped dark shirt.",0.10699211806058884,8,0.125,0,0,0.11911779642105103,-0.012125678360462189,50
siglip2_b16_224,face::train::025692.jpg,face,train,025692.jpg,control_one_fact,controlled:single-span,semantic_changed,"An adult woman with an angular face, medium-thickness soft-arched eyebrows, almond-shaped eyes, a straight nose, and a soft-textured hairstyle with wispy bangs.",0.12987224757671356,2,0.5,0,1,0.13609009981155396,-0.006217852234840393,50
siglip2_b16_224,face::train::060555.jpg,face,train,060555.jpg,control_one_fact,controlled:single-span,semantic_changed,"Middle-aged male with an angular face, receding hairline, short dark hair, and a clean-shaven face with straight-on head pose.",0.12764887511730194,2,0.5,0,1,0.13589249551296234,-0.0082436203956604,50
siglip2_b16_224,face::train::150659.jpg,face,train,150659.jpg,control_one_fact,controlled:single-span,semantic_changed,"Young adult female with an angular face, receding hairline, soft-arched eyebrows, almond-shaped eyes, and a straight nasal dorsum, wearing dark lipstick and dangling earrings.",0.132594496011734,2,0.5,0,1,0.14006897807121277,-0.00747448205947876,50
siglip2_b16_224,face::train::026996.jpg,face,train,026996.jpg,control_one_fact,controlled:single-span,semantic_changed,"Middle-aged female with an angular face, prominent cheekbones, medium-thickness soft-arched eyebrows, and almond-shaped eyes. Features include a straight nasal bridge, balanced lips with visible teeth, and a small wireless microphone attached near the right cheek.",0.10193376988172531,5,0.2,0,1,0.1322982907295227,-0.030364520847797394,50
siglip2_b16_224,face::train::042973.jpg,face,train,042973.jpg,control_one_fact,controlled:single-span,semantic_changed,"Young adult female with an angular face, thin soft-arched eyebrows, almond-shaped eyes with double-lid creases, and a straight nose, styled with brown hair obscuring part of the forehead.",0.09082271158695221,18,0.05555555555555555,0,0,0.12667186558246613,-0.035849153995513916,50
siglip2_b16_224,face::train::092618.jpg,face,train,092618.jpg,control_one_fact,controlled:single-span,semantic_changed,"A young adult male with an angular face, short tousled light brown hair, and light stubble on the jawline and chin. He has almond-shaped eyes, a straight nose, a smiling mouth showing upper teeth, and a metal ring piercing in his left earlobe.",0.1253010630607605,2,0.5,0,1,0.13369254767894745,-0.00839148461818695,50
siglip2_b16_224,face::train::073196.jpg,face,train,073196.jpg,control_one_fact,controlled:single-span,semantic_changed,"Adult male with an oval face, prominent bone structure, short dark textured hair, and light stubble on the jaw and chin.",0.12822306156158447,6,0.16666666666666666,0,0,0.14653947949409485,-0.018316417932510376,50
siglip2_b16_224,face::train::178129.jpg,face,train,178129.jpg,control_synonym,controlled:single-span,semantic_preserving,"A middle-aged adult featuring an oval face, moderately wide jawline, rounded hairline with temporal recession, high-arched thin eyebrows, almond-shaped eyes, and a straight nose with a round tip, accessorized with drop earrings.",0.10178899765014648,14,0.07142857142857142,0,0,0.12158381193876266,-0.01979481428861618,50
siglip2_b16_224,face::train::178129.jpg,face,train,178129.jpg,control_one_fact,controlled:single-span,semantic_changed,"A middle-aged adult featuring an angular face, moderately wide jawline, rounded hairline with temporal recession, high-arched thin eyebrows, almond-shaped eyes, and a straight nose with a rounded tip, accessorized with drop earrings.",0.09581375122070312,14,0.07142857142857142,0,0,0.12465336918830872,-0.02883961796760559,50
siglip2_b16_224,face::train::123459.jpg,face,train,123459.jpg,control_one_fact,controlled:single-span,semantic_changed,"Adult male with an angular face, high forehead, and straight eyebrows. He has short dark hair and facial hair styled as a thin mustache and stubble along the jaw.",0.12462403625249863,3,0.3333333333333333,0,1,0.13719919323921204,-0.01257515698671341,50
siglip2_b16_224,face::train::088914.jpg,face,train,088914.jpg,control_synonym,controlled:single-span,semantic_preserving,"Adult male with an oval face, receding hairline, and defined jawline. He has a thin mustache and goatee, and wears dark sunglasses.",0.1346416473388672,1,1.0,1,1,0.11700044572353363,0.017641201615333557,50
siglip2_b16_224,face::train::088914.jpg,face,train,088914.jpg,control_one_fact,controlled:single-span,semantic_changed,"Adult male with an angular face, receding hairline, and defined jawline. He has a thin mustache and goatee, and is wearing dark sunglasses.",0.13404107093811035,1,1.0,1,1,0.11833209544420242,0.01570897549390793,50
siglip2_b16_224,face::train::141457.jpg,face,train,141457.jpg,control_one_fact,controlled:single-span,semantic_changed,"Middle-aged male with an angular face, receding hairline, short forward-styled hair, and thin eyebrows. He is clean-shaven and wears yellow-tinted round glasses with dark, high-collared outerwear; a ring is visible on his finger.",0.09890392422676086,16,0.0625,0,0,0.12121381610631943,-0.022309891879558563,50
siglip2_b16_224,face::train::001042.jpg,face,train,001042.jpg,control_synonym,controlled:single-span,semantic_preserving,"An adult with an oval face, rounded hairline with slight temporal recession, medium arched eyebrows, almond-shaped eyes, and a straight-bridged nose with a round tip.",0.09284338355064392,35,0.02857142857142857,0,0,0.12230677902698517,-0.029463395476341248,50
siglip2_b16_224,face::train::001042.jpg,face,train,001042.jpg,control_one_fact,controlled:single-span,semantic_changed,"An adult with an angular face, rounded hairline with slight temporal recession, medium arched eyebrows, almond-shaped eyes, and a straight-bridged nose with a rounded tip.",0.09063449501991272,35,0.02857142857142857,0,0,0.12381140142679214,-0.033176906406879425,50
siglip2_b16_224,face::train::032580.jpg,face,train,032580.jpg,control_one_fact,controlled:single-span,semantic_changed,"Adult male with an oval face, prominent bone structure, and a high M-shaped hairline. He has almond-shaped eyes, a straight nose with a bulbous tip, a strong jawline with a rounded chin, and short dark wavy hair. His face is clean-shaven with light stubble on the upper lip.",0.11638648062944412,4,0.25,0,1,0.12482926994562149,-0.008442789316177368,50
siglip2_b16_224,face::test::185812.jpg,face,test,185812.jpg,control_synonym,controlled:single-span,semantic_preserving,"Adult male with a round face and receding M-shaped hairline. He has moderately thick straight eyebrows, almond-shaped eyes, and thin facial hair along his jawline, wearing thin-metal-frame glasses.",0.13338235020637512,1,1.0,1,1,0.12698237597942352,0.006399974226951599,50
siglip2_b16_224,face::test::189858.jpg,face,test,189858.jpg,control_one_fact,controlled:single-span,semantic_changed,"Young woman with an angular face, almond-shaped eyes, and voluminous curly reddish-brown hair styled with bangs.",0.15436576306819916,1,1.0,1,1,0.1392315924167633,0.015134170651435852,50
siglip2_b16_224,face::test::183801.jpg,face,test,183801.jpg,control_one_fact,controlled:single-span,semantic_changed,"Adult woman with an angular face, rounded hairline, soft-arched eyebrows, almond-shaped eyes, and a straight nose, wearing small stud earrings.",0.1414358913898468,1,1.0,1,1,0.12678754329681396,0.014648348093032837,50
siglip2_b16_224,face::test::188858.jpg,face,test,188858.jpg,control_synonym,controlled:single-span,semantic_preserving,"Young woman with an oval face, rounded hairline, soft-arched eyebrows, almond-shaped eyes, and a straight nose with a round tip.",0.10042491555213928,17,0.058823529411764705,0,0,0.1282435953617096,-0.027818679809570312,50
siglip2_b16_224,face::test::188858.jpg,face,test,188858.jpg,control_one_fact,controlled:single-span,semantic_changed,"Young woman with an angular face, rounded hairline, soft-arched eyebrows, almond-shaped eyes, and a straight nose with a rounded tip.",0.10303902626037598,17,0.058823529411764705,0,0,0.13189470767974854,-0.02885568141937256,50
siglip2_b16_224,face::test::196777.jpg,face,test,196777.jpg,control_one_fact,controlled:single-span,semantic_changed,"Young adult male with an angular face shape, square jawline, and thick straight eyebrows. He has an almond-shaped eye structure and short stubble on his upper lip, chin, and jawline.",0.12068843096494675,3,0.3333333333333333,0,1,0.13931307196617126,-0.018624641001224518,50
siglip2_b16_224,face::test::184003.jpg,face,test,184003.jpg,control_synonym,controlled:single-span,semantic_preserving,"Young adult male with an oval face, medium-height forehead, and rounded chin. He features medium-thickness arched eyebrows, almond-shaped eyes with double-lid creases, and a straight nose with a round tip. He is clean-shaven.",0.09973068535327911,17,0.058823529411764705,0,0,0.12992393970489502,-0.030193254351615906,50
siglip2_b16_224,face::test::184003.jpg,face,test,184003.jpg,control_one_fact,controlled:single-span,semantic_changed,"Young adult male with an angular face, medium-height forehead, and rounded chin. He features medium-thickness arched eyebrows, almond-shaped eyes with double-lid creases, and a straight nose with a rounded tip. He is clean-shaven.",0.10558426380157471,14,0.07142857142857142,0,0,0.13489565253257751,-0.029311388731002808,50
siglip2_b16_224,face::test::201409.jpg,face,test,201409.jpg,control_one_fact,controlled:single-span,semantic_changed,"Young adult male with an angular face, receding hairline, thick soft-arched eyebrows, almond-shaped eyes, and short facial stubble on the cheeks, jaw, and chin.",0.11307132244110107,8,0.125,0,0,0.141066312789917,-0.027994990348815918,50
siglip2_b16_224,face::test::196611.jpg,face,test,196611.jpg,control_synonym,controlled:single-span,semantic_preserving,"Adult woman with an oval face, prominent cheekbones, almond-shaped eyes, and a straight nose, wearing a linked metal necklace and with long reddish-brown hair.",0.1315441131591797,1,1.0,1,1,0.12162847816944122,0.009915634989738464,50
siglip2_b16_224,face::test::196611.jpg,face,test,196611.jpg,control_one_fact,controlled:single-span,semantic_changed,"Adult woman with an angular face, prominent cheekbones, almond-shaped eyes, and a straight nose, wearing a linked metal necklace and featuring long reddish-brown hair.",0.12870104610919952,1,1.0,1,1,0.11798438429832458,0.010716661810874939,50
