model,domain,pair_rank,sample_a,sample_b,cosine
clip_l14,face,1,face::train::129132.jpg,face::train::060555.jpg,0.9880636838450046
clip_l14,face,2,face::train::023736.jpg,face::train::060555.jpg,0.9730396191098247
clip_l14,face,3,face::train::129132.jpg,face::train::023736.jpg,0.9646008156352568
clip_l14,face,4,face::train::071174.jpg,face::train::101485.jpg,0.9639905618006757
clip_l14,face,5,face::train::081413.jpg,face::train::063618.jpg,0.956862927765267
clip_l14,face,6,face::test::189457.jpg,face::test::184003.jpg,0.9561064422747192
clip_l14,face,7,face::test::188858.jpg,face::test::196611.jpg,0.9534722560921732
clip_l14,face,8,face::test::183801.jpg,face::test::196611.jpg,0.9534204526310963
clip_l14,face,9,face::train::121281.jpg,face::test::188858.jpg,0.9533737277534318
clip_l14,face,10,face::train::089537.jpg,face::train::150659.jpg,0.95238801691237
clip_l14,face,11,face::train::101485.jpg,face::train::150659.jpg,0.9507921285143467
clip_l14,face,12,face::train::178182.jpg,face::train::101485.jpg,0.9496464424268769
clip_l14,face,13,face::train::114832.jpg,face::test::201409.jpg,0.9490132603792882
clip_l14,face,14,face::train::071174.jpg,face::train::089537.jpg,0.9488535145502379
clip_l14,face,15,face::train::071174.jpg,face::train::150659.jpg,0.9465645397672771
clip_l14,face,16,face::train::123459.jpg,face::test::185812.jpg,0.9457817816149893
clip_l14,face,17,face::train::065762.jpg,face::train::001042.jpg,0.9456737187275406
clip_l14,face,18,face::train::092618.jpg,face::test::189457.jpg,0.9447011961289133
clip_l14,face,19,face::train::073196.jpg,face::test::184003.jpg,0.9439195116953115
clip_l14,face,20,face::train::053065.jpg,face::test::188858.jpg,0.9439136085336342
clip_l14,face,21,face::train::178182.jpg,face::train::150659.jpg,0.9436213951586147
clip_l14,face,22,face::train::101485.jpg,face::train::178129.jpg,0.9433004159115568
clip_l14,face,23,face::train::090489.jpg,face::train::101485.jpg,0.9431543264572981
clip_l14,face,24,face::train::150659.jpg,face::train::042973.jpg,0.9431337717288759
clip_l14,face,25,face::train::060555.jpg,face::train::141457.jpg,0.9430392287797009
clip_l14,face,26,face::train::023736.jpg,face::test::189457.jpg,0.9426435971669831
clip_l14,face,27,face::train::090489.jpg,face::train::178182.jpg,0.9421646584585127
clip_l14,face,28,face::train::089537.jpg,face::train::101485.jpg,0.9420434952576506
clip_l14,face,29,face::train::149220.jpg,face::train::123459.jpg,0.941791227871859
clip_l14,face,30,face::train::170623.jpg,face::train::109762.jpg,0.9415734224396589
clip_l14,face,31,face::train::073196.jpg,face::test::189457.jpg,0.9405639607548084
clip_l14,face,32,face::train::129132.jpg,face::train::141457.jpg,0.940542508670468
clip_l14,face,33,face::train::071174.jpg,face::train::178182.jpg,0.9398562905380426
clip_l14,face,34,face::train::042973.jpg,face::test::189858.jpg,0.939582356995838
clip_l14,face,35,face::train::071174.jpg,face::train::121281.jpg,0.9390489965083594
clip_l14,face,36,face::train::178129.jpg,face::test::183801.jpg,0.9377752204829674
clip_l14,face,37,face::train::157804.jpg,face::train::141457.jpg,0.9371902867924868
clip_l14,face,38,face::train::023736.jpg,face::train::073196.jpg,0.9371540581688945
clip_l14,face,39,face::train::141457.jpg,face::test::201409.jpg,0.9363451385850652
clip_l14,face,40,face::train::060555.jpg,face::test::189457.jpg,0.9363261309996294
clip_l14,face,41,face::test::183801.jpg,face::test::188858.jpg,0.9362918707129227
clip_l14,face,42,face::train::114832.jpg,face::train::092618.jpg,0.9359498340267849
clip_l14,face,43,face::train::178182.jpg,face::train::042973.jpg,0.9358997321106473
clip_l14,face,44,face::train::121281.jpg,face::train::101485.jpg,0.9352724487312281
clip_l14,face,45,face::train::121281.jpg,face::test::196611.jpg,0.9352380642694436
clip_l14,face,46,face::train::023736.jpg,face::train::141457.jpg,0.93516211351964
clip_l14,face,47,face::train::170623.jpg,face::test::201409.jpg,0.9348057879774492
clip_l14,face,48,face::train::071174.jpg,face::test::196611.jpg,0.9346903616377756
clip_l14,face,49,face::train::170623.jpg,face::train::032580.jpg,0.9342499851587981
clip_l14,face,50,face::train::071174.jpg,face::train::178129.jpg,0.934023334022299
clip_l14,face,51,face::train::032580.jpg,face::test::185812.jpg,0.9339221411679068
clip_l14,face,52,face::train::060555.jpg,face::train::092618.jpg,0.9335901365862519
clip_l14,face,53,face::train::178129.jpg,face::test::188858.jpg,0.9332725189972162
clip_l14,face,54,face::train::053065.jpg,face::train::178129.jpg,0.9332169411063724
clip_l14,face,55,face::train::032580.jpg,face::test::201409.jpg,0.9330754031080879
clip_l14,face,56,face::train::114832.jpg,face::test::189457.jpg,0.9326325507462616
clip_l14,face,57,face::train::178182.jpg,face::test::189858.jpg,0.9323781130213985
clip_l14,face,58,face::train::178129.jpg,face::test::196611.jpg,0.9321724492444402
clip_l14,face,59,face::train::071174.jpg,face::test::188858.jpg,0.931595922298868
clip_l14,face,60,face::train::101485.jpg,face::test::196611.jpg,0.9309636205633933
clip_l14,face,61,face::train::023736.jpg,face::train::109762.jpg,0.9308794414650832
clip_l14,face,62,face::train::023736.jpg,face::train::063708.jpg,0.9304729324506565
clip_l14,face,63,face::train::023736.jpg,face::test::184003.jpg,0.9300981557076688
clip_l14,face,64,face::train::170623.jpg,face::train::008309.jpg,0.9298301048305992
clip_l14,face,65,face::train::123459.jpg,face::test::201409.jpg,0.9294439369296494
clip_l14,face,66,face::train::149220.jpg,face::test::185812.jpg,0.9293216214559914
clip_l14,face,67,face::train::170623.jpg,face::train::023736.jpg,0.929087166531014
clip_l14,face,68,face::train::166091.jpg,face::train::063708.jpg,0.928896466183599
clip_l14,face,69,face::test::185812.jpg,face::test::201409.jpg,0.9286458154720514
clip_l14,face,70,face::train::121281.jpg,face::train::150659.jpg,0.9286032539993883
clip_l14,face,71,face::train::060555.jpg,face::train::073196.jpg,0.9283922574796601
clip_l14,face,72,face::train::114832.jpg,face::test::184003.jpg,0.9283639964030491
clip_l14,face,73,face::train::109762.jpg,face::test::201409.jpg,0.9273627970580021
clip_l14,face,74,face::train::114832.jpg,face::train::032580.jpg,0.9273101038984425
clip_l14,face,75,face::train::168471.jpg,face::train::026996.jpg,0.9271303339223866
clip_l14,face,76,face::train::063708.jpg,face::train::088914.jpg,0.9267785455026327
clip_l14,face,77,face::train::121281.jpg,face::train::178182.jpg,0.926749901619893
clip_l14,face,78,face::test::184003.jpg,face::test::201409.jpg,0.9265376863568143
clip_l14,face,79,face::train::178182.jpg,face::test::188858.jpg,0.9264509279148889
clip_l14,face,80,face::train::023736.jpg,face::train::092618.jpg,0.9261977836776748
clip_l14,face,81,face::train::178182.jpg,face::train::178129.jpg,0.9260295283127622
clip_l14,face,82,face::train::178182.jpg,face::train::089537.jpg,0.9256440855519608
clip_l14,face,83,face::train::121281.jpg,face::test::183801.jpg,0.9255761202188995
clip_l14,face,84,face::train::170623.jpg,face::train::141457.jpg,0.9254265510904633
clip_l14,face,85,face::train::053065.jpg,face::train::178182.jpg,0.9253716762798555
clip_l14,face,86,face::train::114832.jpg,face::train::123459.jpg,0.9250679699851149
clip_l14,face,87,face::train::114832.jpg,face::train::023736.jpg,0.9246344459039553
clip_l14,face,88,face::train::063708.jpg,face::train::092618.jpg,0.9245814846961362
clip_l14,face,89,face::train::114832.jpg,face::train::141457.jpg,0.9245538349649645
clip_l14,face,90,face::train::129132.jpg,face::train::092618.jpg,0.9244163836117311
clip_l14,face,91,face::train::090489.jpg,face::train::150659.jpg,0.9240642798916598
clip_l14,face,92,face::train::008309.jpg,face::train::032580.jpg,0.9240248260574407
clip_l14,face,93,face::train::060555.jpg,face::test::184003.jpg,0.9236075719692514
clip_l14,face,94,face::train::129132.jpg,face::test::189457.jpg,0.9233869149094466
clip_l14,face,95,face::train::141457.jpg,face::test::185812.jpg,0.922936905843643
clip_l14,face,96,face::train::157804.jpg,face::train::129132.jpg,0.9224830965115668
clip_l14,face,97,face::train::090489.jpg,face::train::042973.jpg,0.9222652940446621
clip_l14,face,98,face::train::101485.jpg,face::train::025692.jpg,0.9222162683364301
clip_l14,face,99,face::train::121281.jpg,face::train::053065.jpg,0.9216700920186867
clip_l14,face,100,face::train::063708.jpg,face::test::189457.jpg,0.9215118396279495
clip_l14,face,101,face::train::023736.jpg,face::test::201409.jpg,0.9214427429253217
clip_l14,face,102,face::train::090489.jpg,face::train::178129.jpg,0.921377869647402
clip_l14,face,103,face::train::114832.jpg,face::test::185812.jpg,0.9211213400703684
clip_l14,face,104,face::train::089537.jpg,face::test::189858.jpg,0.9210385344328985
clip_l14,face,105,face::train::053065.jpg,face::test::196611.jpg,0.9209942829767641
clip_l14,face,106,face::train::089537.jpg,face::train::025692.jpg,0.9208164040601837
clip_l14,face,107,face::train::092618.jpg,face::train::073196.jpg,0.9207282260125041
clip_l14,face,108,face::train::008309.jpg,face::train::109762.jpg,0.9204549164586787
clip_l14,face,109,face::train::071174.jpg,face::train::053065.jpg,0.9202952456830055
clip_l14,face,110,face::train::089537.jpg,face::test::196611.jpg,0.9201675735745388
clip_l14,face,111,face::train::121281.jpg,face::train::089537.jpg,0.9201048850493939
clip_l14,face,112,face::train::101485.jpg,face::test::188858.jpg,0.9199767550329255
clip_l14,face,113,face::train::149220.jpg,face::train::073196.jpg,0.919901612073558
clip_l14,face,114,face::train::101485.jpg,face::train::042973.jpg,0.9198198999191052
clip_l14,face,115,face::train::071174.jpg,face::test::183801.jpg,0.9197109077191081
clip_l14,face,116,face::train::008309.jpg,face::test::201409.jpg,0.9194262263512507
clip_l14,face,117,face::train::150659.jpg,face::test::189858.jpg,0.9189587426940427
clip_l14,face,118,face::test::196777.jpg,face::test::184003.jpg,0.9189416690911624
clip_l14,face,119,face::train::141457.jpg,face::train::109762.jpg,0.9187397824146424
clip_l14,face,120,face::test::189457.jpg,face::test::201409.jpg,0.9184936847549183
clip_l14,face,121,face::train::121281.jpg,face::train::178129.jpg,0.9184813768288639
clip_l14,face,122,face::train::089537.jpg,face::train::042973.jpg,0.9182227503633043
clip_l14,face,123,face::test::189858.jpg,face::test::196611.jpg,0.9179667729842209
clip_l14,face,124,face::test::189858.jpg,face::test::188858.jpg,0.9177371005968079
clip_l14,face,125,face::train::032580.jpg,face::train::109762.jpg,0.916456833162507
clip_l14,face,126,face::train::101485.jpg,face::test::183801.jpg,0.9164217248088146
clip_l14,face,127,face::train::157804.jpg,face::train::060555.jpg,0.9162144590900555
clip_l14,face,128,face::train::123459.jpg,face::train::141457.jpg,0.916096118717497
clip_l14,face,129,face::train::170623.jpg,face::train::114832.jpg,0.916062102187031
clip_l14,face,130,face::train::138886.jpg,face::test::196611.jpg,0.9160554930883242
clip_l14,face,131,face::train::138886.jpg,face::train::150659.jpg,0.9159268679228231
clip_l14,face,132,face::train::168471.jpg,face::test::186223.jpg,0.9158165268408146
clip_l14,face,133,face::train::073196.jpg,face::train::123459.jpg,0.9157186097278693
clip_l14,face,134,face::train::063708.jpg,face::train::060555.jpg,0.9156007693296613
clip_l14,face,135,face::train::008309.jpg,face::train::141457.jpg,0.9154005759161259
clip_l14,face,136,face::train::178182.jpg,face::test::196611.jpg,0.9152832494496091
clip_l14,face,137,face::train::089537.jpg,face::test::186223.jpg,0.9149232173115261
clip_l14,face,138,face::train::090489.jpg,face::train::089537.jpg,0.9148398293950589
clip_l14,face,139,face::train::141457.jpg,face::train::032580.jpg,0.9146982814431598
clip_l14,face,140,face::train::170623.jpg,face::train::060555.jpg,0.9144218633837646
clip_l14,face,141,face::train::060555.jpg,face::train::109762.jpg,0.91437026036959
clip_l14,face,142,face::train::026996.jpg,face::train::178129.jpg,0.9143095606996746
clip_l14,face,143,face::train::123459.jpg,face::train::032580.jpg,0.9143066196403173
clip_l14,face,144,face::train::129132.jpg,face::test::184003.jpg,0.9141833018554104
clip_l14,face,145,face::train::114832.jpg,face::train::060555.jpg,0.9139954977894371
clip_l14,face,146,face::train::168471.jpg,face::train::150659.jpg,0.9139557485501816
clip_l14,face,147,face::train::053065.jpg,face::train::026996.jpg,0.91391524421529
clip_l14,face,148,face::train::090489.jpg,face::train::168471.jpg,0.9135394931322002
clip_l14,face,149,face::train::121281.jpg,face::train::042973.jpg,0.9133622124191062
clip_l14,face,150,face::train::150659.jpg,face::train::026996.jpg,0.9133084101273679
clip_l14,face,151,face::train::089537.jpg,face::train::168471.jpg,0.913306298421767
clip_l14,face,152,face::train::114832.jpg,face::train::129132.jpg,0.9131867295140202
clip_l14,face,153,face::train::138886.jpg,face::test::189858.jpg,0.9129592814450331
clip_l14,face,154,face::train::114832.jpg,face::train::149220.jpg,0.9128271640410468
clip_l14,face,155,face::train::166091.jpg,face::train::088914.jpg,0.9127362751385797
clip_l14,face,156,face::train::092618.jpg,face::test::184003.jpg,0.9117960140706658
clip_l14,face,157,face::train::090489.jpg,face::test::189858.jpg,0.9117958864544686
clip_l14,face,158,face::train::053065.jpg,face::train::150659.jpg,0.9116917616560103
clip_l14,face,159,face::train::150659.jpg,face::test::196611.jpg,0.911588454772514
clip_l14,face,160,face::train::060309.jpg,face::test::185812.jpg,0.9112997115107997
clip_l14,face,161,face::train::008309.jpg,face::train::023736.jpg,0.9111968218803049
clip_l14,face,162,face::train::129132.jpg,face::train::109762.jpg,0.9109220883409122
clip_l14,face,163,face::train::089537.jpg,face::test::183801.jpg,0.9108604727856803
clip_l14,face,164,face::train::026996.jpg,face::train::042973.jpg,0.9104185232224191
clip_l14,face,165,face::test::189457.jpg,face::test::196777.jpg,0.9102451342956667
clip_l14,face,166,face::train::089537.jpg,face::train::082954.jpg,0.9101834226024104
clip_l14,face,167,face::train::157804.jpg,face::train::114832.jpg,0.9101575168582992
clip_l14,face,168,face::train::053065.jpg,face::train::101485.jpg,0.9100303166646003
clip_l14,face,169,face::train::101485.jpg,face::test::189858.jpg,0.910011413044254
clip_l14,face,170,face::test::196777.jpg,face::test::201409.jpg,0.909795607299696
clip_l14,face,171,face::train::123459.jpg,face::test::184003.jpg,0.9096519849679221
clip_l14,face,172,face::train::129132.jpg,face::train::063708.jpg,0.9095606746239685
clip_l14,face,173,face::train::060555.jpg,face::test::201409.jpg,0.9095574736556518
clip_l14,face,174,face::train::114832.jpg,face::train::008309.jpg,0.9094844675424368
clip_l14,face,175,face::train::071174.jpg,face::train::025692.jpg,0.9093033207071632
clip_l14,face,176,face::train::150659.jpg,face::train::178129.jpg,0.9092167959853013
clip_l14,face,177,face::train::149220.jpg,face::train::032580.jpg,0.9091131651717148
clip_l14,face,178,face::train::073196.jpg,face::train::032580.jpg,0.9090620401498523
clip_l14,face,179,face::train::090489.jpg,face::train::026996.jpg,0.9090460883097939
clip_l14,face,180,face::train::178182.jpg,face::train::138886.jpg,0.9089782874509325
clip_l14,face,181,face::train::149220.jpg,face::test::184003.jpg,0.9087545354581111
clip_l14,face,182,face::train::092618.jpg,face::test::196777.jpg,0.9086112383307416
clip_l14,face,183,face::train::071174.jpg,face::train::042973.jpg,0.9084877304821368
clip_l14,face,184,face::train::129132.jpg,face::train::073196.jpg,0.908158349293928
clip_l14,face,185,face::train::025692.jpg,face::test::183801.jpg,0.9081547199928287
clip_l14,face,186,face::train::129132.jpg,face::test::201409.jpg,0.9076496394815204
clip_l14,face,187,face::train::168471.jpg,face::train::101485.jpg,0.9074922332149329
clip_l14,face,188,face::train::149220.jpg,face::test::201409.jpg,0.9070897826493165
clip_l14,face,189,face::train::090489.jpg,face::train::025692.jpg,0.9069714044021367
clip_l14,face,190,face::train::071174.jpg,face::train::090489.jpg,0.9068884480640506
clip_l14,face,191,face::train::150659.jpg,face::test::188858.jpg,0.9068846926494578
clip_l14,face,192,face::train::170623.jpg,face::train::157804.jpg,0.9067861008640707
clip_l14,face,193,face::train::089537.jpg,face::train::138886.jpg,0.9066744328313519
clip_l14,face,194,face::train::023736.jpg,face::train::032580.jpg,0.9066252956338519
clip_l14,face,195,face::train::170623.jpg,face::train::129132.jpg,0.90638232840792
clip_l14,face,196,face::train::121281.jpg,face::test::189858.jpg,0.9063389454240175
clip_l14,face,197,face::train::060555.jpg,face::test::196777.jpg,0.9061468182619664
clip_l14,face,198,face::train::121281.jpg,face::train::026996.jpg,0.9061051439884608
clip_l14,face,199,face::train::008309.jpg,face::train::123459.jpg,0.9057305746640957
clip_l14,face,200,face::train::025692.jpg,face::train::178129.jpg,0.9055440723479508
clip_l14,face,201,face::train::114832.jpg,face::test::196777.jpg,0.9040757471226738
clip_l14,face,202,face::train::081413.jpg,face::test::196777.jpg,0.9038187960261224
clip_l14,face,203,face::train::157804.jpg,face::train::023736.jpg,0.9036556404427638
clip_l14,face,204,face::train::149220.jpg,face::test::189457.jpg,0.9033396600485162
clip_l14,face,205,face::train::053065.jpg,face::test::183801.jpg,0.90324643103654
clip_l14,face,206,face::train::025692.jpg,face::test::196611.jpg,0.9032330439856251
clip_l14,face,207,face::train::073196.jpg,face::test::196777.jpg,0.903186661844714
clip_l14,face,208,face::train::170623.jpg,face::train::123459.jpg,0.9027747360407965
clip_l14,face,209,face::train::081413.jpg,face::train::109762.jpg,0.9026177673307733
clip_l14,face,210,face::train::101485.jpg,face::train::026996.jpg,0.9025586536201899
clip_l14,face,211,face::train::141457.jpg,face::test::184003.jpg,0.9025499506488431
clip_l14,face,212,face::train::109762.jpg,face::test::196777.jpg,0.9023976468753234
clip_l14,face,213,face::train::157804.jpg,face::test::201409.jpg,0.9014829780067914
clip_l14,face,214,face::train::114832.jpg,face::train::073196.jpg,0.9014730942996342
clip_l14,face,215,face::train::071174.jpg,face::test::189858.jpg,0.9012755749129915
clip_l14,face,216,face::train::063708.jpg,face::train::073196.jpg,0.9012649596261103
clip_l14,face,217,face::train::053065.jpg,face::test::189858.jpg,0.9010483387709316
clip_l14,face,218,face::test::189858.jpg,face::test::183801.jpg,0.9007494876681243
clip_l14,face,219,face::train::166091.jpg,face::train::023736.jpg,0.9007448060205144
clip_l14,face,220,face::train::023736.jpg,face::test::196777.jpg,0.9002059085003886
clip_l14,face,221,face::train::060309.jpg,face::train::141457.jpg,0.899934648921815
clip_l14,face,222,face::train::063618.jpg,face::train::109762.jpg,0.8994074739122535
clip_l14,face,223,face::train::053065.jpg,face::train::042973.jpg,0.899388155117042
clip_l14,face,224,face::train::025692.jpg,face::train::150659.jpg,0.8992520368360454
clip_l14,face,225,face::train::060555.jpg,face::train::088914.jpg,0.8992185787494239
clip_l14,face,226,face::train::178182.jpg,face::train::025692.jpg,0.8988213039552718
clip_l14,face,227,face::train::060555.jpg,face::train::032580.jpg,0.8987670655134855
clip_l14,face,228,face::train::026996.jpg,face::test::188858.jpg,0.898578291003499
clip_l14,face,229,face::train::109762.jpg,face::test::185812.jpg,0.8984892829921818
clip_l14,face,230,face::train::166091.jpg,face::train::123459.jpg,0.8984286976714688
clip_l14,face,231,face::train::168471.jpg,face::test::183801.jpg,0.8982125839208481
clip_l14,face,232,face::train::170623.jpg,face::train::073196.jpg,0.8982018497187628
clip_l14,face,233,face::train::168471.jpg,face::train::042973.jpg,0.8980360002627796
clip_l14,face,234,face::train::129132.jpg,face::train::088914.jpg,0.8980266024719978
clip_l14,face,235,face::train::157804.jpg,face::train::032580.jpg,0.8977398204959244
clip_l14,face,236,face::train::023736.jpg,face::train::123459.jpg,0.8976712795031762
clip_l14,face,237,face::train::092618.jpg,face::train::088914.jpg,0.8975954444339236
clip_l14,face,238,face::train::141457.jpg,face::test::189457.jpg,0.8975923466950337
clip_l14,face,239,face::train::060309.jpg,face::train::123459.jpg,0.8975537654068111
clip_l14,face,240,face::train::138886.jpg,face::train::042973.jpg,0.8971492980575496
clip_l14,face,241,face::train::170623.jpg,face::train::092618.jpg,0.8971404789317259
clip_l14,face,242,face::train::026996.jpg,face::test::183801.jpg,0.8970007970336962
clip_l14,face,243,face::train::073196.jpg,face::train::109762.jpg,0.8969939187257504
clip_l14,face,244,face::train::008309.jpg,face::train::060555.jpg,0.8969773163919446
clip_l14,face,245,face::train::123459.jpg,face::test::189457.jpg,0.8965429843304977
clip_l14,face,246,face::train::168471.jpg,face::train::178129.jpg,0.8958529002946447
clip_l14,face,247,face::train::178182.jpg,face::train::026996.jpg,0.8955135590435126
clip_l14,face,248,face::train::143554.jpg,face::train::150659.jpg,0.8954318460259818
clip_l14,face,249,face::train::071174.jpg,face::train::138886.jpg,0.8953602944530272
clip_l14,face,250,face::train::157804.jpg,face::test::185812.jpg,0.8951417777423717
clip_l14,face,251,face::train::089537.jpg,face::train::178129.jpg,0.8949836029543151
clip_l14,face,252,face::train::008309.jpg,face::train::129132.jpg,0.894898033553355
clip_l14,face,253,face::train::149220.jpg,face::train::060555.jpg,0.8948080585117282
clip_l14,face,254,face::train::073196.jpg,face::test::201409.jpg,0.8946791507025753
clip_l14,face,255,face::train::114832.jpg,face::train::109762.jpg,0.8946123641043227
clip_l14,face,256,face::train::129132.jpg,face::test::196777.jpg,0.8946076558488149
clip_l14,face,257,face::train::101485.jpg,face::train::138886.jpg,0.8942779679612358
clip_l14,face,258,face::train::149220.jpg,face::test::196777.jpg,0.8942296393777175
clip_l14,face,259,face::train::026996.jpg,face::test::196611.jpg,0.894202027892263
clip_l14,face,260,face::train::123459.jpg,face::train::109762.jpg,0.893805944437314
clip_l14,face,261,face::train::092618.jpg,face::test::201409.jpg,0.893352184904971
clip_l14,face,262,face::train::090489.jpg,face::test::183801.jpg,0.8932101862651106
clip_l14,face,263,face::train::170623.jpg,face::test::189457.jpg,0.8931888569857831
clip_l14,face,264,face::train::170623.jpg,face::test::185812.jpg,0.8931799426040846
clip_l14,face,265,face::train::121281.jpg,face::train::090489.jpg,0.892286914138075
clip_l14,face,266,face::train::089537.jpg,face::test::188858.jpg,0.8921355896904954
clip_l14,face,267,face::train::008309.jpg,face::test::185812.jpg,0.8919915859351195
clip_l14,face,268,face::train::081413.jpg,face::train::060309.jpg,0.8919197367694849
clip_l14,face,269,face::train::168471.jpg,face::test::196611.jpg,0.8916581058707153
clip_l14,face,270,face::train::138886.jpg,face::test::188858.jpg,0.8915081134794596
clip_l14,face,271,face::train::053065.jpg,face::train::001042.jpg,0.8912451758099027
clip_l14,face,272,face::train::060555.jpg,face::train::123459.jpg,0.8912442791059747
clip_l14,face,273,face::train::157804.jpg,face::train::060309.jpg,0.8912366074251785
clip_l14,face,274,face::train::001042.jpg,face::test::188858.jpg,0.8912343895433932
clip_l14,face,275,face::train::008309.jpg,face::test::189457.jpg,0.8909003128943729
clip_l14,face,276,face::train::032580.jpg,face::test::189457.jpg,0.8908317016421761
clip_l14,face,277,face::train::063708.jpg,face::test::184003.jpg,0.8908252438881106
clip_l14,face,278,face::train::090489.jpg,face::train::065762.jpg,0.8907885912863606
clip_l14,face,279,face::train::178182.jpg,face::test::183801.jpg,0.8905467376356804
clip_l14,face,280,face::train::060555.jpg,face::test::185812.jpg,0.8904598743212734
clip_l14,face,281,face::train::042973.jpg,face::test::196611.jpg,0.8904246191165194
clip_l14,face,282,face::train::150659.jpg,face::test::183801.jpg,0.890244286235344
clip_l14,face,283,face::train::042973.jpg,face::test::188858.jpg,0.8898894688179873
clip_l14,face,284,face::train::081413.jpg,face::test::185812.jpg,0.8898549346405915
clip_l14,face,285,face::train::060309.jpg,face::test::201409.jpg,0.8896604370693681
clip_l14,face,286,face::train::138886.jpg,face::train::025692.jpg,0.8894949626699654
clip_l14,face,287,face::train::065762.jpg,face::train::073196.jpg,0.8893063429773194
clip_l14,face,288,face::train::149220.jpg,face::train::141457.jpg,0.8892989980213428
clip_l14,face,289,face::train::090489.jpg,face::train::138886.jpg,0.8892130746227682
clip_l14,face,290,face::train::032580.jpg,face::test::184003.jpg,0.8891394370903523
clip_l14,face,291,face::train::071174.jpg,face::train::168471.jpg,0.8890836158967805
clip_l14,face,292,face::train::090489.jpg,face::test::196611.jpg,0.88885734893688
clip_l14,face,293,face::train::166091.jpg,face::test::201409.jpg,0.8883464772332252
clip_l14,face,294,face::train::166091.jpg,face::train::060555.jpg,0.8881946141350122
clip_l14,face,295,face::train::091980.jpg,face::test::196611.jpg,0.888099789738328
clip_l14,face,296,face::train::129132.jpg,face::test::185812.jpg,0.8879323832063805
clip_l14,face,297,face::train::026996.jpg,face::test::189858.jpg,0.8877631385704001
clip_l14,face,298,face::train::063618.jpg,face::test::196777.jpg,0.887648731804922
clip_l14,face,299,face::train::008309.jpg,face::train::073196.jpg,0.8875439376077818
clip_l14,face,300,face::train::109762.jpg,face::test::184003.jpg,0.8875232628395788
clip_l14,face,301,face::train::081413.jpg,face::train::157804.jpg,0.8871121088423479
clip_l14,face,302,face::train::178129.jpg,face::train::001042.jpg,0.8867382905661776
clip_l14,face,303,face::train::023736.jpg,face::train::088914.jpg,0.886593057945495
clip_l14,face,304,face::train::178182.jpg,face::train::168471.jpg,0.8863409277595469
clip_l14,face,305,face::train::090489.jpg,face::train::053065.jpg,0.8860857226274785
clip_l14,face,306,face::train::157804.jpg,face::train::008309.jpg,0.8856725726532143
clip_l14,face,307,face::train::170623.jpg,face::test::184003.jpg,0.8855786519653642
clip_l14,face,308,face::train::178182.jpg,face::train::001042.jpg,0.8855558926442397
clip_l14,face,309,face::train::025692.jpg,face::test::189858.jpg,0.8855409046248126
clip_l14,face,310,face::train::168471.jpg,face::train::138886.jpg,0.8853754464558663
clip_l14,face,311,face::train::168471.jpg,face::test::189858.jpg,0.8853490910793851
clip_l14,face,312,face::train::157804.jpg,face::train::109762.jpg,0.8852499737974233
clip_l14,face,313,face::train::129132.jpg,face::train::032580.jpg,0.8848401592040489
clip_l14,face,314,face::train::053065.jpg,face::train::138886.jpg,0.8845933103410044
clip_l14,face,315,face::train::168471.jpg,face::train::025692.jpg,0.8845584842580605
clip_l14,face,316,face::train::166091.jpg,face::test::189457.jpg,0.8844122418649786
clip_l14,face,317,face::train::091980.jpg,face::test::183801.jpg,0.8842424107979352
clip_l14,face,318,face::train::166091.jpg,face::train::073196.jpg,0.8841609358740794
clip_l14,face,319,face::train::166091.jpg,face::train::008309.jpg,0.8840637184744827
clip_l14,face,320,face::train::023736.jpg,face::test::185812.jpg,0.8840155558547449
clip_l14,face,321,face::train::008309.jpg,face::train::149220.jpg,0.8839071924806067
clip_l14,face,322,face::test::185812.jpg,face::test::184003.jpg,0.8838697107406472
clip_l14,face,323,face::train::166091.jpg,face::test::184003.jpg,0.8836847362934062
clip_l14,face,324,face::train::023736.jpg,face::train::149220.jpg,0.8836069133120495
clip_l14,face,325,face::train::121281.jpg,face::train::143554.jpg,0.8833040841208923
clip_l14,face,326,face::train::090489.jpg,face::test::188858.jpg,0.8832960066285557
clip_l14,face,327,face::train::137722.jpg,face::train::071174.jpg,0.8830746786828241
clip_l14,face,328,face::train::143554.jpg,face::train::101485.jpg,0.8830626695662245
clip_l14,face,329,face::train::073196.jpg,face::train::141457.jpg,0.8829348048823075
clip_l14,face,330,face::train::109762.jpg,face::test::189457.jpg,0.8828941037337719
clip_l14,face,331,face::train::114832.jpg,face::train::063708.jpg,0.8827931019986451
clip_l14,face,332,face::train::071174.jpg,face::train::026996.jpg,0.8826848878021223
clip_l14,face,333,face::train::092618.jpg,face::train::032580.jpg,0.8825560425077457
clip_l14,face,334,face::train::157804.jpg,face::train::092618.jpg,0.8825413761564201
clip_l14,face,335,face::train::166091.jpg,face::train::114832.jpg,0.8824322584511335
clip_l14,face,336,face::train::170623.jpg,face::train::166091.jpg,0.8823709344688608
clip_l14,face,337,face::train::129132.jpg,face::train::123459.jpg,0.8819174265352667
clip_l14,face,338,face::train::053065.jpg,face::train::089537.jpg,0.8818462258542956
clip_l14,face,339,face::train::166091.jpg,face::train::129132.jpg,0.8813328956478299
clip_l14,face,340,face::train::092618.jpg,face::train::141457.jpg,0.880693811816441
clip_l14,face,341,face::train::138886.jpg,face::test::183801.jpg,0.8805122900334738
clip_l14,face,342,face::train::178129.jpg,face::test::189858.jpg,0.8802888702773028
clip_l14,face,343,face::train::081413.jpg,face::train::141457.jpg,0.879834379208497
clip_l14,face,344,face::train::071174.jpg,face::train::143554.jpg,0.8797357834904458
clip_l14,face,345,face::train::089537.jpg,face::train::026996.jpg,0.8793337650507093
clip_l14,face,346,face::train::073196.jpg,face::test::185812.jpg,0.8791774577879102
clip_l14,face,347,face::train::129132.jpg,face::train::149220.jpg,0.8791203976089496
clip_l14,face,348,face::train::123459.jpg,face::test::196777.jpg,0.8791004400185617
clip_l14,face,349,face::train::053065.jpg,face::train::025692.jpg,0.8788006297346641
clip_l14,face,350,face::train::149220.jpg,face::train::060309.jpg,0.8784879604955693
clip_l14,face,351,face::train::008309.jpg,face::test::184003.jpg,0.8781961139581311
clip_l14,face,352,face::train::025692.jpg,face::test::188858.jpg,0.877916857681886
clip_l14,face,353,face::train::150659.jpg,face::train::082954.jpg,0.8778554449455337
clip_l14,face,354,face::train::178182.jpg,face::train::065762.jpg,0.877505390297264
clip_l14,face,355,face::train::090489.jpg,face::train::001042.jpg,0.8772972437362361
clip_l14,face,356,face::train::114832.jpg,face::train::060309.jpg,0.877035436341697
clip_l14,face,357,face::train::149220.jpg,face::train::092618.jpg,0.8768978881236327
clip_l14,face,358,face::train::121281.jpg,face::train::168471.jpg,0.8767654197713688
clip_l14,face,359,face::train::157804.jpg,face::train::123459.jpg,0.8765330620801143
clip_l14,face,360,face::train::091980.jpg,face::train::178129.jpg,0.8763498966838562
clip_l14,face,361,face::train::008309.jpg,face::train::060309.jpg,0.8761866739707428
clip_l14,face,362,face::train::063708.jpg,face::test::196777.jpg,0.8760147288061283
clip_l14,face,363,face::train::141457.jpg,face::test::196777.jpg,0.8760103458754506
clip_l14,face,364,face::train::042973.jpg,face::train::178129.jpg,0.8757722195286908
clip_l14,face,365,face::train::157804.jpg,face::test::184003.jpg,0.8757420426741488
clip_l14,face,366,face::train::138886.jpg,face::train::026996.jpg,0.875630777968115
clip_l14,face,367,face::train::101485.jpg,face::train::082954.jpg,0.875494385476433
clip_l14,face,368,face::train::121281.jpg,face::train::138886.jpg,0.8753933829817325
clip_l14,face,369,face::train::063618.jpg,face::train::060309.jpg,0.8753077638783482
clip_l14,face,370,face::train::166091.jpg,face::train::092618.jpg,0.875119753948223
clip_l14,face,371,face::test::186223.jpg,face::test::196611.jpg,0.8744305066240856
clip_l14,face,372,face::train::065762.jpg,face::test::189457.jpg,0.8743053988052917
clip_l14,face,373,face::train::143554.jpg,face::train::178182.jpg,0.8740171280143104
clip_l14,face,374,face::train::042973.jpg,face::test::183801.jpg,0.8739372047643098
clip_l14,face,375,face::train::170623.jpg,face::test::196777.jpg,0.873736074677554
clip_l14,face,376,face::train::025692.jpg,face::train::042973.jpg,0.8728664664864578
clip_l14,face,377,face::train::137722.jpg,face::test::183801.jpg,0.8727185299542087
clip_l14,face,378,face::train::121281.jpg,face::train::025692.jpg,0.8725130000225428
clip_l14,face,379,face::train::129132.jpg,face::train::060309.jpg,0.8723087192708912
clip_l14,face,380,face::train::008309.jpg,face::train::092618.jpg,0.8717755589835663
clip_l14,face,381,face::train::168471.jpg,face::train::082954.jpg,0.8713734676076921
clip_l14,face,382,face::test::186223.jpg,face::test::183801.jpg,0.871300410210708
clip_l14,face,383,face::train::137722.jpg,face::test::196611.jpg,0.8712312092012091
clip_l14,face,384,face::train::071174.jpg,face::test::186223.jpg,0.8710556892206032
clip_l14,face,385,face::train::025692.jpg,face::train::082954.jpg,0.8707526511741441
clip_l14,face,386,face::train::170623.jpg,face::train::149220.jpg,0.8705555538684653
clip_l14,face,387,face::train::032580.jpg,face::test::196777.jpg,0.870288641989257
clip_l14,face,388,face::train::081413.jpg,face::train::123459.jpg,0.8702121248488821
clip_l14,face,389,face::train::081413.jpg,face::train::129132.jpg,0.8701665879130275
clip_l14,face,390,face::train::114832.jpg,face::train::088914.jpg,0.8698270799917632
clip_l14,face,391,face::train::081413.jpg,face::train::060555.jpg,0.8695865338218145
clip_l14,face,392,face::test::185812.jpg,face::test::196777.jpg,0.8695218437165835
clip_l14,face,393,face::train::065762.jpg,face::train::042973.jpg,0.8686396043011934
clip_l14,face,394,face::train::071174.jpg,face::train::001042.jpg,0.8684807452706449
clip_l14,face,395,face::train::060309.jpg,face::train::060555.jpg,0.8683055943243275
clip_l14,face,396,face::train::138886.jpg,face::train::178129.jpg,0.8682076414458575
clip_l14,face,397,face::train::143554.jpg,face::train::089537.jpg,0.868118011397118
clip_l14,face,398,face::train::081413.jpg,face::test::201409.jpg,0.8680332278357905
clip_l14,face,399,face::train::060309.jpg,face::train::032580.jpg,0.8679337061476994
clip_l14,face,400,face::train::157804.jpg,face::train::063618.jpg,0.8678442013635593
clip_l14,face,401,face::train::060309.jpg,face::train::109762.jpg,0.8677096609770656
clip_l14,face,402,face::train::101485.jpg,face::train::001042.jpg,0.8676887385451472
clip_l14,face,403,face::train::063618.jpg,face::test::201409.jpg,0.867427715724203
clip_l14,face,404,face::train::092618.jpg,face::train::123459.jpg,0.8672993911474656
clip_l14,face,405,face::train::157804.jpg,face::train::149220.jpg,0.8670665438211433
clip_l14,face,406,face::train::081413.jpg,face::train::149220.jpg,0.8670012633165536
clip_l14,face,407,face::train::092618.jpg,face::train::109762.jpg,0.8668635155296991
clip_l14,face,408,face::train::168471.jpg,face::test::188858.jpg,0.8668455232558906
clip_l14,face,409,face::train::088914.jpg,face::test::189457.jpg,0.8668310571451847
clip_l14,face,410,face::test::189457.jpg,face::test::185812.jpg,0.8663105985630095
clip_l14,face,411,face::train::023736.jpg,face::train::060309.jpg,0.865535647245087
clip_l14,face,412,face::train::149220.jpg,face::train::109762.jpg,0.865195873907757
clip_l14,face,413,face::train::170623.jpg,face::train::063708.jpg,0.8648193914940574
clip_l14,face,414,face::train::025692.jpg,face::train::026996.jpg,0.8644836175918079
clip_l14,face,415,face::train::137722.jpg,face::train::178129.jpg,0.8642506434455794
clip_l14,face,416,face::train::157804.jpg,face::test::196777.jpg,0.862785478509895
clip_l14,face,417,face::train::101485.jpg,face::test::186223.jpg,0.8625557703444355
clip_l14,face,418,face::train::143554.jpg,face::train::042973.jpg,0.8624420821828246
clip_l14,face,419,face::train::065762.jpg,face::train::026996.jpg,0.8617315320262465
clip_l14,face,420,face::train::150659.jpg,face::test::186223.jpg,0.8609550714428824
clip_l14,face,421,face::train::001042.jpg,face::test::196611.jpg,0.8602744382035546
clip_l14,face,422,face::train::063618.jpg,face::train::141457.jpg,0.8600157729114228
clip_l14,face,423,face::train::168471.jpg,face::train::063708.jpg,0.8599464359287836
clip_l14,face,424,face::train::063708.jpg,face::test::201409.jpg,0.8597703018225127
clip_l14,face,425,face::train::143554.jpg,face::test::196611.jpg,0.8597609996328993
clip_l14,face,426,face::train::166091.jpg,face::train::149220.jpg,0.8597368493335338
clip_l14,face,427,face::train::157804.jpg,face::test::189457.jpg,0.8595213258791341
clip_l14,face,428,face::train::090489.jpg,face::train::082954.jpg,0.859435698694435
clip_l14,face,429,face::train::170623.jpg,face::train::060309.jpg,0.8590870343370886
clip_l14,face,430,face::train::081413.jpg,face::train::008309.jpg,0.8589972145029333
clip_l14,face,431,face::train::065762.jpg,face::train::150659.jpg,0.8588828391415642
clip_l14,face,432,face::train::073196.jpg,face::train::088914.jpg,0.8586210137426333
clip_l14,face,433,face::train::063708.jpg,face::train::123459.jpg,0.8582210847913482
clip_l14,face,434,face::train::091980.jpg,face::train::053065.jpg,0.8574418158003112
clip_l14,face,435,face::train::137722.jpg,face::train::089537.jpg,0.8573955430312181
clip_l14,face,436,face::train::065762.jpg,face::train::060555.jpg,0.8572210692895509
clip_l14,face,437,face::train::137722.jpg,face::train::053065.jpg,0.8571600651287306
clip_l14,face,438,face::train::081413.jpg,face::train::032580.jpg,0.8570633932048239
clip_l14,face,439,face::train::073196.jpg,face::train::001042.jpg,0.8569715012372959
clip_l14,face,440,face::train::071174.jpg,face::train::082954.jpg,0.8569063343484766
clip_l14,face,441,face::train::053065.jpg,face::train::143554.jpg,0.8568991420282497
clip_l14,face,442,face::train::026996.jpg,face::train::001042.jpg,0.85685074341121
clip_l14,face,443,face::train::157804.jpg,face::train::073196.jpg,0.8568176913292055
clip_l14,face,444,face::train::065762.jpg,face::train::023736.jpg,0.8564679291127113
clip_l14,face,445,face::train::091980.jpg,face::train::089537.jpg,0.8563930616712759
clip_l14,face,446,face::train::008309.jpg,face::test::196777.jpg,0.8560419997354128
clip_l14,face,447,face::train::091980.jpg,face::test::188858.jpg,0.8560086130906811
clip_l14,face,448,face::train::166091.jpg,face::train::032580.jpg,0.8559797807957816
clip_l14,face,449,face::train::170623.jpg,face::train::081413.jpg,0.8559086395807128
clip_l14,face,450,face::train::137722.jpg,face::test::188858.jpg,0.8558191845260052
clip_l14,face,451,face::train::053065.jpg,face::train::168471.jpg,0.855784509121391
clip_l14,face,452,face::train::053065.jpg,face::train::065762.jpg,0.8557764754839408
clip_l14,face,453,face::train::138886.jpg,face::train::082954.jpg,0.8552884101280387
clip_l14,face,454,face::train::166091.jpg,face::train::141457.jpg,0.8550573478322616
clip_l14,face,455,face::train::137722.jpg,face::train::101485.jpg,0.8550528764472123
clip_l14,face,456,face::train::063708.jpg,face::train::109762.jpg,0.8546530441905285
clip_l14,face,457,face::train::008309.jpg,face::train::063708.jpg,0.8546502350927325
clip_l14,face,458,face::train::091980.jpg,face::train::101485.jpg,0.8544368994417695
clip_l14,face,459,face::train::166091.jpg,face::train::060309.jpg,0.8543480833598616
clip_l14,face,460,face::train::088914.jpg,face::test::184003.jpg,0.8542879408287523
clip_l14,face,461,face::train::121281.jpg,face::train::001042.jpg,0.8538332088630889
clip_l14,face,462,face::train::063618.jpg,face::test::185812.jpg,0.853753466228151
clip_l14,face,463,face::train::026996.jpg,face::test::186223.jpg,0.853593028134674
clip_l14,face,464,face::train::091980.jpg,face::train::026996.jpg,0.8535560013893572
clip_l14,face,465,face::train::081413.jpg,face::train::023736.jpg,0.8529791987093116
clip_l14,face,466,face::train::137722.jpg,face::train::026996.jpg,0.8529634087761827
clip_l14,face,467,face::train::166091.jpg,face::train::109762.jpg,0.8527588165401275
clip_l14,face,468,face::train::025692.jpg,face::test::186223.jpg,0.852636402379008
clip_l14,face,469,face::train::088914.jpg,face::test::201409.jpg,0.8524935820979196
clip_l14,face,470,face::train::123459.jpg,face::train::088914.jpg,0.8523450668241401
clip_l14,face,471,face::train::137722.jpg,face::train::121281.jpg,0.8520155913530738
clip_l14,face,472,face::train::090489.jpg,face::train::092618.jpg,0.8519513056680914
clip_l14,face,473,face::train::143554.jpg,face::test::188858.jpg,0.851713824747679
clip_l14,face,474,face::train::091980.jpg,face::train::138886.jpg,0.851603178866604
clip_l14,face,475,face::train::063708.jpg,face::train::141457.jpg,0.8515406965255254
clip_l14,face,476,face::train::053065.jpg,face::train::123459.jpg,0.8513007483829453
clip_l14,face,477,face::train::060309.jpg,face::test::184003.jpg,0.8511876567703155
clip_l14,face,478,face::train::082954.jpg,face::test::186223.jpg,0.8510192407070915
clip_l14,face,479,face::train::178129.jpg,face::test::186223.jpg,0.8507370490964477
clip_l14,face,480,face::train::065762.jpg,face::test::188858.jpg,0.8506309127640154
clip_l14,face,481,face::train::065762.jpg,face::train::178129.jpg,0.8502666951202016
clip_l14,face,482,face::train::149220.jpg,face::train::001042.jpg,0.849991550687477
clip_l14,face,483,face::train::071174.jpg,face::train::091980.jpg,0.8492559364835355
clip_l14,face,484,face::train::137722.jpg,face::train::150659.jpg,0.8491254313378137
clip_l14,face,485,face::train::091980.jpg,face::train::168471.jpg,0.8491213773278176
clip_l14,face,486,face::train::138886.jpg,face::test::186223.jpg,0.8491210463086882
clip_l14,face,487,face::train::170623.jpg,face::train::088914.jpg,0.8489194300302365
clip_l14,face,488,face::train::082954.jpg,face::test::183801.jpg,0.8485815341204224
clip_l14,face,489,face::train::166091.jpg,face::test::196777.jpg,0.8485362801037535
clip_l14,face,490,face::train::025692.jpg,face::train::001042.jpg,0.8484570968363739
clip_l14,face,491,face::train::081413.jpg,face::train::114832.jpg,0.8483989897690438
clip_l14,face,492,face::train::166091.jpg,face::test::185812.jpg,0.8482066464105874
clip_l14,face,493,face::train::008309.jpg,face::train::088914.jpg,0.8477715619901278
clip_l14,face,494,face::train::001042.jpg,face::train::032580.jpg,0.8473770255781812
clip_l14,face,495,face::train::001042.jpg,face::test::183801.jpg,0.8473217105693384
clip_l14,face,496,face::train::178182.jpg,face::test::186223.jpg,0.846746621758945
clip_l14,face,497,face::train::088914.jpg,face::train::141457.jpg,0.846649318594042
clip_l14,face,498,face::train::090489.jpg,face::train::143554.jpg,0.8466204508794275
clip_l14,face,499,face::train::065762.jpg,face::test::184003.jpg,0.8465869204715739
clip_l14,face,500,face::train::091980.jpg,face::test::186223.jpg,0.8458787478623856
clip_l14,face,501,face::train::150659.jpg,face::train::001042.jpg,0.84545086111283
clip_l14,face,502,face::train::091980.jpg,face::train::121281.jpg,0.8454361298023214
clip_l14,face,503,face::train::092618.jpg,face::test::185812.jpg,0.8453960170560402
clip_l14,face,504,face::train::063708.jpg,face::train::149220.jpg,0.8452702981722104
clip_l14,face,505,face::train::065762.jpg,face::test::189858.jpg,0.8452011214330818
clip_l14,face,506,face::train::091980.jpg,face::test::189858.jpg,0.8448958615174387
clip_l14,face,507,face::train::143554.jpg,face::test::183801.jpg,0.8447571261139679
clip_l14,face,508,face::train::143554.jpg,face::train::178129.jpg,0.8445424182861587
clip_l14,face,509,face::train::143554.jpg,face::test::189858.jpg,0.8444839161746307
clip_l14,face,510,face::train::143554.jpg,face::train::026996.jpg,0.8443236412038095
clip_l14,face,511,face::train::063618.jpg,face::train::032580.jpg,0.8443099995740525
clip_l14,face,512,face::train::063708.jpg,face::train::026996.jpg,0.844307644337988
clip_l14,face,513,face::train::001042.jpg,face::test::189858.jpg,0.8439161048237889
clip_l14,face,514,face::train::143554.jpg,face::train::138886.jpg,0.8434158632952522
clip_l14,face,515,face::train::042973.jpg,face::train::001042.jpg,0.8430802438560889
clip_l14,face,516,face::train::065762.jpg,face::train::101485.jpg,0.8427979772309828
clip_l14,face,517,face::train::023736.jpg,face::train::026996.jpg,0.8424798229188264
clip_l14,face,518,face::train::170623.jpg,face::train::063618.jpg,0.8423689987587645
clip_l14,face,519,face::train::053065.jpg,face::train::149220.jpg,0.8420689342559496
clip_l14,face,520,face::train::088914.jpg,face::test::196777.jpg,0.8417961347063658
clip_l14,face,521,face::train::091980.jpg,face::train::025692.jpg,0.8416082280673209
clip_l14,face,522,face::train::121281.jpg,face::test::186223.jpg,0.8415002548165538
clip_l14,face,523,face::train::123459.jpg,face::train::001042.jpg,0.8412948491771511
clip_l14,face,524,face::train::063618.jpg,face::train::060555.jpg,0.8411950341524195
clip_l14,face,525,face::train::008309.jpg,face::train::063618.jpg,0.8408134909347527
clip_l14,face,526,face::train::082954.jpg,face::test::196611.jpg,0.840677172637244
clip_l14,face,527,face::train::065762.jpg,face::train::168471.jpg,0.8405130588366199
clip_l14,face,528,face::train::091980.jpg,face::train::090489.jpg,0.8401595748162012
clip_l14,face,529,face::train::129132.jpg,face::train::063618.jpg,0.8399170328260704
clip_l14,face,530,face::test::186223.jpg,face::test::189858.jpg,0.8391910124925999
clip_l14,face,531,face::train::149220.jpg,face::train::088914.jpg,0.8391709777683134
clip_l14,face,532,face::train::001042.jpg,face::test::189457.jpg,0.8390724114581528
clip_l14,face,533,face::train::178182.jpg,face::train::082954.jpg,0.8387888020990254
clip_l14,face,534,face::train::063618.jpg,face::train::123459.jpg,0.8383220381322148
clip_l14,face,535,face::test::186223.jpg,face::test::188858.jpg,0.8383212359709544
clip_l14,face,536,face::train::137722.jpg,face::test::186223.jpg,0.8380504902284902
clip_l14,face,537,face::train::170623.jpg,face::train::001042.jpg,0.8380452165220794
clip_l14,face,538,face::train::008309.jpg,face::train::001042.jpg,0.8370427638777913
clip_l14,face,539,face::train::081413.jpg,face::test::184003.jpg,0.8369104278457516
clip_l14,face,540,face::train::082954.jpg,face::train::042973.jpg,0.8360662590413294
clip_l14,face,541,face::train::065762.jpg,face::train::138886.jpg,0.8355412180237568
clip_l14,face,542,face::train::063618.jpg,face::train::149220.jpg,0.8354534454630563
clip_l14,face,543,face::train::081413.jpg,face::train::073196.jpg,0.8354523189325324
clip_l14,face,544,face::train::137722.jpg,face::train::178182.jpg,0.8349097495871928
clip_l14,face,545,face::train::063618.jpg,face::train::023736.jpg,0.834659139627539
clip_l14,face,546,face::train::088914.jpg,face::train::109762.jpg,0.8346125510544391
clip_l14,face,547,face::train::090489.jpg,face::test::186223.jpg,0.8345213425083773
clip_l14,face,548,face::train::082954.jpg,face::test::189858.jpg,0.8341018251446038
clip_l14,face,549,face::train::060555.jpg,face::train::026996.jpg,0.8339708614373409
clip_l14,face,550,face::train::121281.jpg,face::train::082954.jpg,0.8337788272460539
clip_l14,face,551,face::train::065762.jpg,face::train::025692.jpg,0.8336437895929953
clip_l14,face,552,face::train::060555.jpg,face::train::001042.jpg,0.8334168957181189
clip_l14,face,553,face::train::042973.jpg,face::train::073196.jpg,0.8333229845614248
clip_l14,face,554,face::train::023736.jpg,face::train::001042.jpg,0.8329663274965938
clip_l14,face,555,face::train::053065.jpg,face::train::141457.jpg,0.8329319270656357
clip_l14,face,556,face::train::060309.jpg,face::train::073196.jpg,0.8327706224117493
clip_l14,face,557,face::train::157804.jpg,face::train::088914.jpg,0.83241041989698
clip_l14,face,558,face::train::114832.jpg,face::train::063618.jpg,0.8323646765232693
clip_l14,face,559,face::train::091980.jpg,face::train::178182.jpg,0.8313029194442904
clip_l14,face,560,face::train::129132.jpg,face::train::026996.jpg,0.8308280436308866
clip_l14,face,561,face::train::137722.jpg,face::train::042973.jpg,0.8307961924077584
clip_l14,face,562,face::train::166091.jpg,face::train::168471.jpg,0.8306293727417156
clip_l14,face,563,face::train::137722.jpg,face::train::168471.jpg,0.8300524002399662
clip_l14,face,564,face::train::082954.jpg,face::train::178129.jpg,0.8299415854525393
clip_l14,face,565,face::train::042973.jpg,face::test::186223.jpg,0.8290118467876944
clip_l14,face,566,face::train::129132.jpg,face::train::065762.jpg,0.828990919308005
clip_l14,face,567,face::train::053065.jpg,face::test::186223.jpg,0.8288605498953424
clip_l14,face,568,face::train::166091.jpg,face::train::157804.jpg,0.8287033963157964
clip_l14,face,569,face::train::166091.jpg,face::train::026996.jpg,0.8281807538639284
clip_l14,face,570,face::train::071174.jpg,face::train::065762.jpg,0.8280423629663312
clip_l14,face,571,face::train::053065.jpg,face::train::073196.jpg,0.8278975467335967
clip_l14,face,572,face::train::141457.jpg,face::train::001042.jpg,0.8278931340056277
clip_l14,face,573,face::train::063708.jpg,face::train::032580.jpg,0.8273709766224361
clip_l14,face,574,face::train::060309.jpg,face::test::196777.jpg,0.8271243695606224
clip_l14,face,575,face::train::001042.jpg,face::test::201409.jpg,0.8270643487866386
clip_l14,face,576,face::train::065762.jpg,face::train::092618.jpg,0.8268185059323319
clip_l14,face,577,face::train::026996.jpg,face::train::082954.jpg,0.8267192522473983
clip_l14,face,578,face::train::060309.jpg,face::train::088914.jpg,0.826226800167231
clip_l14,face,579,face::train::137722.jpg,face::train::025692.jpg,0.8260020136055547
clip_l14,face,580,face::train::065762.jpg,face::test::196611.jpg,0.8255152202044931
clip_l14,face,581,face::train::121281.jpg,face::train::065762.jpg,0.825504349884647
clip_l14,face,582,face::train::053065.jpg,face::test::185812.jpg,0.8252945343598769
clip_l14,face,583,face::train::091980.jpg,face::train::150659.jpg,0.8252866976135513
clip_l14,face,584,face::train::168471.jpg,face::train::001042.jpg,0.8240349209397331
clip_l14,face,585,face::train::143554.jpg,face::train::025692.jpg,0.8237053120665843
clip_l14,face,586,face::train::166091.jpg,face::test::186223.jpg,0.8234971143349775
clip_l14,face,587,face::train::157804.jpg,face::train::063708.jpg,0.8227629529388961
clip_l14,face,588,face::train::137722.jpg,face::train::138886.jpg,0.8226889441239296
clip_l14,face,589,face::train::137722.jpg,face::train::091980.jpg,0.8225672635384528
clip_l14,face,590,face::train::026996.jpg,face::train::073196.jpg,0.8218921274540696
clip_l14,face,591,face::train::065762.jpg,face::train::149220.jpg,0.8215200771422021
clip_l14,face,592,face::train::088914.jpg,face::train::032580.jpg,0.8210511843487155
clip_l14,face,593,face::train::137722.jpg,face::test::189858.jpg,0.820992237139318
clip_l14,face,594,face::train::053065.jpg,face::train::060309.jpg,0.8208337687111465
clip_l14,face,595,face::train::143554.jpg,face::train::168471.jpg,0.8200129471994948
clip_l14,face,596,face::train::143554.jpg,face::train::082954.jpg,0.8199215689791463
clip_l14,face,597,face::train::081413.jpg,face::train::092618.jpg,0.8194024710794278
clip_l14,face,598,face::train::121281.jpg,face::train::123459.jpg,0.8191068731074697
clip_l14,face,599,face::train::123459.jpg,face::test::188858.jpg,0.8189141382236627
clip_l14,face,600,face::train::001042.jpg,face::test::184003.jpg,0.8183954926850665
clip_l14,face,601,face::train::089537.jpg,face::train::001042.jpg,0.817875350797715
clip_l14,face,602,face::train::178129.jpg,face::train::141457.jpg,0.8176630161230012
clip_l14,face,603,face::train::091980.jpg,face::train::042973.jpg,0.8176470173161664
clip_l14,face,604,face::train::090489.jpg,face::test::189457.jpg,0.8174682336088704
clip_l14,face,605,face::train::042973.jpg,face::train::092618.jpg,0.8172099790536259
clip_l14,face,606,face::train::065762.jpg,face::train::063708.jpg,0.8170717351855685
clip_l14,face,607,face::train::091980.jpg,face::train::082954.jpg,0.8170495234657302
clip_l14,face,608,face::train::053065.jpg,face::test::201409.jpg,0.8166894509450948
clip_l14,face,609,face::train::008309.jpg,face::train::053065.jpg,0.8165379902672439
clip_l14,face,610,face::train::114832.jpg,face::train::053065.jpg,0.815899741640018
clip_l14,face,611,face::train::063618.jpg,face::test::184003.jpg,0.8152076702117788
clip_l14,face,612,face::train::138886.jpg,face::train::001042.jpg,0.8150151045028247
clip_l14,face,613,face::train::168471.jpg,face::train::088914.jpg,0.8149245675833008
clip_l14,face,614,face::train::090489.jpg,face::train::060555.jpg,0.814895280544949
clip_l14,face,615,face::train::060309.jpg,face::test::189457.jpg,0.8142209675100727
clip_l14,face,616,face::train::081413.jpg,face::train::166091.jpg,0.8141364333309763
clip_l14,face,617,face::train::137722.jpg,face::train::090489.jpg,0.8140196615946038
clip_l14,face,618,face::train::088914.jpg,face::test::185812.jpg,0.8139556542361531
clip_l14,face,619,face::train::114832.jpg,face::train::001042.jpg,0.8129620251904034
clip_l14,face,620,face::train::081413.jpg,face::test::189457.jpg,0.812844300757298
clip_l14,face,621,face::train::063708.jpg,face::train::042973.jpg,0.8126379349373812
clip_l14,face,622,face::train::170623.jpg,face::train::053065.jpg,0.8122829182807686
clip_l14,face,623,face::train::008309.jpg,face::train::178129.jpg,0.812021496131382
clip_l14,face,624,face::train::090489.jpg,face::train::073196.jpg,0.8117956074013233
clip_l14,face,625,face::train::170623.jpg,face::train::178129.jpg,0.8113625762485521
clip_l14,face,626,face::train::150659.jpg,face::train::073196.jpg,0.8109819480477976
clip_l14,face,627,face::train::166091.jpg,face::train::001042.jpg,0.810532329469126
clip_l14,face,628,face::train::081413.jpg,face::train::088914.jpg,0.8103884245668422
clip_l14,face,629,face::train::071174.jpg,face::train::123459.jpg,0.8102794699087976
clip_l14,face,630,face::train::001042.jpg,face::train::109762.jpg,0.8099918794224059
clip_l14,face,631,face::train::090489.jpg,face::train::023736.jpg,0.8099274885720767
clip_l14,face,632,face::train::065762.jpg,face::train::032580.jpg,0.8091424488237038
clip_l14,face,633,face::train::063618.jpg,face::train::073196.jpg,0.8089297242799569
clip_l14,face,634,face::train::170623.jpg,face::train::065762.jpg,0.8086403724450935
clip_l14,face,635,face::train::063708.jpg,face::test::185812.jpg,0.8082531397415278
clip_l14,face,636,face::train::026996.jpg,face::train::123459.jpg,0.8081933209767183
clip_l14,face,637,face::train::065762.jpg,face::test::196777.jpg,0.8080278209984948
clip_l14,face,638,face::train::001042.jpg,face::test::185812.jpg,0.8076687595153722
clip_l14,face,639,face::train::023736.jpg,face::train::178129.jpg,0.8075437744935616
clip_l14,face,640,face::train::089537.jpg,face::train::065762.jpg,0.8073311374301
clip_l14,face,641,face::train::129132.jpg,face::train::001042.jpg,0.8072150471234105
clip_l14,face,642,face::train::063708.jpg,face::train::060309.jpg,0.807178638166654
clip_l14,face,643,face::train::090489.jpg,face::train::063708.jpg,0.8068822283340097
clip_l14,face,644,face::train::053065.jpg,face::train::023736.jpg,0.8065162962718183
clip_l14,face,645,face::train::053065.jpg,face::test::184003.jpg,0.8062884712093678
clip_l14,face,646,face::train::060555.jpg,face::train::150659.jpg,0.8062040703259057
clip_l14,face,647,face::train::129132.jpg,face::train::150659.jpg,0.8058652252380152
clip_l14,face,648,face::train::026996.jpg,face::test::189457.jpg,0.8056299843200433
clip_l14,face,649,face::train::114832.jpg,face::train::178129.jpg,0.805066203835483
clip_l14,face,650,face::train::178182.jpg,face::train::073196.jpg,0.8048865662964679
clip_l14,face,651,face::train::053065.jpg,face::train::032580.jpg,0.8045233270000958
clip_l14,face,652,face::train::168471.jpg,face::train::092618.jpg,0.8044116375185623
clip_l14,face,653,face::train::114832.jpg,face::train::090489.jpg,0.8044092088923503
clip_l14,face,654,face::train::150659.jpg,face::train::123459.jpg,0.8035996523087352
clip_l14,face,655,face::train::060555.jpg,face::train::178129.jpg,0.8032966318235414
clip_l14,face,656,face::train::065762.jpg,face::test::183801.jpg,0.8031821368991527
clip_l14,face,657,face::train::053065.jpg,face::train::060555.jpg,0.8028812563448222
clip_l14,face,658,face::train::065762.jpg,face::train::109762.jpg,0.8022331330537994
clip_l14,face,659,face::train::150659.jpg,face::train::092618.jpg,0.8018207888244331
clip_l14,face,660,face::train::114832.jpg,face::train::101485.jpg,0.8017936156313286
clip_l14,face,661,face::train::178182.jpg,face::train::092618.jpg,0.8012600808752451
clip_l14,face,662,face::train::166091.jpg,face::test::196611.jpg,0.8012336529917465
clip_l14,face,663,face::train::071174.jpg,face::train::114832.jpg,0.8011406984130254
clip_l14,face,664,face::train::090489.jpg,face::train::129132.jpg,0.8010292637333518
clip_l14,face,665,face::train::026996.jpg,face::train::088914.jpg,0.8007512076961456
clip_l14,face,666,face::train::026996.jpg,face::train::141457.jpg,0.8004427852034788
clip_l14,face,667,face::train::060309.jpg,face::train::092618.jpg,0.7997315314370752
clip_l14,face,668,face::train::063618.jpg,face::train::092618.jpg,0.7993689983971082
clip_l14,face,669,face::train::121281.jpg,face::train::149220.jpg,0.7993244738630711
clip_l14,face,670,face::train::129132.jpg,face::train::178129.jpg,0.7991279642466624
clip_l14,face,671,face::train::178129.jpg,face::train::123459.jpg,0.7990698341649356
clip_l14,face,672,face::train::065762.jpg,face::train::141457.jpg,0.7990589942745722
clip_l14,face,673,face::train::137722.jpg,face::train::082954.jpg,0.7989068890101929
clip_l14,face,674,face::train::065762.jpg,face::train::123459.jpg,0.7988960536851252
clip_l14,face,675,face::train::178129.jpg,face::train::032580.jpg,0.7987022328183946
clip_l14,face,676,face::train::166091.jpg,face::test::183801.jpg,0.7984228224800743
clip_l14,face,677,face::train::166091.jpg,face::train::150659.jpg,0.7974219681487866
clip_l14,face,678,face::train::082954.jpg,face::test::188858.jpg,0.7972990066587748
clip_l14,face,679,face::train::101485.jpg,face::train::123459.jpg,0.7972775628438891
clip_l14,face,680,face::train::157804.jpg,face::train::178129.jpg,0.7972511992381203
clip_l14,face,681,face::train::114832.jpg,face::train::065762.jpg,0.7971483826223352
clip_l14,face,682,face::train::008309.jpg,face::test::188858.jpg,0.7970937693558674
clip_l14,face,683,face::train::168471.jpg,face::train::023736.jpg,0.7968224313026853
clip_l14,face,684,face::train::178182.jpg,face::train::149220.jpg,0.7967938869018656
clip_l14,face,685,face::train::129132.jpg,face::train::168471.jpg,0.7967006084445469
clip_l14,face,686,face::train::101485.jpg,face::train::092618.jpg,0.7962737663622594
clip_l14,face,687,face::train::042973.jpg,face::test::184003.jpg,0.79603951216149
clip_l14,face,688,face::train::166091.jpg,face::train::121281.jpg,0.7958578780542933
clip_l14,face,689,face::train::168471.jpg,face::train::060555.jpg,0.7954698595811738
clip_l14,face,690,face::train::157804.jpg,face::train::053065.jpg,0.7954188743148667
clip_l14,face,691,face::train::170623.jpg,face::train::090489.jpg,0.7953055272639449
clip_l14,face,692,face::train::065762.jpg,face::test::201409.jpg,0.7952709302089392
clip_l14,face,693,face::train::089537.jpg,face::train::092618.jpg,0.7950595829610257
clip_l14,face,694,face::train::166091.jpg,face::train::053065.jpg,0.7949872628068249
clip_l14,face,695,face::train::150659.jpg,face::test::189457.jpg,0.7948005242583749
clip_l14,face,696,face::train::092618.jpg,face::train::001042.jpg,0.7945504405251869
clip_l14,face,697,face::train::053065.jpg,face::train::109762.jpg,0.7944632274809598
clip_l14,face,698,face::train::150659.jpg,face::test::184003.jpg,0.7943541348507597
clip_l14,face,699,face::train::129132.jpg,face::train::053065.jpg,0.7942796872823095
clip_l14,face,700,face::train::166091.jpg,face::train::178129.jpg,0.7938505383997931
clip_l14,face,701,face::train::081413.jpg,face::train::063708.jpg,0.793785210076881
clip_l14,face,702,face::train::114832.jpg,face::train::150659.jpg,0.7937314436089434
clip_l14,face,703,face::train::073196.jpg,face::test::188858.jpg,0.7935043238027617
clip_l14,face,704,face::train::026996.jpg,face::train::092618.jpg,0.7934987254224739
clip_l14,face,705,face::train::060555.jpg,face::train::042973.jpg,0.7933794585700116
clip_l14,face,706,face::train::092618.jpg,face::test::189858.jpg,0.7933522588139743
clip_l14,face,707,face::train::026996.jpg,face::test::201409.jpg,0.7932427883657879
clip_l14,face,708,face::train::071174.jpg,face::train::166091.jpg,0.7931643849741327
clip_l14,face,709,face::train::023736.jpg,face::train::042973.jpg,0.7930854304562581
clip_l14,face,710,face::train::121281.jpg,face::train::114832.jpg,0.7929064698778687
clip_l14,face,711,face::train::149220.jpg,face::train::042973.jpg,0.7924788220497809
clip_l14,face,712,face::train::001042.jpg,face::test::196777.jpg,0.7918067755586472
clip_l14,face,713,face::train::114832.jpg,face::train::178182.jpg,0.7917666238544533
clip_l14,face,714,face::train::114832.jpg,face::train::026996.jpg,0.7916762811016577
clip_l14,face,715,face::train::121281.jpg,face::train::073196.jpg,0.7913820117150442
clip_l14,face,716,face::train::008309.jpg,face::train::065762.jpg,0.7913321994394745
clip_l14,face,717,face::train::166091.jpg,face::test::188858.jpg,0.7912167635317646
clip_l14,face,718,face::train::149220.jpg,face::test::188858.jpg,0.7910774674209803
clip_l14,face,719,face::train::042973.jpg,face::test::189457.jpg,0.7908574819979799
clip_l14,face,720,face::train::166091.jpg,face::train::063618.jpg,0.7907628463464932
clip_l14,face,721,face::train::026996.jpg,face::test::184003.jpg,0.7906186836983312
clip_l14,face,722,face::test::188858.jpg,face::test::201409.jpg,0.7905012360921814
clip_l14,face,723,face::train::123459.jpg,face::test::183801.jpg,0.7902892434589619
clip_l14,face,724,face::train::166091.jpg,face::train::089537.jpg,0.7902703212129613
clip_l14,face,725,face::train::166091.jpg,face::train::065762.jpg,0.7898549957819683
clip_l14,face,726,face::train::053065.jpg,face::test::189457.jpg,0.7896017522908401
clip_l14,face,727,face::train::023736.jpg,face::train::150659.jpg,0.7896003914471669
clip_l14,face,728,face::train::073196.jpg,face::test::189858.jpg,0.7895853617525216
clip_l14,face,729,face::train::063618.jpg,face::test::189457.jpg,0.7893742314925978
clip_l14,face,730,face::train::063708.jpg,face::train::150659.jpg,0.7891296760949276
clip_l14,face,731,face::train::001042.jpg,face::test::186223.jpg,0.7891249391295927
clip_l14,face,732,face::train::053065.jpg,face::train::082954.jpg,0.7887543950010327
clip_l14,face,733,face::train::123459.jpg,face::test::196611.jpg,0.7885481979375681
clip_l14,face,734,face::train::137722.jpg,face::train::143554.jpg,0.7881251502322565
clip_l14,face,735,face::train::114832.jpg,face::test::188858.jpg,0.7878502391441446
clip_l14,face,736,face::train::149220.jpg,face::train::026996.jpg,0.7875949335086817
clip_l14,face,737,face::train::090489.jpg,face::train::032580.jpg,0.7875842621368198
clip_l14,face,738,face::train::178182.jpg,face::test::189457.jpg,0.7873284543425365
clip_l14,face,739,face::train::178182.jpg,face::train::060555.jpg,0.7873005992982612
clip_l14,face,740,face::train::008309.jpg,face::train::026996.jpg,0.7872958402901634
clip_l14,face,741,face::train::168471.jpg,face::test::189457.jpg,0.7871104975490943
clip_l14,face,742,face::train::149220.jpg,face::train::150659.jpg,0.7863597548712904
clip_l14,face,743,face::train::129132.jpg,face::train::042973.jpg,0.7859809487937538
clip_l14,face,744,face::test::188858.jpg,face::test::184003.jpg,0.7858634255525122
clip_l14,face,745,face::train::063708.jpg,face::train::001042.jpg,0.7858518969082637
clip_l14,face,746,face::train::166091.jpg,face::train::138886.jpg,0.7857412329778379
clip_l14,face,747,face::train::178182.jpg,face::train::023736.jpg,0.78573227687517
clip_l14,face,748,face::train::073196.jpg,face::train::178129.jpg,0.7856367476079726
clip_l14,face,749,face::train::178182.jpg,face::train::123459.jpg,0.7854677597539326
clip_l14,face,750,face::train::071174.jpg,face::train::149220.jpg,0.7849251812584389
clip_l14,face,751,face::train::092618.jpg,face::train::178129.jpg,0.7847652554905149
clip_l14,face,752,face::train::114832.jpg,face::test::196611.jpg,0.7846659951866217
clip_l14,face,753,face::train::026996.jpg,face::test::196777.jpg,0.7841391964780744
clip_l14,face,754,face::train::178182.jpg,face::test::201409.jpg,0.7840572108529604
clip_l14,face,755,face::train::042973.jpg,face::train::123459.jpg,0.7840541211949941
clip_l14,face,756,face::train::101485.jpg,face::train::149220.jpg,0.7839892140865918
clip_l14,face,757,face::train::137722.jpg,face::train::001042.jpg,0.7839824173185167
clip_l14,face,758,face::train::166091.jpg,face::train::042973.jpg,0.7839313350975535
clip_l14,face,759,face::train::090489.jpg,face::train::141457.jpg,0.7836141416781626
clip_l14,face,760,face::train::157804.jpg,face::train::001042.jpg,0.7833710023030006
clip_l14,face,761,face::train::143554.jpg,face::test::186223.jpg,0.7832021330317912
clip_l14,face,762,face::train::178129.jpg,face::test::189457.jpg,0.7830597911757264
clip_l14,face,763,face::train::091980.jpg,face::train::143554.jpg,0.7828099078978618
clip_l14,face,764,face::train::178182.jpg,face::test::184003.jpg,0.782768130993059
clip_l14,face,765,face::train::178182.jpg,face::train::032580.jpg,0.7826133253615508
clip_l14,face,766,face::train::114832.jpg,face::train::042973.jpg,0.7824851769856046
clip_l14,face,767,face::train::063708.jpg,face::test::186223.jpg,0.7824373268814466
clip_l14,face,768,face::train::121281.jpg,face::train::008309.jpg,0.7822312971954222
clip_l14,face,769,face::train::026996.jpg,face::train::109762.jpg,0.7822220018601688
clip_l14,face,770,face::train::088914.jpg,face::test::186223.jpg,0.7820887364670914
clip_l14,face,771,face::train::063618.jpg,face::train::088914.jpg,0.7820246143951713
clip_l14,face,772,face::train::114832.jpg,face::test::183801.jpg,0.7815161297285345
clip_l14,face,773,face::train::091980.jpg,face::train::001042.jpg,0.7810423623692415
clip_l14,face,774,face::train::053065.jpg,face::test::196777.jpg,0.7809079491688469
clip_l14,face,775,face::train::008309.jpg,face::test::183801.jpg,0.7808867998588435
clip_l14,face,776,face::train::101485.jpg,face::train::141457.jpg,0.7807149365884719
clip_l14,face,777,face::train::042973.jpg,face::test::196777.jpg,0.7804679786054568
clip_l14,face,778,face::train::150659.jpg,face::train::141457.jpg,0.7800122074450845
clip_l14,face,779,face::train::141457.jpg,face::test::188858.jpg,0.7799089623137117
clip_l14,face,780,face::train::071174.jpg,face::train::008309.jpg,0.7798542744507823
clip_l14,face,781,face::train::168471.jpg,face::train::073196.jpg,0.7793886642587035
clip_l14,face,782,face::train::091980.jpg,face::train::008309.jpg,0.7792096840547478
clip_l14,face,783,face::train::149220.jpg,face::train::178129.jpg,0.779196043390739
clip_l14,face,784,face::train::101485.jpg,face::train::060555.jpg,0.7790645091243185
clip_l14,face,785,face::train::178129.jpg,face::test::185812.jpg,0.7788401902198816
clip_l14,face,786,face::train::170623.jpg,face::train::178182.jpg,0.7785951218896566
clip_l14,face,787,face::train::101485.jpg,face::test::189457.jpg,0.7784975379316397
clip_l14,face,788,face::train::178129.jpg,face::test::201409.jpg,0.7783472525241936
clip_l14,face,789,face::train::170623.jpg,face::train::026996.jpg,0.7781749849902925
clip_l14,face,790,face::train::008309.jpg,face::test::196611.jpg,0.7781436286306881
clip_l14,face,791,face::train::063708.jpg,face::train::178129.jpg,0.777840311950797
clip_l14,face,792,face::train::101485.jpg,face::train::073196.jpg,0.7775855303565508
clip_l14,face,793,face::train::170623.jpg,face::test::188858.jpg,0.7774660614924974
clip_l14,face,794,face::train::157804.jpg,face::train::090489.jpg,0.7770911573790564
clip_l14,face,795,face::train::129132.jpg,face::train::178182.jpg,0.777077560897206
clip_l14,face,796,face::test::189457.jpg,face::test::188858.jpg,0.7769845076741653
clip_l14,face,797,face::train::138886.jpg,face::test::184003.jpg,0.7767067726777364
clip_l14,face,798,face::train::166091.jpg,face::train::101485.jpg,0.7764753812432104
clip_l14,face,799,face::train::090489.jpg,face::test::201409.jpg,0.7764505867682652
clip_l14,face,800,face::train::178182.jpg,face::train::141457.jpg,0.7761943108359536
clip_l14,face,801,face::train::071174.jpg,face::train::073196.jpg,0.7761301921659564
clip_l14,face,802,face::train::063708.jpg,face::test::189858.jpg,0.7757363856308613
clip_l14,face,803,face::train::071174.jpg,face::train::092618.jpg,0.7753289722921688
clip_l14,face,804,face::train::071174.jpg,face::train::141457.jpg,0.7753249812434746
clip_l14,face,805,face::train::060309.jpg,face::train::026996.jpg,0.7752883612930842
clip_l14,face,806,face::train::081413.jpg,face::train::053065.jpg,0.7748656820390072
clip_l14,face,807,face::train::053065.jpg,face::train::092618.jpg,0.774489297471369
clip_l14,face,808,face::train::026996.jpg,face::test::185812.jpg,0.7742730130023254
clip_l14,face,809,face::train::063618.jpg,face::train::063708.jpg,0.7741385458228951
clip_l14,face,810,face::train::157804.jpg,face::train::026996.jpg,0.7734437128752129
clip_l14,face,811,face::train::166091.jpg,face::train::178182.jpg,0.7734270483272453
clip_l14,face,812,face::train::101485.jpg,face::train::023736.jpg,0.7732074094544139
clip_l14,face,813,face::train::121281.jpg,face::test::185812.jpg,0.7732029292536314
clip_l14,face,814,face::train::090489.jpg,face::test::196777.jpg,0.7730595430130022
clip_l14,face,815,face::train::157804.jpg,face::train::101485.jpg,0.7730536994254356
clip_l14,face,816,face::train::138886.jpg,face::train::092618.jpg,0.7730093834899702
clip_l14,face,817,face::train::090489.jpg,face::test::184003.jpg,0.7727413595979186
clip_l14,face,818,face::train::090489.jpg,face::train::149220.jpg,0.7726160878085764
clip_l14,face,819,face::test::189457.jpg,face::test::189858.jpg,0.7720829908792527
clip_l14,face,820,face::train::121281.jpg,face::test::201409.jpg,0.7720457847538122
clip_l14,face,821,face::train::129132.jpg,face::train::101485.jpg,0.7715948591000303
clip_l14,face,822,face::train::114832.jpg,face::train::089537.jpg,0.7715878366543523
clip_l14,face,823,face::train::170623.jpg,face::train::071174.jpg,0.7714563194258546
clip_l14,face,824,face::train::157804.jpg,face::train::065762.jpg,0.7714064323515502
clip_l14,face,825,face::train::063708.jpg,face::test::183801.jpg,0.7713177373859432
clip_l14,face,826,face::train::023736.jpg,face::test::188858.jpg,0.7708772672963269
clip_l14,face,827,face::train::166091.jpg,face::test::189858.jpg,0.7708670382500312
clip_l14,face,828,face::train::071174.jpg,face::test::185812.jpg,0.7707562789381213
clip_l14,face,829,face::test::189858.jpg,face::test::196777.jpg,0.7706807252853465
clip_l14,face,830,face::train::042973.jpg,face::train::088914.jpg,0.7705993130988904
clip_l14,face,831,face::train::150659.jpg,face::test::185812.jpg,0.7705541148462576
clip_l14,face,832,face::train::071174.jpg,face::train::032580.jpg,0.7705536206816211
clip_l14,face,833,face::train::150659.jpg,face::test::201409.jpg,0.7700086392484696
clip_l14,face,834,face::train::150659.jpg,face::train::088914.jpg,0.769874644202756
clip_l14,face,835,face::train::166091.jpg,face::train::090489.jpg,0.769708843337835
clip_l14,face,836,face::train::032580.jpg,face::test::188858.jpg,0.7697050019368868
clip_l14,face,837,face::train::008309.jpg,face::train::178182.jpg,0.7694710917817176
clip_l14,face,838,face::train::090489.jpg,face::train::008309.jpg,0.7694016527965817
clip_l14,face,839,face::train::149220.jpg,face::test::196611.jpg,0.7692209080429115
clip_l14,face,840,face::train::149220.jpg,face::test::189858.jpg,0.7690463668203402
clip_l14,face,841,face::test::185812.jpg,face::test::188858.jpg,0.7690062111205159
clip_l14,face,842,face::train::178129.jpg,face::train::109762.jpg,0.7687929902532035
clip_l14,face,843,face::train::138886.jpg,face::train::073196.jpg,0.7685154102562696
clip_l14,face,844,face::train::025692.jpg,face::train::092618.jpg,0.7684391559085253
clip_l14,face,845,face::train::101485.jpg,face::train::063708.jpg,0.7683241824904647
clip_l14,face,846,face::test::189858.jpg,face::test::184003.jpg,0.7680644139505439
clip_l14,face,847,face::train::071174.jpg,face::test::201409.jpg,0.7676727835204853
clip_l14,face,848,face::train::170623.jpg,face::test::183801.jpg,0.7675633966529332
clip_l14,face,849,face::train::101485.jpg,face::train::032580.jpg,0.7672992176020972
clip_l14,face,850,face::train::157804.jpg,face::train::150659.jpg,0.7670722803996872
clip_l14,face,851,face::train::157804.jpg,face::train::178182.jpg,0.7670711744738116
clip_l14,face,852,face::train::060309.jpg,face::test::188858.jpg,0.7669993358840347
clip_l14,face,853,face::train::053065.jpg,face::train::063708.jpg,0.7667907519791408
clip_l14,face,854,face::train::060309.jpg,face::train::001042.jpg,0.7665852095073737
clip_l14,face,855,face::train::121281.jpg,face::test::189457.jpg,0.7665792401778388
clip_l14,face,856,face::train::089537.jpg,face::train::063708.jpg,0.7665372634555514
clip_l14,face,857,face::train::090489.jpg,face::train::123459.jpg,0.766491361112774
clip_l14,face,858,face::train::157804.jpg,face::test::196611.jpg,0.7660956476839542
clip_l14,face,859,face::train::129132.jpg,face::train::138886.jpg,0.7659954990743076
clip_l14,face,860,face::train::101485.jpg,face::test::185812.jpg,0.7651923547211643
clip_l14,face,861,face::train::089537.jpg,face::train::123459.jpg,0.7645125979324549
clip_l14,face,862,face::train::129132.jpg,face::test::189858.jpg,0.764448938184672
clip_l14,face,863,face::train::008309.jpg,face::train::101485.jpg,0.7643752414764987
clip_l14,face,864,face::train::178182.jpg,face::test::185812.jpg,0.7642632957293397
clip_l14,face,865,face::train::138886.jpg,face::train::060555.jpg,0.7641644107262466
clip_l14,face,866,face::train::060555.jpg,face::test::189858.jpg,0.764022481005143
clip_l14,face,867,face::train::071174.jpg,face::test::189457.jpg,0.7638245864119331
clip_l14,face,868,face::train::143554.jpg,face::train::001042.jpg,0.7637479844480466
clip_l14,face,869,face::train::089537.jpg,face::train::088914.jpg,0.7636012259029126
clip_l14,face,870,face::train::114832.jpg,face::train::168471.jpg,0.7635368060005407
clip_l14,face,871,face::train::065762.jpg,face::test::185812.jpg,0.7634920159951274
clip_l14,face,872,face::train::178129.jpg,face::test::184003.jpg,0.7624405559827446
clip_l14,face,873,face::train::071174.jpg,face::train::060555.jpg,0.7624159955124832
clip_l14,face,874,face::train::089537.jpg,face::train::073196.jpg,0.7620914286408131
clip_l14,face,875,face::train::170623.jpg,face::test::196611.jpg,0.7619894202498464
clip_l14,face,876,face::train::170623.jpg,face::train::101485.jpg,0.7619725894755564
clip_l14,face,877,face::train::101485.jpg,face::test::201409.jpg,0.7618619854678585
clip_l14,face,878,face::train::026996.jpg,face::train::032580.jpg,0.7616598347467012
clip_l14,face,879,face::train::166091.jpg,face::train::091980.jpg,0.7608752692877064
clip_l14,face,880,face::train::090489.jpg,face::train::088914.jpg,0.7606886276590614
clip_l14,face,881,face::train::060309.jpg,face::test::196611.jpg,0.7604845544107908
clip_l14,face,882,face::train::121281.jpg,face::train::032580.jpg,0.7604661201020873
clip_l14,face,883,face::train::178182.jpg,face::train::063708.jpg,0.7602415151830104
clip_l14,face,884,face::train::071174.jpg,face::train::023736.jpg,0.7600281076426462
clip_l14,face,885,face::train::073196.jpg,face::test::196611.jpg,0.7599869467689602
clip_l14,face,886,face::train::121281.jpg,face::test::184003.jpg,0.7599576432436687
clip_l14,face,887,face::train::141457.jpg,face::test::196611.jpg,0.7596425198064595
clip_l14,face,888,face::train::121281.jpg,face::train::023736.jpg,0.7595640321275192
clip_l14,face,889,face::train::170623.jpg,face::train::091980.jpg,0.7595355860050926
clip_l14,face,890,face::train::032580.jpg,face::test::196611.jpg,0.7594889694613003
clip_l14,face,891,face::train::060309.jpg,face::train::178129.jpg,0.7594453961160911
clip_l14,face,892,face::train::121281.jpg,face::train::063708.jpg,0.7592908418480082
clip_l14,face,893,face::train::157804.jpg,face::train::138886.jpg,0.7590078162787036
clip_l14,face,894,face::train::114832.jpg,face::test::189858.jpg,0.7589848935416287
clip_l14,face,895,face::train::090489.jpg,face::train::109762.jpg,0.7587184284690057
clip_l14,face,896,face::train::023736.jpg,face::train::138886.jpg,0.7586220231460915
clip_l14,face,897,face::train::023736.jpg,face::test::189858.jpg,0.7585774194352197
clip_l14,face,898,face::train::063708.jpg,face::test::196611.jpg,0.7581309757222104
clip_l14,face,899,face::train::101485.jpg,face::test::184003.jpg,0.7581090426958894
clip_l14,face,900,face::train::138886.jpg,face::test::189457.jpg,0.7581054834348344
clip_l14,face,901,face::train::121281.jpg,face::train::092618.jpg,0.7580665583079342
clip_l14,face,902,face::train::178182.jpg,face::test::196777.jpg,0.7580325179777737
clip_l14,face,903,face::train::023736.jpg,face::test::196611.jpg,0.7578757033481642
clip_l14,face,904,face::test::189858.jpg,face::test::201409.jpg,0.7575266325433072
clip_l14,face,905,face::test::201409.jpg,face::test::196611.jpg,0.7567932683960648
clip_l14,face,906,face::train::071174.jpg,face::test::184003.jpg,0.7567914865321278
clip_l14,face,907,face::train::114832.jpg,face::train::138886.jpg,0.7567690643875132
clip_l14,face,908,face::train::170623.jpg,face::train::150659.jpg,0.7564210759676099
clip_l14,face,909,face::train::168471.jpg,face::train::123459.jpg,0.7563679590319015
clip_l14,face,910,face::test::184003.jpg,face::test::196611.jpg,0.756347668123802
clip_l14,face,911,face::train::170623.jpg,face::test::189858.jpg,0.7562580302509019
clip_l14,face,912,face::train::123459.jpg,face::test::189858.jpg,0.7559738526363707
clip_l14,face,913,face::train::170623.jpg,face::train::168471.jpg,0.7558246308405887
clip_l14,face,914,face::train::071174.jpg,face::train::157804.jpg,0.7557088113259138
clip_l14,face,915,face::train::092618.jpg,face::test::183801.jpg,0.7552453633946695
clip_l14,face,916,face::train::092618.jpg,face::test::196611.jpg,0.7549872245918977
clip_l14,face,917,face::train::150659.jpg,face::test::196777.jpg,0.7548801773121078
clip_l14,face,918,face::train::178129.jpg,face::train::088914.jpg,0.7547786093202454
clip_l14,face,919,face::train::060555.jpg,face::test::188858.jpg,0.7545923209172591
clip_l14,face,920,face::train::008309.jpg,face::train::168471.jpg,0.754084753247106
clip_l14,face,921,face::train::053065.jpg,face::train::088914.jpg,0.7539430366061934
clip_l14,face,922,face::train::065762.jpg,face::test::186223.jpg,0.753726533755614
clip_l14,face,923,face::train::121281.jpg,face::train::060309.jpg,0.7534815950915679
clip_l14,face,924,face::train::071174.jpg,face::train::129132.jpg,0.7534701212231878
clip_l14,face,925,face::train::063708.jpg,face::train::138886.jpg,0.7533963576885381
clip_l14,face,926,face::train::008309.jpg,face::test::189858.jpg,0.753349466958716
clip_l14,face,927,face::test::189457.jpg,face::test::196611.jpg,0.7531614327370639
clip_l14,face,928,face::train::168471.jpg,face::test::184003.jpg,0.7530758201071813
clip_l14,face,929,face::train::088914.jpg,face::test::189858.jpg,0.7529984794486981
clip_l14,face,930,face::train::114832.jpg,face::train::025692.jpg,0.752931820357094
clip_l14,face,931,face::train::071174.jpg,face::train::063708.jpg,0.7528462975593306
clip_l14,face,932,face::train::138886.jpg,face::test::201409.jpg,0.7526818775405165
clip_l14,face,933,face::train::008309.jpg,face::train::150659.jpg,0.752638690869915
clip_l14,face,934,face::train::170623.jpg,face::train::025692.jpg,0.7526364021264675
clip_l14,face,935,face::train::008309.jpg,face::train::042973.jpg,0.7524042226498013
clip_l14,face,936,face::train::170623.jpg,face::train::121281.jpg,0.7522410040284813
clip_l14,face,937,face::train::129132.jpg,face::test::196611.jpg,0.7522242589741683
clip_l14,face,938,face::train::141457.jpg,face::test::183801.jpg,0.7516433996037145
clip_l14,face,939,face::train::063708.jpg,face::test::188858.jpg,0.7514980741069222
clip_l14,face,940,face::train::053065.jpg,face::train::063618.jpg,0.7514255174326153
clip_l14,face,941,face::train::150659.jpg,face::train::032580.jpg,0.7511879907033175
clip_l14,face,942,face::train::065762.jpg,face::train::088914.jpg,0.7508409606778145
clip_l14,face,943,face::test::183801.jpg,face::test::201409.jpg,0.7507706891061043
clip_l14,face,944,face::train::060309.jpg,face::train::150659.jpg,0.7506163864901132
clip_l14,face,945,face::train::042973.jpg,face::test::201409.jpg,0.7505711038759941
clip_l14,face,946,face::train::088914.jpg,face::train::001042.jpg,0.7505703904414349
clip_l14,face,947,face::train::149220.jpg,face::test::183801.jpg,0.7504338631260842
clip_l14,face,948,face::train::060555.jpg,face::test::196611.jpg,0.7504164043976624
clip_l14,face,949,face::train::073196.jpg,face::test::183801.jpg,0.7501108422291114
clip_l14,face,950,face::train::129132.jpg,face::test::188858.jpg,0.7497812123113602
clip_l14,face,951,face::train::101485.jpg,face::train::088914.jpg,0.749743190332351
clip_l14,face,952,face::train::137722.jpg,face::train::065762.jpg,0.7493939769900722
clip_l14,face,953,face::train::090489.jpg,face::test::185812.jpg,0.7491089656134465
clip_l14,face,954,face::train::168471.jpg,face::train::141457.jpg,0.7489843879634956
clip_l14,face,955,face::train::023736.jpg,face::test::183801.jpg,0.7482891213964935
clip_l14,face,956,face::train::089537.jpg,face::train::060555.jpg,0.7481479726070817
clip_l14,face,957,face::test::185812.jpg,face::test::196611.jpg,0.7480220954574027
clip_l14,face,958,face::train::138886.jpg,face::test::196777.jpg,0.7480050872697581
clip_l14,face,959,face::train::025692.jpg,face::test::189457.jpg,0.7478789631540335
clip_l14,face,960,face::train::157804.jpg,face::test::188858.jpg,0.7478662709830995
clip_l14,face,961,face::train::109762.jpg,face::test::188858.jpg,0.7478023013697934
clip_l14,face,962,face::train::032580.jpg,face::test::183801.jpg,0.7477776507645745
clip_l14,face,963,face::test::189457.jpg,face::test::183801.jpg,0.7476228242327043
clip_l14,face,964,face::train::143554.jpg,face::train::123459.jpg,0.7475364324472539
clip_l14,face,965,face::train::071174.jpg,face::train::088914.jpg,0.747291930579123
clip_l14,face,966,face::train::170623.jpg,face::train::089537.jpg,0.7472124419087076
clip_l14,face,967,face::train::042973.jpg,face::train::141457.jpg,0.7468539309544959
clip_l14,face,968,face::train::081413.jpg,face::train::001042.jpg,0.7467043713375335
clip_l14,face,969,face::train::143554.jpg,face::train::065762.jpg,0.746625728270933
clip_l14,face,970,face::train::121281.jpg,face::train::141457.jpg,0.7464545543136653
clip_l14,face,971,face::train::089537.jpg,face::test::189457.jpg,0.7461781265438767
clip_l14,face,972,face::train::008309.jpg,face::train::089537.jpg,0.7460606149088841
clip_l14,face,973,face::train::121281.jpg,face::train::060555.jpg,0.7459678543882703
clip_l14,face,974,face::train::157804.jpg,face::train::091980.jpg,0.745937433720496
clip_l14,face,975,face::train::121281.jpg,face::train::129132.jpg,0.7459179018814905
clip_l14,face,976,face::train::081413.jpg,face::train::026996.jpg,0.7455292454535665
clip_l14,face,977,face::train::170623.jpg,face::train::042973.jpg,0.7454132069802308
clip_l14,face,978,face::train::025692.jpg,face::train::123459.jpg,0.7449205023337939
clip_l14,face,979,face::train::025692.jpg,face::train::141457.jpg,0.7442331760016355
clip_l14,face,980,face::train::138886.jpg,face::train::141457.jpg,0.7440496561243994
clip_l14,face,981,face::train::138886.jpg,face::train::088914.jpg,0.7440161076301168
clip_l14,face,982,face::train::129132.jpg,face::train::089537.jpg,0.7439228039890399
clip_l14,face,983,face::train::138886.jpg,face::train::123459.jpg,0.7437404705401071
clip_l14,face,984,face::train::166091.jpg,face::train::025692.jpg,0.7436464390558493
clip_l14,face,985,face::train::092618.jpg,face::test::188858.jpg,0.7435958414202739
clip_l14,face,986,face::train::088914.jpg,face::test::196611.jpg,0.743092515589286
clip_l14,face,987,face::train::170623.jpg,face::train::138886.jpg,0.7430748904379568
clip_l14,face,988,face::train::042973.jpg,face::train::032580.jpg,0.7429533788430913
clip_l14,face,989,face::train::168471.jpg,face::test::201409.jpg,0.7427919419618012
clip_l14,face,990,face::train::082954.jpg,face::train::092618.jpg,0.7427012710906101
clip_l14,face,991,face::train::071174.jpg,face::train::060309.jpg,0.7423987077258983
clip_l14,face,992,face::train::157804.jpg,face::train::025692.jpg,0.7423346964986276
clip_l14,face,993,face::train::025692.jpg,face::train::060555.jpg,0.7420546337962339
clip_l14,face,994,face::train::157804.jpg,face::train::042973.jpg,0.7414763272442408
clip_l14,face,995,face::train::025692.jpg,face::train::073196.jpg,0.7413928243747343
clip_l14,face,996,face::train::137722.jpg,face::train::123459.jpg,0.7409115939050477
clip_l14,face,997,face::train::091980.jpg,face::train::065762.jpg,0.7407588581044757
clip_l14,face,998,face::train::114832.jpg,face::train::143554.jpg,0.7407433842395521
clip_l14,face,999,face::train::137722.jpg,face::train::166091.jpg,0.740619566646463
clip_l14,face,1000,face::train::088914.jpg,face::test::183801.jpg,0.7406156451723899
clip_l14,face,1001,face::train::089537.jpg,face::train::023736.jpg,0.7405805292973946
clip_l14,face,1002,face::test::188858.jpg,face::test::196777.jpg,0.7404360839121312
clip_l14,face,1003,face::train::023736.jpg,face::train::025692.jpg,0.7404178418420989
clip_l14,face,1004,face::train::089537.jpg,face::train::149220.jpg,0.7402434038674552
clip_l14,face,1005,face::train::008309.jpg,face::train::138886.jpg,0.7401487590032781
clip_l14,face,1006,face::train::063708.jpg,face::train::025692.jpg,0.7398235023749143
clip_l14,face,1007,face::train::092618.jpg,face::test::186223.jpg,0.7396999964068163
clip_l14,face,1008,face::test::185812.jpg,face::test::183801.jpg,0.7394789914593927
clip_l14,face,1009,face::train::042973.jpg,face::test::185812.jpg,0.7388870296683678
clip_l14,face,1010,face::train::178182.jpg,face::train::088914.jpg,0.7384151715606447
clip_l14,face,1011,face::train::157804.jpg,face::test::183801.jpg,0.7383850071649584
clip_l14,face,1012,face::train::089537.jpg,face::test::201409.jpg,0.7380228452419066
clip_l14,face,1013,face::train::143554.jpg,face::train::088914.jpg,0.7373990148242766
clip_l14,face,1014,face::train::008309.jpg,face::train::025692.jpg,0.7372388650187676
clip_l14,face,1015,face::train::121281.jpg,face::train::088914.jpg,0.7372180456582859
clip_l14,face,1016,face::train::178182.jpg,face::train::109762.jpg,0.7371273449840943
clip_l14,face,1017,face::train::157804.jpg,face::train::121281.jpg,0.7370912137884514
clip_l14,face,1018,face::train::101485.jpg,face::test::196777.jpg,0.7365744137123937
clip_l14,face,1019,face::train::129132.jpg,face::test::183801.jpg,0.7359293257386548
clip_l14,face,1020,face::train::091980.jpg,face::train::109762.jpg,0.7358166774157767
clip_l14,face,1021,face::train::060555.jpg,face::test::183801.jpg,0.7357958919786527
clip_l14,face,1022,face::train::091980.jpg,face::train::114832.jpg,0.7353654401541028
clip_l14,face,1023,face::train::060309.jpg,face::test::183801.jpg,0.7353232453751597
clip_l14,face,1024,face::train::178182.jpg,face::train::060309.jpg,0.734749165489409
clip_l14,face,1025,face::train::141457.jpg,face::test::189858.jpg,0.7344419145221401
clip_l14,face,1026,face::train::157804.jpg,face::test::189858.jpg,0.7338736084646342
clip_l14,face,1027,face::train::129132.jpg,face::train::025692.jpg,0.7336483428231048
clip_l14,face,1028,face::train::042973.jpg,face::train::109762.jpg,0.733639704890923
clip_l14,face,1029,face::train::157804.jpg,face::train::089537.jpg,0.7334360374089616
clip_l14,face,1030,face::train::025692.jpg,face::test::201409.jpg,0.732769421929956
clip_l14,face,1031,face::train::157804.jpg,face::train::168471.jpg,0.73263885856215
clip_l14,face,1032,face::train::032580.jpg,face::test::189858.jpg,0.7323812988425649
clip_l14,face,1033,face::test::196777.jpg,face::test::196611.jpg,0.7321362489860002
clip_l14,face,1034,face::train::008309.jpg,face::test::186223.jpg,0.731984952401758
clip_l14,face,1035,face::train::121281.jpg,face::test::196777.jpg,0.7317446883192807
clip_l14,face,1036,face::train::168471.jpg,face::test::196777.jpg,0.7313997600789977
clip_l14,face,1037,face::train::091980.jpg,face::train::141457.jpg,0.73121302808946
clip_l14,face,1038,face::train::091980.jpg,face::train::123459.jpg,0.7301200642725115
clip_l14,face,1039,face::train::178129.jpg,face::test::196777.jpg,0.7300276452322841
clip_l14,face,1040,face::train::089537.jpg,face::test::184003.jpg,0.7293939311714086
clip_l14,face,1041,face::train::143554.jpg,face::train::149220.jpg,0.7292196147732356
clip_l14,face,1042,face::train::123459.jpg,face::test::186223.jpg,0.7289578103410279
clip_l14,face,1043,face::train::150659.jpg,face::train::109762.jpg,0.7285060734243493
clip_l14,face,1044,face::train::121281.jpg,face::train::109762.jpg,0.7284953088418141
clip_l14,face,1045,face::train::089537.jpg,face::train::141457.jpg,0.7281863775615827
clip_l14,face,1046,face::train::114832.jpg,face::train::082954.jpg,0.7277681604196127
clip_l14,face,1047,face::train::091980.jpg,face::test::201409.jpg,0.7270970875260397
clip_l14,face,1048,face::train::071174.jpg,face::test::196777.jpg,0.726854219063314
clip_l14,face,1049,face::train::089537.jpg,face::train::032580.jpg,0.7267999578000583
clip_l14,face,1050,face::train::138886.jpg,face::train::149220.jpg,0.7261701579137756
clip_l14,face,1051,face::train::101485.jpg,face::train::060309.jpg,0.7259938264397657
clip_l14,face,1052,face::train::137722.jpg,face::train::060309.jpg,0.7259040320347909
clip_l14,face,1053,face::train::081413.jpg,face::train::178129.jpg,0.7252642805250011
clip_l14,face,1054,face::train::109762.jpg,face::test::189858.jpg,0.7241697809026866
clip_l14,face,1055,face::train::168471.jpg,face::train::109762.jpg,0.7241243388572655
clip_l14,face,1056,face::test::183801.jpg,face::test::184003.jpg,0.7239080665884263
clip_l14,face,1057,face::train::060309.jpg,face::train::042973.jpg,0.7238775582554053
clip_l14,face,1058,face::train::065762.jpg,face::train::060309.jpg,0.7238661925484797
clip_l14,face,1059,face::train::149220.jpg,face::train::025692.jpg,0.7226174810028566
clip_l14,face,1060,face::train::060555.jpg,face::test::186223.jpg,0.7224105627921906
clip_l14,face,1061,face::train::166091.jpg,face::train::082954.jpg,0.7220615898946854
clip_l14,face,1062,face::train::137722.jpg,face::train::008309.jpg,0.7219349549915136
clip_l14,face,1063,face::train::091980.jpg,face::train::129132.jpg,0.7211671298931148
clip_l14,face,1064,face::train::082954.jpg,face::train::001042.jpg,0.7210704648572422
clip_l14,face,1065,face::train::091980.jpg,face::train::023736.jpg,0.7209408964294756
clip_l14,face,1066,face::train::081413.jpg,face::train::150659.jpg,0.7208336861682603
clip_l14,face,1067,face::train::025692.jpg,face::train::032580.jpg,0.7207814229216511
clip_l14,face,1068,face::train::081413.jpg,face::train::065762.jpg,0.7203896110667852
clip_l14,face,1069,face::train::091980.jpg,face::train::092618.jpg,0.7197762577921275
clip_l14,face,1070,face::train::063708.jpg,face::train::082954.jpg,0.7197619717021886
clip_l14,face,1071,face::train::168471.jpg,face::train::149220.jpg,0.7189849675018979
clip_l14,face,1072,face::train::109762.jpg,face::test::183801.jpg,0.718913200026159
clip_l14,face,1073,face::train::138886.jpg,face::train::032580.jpg,0.7187147316610069
clip_l14,face,1074,face::train::138886.jpg,face::train::060309.jpg,0.7183718274068011
clip_l14,face,1075,face::train::109762.jpg,face::test::196611.jpg,0.7182758590951557
clip_l14,face,1076,face::train::129132.jpg,face::test::186223.jpg,0.7182467127992197
clip_l14,face,1077,face::train::089537.jpg,face::test::185812.jpg,0.7181903993482277
clip_l14,face,1078,face::train::091980.jpg,face::train::063708.jpg,0.7180114460980275
clip_l14,face,1079,face::train::025692.jpg,face::train::088914.jpg,0.7178339506542356
clip_l14,face,1080,face::train::071174.jpg,face::train::109762.jpg,0.7174896681505333
clip_l14,face,1081,face::train::089537.jpg,face::test::196777.jpg,0.7172851404982941
clip_l14,face,1082,face::train::088914.jpg,face::test::188858.jpg,0.7172380689948078
clip_l14,face,1083,face::train::168471.jpg,face::train::032580.jpg,0.7172302887794246
clip_l14,face,1084,face::train::063618.jpg,face::train::026996.jpg,0.716865351759097
clip_l14,face,1085,face::train::137722.jpg,face::train::063708.jpg,0.7163772623255273
clip_l14,face,1086,face::train::137722.jpg,face::train::141457.jpg,0.7159384591142294
clip_l14,face,1087,face::test::183801.jpg,face::test::196777.jpg,0.7156810511753313
clip_l14,face,1088,face::train::143554.jpg,face::test::185812.jpg,0.7156475422102931
clip_l14,face,1089,face::train::138886.jpg,face::test::185812.jpg,0.7156302784448122
clip_l14,face,1090,face::test::185812.jpg,face::test::189858.jpg,0.7154762475391747
clip_l14,face,1091,face::train::091980.jpg,face::train::088914.jpg,0.7154132896558036
clip_l14,face,1092,face::train::143554.jpg,face::test::201409.jpg,0.7153960609223247
clip_l14,face,1093,face::train::081413.jpg,face::train::091980.jpg,0.7153404891064514
clip_l14,face,1094,face::train::091980.jpg,face::train::032580.jpg,0.7153209394499253
clip_l14,face,1095,face::train::101485.jpg,face::train::109762.jpg,0.715222865481426
clip_l14,face,1096,face::train::065762.jpg,face::train::082954.jpg,0.7149355820360992
clip_l14,face,1097,face::train::063618.jpg,face::train::001042.jpg,0.7147752484685057
clip_l14,face,1098,face::train::114832.jpg,face::test::186223.jpg,0.714519293353802
clip_l14,face,1099,face::test::189457.jpg,face::test::186223.jpg,0.713702196903246
clip_l14,face,1100,face::train::025692.jpg,face::test::196777.jpg,0.7133954228038867
clip_l14,face,1101,face::train::082954.jpg,face::train::088914.jpg,0.713190733708677
clip_l14,face,1102,face::train::091980.jpg,face::train::060555.jpg,0.7130502129002771
clip_l14,face,1103,face::train::137722.jpg,face::train::114832.jpg,0.7127629630153073
clip_l14,face,1104,face::train::081413.jpg,face::train::121281.jpg,0.7126500580531978
clip_l14,face,1105,face::train::138886.jpg,face::train::109762.jpg,0.7123166756508142
clip_l14,face,1106,face::train::081413.jpg,face::test::188858.jpg,0.7105830296160527
clip_l14,face,1107,face::train::081413.jpg,face::train::090489.jpg,0.7103920997595806
clip_l14,face,1108,face::train::081413.jpg,face::train::042973.jpg,0.7102289263137884
clip_l14,face,1109,face::train::137722.jpg,face::train::073196.jpg,0.7100341006454911
clip_l14,face,1110,face::train::081413.jpg,face::test::196611.jpg,0.7096960646890773
clip_l14,face,1111,face::train::143554.jpg,face::train::141457.jpg,0.7096728217306069
clip_l14,face,1112,face::train::091980.jpg,face::test::196777.jpg,0.7095607046133803
clip_l14,face,1113,face::train::166091.jpg,face::train::143554.jpg,0.7090144421097796
clip_l14,face,1114,face::train::143554.jpg,face::train::092618.jpg,0.7084978515956243
clip_l14,face,1115,face::train::023736.jpg,face::test::186223.jpg,0.708314250352445
clip_l14,face,1116,face::train::081413.jpg,face::train::178182.jpg,0.7082456538729103
clip_l14,face,1117,face::train::141457.jpg,face::test::186223.jpg,0.7080059179731022
clip_l14,face,1118,face::train::129132.jpg,face::train::082954.jpg,0.7078152279614657
clip_l14,face,1119,face::train::025692.jpg,face::test::184003.jpg,0.7071088833684284
clip_l14,face,1120,face::train::090489.jpg,face::train::060309.jpg,0.7066553896988625
clip_l14,face,1121,face::train::060309.jpg,face::test::189858.jpg,0.7064048895443332
clip_l14,face,1122,face::train::137722.jpg,face::train::157804.jpg,0.7057971067555621
clip_l14,face,1123,face::train::081413.jpg,face::test::189858.jpg,0.7055925854144385
clip_l14,face,1124,face::train::091980.jpg,face::train::060309.jpg,0.7054911041154058
clip_l14,face,1125,face::train::137722.jpg,face::train::149220.jpg,0.7052972942805956
clip_l14,face,1126,face::train::081413.jpg,face::train::071174.jpg,0.7051327467685284
clip_l14,face,1127,face::train::025692.jpg,face::train::109762.jpg,0.7048195398739314
clip_l14,face,1128,face::train::129132.jpg,face::train::143554.jpg,0.7048182564985224
clip_l14,face,1129,face::train::143554.jpg,face::train::060309.jpg,0.7042125366238939
clip_l14,face,1130,face::train::091980.jpg,face::train::063618.jpg,0.7041440838025826
clip_l14,face,1131,face::train::143554.jpg,face::test::184003.jpg,0.7041129426181624
clip_l14,face,1132,face::train::081413.jpg,face::train::101485.jpg,0.7040027543081744
clip_l14,face,1133,face::train::073196.jpg,face::test::186223.jpg,0.7037765019522016
clip_l14,face,1134,face::train::137722.jpg,face::train::060555.jpg,0.7037721445855287
clip_l14,face,1135,face::train::170623.jpg,face::test::186223.jpg,0.7026931933188073
clip_l14,face,1136,face::train::143554.jpg,face::train::023736.jpg,0.7015664010428232
clip_l14,face,1137,face::train::143554.jpg,face::train::073196.jpg,0.7015347912577258
clip_l14,face,1138,face::train::137722.jpg,face::train::088914.jpg,0.701493336065937
clip_l14,face,1139,face::train::137722.jpg,face::train::023736.jpg,0.7007450652045691
clip_l14,face,1140,face::train::089537.jpg,face::train::060309.jpg,0.7003857414216093
clip_l14,face,1141,face::train::168471.jpg,face::test::185812.jpg,0.7003261178208381
clip_l14,face,1142,face::train::091980.jpg,face::train::073196.jpg,0.7002661053094578
clip_l14,face,1143,face::train::091980.jpg,face::test::185812.jpg,0.6999356787996412
clip_l14,face,1144,face::train::081413.jpg,face::train::138886.jpg,0.6991560518230353
clip_l14,face,1145,face::train::168471.jpg,face::train::060309.jpg,0.6981995506124481
clip_l14,face,1146,face::train::137722.jpg,face::train::129132.jpg,0.6979476072713467
clip_l14,face,1147,face::train::170623.jpg,face::train::137722.jpg,0.6979442825940905
clip_l14,face,1148,face::train::157804.jpg,face::train::082954.jpg,0.6978712698995714
clip_l14,face,1149,face::train::143554.jpg,face::train::060555.jpg,0.6977506446765764
clip_l14,face,1150,face::train::157804.jpg,face::train::143554.jpg,0.6975899072730382
clip_l14,face,1151,face::train::081413.jpg,face::test::183801.jpg,0.6971329186403648
clip_l14,face,1152,face::test::186223.jpg,face::test::201409.jpg,0.6962965906963593
clip_l14,face,1153,face::train::023736.jpg,face::train::082954.jpg,0.6955192329713367
clip_l14,face,1154,face::train::137722.jpg,face::train::092618.jpg,0.6952805497236484
clip_l14,face,1155,face::train::025692.jpg,face::test::185812.jpg,0.6949881866163697
clip_l14,face,1156,face::train::063618.jpg,face::train::178129.jpg,0.6944945099867104
clip_l14,face,1157,face::train::137722.jpg,face::test::185812.jpg,0.6943775844552681
clip_l14,face,1158,face::train::008309.jpg,face::train::143554.jpg,0.6941156489760585
clip_l14,face,1159,face::train::082954.jpg,face::test::201409.jpg,0.6941024736130503
clip_l14,face,1160,face::train::060555.jpg,face::train::082954.jpg,0.6940532884961602
clip_l14,face,1161,face::train::143554.jpg,face::test::189457.jpg,0.6938815398849699
clip_l14,face,1162,face::train::143554.jpg,face::train::063708.jpg,0.6937341105954816
clip_l14,face,1163,face::train::082954.jpg,face::train::141457.jpg,0.6931157467119886
clip_l14,face,1164,face::train::137722.jpg,face::train::032580.jpg,0.6918833346988699
clip_l14,face,1165,face::train::089537.jpg,face::train::109762.jpg,0.6901450027550831
clip_l14,face,1166,face::train::063618.jpg,face::train::065762.jpg,0.6895684666546268
clip_l14,face,1167,face::train::149220.jpg,face::test::186223.jpg,0.6890279330575428
clip_l14,face,1168,face::train::082954.jpg,face::test::189457.jpg,0.6885438990454529
clip_l14,face,1169,face::train::137722.jpg,face::test::189457.jpg,0.6881805190214789
clip_l14,face,1170,face::train::063618.jpg,face::test::188858.jpg,0.6874474790137447
clip_l14,face,1171,face::train::060309.jpg,face::test::186223.jpg,0.6873827123328952
clip_l14,face,1172,face::train::091980.jpg,face::test::189457.jpg,0.6872498416191575
clip_l14,face,1173,face::train::091980.jpg,face::train::149220.jpg,0.6871650414264285
clip_l14,face,1174,face::train::143554.jpg,face::train::032580.jpg,0.6870712911590473
clip_l14,face,1175,face::train::008309.jpg,face::train::082954.jpg,0.6864878670306905
clip_l14,face,1176,face::train::091980.jpg,face::test::184003.jpg,0.685873651092572
clip_l14,face,1177,face::train::157804.jpg,face::test::186223.jpg,0.6857659445142807
clip_l14,face,1178,face::train::137722.jpg,face::test::201409.jpg,0.6849903411537801
clip_l14,face,1179,face::train::170623.jpg,face::train::082954.jpg,0.6831197809401257
clip_l14,face,1180,face::train::137722.jpg,face::test::184003.jpg,0.6817360562450099
clip_l14,face,1181,face::train::082954.jpg,face::train::123459.jpg,0.6811411199237967
clip_l14,face,1182,face::train::090489.jpg,face::train::063618.jpg,0.6806906396517101
clip_l14,face,1183,face::test::186223.jpg,face::test::184003.jpg,0.6796059590463575
clip_l14,face,1184,face::train::143554.jpg,face::test::196777.jpg,0.6795629137879003
clip_l14,face,1185,face::train::063618.jpg,face::test::189858.jpg,0.6788035480232749
clip_l14,face,1186,face::train::081413.jpg,face::train::137722.jpg,0.6781763136306949
clip_l14,face,1187,face::train::170623.jpg,face::train::143554.jpg,0.6774667584969464
clip_l14,face,1188,face::train::081413.jpg,face::train::089537.jpg,0.6774563042948114
clip_l14,face,1189,face::train::063618.jpg,face::test::196611.jpg,0.6769063646346319
clip_l14,face,1190,face::train::178182.jpg,face::train::063618.jpg,0.6763169597367733
clip_l14,face,1191,face::train::063618.jpg,face::test::183801.jpg,0.6762563323048797
clip_l14,face,1192,face::train::063618.jpg,face::train::150659.jpg,0.6734261248000688
clip_l14,face,1193,face::train::137722.jpg,face::test::196777.jpg,0.6725831469974758
clip_l14,face,1194,face::train::137722.jpg,face::train::109762.jpg,0.672567080063387
clip_l14,face,1195,face::train::081413.jpg,face::train::168471.jpg,0.6717456099423939
clip_l14,face,1196,face::train::121281.jpg,face::train::063618.jpg,0.671395656978288
clip_l14,face,1197,face::train::082954.jpg,face::train::073196.jpg,0.6713844938612195
clip_l14,face,1198,face::train::081413.jpg,face::train::143554.jpg,0.6713074355650285
clip_l14,face,1199,face::train::032580.jpg,face::test::186223.jpg,0.6712720502998397
clip_l14,face,1200,face::train::143554.jpg,face::train::109762.jpg,0.6706849586246856
clip_l14,face,1201,face::train::060309.jpg,face::train::025692.jpg,0.6687091722221608
clip_l14,face,1202,face::train::063618.jpg,face::train::138886.jpg,0.668055068381311
clip_l14,face,1203,face::train::081413.jpg,face::train::025692.jpg,0.667380857639348
clip_l14,face,1204,face::train::063618.jpg,face::train::042973.jpg,0.6662297159986476
clip_l14,face,1205,face::test::186223.jpg,face::test::185812.jpg,0.6635709369243592
clip_l14,face,1206,face::test::186223.jpg,face::test::196777.jpg,0.6634863270956256
clip_l14,face,1207,face::train::082954.jpg,face::train::032580.jpg,0.658452935047287
clip_l14,face,1208,face::train::082954.jpg,face::test::196777.jpg,0.6573872226364484
clip_l14,face,1209,face::train::082954.jpg,face::test::184003.jpg,0.6556752551280087
clip_l14,face,1210,face::train::071174.jpg,face::train::063618.jpg,0.6523993527975532
clip_l14,face,1211,face::train::063618.jpg,face::train::101485.jpg,0.6521985323407465
clip_l14,face,1212,face::train::082954.jpg,face::test::185812.jpg,0.6517044385447934
clip_l14,face,1213,face::train::137722.jpg,face::train::063618.jpg,0.6508383113091122
clip_l14,face,1214,face::train::109762.jpg,face::test::186223.jpg,0.6463848633651633
clip_l14,face,1215,face::train::149220.jpg,face::train::082954.jpg,0.6456327953742664
clip_l14,face,1216,face::train::063618.jpg,face::train::089537.jpg,0.642425349795704
clip_l14,face,1217,face::train::082954.jpg,face::train::109762.jpg,0.6409879455009987
clip_l14,face,1218,face::train::063618.jpg,face::train::168471.jpg,0.6407991071609738
clip_l14,face,1219,face::train::081413.jpg,face::test::186223.jpg,0.6405059866286597
clip_l14,face,1220,face::train::063618.jpg,face::train::025692.jpg,0.6368552146836292
clip_l14,face,1221,face::train::060309.jpg,face::train::082954.jpg,0.6323306681023799
clip_l14,face,1222,face::train::143554.jpg,face::train::063618.jpg,0.6231612339521054
clip_l14,face,1223,face::train::063618.jpg,face::test::186223.jpg,0.6172663847769112
clip_l14,face,1224,face::train::081413.jpg,face::train::082954.jpg,0.6139629008942344
clip_l14,face,1225,face::train::063618.jpg,face::train::082954.jpg,0.5931530620272929
siglip2_b16_224,face,1,face::train::129132.jpg,face::train::060555.jpg,0.9689126251644327
siglip2_b16_224,face,2,face::train::168471.jpg,face::test::189457.jpg,0.9591581189937137
siglip2_b16_224,face,3,face::train::168471.jpg,face::train::101485.jpg,0.9578080351886271
siglip2_b16_224,face,4,face::train::168471.jpg,face::test::183801.jpg,0.9574882304723169
siglip2_b16_224,face,5,face::train::168471.jpg,face::train::178129.jpg,0.954578929798283
siglip2_b16_224,face,6,face::train::168471.jpg,face::train::092618.jpg,0.9532620892813852
siglip2_b16_224,face,7,face::train::168471.jpg,face::train::060555.jpg,0.9531071828458866
siglip2_b16_224,face,8,face::train::008309.jpg,face::train::032580.jpg,0.952278980625787
siglip2_b16_224,face,9,face::train::008309.jpg,face::train::060309.jpg,0.95149820121769
siglip2_b16_224,face,10,face::train::090489.jpg,face::train::168471.jpg,0.951246063949742
siglip2_b16_224,face,11,face::train::178129.jpg,face::test::183801.jpg,0.9506665376578883
siglip2_b16_224,face,12,face::train::023736.jpg,face::train::060555.jpg,0.9499413345547711
siglip2_b16_224,face,13,face::train::101485.jpg,face::train::060555.jpg,0.9494830457344461
siglip2_b16_224,face,14,face::train::166091.jpg,face::train::178129.jpg,0.9489144451970517
siglip2_b16_224,face,15,face::train::178129.jpg,face::test::196611.jpg,0.9487166133002924
siglip2_b16_224,face,16,face::train::143554.jpg,face::train::138886.jpg,0.9483352811227461
siglip2_b16_224,face,17,face::train::166091.jpg,face::train::168471.jpg,0.9477689943039385
siglip2_b16_224,face,18,face::train::121281.jpg,face::train::178129.jpg,0.9473042368405007
siglip2_b16_224,face,19,face::train::166091.jpg,face::train::129132.jpg,0.9472561102227646
siglip2_b16_224,face,20,face::train::121281.jpg,face::train::092618.jpg,0.9469730175395199
siglip2_b16_224,face,21,face::train::081413.jpg,face::train::063618.jpg,0.946892977553133
siglip2_b16_224,face,22,face::train::129132.jpg,face::train::023736.jpg,0.946779812828906
siglip2_b16_224,face,23,face::train::101485.jpg,face::train::178129.jpg,0.9466095115236078
siglip2_b16_224,face,24,face::train::090489.jpg,face::train::101485.jpg,0.9466030407693982
siglip2_b16_224,face,25,face::train::121281.jpg,face::train::168471.jpg,0.9458329691251826
siglip2_b16_224,face,26,face::test::189858.jpg,face::test::184003.jpg,0.9456872992987262
siglip2_b16_224,face,27,face::train::168471.jpg,face::test::196611.jpg,0.9456812688851202
siglip2_b16_224,face,28,face::train::129132.jpg,face::train::168471.jpg,0.9453259684942446
siglip2_b16_224,face,29,face::train::065762.jpg,face::test::201409.jpg,0.9450020135754117
siglip2_b16_224,face,30,face::train::170623.jpg,face::train::008309.jpg,0.9449421810271769
siglip2_b16_224,face,31,face::train::023736.jpg,face::train::088914.jpg,0.9448238989368445
siglip2_b16_224,face,32,face::train::090489.jpg,face::train::060555.jpg,0.944723969817802
siglip2_b16_224,face,33,face::train::081413.jpg,face::train::157804.jpg,0.944695644035954
siglip2_b16_224,face,34,face::train::101485.jpg,face::train::092618.jpg,0.9446484249734108
siglip2_b16_224,face,35,face::train::170623.jpg,face::train::157804.jpg,0.9443730208883162
siglip2_b16_224,face,36,face::train::157804.jpg,face::train::150659.jpg,0.9441461344119098
siglip2_b16_224,face,37,face::train::091980.jpg,face::train::092618.jpg,0.9440828837309716
siglip2_b16_224,face,38,face::train::168471.jpg,face::train::023736.jpg,0.9440758453111946
siglip2_b16_224,face,39,face::train::101485.jpg,face::test::196611.jpg,0.9437917852803359
siglip2_b16_224,face,40,face::train::170623.jpg,face::train::001042.jpg,0.9435533419015726
siglip2_b16_224,face,41,face::train::129132.jpg,face::train::101485.jpg,0.9434270186528062
siglip2_b16_224,face,42,face::train::060555.jpg,face::train::178129.jpg,0.942957268428308
siglip2_b16_224,face,43,face::train::178129.jpg,face::test::189457.jpg,0.9429514805022257
siglip2_b16_224,face,44,face::train::060555.jpg,face::test::189457.jpg,0.9427237505591064
siglip2_b16_224,face,45,face::train::065762.jpg,face::test::186223.jpg,0.9426774710962433
siglip2_b16_224,face,46,face::train::081413.jpg,face::train::166091.jpg,0.9426185703237517
siglip2_b16_224,face,47,face::train::091980.jpg,face::train::168471.jpg,0.9425022169911104
siglip2_b16_224,face,48,face::train::166091.jpg,face::train::101485.jpg,0.9423512619116214
siglip2_b16_224,face,49,face::train::129132.jpg,face::train::026996.jpg,0.9422513203483052
siglip2_b16_224,face,50,face::train::032580.jpg,face::test::201409.jpg,0.9419398059575657
siglip2_b16_224,face,51,face::train::081413.jpg,face::train::129132.jpg,0.9414417519723874
siglip2_b16_224,face,52,face::train::157804.jpg,face::train::060555.jpg,0.9414232197551655
siglip2_b16_224,face,53,face::train::092618.jpg,face::test::189457.jpg,0.9413688232723487
siglip2_b16_224,face,54,face::test::183801.jpg,face::test::196611.jpg,0.9413201657951373
siglip2_b16_224,face,55,face::train::063708.jpg,face::train::060555.jpg,0.9412315116859955
siglip2_b16_224,face,56,face::train::090489.jpg,face::train::092618.jpg,0.9412282251635493
siglip2_b16_224,face,57,face::train::121281.jpg,face::train::101485.jpg,0.9409907157345041
siglip2_b16_224,face,58,face::train::121281.jpg,face::test::183801.jpg,0.9409902408860391
siglip2_b16_224,face,59,face::train::129132.jpg,face::train::178129.jpg,0.9409067342459736
siglip2_b16_224,face,60,face::test::189457.jpg,face::test::183801.jpg,0.9408294342487601
siglip2_b16_224,face,61,face::train::166091.jpg,face::train::092618.jpg,0.9407856789560944
siglip2_b16_224,face,62,face::train::008309.jpg,face::train::001042.jpg,0.9404854921784382
siglip2_b16_224,face,63,face::train::008309.jpg,face::train::088914.jpg,0.9404294843709218
siglip2_b16_224,face,64,face::train::092618.jpg,face::test::183801.jpg,0.9403174734782533
siglip2_b16_224,face,65,face::train::166091.jpg,face::train::060555.jpg,0.940283991325953
siglip2_b16_224,face,66,face::train::157804.jpg,face::train::168471.jpg,0.9401672576490381
siglip2_b16_224,face,67,face::train::170623.jpg,face::train::168471.jpg,0.9401464618388928
siglip2_b16_224,face,68,face::train::101485.jpg,face::train::023736.jpg,0.9400963517894523
siglip2_b16_224,face,69,face::train::090489.jpg,face::train::178129.jpg,0.940087423955338
siglip2_b16_224,face,70,face::train::121281.jpg,face::train::090489.jpg,0.9400630055261858
siglip2_b16_224,face,71,face::train::071174.jpg,face::train::168471.jpg,0.9399074787158792
siglip2_b16_224,face,72,face::train::008309.jpg,face::train::023736.jpg,0.9398825081712819
siglip2_b16_224,face,73,face::train::143554.jpg,face::train::023736.jpg,0.9397028132622807
siglip2_b16_224,face,74,face::train::092618.jpg,face::train::178129.jpg,0.9395586819705639
siglip2_b16_224,face,75,face::train::143554.jpg,face::train::089537.jpg,0.9394782015608498
siglip2_b16_224,face,76,face::train::143554.jpg,face::train::101485.jpg,0.9394037681633292
siglip2_b16_224,face,77,face::train::092618.jpg,face::test::189858.jpg,0.939283418936083
siglip2_b16_224,face,78,face::train::166091.jpg,face::test::196611.jpg,0.9391226473727073
siglip2_b16_224,face,79,face::train::081413.jpg,face::train::178129.jpg,0.9391021145613089
siglip2_b16_224,face,80,face::train::008309.jpg,face::train::138886.jpg,0.9389290333635867
siglip2_b16_224,face,81,face::train::170623.jpg,face::train::150659.jpg,0.9389052919526795
siglip2_b16_224,face,82,face::train::121281.jpg,face::test::188858.jpg,0.9389003975199411
siglip2_b16_224,face,83,face::train::060555.jpg,face::train::092618.jpg,0.9386856316531804
siglip2_b16_224,face,84,face::train::157804.jpg,face::train::008309.jpg,0.9381364545246929
siglip2_b16_224,face,85,face::train::081413.jpg,face::test::196611.jpg,0.9380925935956832
siglip2_b16_224,face,86,face::train::114832.jpg,face::train::168471.jpg,0.9378875583411675
siglip2_b16_224,face,87,face::train::082954.jpg,face::train::032580.jpg,0.9378417616282554
siglip2_b16_224,face,88,face::train::060309.jpg,face::train::032580.jpg,0.9378062351914712
siglip2_b16_224,face,89,face::train::168471.jpg,face::train::026996.jpg,0.9377863020651552
siglip2_b16_224,face,90,face::train::157804.jpg,face::train::138886.jpg,0.9376782778087964
siglip2_b16_224,face,91,face::train::071174.jpg,face::train::114832.jpg,0.9374643704208834
siglip2_b16_224,face,92,face::train::168471.jpg,face::train::141457.jpg,0.9373421810837939
siglip2_b16_224,face,93,face::train::101485.jpg,face::train::150659.jpg,0.9373001598337236
siglip2_b16_224,face,94,face::train::091980.jpg,face::test::189858.jpg,0.9371415518307689
siglip2_b16_224,face,95,face::train::060555.jpg,face::train::026996.jpg,0.9371397686899956
siglip2_b16_224,face,96,face::train::081413.jpg,face::train::168471.jpg,0.9369375940262388
siglip2_b16_224,face,97,face::train::170623.jpg,face::test::186223.jpg,0.9369072995048615
siglip2_b16_224,face,98,face::train::101485.jpg,face::test::189457.jpg,0.9368436161293692
siglip2_b16_224,face,99,face::train::008309.jpg,face::train::060555.jpg,0.9368098779203866
siglip2_b16_224,face,100,face::train::137722.jpg,face::train::114832.jpg,0.9366689862339126
siglip2_b16_224,face,101,face::train::166091.jpg,face::test::189858.jpg,0.9366683312918656
siglip2_b16_224,face,102,face::train::114832.jpg,face::train::092618.jpg,0.9366194814503827
siglip2_b16_224,face,103,face::train::143554.jpg,face::train::150659.jpg,0.9366079219812105
siglip2_b16_224,face,104,face::train::157804.jpg,face::train::101485.jpg,0.9365266081122747
siglip2_b16_224,face,105,face::train::168471.jpg,face::train::025692.jpg,0.9365038627207256
siglip2_b16_224,face,106,face::train::168471.jpg,face::train::032580.jpg,0.9363088265828418
siglip2_b16_224,face,107,face::train::008309.jpg,face::train::168471.jpg,0.9361684929641647
siglip2_b16_224,face,108,face::train::060555.jpg,face::test::201409.jpg,0.9357351351194746
siglip2_b16_224,face,109,face::train::008309.jpg,face::train::143554.jpg,0.9357156359362182
siglip2_b16_224,face,110,face::train::063708.jpg,face::train::001042.jpg,0.9357130892477157
siglip2_b16_224,face,111,face::train::092618.jpg,face::test::184003.jpg,0.9356683236356298
siglip2_b16_224,face,112,face::train::091980.jpg,face::train::101485.jpg,0.9356560254348292
siglip2_b16_224,face,113,face::train::178182.jpg,face::train::178129.jpg,0.9356266265422964
siglip2_b16_224,face,114,face::train::032580.jpg,face::train::109762.jpg,0.9356169303288019
siglip2_b16_224,face,115,face::train::168471.jpg,face::train::088914.jpg,0.9355610776063303
siglip2_b16_224,face,116,face::train::143554.jpg,face::test::201409.jpg,0.9355359016475948
siglip2_b16_224,face,117,face::test::196777.jpg,face::test::184003.jpg,0.9354206990921228
siglip2_b16_224,face,118,face::train::157804.jpg,face::test::196611.jpg,0.9354075578393904
siglip2_b16_224,face,119,face::train::081413.jpg,face::train::060555.jpg,0.93537626305595
siglip2_b16_224,face,120,face::train::101485.jpg,face::train::082954.jpg,0.9353248932456906
siglip2_b16_224,face,121,face::train::121281.jpg,face::test::196611.jpg,0.9352859307285109
siglip2_b16_224,face,122,face::train::091980.jpg,face::test::183801.jpg,0.9352840942448155
siglip2_b16_224,face,123,face::train::143554.jpg,face::train::060309.jpg,0.9351877020970956
siglip2_b16_224,face,124,face::train::081413.jpg,face::train::101485.jpg,0.934954880350144
siglip2_b16_224,face,125,face::train::166091.jpg,face::test::189457.jpg,0.9349452248390461
siglip2_b16_224,face,126,face::train::143554.jpg,face::train::168471.jpg,0.9347896016242204
siglip2_b16_224,face,127,face::train::138886.jpg,face::train::060309.jpg,0.934737189856527
siglip2_b16_224,face,128,face::train::157804.jpg,face::train::023736.jpg,0.9346762407136995
siglip2_b16_224,face,129,face::train::170623.jpg,face::train::060555.jpg,0.934391315970689
siglip2_b16_224,face,130,face::train::023736.jpg,face::train::150659.jpg,0.934390480148146
siglip2_b16_224,face,131,face::train::101485.jpg,face::test::188858.jpg,0.9343212150433204
siglip2_b16_224,face,132,face::train::008309.jpg,face::test::201409.jpg,0.9343066858859157
siglip2_b16_224,face,133,face::train::166091.jpg,face::train::090489.jpg,0.9341791779181592
siglip2_b16_224,face,134,face::train::023736.jpg,face::train::026996.jpg,0.9341334896356298
siglip2_b16_224,face,135,face::train::090489.jpg,face::train::143554.jpg,0.9341107560381092
siglip2_b16_224,face,136,face::train::101485.jpg,face::test::189858.jpg,0.9340992986325956
siglip2_b16_224,face,137,face::test::189457.jpg,face::test::201409.jpg,0.9340949420091171
siglip2_b16_224,face,138,face::train::089537.jpg,face::train::082954.jpg,0.9339530989025094
siglip2_b16_224,face,139,face::train::129132.jpg,face::train::092618.jpg,0.9339430892109631
siglip2_b16_224,face,140,face::train::060555.jpg,face::train::088914.jpg,0.9339229369266051
siglip2_b16_224,face,141,face::train::137722.jpg,face::train::168471.jpg,0.9338219166296831
siglip2_b16_224,face,142,face::test::189858.jpg,face::test::196777.jpg,0.9338020008383496
siglip2_b16_224,face,143,face::train::121281.jpg,face::train::060555.jpg,0.933792747841405
siglip2_b16_224,face,144,face::train::157804.jpg,face::train::143554.jpg,0.9337890122714902
siglip2_b16_224,face,145,face::train::178182.jpg,face::train::168471.jpg,0.9336717254451989
siglip2_b16_224,face,146,face::train::101485.jpg,face::train::088914.jpg,0.933664101507083
siglip2_b16_224,face,147,face::train::091980.jpg,face::train::090489.jpg,0.9336176707421318
siglip2_b16_224,face,148,face::train::129132.jpg,face::train::143554.jpg,0.9336003702693279
siglip2_b16_224,face,149,face::train::168471.jpg,face::test::201409.jpg,0.9333556125372081
siglip2_b16_224,face,150,face::train::170623.jpg,face::train::023736.jpg,0.9333424199769851
siglip2_b16_224,face,151,face::train::101485.jpg,face::test::183801.jpg,0.9333272126649802
siglip2_b16_224,face,152,face::train::092618.jpg,face::test::196777.jpg,0.9333260126966296
siglip2_b16_224,face,153,face::train::150659.jpg,face::train::032580.jpg,0.933308091039327
siglip2_b16_224,face,154,face::train::143554.jpg,face::train::060555.jpg,0.9333000014472487
siglip2_b16_224,face,155,face::train::001042.jpg,face::test::186223.jpg,0.9331585503778936
siglip2_b16_224,face,156,face::train::089537.jpg,face::train::060555.jpg,0.9331576198248236
siglip2_b16_224,face,157,face::train::168471.jpg,face::test::188858.jpg,0.9331469870684961
siglip2_b16_224,face,158,face::train::091980.jpg,face::train::060555.jpg,0.9331264905249037
siglip2_b16_224,face,159,face::train::026996.jpg,face::train::178129.jpg,0.9331052853771218
siglip2_b16_224,face,160,face::train::008309.jpg,face::train::109762.jpg,0.9330628864213468
siglip2_b16_224,face,161,face::train::168471.jpg,face::train::082954.jpg,0.9329712517931685
siglip2_b16_224,face,162,face::train::090489.jpg,face::train::129132.jpg,0.9328819000729376
siglip2_b16_224,face,163,face::train::138886.jpg,face::train::150659.jpg,0.9327812299818374
siglip2_b16_224,face,164,face::train::157804.jpg,face::train::089537.jpg,0.932656033099825
siglip2_b16_224,face,165,face::train::008309.jpg,face::test::186223.jpg,0.9325054672898874
siglip2_b16_224,face,166,face::train::008309.jpg,face::train::065762.jpg,0.9324487640652348
siglip2_b16_224,face,167,face::train::063708.jpg,face::test::189457.jpg,0.932430449401403
siglip2_b16_224,face,168,face::train::008309.jpg,face::train::150659.jpg,0.9323992274859506
siglip2_b16_224,face,169,face::train::141457.jpg,face::test::189457.jpg,0.9321251174256138
siglip2_b16_224,face,170,face::train::089537.jpg,face::train::150659.jpg,0.9320781737880451
siglip2_b16_224,face,171,face::train::166091.jpg,face::train::063618.jpg,0.9319777159248
siglip2_b16_224,face,172,face::train::060309.jpg,face::test::201409.jpg,0.9319694194663972
siglip2_b16_224,face,173,face::train::157804.jpg,face::train::129132.jpg,0.9318108446138458
siglip2_b16_224,face,174,face::train::178129.jpg,face::test::188858.jpg,0.9317957169067492
siglip2_b16_224,face,175,face::train::168471.jpg,face::train::001042.jpg,0.9317913395274696
siglip2_b16_224,face,176,face::train::008309.jpg,face::test::189457.jpg,0.9317636809574183
siglip2_b16_224,face,177,face::train::089537.jpg,face::train::060309.jpg,0.931720215054969
siglip2_b16_224,face,178,face::train::129132.jpg,face::test::188858.jpg,0.931600655997177
siglip2_b16_224,face,179,face::train::150659.jpg,face::train::082954.jpg,0.9315570874505952
siglip2_b16_224,face,180,face::train::023736.jpg,face::train::032580.jpg,0.9315443413435602
siglip2_b16_224,face,181,face::train::157804.jpg,face::train::091980.jpg,0.9314931209968609
siglip2_b16_224,face,182,face::train::168471.jpg,face::train::063708.jpg,0.9314377009447048
siglip2_b16_224,face,183,face::train::101485.jpg,face::train::141457.jpg,0.9314195268519951
siglip2_b16_224,face,184,face::train::157804.jpg,face::train::060309.jpg,0.9313693414379123
siglip2_b16_224,face,185,face::train::166091.jpg,face::test::183801.jpg,0.931368557661539
siglip2_b16_224,face,186,face::train::089537.jpg,face::train::023736.jpg,0.9312916095578292
siglip2_b16_224,face,187,face::train::143554.jpg,face::train::032580.jpg,0.9312761071651325
siglip2_b16_224,face,188,face::train::101485.jpg,face::train::138886.jpg,0.9310278066829436
siglip2_b16_224,face,189,face::train::092618.jpg,face::test::196611.jpg,0.9309606487776607
siglip2_b16_224,face,190,face::train::166091.jpg,face::train::091980.jpg,0.9309356820476291
siglip2_b16_224,face,191,face::train::060555.jpg,face::train::141457.jpg,0.9309275471553806
siglip2_b16_224,face,192,face::train::170623.jpg,face::train::032580.jpg,0.930790743805235
siglip2_b16_224,face,193,face::train::170623.jpg,face::train::088914.jpg,0.9305386233906678
siglip2_b16_224,face,194,face::train::090489.jpg,face::train::082954.jpg,0.9305223444491855
siglip2_b16_224,face,195,face::train::121281.jpg,face::train::129132.jpg,0.9305175811432885
siglip2_b16_224,face,196,face::train::150659.jpg,face::train::088914.jpg,0.9305100298489635
siglip2_b16_224,face,197,face::train::137722.jpg,face::train::178129.jpg,0.9304407444631586
siglip2_b16_224,face,198,face::train::060555.jpg,face::train::001042.jpg,0.9303267156934845
siglip2_b16_224,face,199,face::train::090489.jpg,face::train::023736.jpg,0.930243690721008
siglip2_b16_224,face,200,face::train::060555.jpg,face::test::196611.jpg,0.9301593702027758
siglip2_b16_224,face,201,face::train::023736.jpg,face::train::042973.jpg,0.9301141984156975
siglip2_b16_224,face,202,face::train::143554.jpg,face::test::188858.jpg,0.930049657360362
siglip2_b16_224,face,203,face::train::166091.jpg,face::train::138886.jpg,0.9300494200198561
siglip2_b16_224,face,204,face::train::129132.jpg,face::train::088914.jpg,0.9300142064980628
siglip2_b16_224,face,205,face::train::090489.jpg,face::test::189858.jpg,0.9299362995194542
siglip2_b16_224,face,206,face::train::089537.jpg,face::train::101485.jpg,0.9298707830452877
siglip2_b16_224,face,207,face::train::026996.jpg,face::test::196611.jpg,0.9298403463865133
siglip2_b16_224,face,208,face::train::101485.jpg,face::train::032580.jpg,0.929812058451392
siglip2_b16_224,face,209,face::train::090489.jpg,face::test::196611.jpg,0.9297663251108693
siglip2_b16_224,face,210,face::test::188858.jpg,face::test::184003.jpg,0.9297240174423634
siglip2_b16_224,face,211,face::train::129132.jpg,face::train::138886.jpg,0.9296793455004584
siglip2_b16_224,face,212,face::train::170623.jpg,face::test::196611.jpg,0.929637423775238
siglip2_b16_224,face,213,face::train::129132.jpg,face::train::063708.jpg,0.9296138883079182
siglip2_b16_224,face,214,face::train::170623.jpg,face::train::026996.jpg,0.9295356317349956
siglip2_b16_224,face,215,face::train::023736.jpg,face::train::001042.jpg,0.9295203773402458
siglip2_b16_224,face,216,face::train::090489.jpg,face::test::183801.jpg,0.92943833797524
siglip2_b16_224,face,217,face::train::091980.jpg,face::test::189457.jpg,0.9291761537731074
siglip2_b16_224,face,218,face::train::129132.jpg,face::test::189858.jpg,0.9290022468209427
siglip2_b16_224,face,219,face::test::189457.jpg,face::test::196611.jpg,0.9289926445432501
siglip2_b16_224,face,220,face::train::157804.jpg,face::train::088914.jpg,0.9289512451817882
siglip2_b16_224,face,221,face::train::060555.jpg,face::test::188858.jpg,0.9289489584045962
siglip2_b16_224,face,222,face::train::143554.jpg,face::train::092618.jpg,0.928932775276686
siglip2_b16_224,face,223,face::train::060555.jpg,face::train::042973.jpg,0.9288751447209809
siglip2_b16_224,face,224,face::train::091980.jpg,face::test::184003.jpg,0.9287863350924388
siglip2_b16_224,face,225,face::train::091980.jpg,face::train::141457.jpg,0.928775348232153
siglip2_b16_224,face,226,face::train::060309.jpg,face::train::150659.jpg,0.928726037920618
siglip2_b16_224,face,227,face::train::089537.jpg,face::train::168471.jpg,0.9287165766131042
siglip2_b16_224,face,228,face::train::060555.jpg,face::test::183801.jpg,0.9286477289853914
siglip2_b16_224,face,229,face::train::089537.jpg,face::train::032580.jpg,0.9286345078152782
siglip2_b16_224,face,230,face::train::091980.jpg,face::train::025692.jpg,0.9285642877943396
siglip2_b16_224,face,231,face::train::166091.jpg,face::train::121281.jpg,0.928465020302771
siglip2_b16_224,face,232,face::train::060309.jpg,face::train::060555.jpg,0.9283497742490245
siglip2_b16_224,face,233,face::train::170623.jpg,face::test::189457.jpg,0.928344575117483
siglip2_b16_224,face,234,face::train::053065.jpg,face::test::189457.jpg,0.9283150318511579
siglip2_b16_224,face,235,face::train::032580.jpg,face::test::186223.jpg,0.9283133784326472
siglip2_b16_224,face,236,face::train::026996.jpg,face::test::188858.jpg,0.9283109435171907
siglip2_b16_224,face,237,face::train::090489.jpg,face::test::188858.jpg,0.9282984575687063
siglip2_b16_224,face,238,face::train::121281.jpg,face::train::114832.jpg,0.9282693525458675
siglip2_b16_224,face,239,face::train::023736.jpg,face::train::060309.jpg,0.9281371577684665
siglip2_b16_224,face,240,face::train::063708.jpg,face::test::188858.jpg,0.9281180988099349
siglip2_b16_224,face,241,face::train::170623.jpg,face::train::065762.jpg,0.9281099019622578
siglip2_b16_224,face,242,face::train::141457.jpg,face::test::196611.jpg,0.9280936761020271
siglip2_b16_224,face,243,face::train::025692.jpg,face::train::092618.jpg,0.9280615127677263
siglip2_b16_224,face,244,face::train::023736.jpg,face::test::201409.jpg,0.9279124877307388
siglip2_b16_224,face,245,face::train::071174.jpg,face::train::101485.jpg,0.9277537846170101
siglip2_b16_224,face,246,face::train::168471.jpg,face::test::184003.jpg,0.9277201534857589
siglip2_b16_224,face,247,face::train::166091.jpg,face::train::023736.jpg,0.9277054065525294
siglip2_b16_224,face,248,face::train::166091.jpg,face::test::188858.jpg,0.9276872400306542
siglip2_b16_224,face,249,face::train::121281.jpg,face::test::189457.jpg,0.9276320931612834
siglip2_b16_224,face,250,face::train::065762.jpg,face::train::032580.jpg,0.9276310844541737
siglip2_b16_224,face,251,face::train::071174.jpg,face::train::121281.jpg,0.9275509940850124
siglip2_b16_224,face,252,face::train::042973.jpg,face::train::001042.jpg,0.9275362465990369
siglip2_b16_224,face,253,face::train::121281.jpg,face::train::141457.jpg,0.9274937266947456
siglip2_b16_224,face,254,face::train::101485.jpg,face::test::185812.jpg,0.9274329598971572
siglip2_b16_224,face,255,face::train::092618.jpg,face::test::188858.jpg,0.9273115034171546
siglip2_b16_224,face,256,face::train::170623.jpg,face::test::201409.jpg,0.9272858548305336
siglip2_b16_224,face,257,face::train::032580.jpg,face::test::185812.jpg,0.9272799437477657
siglip2_b16_224,face,258,face::train::081413.jpg,face::train::121281.jpg,0.9272100157094427
siglip2_b16_224,face,259,face::train::065762.jpg,face::train::060309.jpg,0.9272038950184855
siglip2_b16_224,face,260,face::train::170623.jpg,face::train::129132.jpg,0.9271604244640377
siglip2_b16_224,face,261,face::train::129132.jpg,face::test::196611.jpg,0.927105883594108
siglip2_b16_224,face,262,face::train::053065.jpg,face::train::063708.jpg,0.9270950866803112
siglip2_b16_224,face,263,face::train::071174.jpg,face::test::196611.jpg,0.9269446548324056
siglip2_b16_224,face,264,face::test::189457.jpg,face::test::186223.jpg,0.9269067732698659
siglip2_b16_224,face,265,face::train::137722.jpg,face::train::121281.jpg,0.9268728129322992
siglip2_b16_224,face,266,face::train::166091.jpg,face::train::157804.jpg,0.9268432612790327
siglip2_b16_224,face,267,face::train::023736.jpg,face::train::178129.jpg,0.9267771271715631
siglip2_b16_224,face,268,face::train::137722.jpg,face::train::071174.jpg,0.9267363573338412
siglip2_b16_224,face,269,face::train::008309.jpg,face::train::082954.jpg,0.9267348846082267
siglip2_b16_224,face,270,face::train::170623.jpg,face::train::101485.jpg,0.9267160700719171
siglip2_b16_224,face,271,face::train::023736.jpg,face::train::063708.jpg,0.92671233698185
siglip2_b16_224,face,272,face::train::091980.jpg,face::train::121281.jpg,0.9266791622005841
siglip2_b16_224,face,273,face::train::060555.jpg,face::test::189858.jpg,0.9266568592987833
siglip2_b16_224,face,274,face::train::081413.jpg,face::train::026996.jpg,0.9265465537902882
siglip2_b16_224,face,275,face::train::071174.jpg,face::train::178129.jpg,0.9265136703222415
siglip2_b16_224,face,276,face::train::157804.jpg,face::test::185812.jpg,0.9264969789283208
siglip2_b16_224,face,277,face::train::053065.jpg,face::train::168471.jpg,0.9264071650359549
siglip2_b16_224,face,278,face::train::023736.jpg,face::train::138886.jpg,0.9263925862976758
siglip2_b16_224,face,279,face::train::063708.jpg,face::train::042973.jpg,0.9262273925433868
siglip2_b16_224,face,280,face::train::008309.jpg,face::train::089537.jpg,0.9262217258960329
siglip2_b16_224,face,281,face::train::089537.jpg,face::test::185812.jpg,0.9261760460540807
siglip2_b16_224,face,282,face::train::168471.jpg,face::test::189858.jpg,0.9261312926305054
siglip2_b16_224,face,283,face::train::129132.jpg,face::test::196777.jpg,0.9261300013381921
siglip2_b16_224,face,284,face::train::166091.jpg,face::train::026996.jpg,0.9261250235902275
siglip2_b16_224,face,285,face::train::166091.jpg,face::train::088914.jpg,0.9260907558505542
siglip2_b16_224,face,286,face::train::092618.jpg,face::train::141457.jpg,0.9260509875325806
siglip2_b16_224,face,287,face::train::091980.jpg,face::train::129132.jpg,0.9258668089951761
siglip2_b16_224,face,288,face::train::060555.jpg,face::train::150659.jpg,0.9258559550081982
siglip2_b16_224,face,289,face::train::001042.jpg,face::train::032580.jpg,0.9258240923373782
siglip2_b16_224,face,290,face::train::129132.jpg,face::train::150659.jpg,0.9258183250137546
siglip2_b16_224,face,291,face::train::178182.jpg,face::train::101485.jpg,0.925806531408687
siglip2_b16_224,face,292,face::train::129132.jpg,face::test::201409.jpg,0.9257836213983235
siglip2_b16_224,face,293,face::train::090489.jpg,face::train::178182.jpg,0.9257318241761996
siglip2_b16_224,face,294,face::train::088914.jpg,face::train::001042.jpg,0.9256735551442918
siglip2_b16_224,face,295,face::train::053065.jpg,face::train::141457.jpg,0.9256019453640306
siglip2_b16_224,face,296,face::train::114832.jpg,face::train::141457.jpg,0.925591717738332
siglip2_b16_224,face,297,face::train::114832.jpg,face::train::101485.jpg,0.9254949770320187
siglip2_b16_224,face,298,face::train::143554.jpg,face::train::042973.jpg,0.9253417251291591
siglip2_b16_224,face,299,face::train::129132.jpg,face::test::189457.jpg,0.9253367896588944
siglip2_b16_224,face,300,face::train::121281.jpg,face::train::178182.jpg,0.9252511736770943
siglip2_b16_224,face,301,face::train::138886.jpg,face::test::201409.jpg,0.9252230667426898
siglip2_b16_224,face,302,face::train::178129.jpg,face::train::141457.jpg,0.9251378817226044
siglip2_b16_224,face,303,face::train::060555.jpg,face::train::032580.jpg,0.9250650089328503
siglip2_b16_224,face,304,face::train::091980.jpg,face::train::082954.jpg,0.9250514761155411
siglip2_b16_224,face,305,face::train::008309.jpg,face::train::129132.jpg,0.9249881615844394
siglip2_b16_224,face,306,face::train::114832.jpg,face::train::178129.jpg,0.9249495364009221
siglip2_b16_224,face,307,face::test::186223.jpg,face::test::201409.jpg,0.9248675593816975
siglip2_b16_224,face,308,face::train::081413.jpg,face::test::188858.jpg,0.9248654426622978
siglip2_b16_224,face,309,face::train::143554.jpg,face::train::178182.jpg,0.9247233603439018
siglip2_b16_224,face,310,face::train::091980.jpg,face::test::196611.jpg,0.9246900285545137
siglip2_b16_224,face,311,face::train::150659.jpg,face::test::185812.jpg,0.9246635872084379
siglip2_b16_224,face,312,face::train::008309.jpg,face::train::101485.jpg,0.9246399328176943
siglip2_b16_224,face,313,face::train::166091.jpg,face::train::063708.jpg,0.9245769065791205
siglip2_b16_224,face,314,face::train::137722.jpg,face::test::183801.jpg,0.924572521999106
siglip2_b16_224,face,315,face::train::060555.jpg,face::train::082954.jpg,0.9245358188528541
siglip2_b16_224,face,316,face::train::101485.jpg,face::train::063708.jpg,0.9245277119168706
siglip2_b16_224,face,317,face::train::129132.jpg,face::train::178182.jpg,0.9244956971682465
siglip2_b16_224,face,318,face::train::143554.jpg,face::train::082954.jpg,0.9244581138614761
siglip2_b16_224,face,319,face::train::157804.jpg,face::test::183801.jpg,0.9244007727949226
siglip2_b16_224,face,320,face::train::137722.jpg,face::train::092618.jpg,0.9243786347445964
siglip2_b16_224,face,321,face::train::001042.jpg,face::test::189457.jpg,0.9243622693732152
siglip2_b16_224,face,322,face::train::053065.jpg,face::train::101485.jpg,0.9243400820450012
siglip2_b16_224,face,323,face::train::090489.jpg,face::test::196777.jpg,0.9243383531811884
siglip2_b16_224,face,324,face::train::143554.jpg,face::test::185812.jpg,0.9243230015474233
siglip2_b16_224,face,325,face::test::188858.jpg,face::test::196611.jpg,0.9241820394202256
siglip2_b16_224,face,326,face::train::168471.jpg,face::train::150659.jpg,0.9240673957415002
siglip2_b16_224,face,327,face::train::138886.jpg,face::test::189858.jpg,0.9240188762672032
siglip2_b16_224,face,328,face::train::063708.jpg,face::test::201409.jpg,0.9240168847393584
siglip2_b16_224,face,329,face::train::121281.jpg,face::test::196777.jpg,0.9240036538167601
siglip2_b16_224,face,330,face::train::081413.jpg,face::train::023736.jpg,0.924000804762116
siglip2_b16_224,face,331,face::train::081413.jpg,face::train::090489.jpg,0.9239614704506451
siglip2_b16_224,face,332,face::train::042973.jpg,face::test::188858.jpg,0.9239513884599577
siglip2_b16_224,face,333,face::train::065762.jpg,face::train::150659.jpg,0.9238655354546067
siglip2_b16_224,face,334,face::train::157804.jpg,face::train::026996.jpg,0.9237775222499929
siglip2_b16_224,face,335,face::train::101485.jpg,face::train::026996.jpg,0.9236570727607567
siglip2_b16_224,face,336,face::train::168471.jpg,face::train::042973.jpg,0.9236250812138809
siglip2_b16_224,face,337,face::train::166091.jpg,face::train::143554.jpg,0.9234220375910649
siglip2_b16_224,face,338,face::train::089537.jpg,face::test::201409.jpg,0.9234141070417097
siglip2_b16_224,face,339,face::train::025692.jpg,face::test::189457.jpg,0.9233811690106193
siglip2_b16_224,face,340,face::train::150659.jpg,face::test::186223.jpg,0.9233497371690429
siglip2_b16_224,face,341,face::train::157804.jpg,face::train::082954.jpg,0.9233058408000092
siglip2_b16_224,face,342,face::train::091980.jpg,face::train::032580.jpg,0.9232600348136214
siglip2_b16_224,face,343,face::train::170623.jpg,face::test::188858.jpg,0.9232422594909175
siglip2_b16_224,face,344,face::train::091980.jpg,face::train::008309.jpg,0.9232391770755775
siglip2_b16_224,face,345,face::train::166091.jpg,face::train::008309.jpg,0.9231260690117566
siglip2_b16_224,face,346,face::train::060309.jpg,face::train::109762.jpg,0.9231227337514452
siglip2_b16_224,face,347,face::train::090489.jpg,face::test::189457.jpg,0.9230700040663802
siglip2_b16_224,face,348,face::train::168471.jpg,face::test::186223.jpg,0.9229321229813807
siglip2_b16_224,face,349,face::train::178182.jpg,face::test::188858.jpg,0.9229315476767389
siglip2_b16_224,face,350,face::train::129132.jpg,face::test::184003.jpg,0.9229237722966983
siglip2_b16_224,face,351,face::train::081413.jpg,face::train::088914.jpg,0.9229186575509485
siglip2_b16_224,face,352,face::train::114832.jpg,face::test::189457.jpg,0.9228720087017928
siglip2_b16_224,face,353,face::train::141457.jpg,face::test::183801.jpg,0.922833670281547
siglip2_b16_224,face,354,face::train::168471.jpg,face::train::138886.jpg,0.9228224887579914
siglip2_b16_224,face,355,face::train::178182.jpg,face::train::060555.jpg,0.9227721607912135
siglip2_b16_224,face,356,face::train::178182.jpg,face::test::196611.jpg,0.9226784776319445
siglip2_b16_224,face,357,face::train::090489.jpg,face::train::089537.jpg,0.9226279706803671
siglip2_b16_224,face,358,face::train::071174.jpg,face::train::141457.jpg,0.9226071871985206
siglip2_b16_224,face,359,face::train::060309.jpg,face::test::186223.jpg,0.9225923047634763
siglip2_b16_224,face,360,face::train::178182.jpg,face::train::042973.jpg,0.9225875863935714
siglip2_b16_224,face,361,face::train::137722.jpg,face::train::141457.jpg,0.9225711253052542
siglip2_b16_224,face,362,face::train::023736.jpg,face::test::189457.jpg,0.9225631535840859
siglip2_b16_224,face,363,face::train::101485.jpg,face::test::201409.jpg,0.9225309735682057
siglip2_b16_224,face,364,face::train::090489.jpg,face::test::201409.jpg,0.9224268907355067
siglip2_b16_224,face,365,face::train::129132.jpg,face::train::042973.jpg,0.9222626851788915
siglip2_b16_224,face,366,face::train::026996.jpg,face::train::141457.jpg,0.922251122279178
siglip2_b16_224,face,367,face::train::170623.jpg,face::train::063708.jpg,0.9222339508359703
siglip2_b16_224,face,368,face::train::063708.jpg,face::test::186223.jpg,0.9221989476293322
siglip2_b16_224,face,369,face::train::138886.jpg,face::train::032580.jpg,0.922160135662994
siglip2_b16_224,face,370,face::train::168471.jpg,face::test::185812.jpg,0.9221510428429547
siglip2_b16_224,face,371,face::train::114832.jpg,face::train::060555.jpg,0.9221128551444211
siglip2_b16_224,face,372,face::train::063618.jpg,face::test::196777.jpg,0.9220570994924755
siglip2_b16_224,face,373,face::train::150659.jpg,face::test::201409.jpg,0.922013224750685
siglip2_b16_224,face,374,face::train::166091.jpg,face::test::196777.jpg,0.9219471988217379
siglip2_b16_224,face,375,face::train::168471.jpg,face::train::060309.jpg,0.9219358686780994
siglip2_b16_224,face,376,face::train::053065.jpg,face::train::001042.jpg,0.921927913806513
siglip2_b16_224,face,377,face::train::088914.jpg,face::train::032580.jpg,0.9219021244955539
siglip2_b16_224,face,378,face::train::157804.jpg,face::train::178129.jpg,0.9218782692387126
siglip2_b16_224,face,379,face::train::090489.jpg,face::train::025692.jpg,0.9218427341460987
siglip2_b16_224,face,380,face::train::166091.jpg,face::test::184003.jpg,0.9218259747906319
siglip2_b16_224,face,381,face::train::065762.jpg,face::train::138886.jpg,0.9218152547563413
siglip2_b16_224,face,382,face::train::053065.jpg,face::test::188858.jpg,0.9218091997761202
siglip2_b16_224,face,383,face::train::166091.jpg,face::train::141457.jpg,0.9218064514925037
siglip2_b16_224,face,384,face::train::053065.jpg,face::train::060555.jpg,0.921789266566442
siglip2_b16_224,face,385,face::train::178182.jpg,face::train::026996.jpg,0.9217481059259744
siglip2_b16_224,face,386,face::train::170623.jpg,face::train::060309.jpg,0.9216430834959793
siglip2_b16_224,face,387,face::train::032580.jpg,face::test::189457.jpg,0.9216258734083526
siglip2_b16_224,face,388,face::test::183801.jpg,face::test::188858.jpg,0.9216144692789618
siglip2_b16_224,face,389,face::train::114832.jpg,face::test::183801.jpg,0.9215864536332565
siglip2_b16_224,face,390,face::train::157804.jpg,face::test::189457.jpg,0.9215862249836039
siglip2_b16_224,face,391,face::train::101485.jpg,face::train::001042.jpg,0.9215847316205701
siglip2_b16_224,face,392,face::train::170623.jpg,face::train::042973.jpg,0.9215273345393705
siglip2_b16_224,face,393,face::train::138886.jpg,face::train::088914.jpg,0.9214863333000837
siglip2_b16_224,face,394,face::train::101485.jpg,face::train::060309.jpg,0.9214591714203968
siglip2_b16_224,face,395,face::train::063708.jpg,face::train::032580.jpg,0.9213577238282694
siglip2_b16_224,face,396,face::train::157804.jpg,face::train::032580.jpg,0.9213049464534689
siglip2_b16_224,face,397,face::train::053065.jpg,face::train::149220.jpg,0.9212861499080904
siglip2_b16_224,face,398,face::test::189457.jpg,face::test::188858.jpg,0.9212163397029454
siglip2_b16_224,face,399,face::train::089537.jpg,face::train::092618.jpg,0.9212064414258987
siglip2_b16_224,face,400,face::train::121281.jpg,face::train::053065.jpg,0.9211844381996916
siglip2_b16_224,face,401,face::train::178129.jpg,face::test::196777.jpg,0.9210688169100116
siglip2_b16_224,face,402,face::train::090489.jpg,face::train::001042.jpg,0.9209476718695082
siglip2_b16_224,face,403,face::train::060309.jpg,face::test::185812.jpg,0.9209322520775245
siglip2_b16_224,face,404,face::train::071174.jpg,face::train::023736.jpg,0.9209261551616914
siglip2_b16_224,face,405,face::train::091980.jpg,face::train::178129.jpg,0.9208837544407551
siglip2_b16_224,face,406,face::train::091980.jpg,face::train::143554.jpg,0.9208760278346305
siglip2_b16_224,face,407,face::train::089537.jpg,face::train::138886.jpg,0.9208548445361588
siglip2_b16_224,face,408,face::train::166091.jpg,face::test::201409.jpg,0.9208412266178558
siglip2_b16_224,face,409,face::train::063708.jpg,face::train::092618.jpg,0.9208368953203111
siglip2_b16_224,face,410,face::train::143554.jpg,face::train::178129.jpg,0.9207888505372033
siglip2_b16_224,face,411,face::train::082954.jpg,face::test::201409.jpg,0.9207802970329482
siglip2_b16_224,face,412,face::train::008309.jpg,face::train::123459.jpg,0.9207712614733443
siglip2_b16_224,face,413,face::train::025692.jpg,face::test::183801.jpg,0.9207606872047944
siglip2_b16_224,face,414,face::train::129132.jpg,face::train::063618.jpg,0.9207513670408725
siglip2_b16_224,face,415,face::train::123459.jpg,face::test::185812.jpg,0.9206951574325286
siglip2_b16_224,face,416,face::train::090489.jpg,face::train::063708.jpg,0.9206679025398814
siglip2_b16_224,face,417,face::train::129132.jpg,face::test::183801.jpg,0.9206452581196203
siglip2_b16_224,face,418,face::train::170623.jpg,face::train::081413.jpg,0.9205786707250914
siglip2_b16_224,face,419,face::train::129132.jpg,face::train::001042.jpg,0.9204399171131782
siglip2_b16_224,face,420,face::train::143554.jpg,face::train::065762.jpg,0.9204350745833917
siglip2_b16_224,face,421,face::train::157804.jpg,face::train::065762.jpg,0.9203474028011089
siglip2_b16_224,face,422,face::train::129132.jpg,face::train::089537.jpg,0.9202063867537131
siglip2_b16_224,face,423,face::train::071174.jpg,face::test::183801.jpg,0.9201263089109817
siglip2_b16_224,face,424,face::train::138886.jpg,face::test::188858.jpg,0.9200087644146657
siglip2_b16_224,face,425,face::train::089537.jpg,face::test::189457.jpg,0.9199979205085844
siglip2_b16_224,face,426,face::train::090489.jpg,face::train::032580.jpg,0.9199869424397258
siglip2_b16_224,face,427,face::train::063708.jpg,face::train::141457.jpg,0.9198489878929544
siglip2_b16_224,face,428,face::train::157804.jpg,face::train::090489.jpg,0.9197672452912349
siglip2_b16_224,face,429,face::train::143554.jpg,face::train::063708.jpg,0.9197633447274223
siglip2_b16_224,face,430,face::train::090489.jpg,face::train::053065.jpg,0.9197426929621091
siglip2_b16_224,face,431,face::train::008309.jpg,face::train::042973.jpg,0.9197130109573621
siglip2_b16_224,face,432,face::train::042973.jpg,face::train::092618.jpg,0.9195796154761144
siglip2_b16_224,face,433,face::train::023736.jpg,face::test::188858.jpg,0.9195601251772183
siglip2_b16_224,face,434,face::train::008309.jpg,face::train::063708.jpg,0.919506093519863
siglip2_b16_224,face,435,face::train::081413.jpg,face::test::183801.jpg,0.9194716057065397
siglip2_b16_224,face,436,face::train::063618.jpg,face::test::183801.jpg,0.91943612698034
siglip2_b16_224,face,437,face::train::065762.jpg,face::train::060555.jpg,0.919331703376083
siglip2_b16_224,face,438,face::train::137722.jpg,face::train::060555.jpg,0.9193231590871582
siglip2_b16_224,face,439,face::train::138886.jpg,face::train::060555.jpg,0.9192459469730507
siglip2_b16_224,face,440,face::train::138886.jpg,face::test::196611.jpg,0.9191869554975856
siglip2_b16_224,face,441,face::train::089537.jpg,face::test::189858.jpg,0.9191605419334684
siglip2_b16_224,face,442,face::test::188858.jpg,face::test::196777.jpg,0.9191326707490156
siglip2_b16_224,face,443,face::train::071174.jpg,face::train::090489.jpg,0.9191075920789872
siglip2_b16_224,face,444,face::train::081413.jpg,face::train::092618.jpg,0.9191011696589086
siglip2_b16_224,face,445,face::train::143554.jpg,face::test::189858.jpg,0.9190344054929681
siglip2_b16_224,face,446,face::train::157804.jpg,face::test::201409.jpg,0.9190003656671906
siglip2_b16_224,face,447,face::train::082954.jpg,face::test::189457.jpg,0.9189712180135232
siglip2_b16_224,face,448,face::train::060309.jpg,face::test::189457.jpg,0.9189010133383066
siglip2_b16_224,face,449,face::train::065762.jpg,face::test::189457.jpg,0.9188541963812057
siglip2_b16_224,face,450,face::train::143554.jpg,face::train::088914.jpg,0.9186552052154694
siglip2_b16_224,face,451,face::train::023736.jpg,face::train::092618.jpg,0.918588256534659
siglip2_b16_224,face,452,face::train::114832.jpg,face::test::188858.jpg,0.9185089416248786
siglip2_b16_224,face,453,face::train::089537.jpg,face::train::088914.jpg,0.9185017699985529
siglip2_b16_224,face,454,face::train::060555.jpg,face::test::196777.jpg,0.9184818050133451
siglip2_b16_224,face,455,face::train::138886.jpg,face::train::082954.jpg,0.9184425053279347
siglip2_b16_224,face,456,face::train::121281.jpg,face::train::143554.jpg,0.918418764043289
siglip2_b16_224,face,457,face::train::053065.jpg,face::train::178182.jpg,0.9183943810828163
siglip2_b16_224,face,458,face::train::129132.jpg,face::train::060309.jpg,0.918359283136118
siglip2_b16_224,face,459,face::train::081413.jpg,face::train::138886.jpg,0.9183592703032579
siglip2_b16_224,face,460,face::train::170623.jpg,face::train::143554.jpg,0.9183447179674774
siglip2_b16_224,face,461,face::train::121281.jpg,face::train::025692.jpg,0.9183227967345082
siglip2_b16_224,face,462,face::train::001042.jpg,face::test::188858.jpg,0.9182941526350037
siglip2_b16_224,face,463,face::train::143554.jpg,face::test::189457.jpg,0.9182620211696857
siglip2_b16_224,face,464,face::train::157804.jpg,face::train::141457.jpg,0.9182544992470352
siglip2_b16_224,face,465,face::train::081413.jpg,face::train::150659.jpg,0.9181961709442683
siglip2_b16_224,face,466,face::train::091980.jpg,face::test::196777.jpg,0.9180799883627002
siglip2_b16_224,face,467,face::train::071174.jpg,face::train::092618.jpg,0.9180603322029135
siglip2_b16_224,face,468,face::train::143554.jpg,face::test::196611.jpg,0.9179996812604214
siglip2_b16_224,face,469,face::train::114832.jpg,face::test::196611.jpg,0.9179703214949919
siglip2_b16_224,face,470,face::train::063618.jpg,face::train::178129.jpg,0.9179428108888085
siglip2_b16_224,face,471,face::train::008309.jpg,face::train::092618.jpg,0.9179365840683714
siglip2_b16_224,face,472,face::train::091980.jpg,face::train::063708.jpg,0.9179294828254709
siglip2_b16_224,face,473,face::train::042973.jpg,face::test::189457.jpg,0.917918469761015
siglip2_b16_224,face,474,face::train::157804.jpg,face::test::188858.jpg,0.917779506880314
siglip2_b16_224,face,475,face::train::081413.jpg,face::train::143554.jpg,0.9177368660183736
siglip2_b16_224,face,476,face::train::166091.jpg,face::train::089537.jpg,0.9176929572247423
siglip2_b16_224,face,477,face::train::081413.jpg,face::train::071174.jpg,0.9176724093075268
siglip2_b16_224,face,478,face::train::091980.jpg,face::test::188858.jpg,0.9175856524720096
siglip2_b16_224,face,479,face::train::001042.jpg,face::test::201409.jpg,0.9175585495958847
siglip2_b16_224,face,480,face::train::123459.jpg,face::train::088914.jpg,0.9175122809359568
siglip2_b16_224,face,481,face::train::114832.jpg,face::test::184003.jpg,0.917492796322734
siglip2_b16_224,face,482,face::train::025692.jpg,face::train::060555.jpg,0.9174281569152483
siglip2_b16_224,face,483,face::train::053065.jpg,face::test::186223.jpg,0.917419302766874
siglip2_b16_224,face,484,face::train::023736.jpg,face::train::123459.jpg,0.9173698008202726
siglip2_b16_224,face,485,face::train::114832.jpg,face::train::090489.jpg,0.9173315543489928
siglip2_b16_224,face,486,face::train::138886.jpg,face::train::178129.jpg,0.9172968907417454
siglip2_b16_224,face,487,face::train::170623.jpg,face::train::138886.jpg,0.917194018624642
siglip2_b16_224,face,488,face::train::090489.jpg,face::test::185812.jpg,0.9171468906937876
siglip2_b16_224,face,489,face::train::178182.jpg,face::test::189457.jpg,0.9171297207730971
siglip2_b16_224,face,490,face::train::060309.jpg,face::train::088914.jpg,0.9170964532143817
siglip2_b16_224,face,491,face::train::114832.jpg,face::train::026996.jpg,0.9170502281160167
siglip2_b16_224,face,492,face::train::157804.jpg,face::test::186223.jpg,0.9170356674449466
siglip2_b16_224,face,493,face::train::157804.jpg,face::train::092618.jpg,0.9170266864785153
siglip2_b16_224,face,494,face::train::168471.jpg,face::test::196777.jpg,0.9170167162812686
siglip2_b16_224,face,495,face::train::090489.jpg,face::train::138886.jpg,0.9169098849339923
siglip2_b16_224,face,496,face::train::023736.jpg,face::test::196611.jpg,0.9168747323649387
siglip2_b16_224,face,497,face::train::143554.jpg,face::train::109762.jpg,0.9168090482129795
siglip2_b16_224,face,498,face::test::188858.jpg,face::test::201409.jpg,0.9167897000673173
siglip2_b16_224,face,499,face::test::189858.jpg,face::test::188858.jpg,0.9167815508609505
siglip2_b16_224,face,500,face::train::170623.jpg,face::train::141457.jpg,0.916749943067936
siglip2_b16_224,face,501,face::train::138886.jpg,face::train::109762.jpg,0.9167078341392547
siglip2_b16_224,face,502,face::train::081413.jpg,face::test::185812.jpg,0.9166873063105405
siglip2_b16_224,face,503,face::train::121281.jpg,face::test::184003.jpg,0.916667198888738
siglip2_b16_224,face,504,face::train::129132.jpg,face::train::141457.jpg,0.9166652286334662
siglip2_b16_224,face,505,face::train::060309.jpg,face::train::001042.jpg,0.9166379286742135
siglip2_b16_224,face,506,face::train::092618.jpg,face::test::201409.jpg,0.916553364068089
siglip2_b16_224,face,507,face::train::026996.jpg,face::test::183801.jpg,0.9165216770515743
siglip2_b16_224,face,508,face::train::143554.jpg,face::train::026996.jpg,0.9164827151126131
siglip2_b16_224,face,509,face::train::166091.jpg,face::train::150659.jpg,0.9164714291291594
siglip2_b16_224,face,510,face::train::023736.jpg,face::test::185812.jpg,0.9164218449774496
siglip2_b16_224,face,511,face::train::166091.jpg,face::train::032580.jpg,0.9164193643546795
siglip2_b16_224,face,512,face::test::189457.jpg,face::test::184003.jpg,0.9162910349198088
siglip2_b16_224,face,513,face::train::053065.jpg,face::test::201409.jpg,0.9162681126337132
siglip2_b16_224,face,514,face::train::090489.jpg,face::train::042973.jpg,0.9162123508661828
siglip2_b16_224,face,515,face::train::090489.jpg,face::train::008309.jpg,0.9162030935676638
siglip2_b16_224,face,516,face::train::129132.jpg,face::train::032580.jpg,0.9161955634712242
siglip2_b16_224,face,517,face::train::178129.jpg,face::train::088914.jpg,0.9161105679003971
siglip2_b16_224,face,518,face::train::137722.jpg,face::train::026996.jpg,0.9160928975501048
siglip2_b16_224,face,519,face::train::121281.jpg,face::train::026996.jpg,0.9160868063114611
siglip2_b16_224,face,520,face::train::026996.jpg,face::train::042973.jpg,0.916018796961718
siglip2_b16_224,face,521,face::train::137722.jpg,face::test::196611.jpg,0.9159706726769374
siglip2_b16_224,face,522,face::train::138886.jpg,face::test::189457.jpg,0.915909827537315
siglip2_b16_224,face,523,face::train::091980.jpg,face::train::114832.jpg,0.9158571223558218
siglip2_b16_224,face,524,face::train::101485.jpg,face::train::042973.jpg,0.9158248800454258
siglip2_b16_224,face,525,face::train::178182.jpg,face::train::138886.jpg,0.9157153052197677
siglip2_b16_224,face,526,face::train::170623.jpg,face::train::109762.jpg,0.9156898283030811
siglip2_b16_224,face,527,face::train::025692.jpg,face::test::184003.jpg,0.9156641493911784
siglip2_b16_224,face,528,face::train::166091.jpg,face::train::178182.jpg,0.9156152186741591
siglip2_b16_224,face,529,face::train::166091.jpg,face::train::082954.jpg,0.9155993708629526
siglip2_b16_224,face,530,face::train::091980.jpg,face::train::089537.jpg,0.9155746345855104
siglip2_b16_224,face,531,face::train::150659.jpg,face::test::196611.jpg,0.9155536711957049
siglip2_b16_224,face,532,face::train::091980.jpg,face::test::201409.jpg,0.9155448205647818
siglip2_b16_224,face,533,face::train::178129.jpg,face::test::184003.jpg,0.9155194432880407
siglip2_b16_224,face,534,face::train::170623.jpg,face::train::178129.jpg,0.9155131134182561
siglip2_b16_224,face,535,face::train::109762.jpg,face::test::201409.jpg,0.9154959573673964
siglip2_b16_224,face,536,face::train::026996.jpg,face::train::092618.jpg,0.9154782125359379
siglip2_b16_224,face,537,face::train::170623.jpg,face::train::053065.jpg,0.9154281834948919
siglip2_b16_224,face,538,face::train::090489.jpg,face::test::184003.jpg,0.9154107935210118
siglip2_b16_224,face,539,face::train::137722.jpg,face::test::189457.jpg,0.9154052985458971
siglip2_b16_224,face,540,face::train::023736.jpg,face::train::082954.jpg,0.9153583218515308
siglip2_b16_224,face,541,face::train::063708.jpg,face::test::189858.jpg,0.915342488699415
siglip2_b16_224,face,542,face::train::141457.jpg,face::test::188858.jpg,0.9153219175541458
siglip2_b16_224,face,543,face::train::137722.jpg,face::train::090489.jpg,0.9152407831085974
siglip2_b16_224,face,544,face::train::042973.jpg,face::train::178129.jpg,0.9151557002237929
siglip2_b16_224,face,545,face::train::065762.jpg,face::train::001042.jpg,0.9151250998039946
siglip2_b16_224,face,546,face::train::121281.jpg,face::test::189858.jpg,0.9150970331236277
siglip2_b16_224,face,547,face::train::071174.jpg,face::train::026996.jpg,0.9150891066325335
siglip2_b16_224,face,548,face::train::178129.jpg,face::test::189858.jpg,0.9150863847901218
siglip2_b16_224,face,549,face::train::026996.jpg,face::test::189457.jpg,0.9150099648344734
siglip2_b16_224,face,550,face::train::101485.jpg,face::test::184003.jpg,0.9149136870618485
siglip2_b16_224,face,551,face::train::178182.jpg,face::train::023736.jpg,0.9149115853228647
siglip2_b16_224,face,552,face::train::053065.jpg,face::train::143554.jpg,0.9148853944305224
siglip2_b16_224,face,553,face::train::082954.jpg,face::train::092618.jpg,0.914863208625915
siglip2_b16_224,face,554,face::train::092618.jpg,face::train::032580.jpg,0.9147871797832288
siglip2_b16_224,face,555,face::train::114832.jpg,face::train::023736.jpg,0.9147621844301003
siglip2_b16_224,face,556,face::train::170623.jpg,face::train::166091.jpg,0.9147487440489228
siglip2_b16_224,face,557,face::train::129132.jpg,face::train::065762.jpg,0.9147007308662163
siglip2_b16_224,face,558,face::train::090489.jpg,face::train::026996.jpg,0.9146909591432987
siglip2_b16_224,face,559,face::train::143554.jpg,face::train::001042.jpg,0.914636915513952
siglip2_b16_224,face,560,face::train::121281.jpg,face::train::063618.jpg,0.9145151193442571
siglip2_b16_224,face,561,face::train::065762.jpg,face::train::088914.jpg,0.9145091208152447
siglip2_b16_224,face,562,face::train::071174.jpg,face::train::060555.jpg,0.9144986537382317
siglip2_b16_224,face,563,face::train::060555.jpg,face::test::184003.jpg,0.9144482676381251
siglip2_b16_224,face,564,face::train::143554.jpg,face::test::186223.jpg,0.9144152341201601
siglip2_b16_224,face,565,face::train::166091.jpg,face::test::185812.jpg,0.9144021144049254
siglip2_b16_224,face,566,face::train::137722.jpg,face::train::091980.jpg,0.9143903853676234
siglip2_b16_224,face,567,face::train::178182.jpg,face::test::183801.jpg,0.9143745102823244
siglip2_b16_224,face,568,face::train::088914.jpg,face::test::189457.jpg,0.9143660588531992
siglip2_b16_224,face,569,face::train::060309.jpg,face::train::082954.jpg,0.9142583237796867
siglip2_b16_224,face,570,face::train::008309.jpg,face::test::188858.jpg,0.9141771931960884
siglip2_b16_224,face,571,face::train::065762.jpg,face::train::168471.jpg,0.9141055550256232
siglip2_b16_224,face,572,face::train::150659.jpg,face::test::188858.jpg,0.9141024556139702
siglip2_b16_224,face,573,face::train::150659.jpg,face::train::001042.jpg,0.9139852234739534
siglip2_b16_224,face,574,face::train::101485.jpg,face::train::025692.jpg,0.9138528058760202
siglip2_b16_224,face,575,face::train::101485.jpg,face::train::123459.jpg,0.9137858266988805
siglip2_b16_224,face,576,face::train::008309.jpg,face::test::196611.jpg,0.9137478470628271
siglip2_b16_224,face,577,face::train::166091.jpg,face::train::001042.jpg,0.9137363226009462
siglip2_b16_224,face,578,face::train::081413.jpg,face::train::178182.jpg,0.9137166291228773
siglip2_b16_224,face,579,face::train::101485.jpg,face::test::196777.jpg,0.9136640579544819
siglip2_b16_224,face,580,face::train::178182.jpg,face::train::092618.jpg,0.9134838652480843
siglip2_b16_224,face,581,face::train::170623.jpg,face::train::071174.jpg,0.9134754654436564
siglip2_b16_224,face,582,face::train::170623.jpg,face::train::090489.jpg,0.9134737356331037
siglip2_b16_224,face,583,face::train::091980.jpg,face::train::023736.jpg,0.9134133194166786
siglip2_b16_224,face,584,face::train::121281.jpg,face::test::201409.jpg,0.9132744601172804
siglip2_b16_224,face,585,face::train::150659.jpg,face::test::189457.jpg,0.9131976079008105
siglip2_b16_224,face,586,face::train::129132.jpg,face::train::082954.jpg,0.913173734185192
siglip2_b16_224,face,587,face::train::168471.jpg,face::train::109762.jpg,0.9131623647813605
siglip2_b16_224,face,588,face::train::137722.jpg,face::train::101485.jpg,0.9131152515260632
siglip2_b16_224,face,589,face::train::081413.jpg,face::train::091980.jpg,0.9130952596215811
siglip2_b16_224,face,590,face::train::157804.jpg,face::train::109762.jpg,0.9130691836955906
siglip2_b16_224,face,591,face::train::008309.jpg,face::train::178129.jpg,0.9130491593549482
siglip2_b16_224,face,592,face::train::114832.jpg,face::train::129132.jpg,0.91304771225252
siglip2_b16_224,face,593,face::train::071174.jpg,face::test::188858.jpg,0.9129665216859286
siglip2_b16_224,face,594,face::train::063708.jpg,face::test::184003.jpg,0.9129642091480561
siglip2_b16_224,face,595,face::train::008309.jpg,face::test::185812.jpg,0.9129236221294531
siglip2_b16_224,face,596,face::train::138886.jpg,face::train::001042.jpg,0.9128845796468834
siglip2_b16_224,face,597,face::train::081413.jpg,face::train::089537.jpg,0.9128792134322408
siglip2_b16_224,face,598,face::train::053065.jpg,face::train::042973.jpg,0.9128574728104868
siglip2_b16_224,face,599,face::train::178129.jpg,face::train::001042.jpg,0.912835685452681
siglip2_b16_224,face,600,face::train::060555.jpg,face::test::185812.jpg,0.9127883117013921
siglip2_b16_224,face,601,face::train::121281.jpg,face::train::023736.jpg,0.9127440262139843
siglip2_b16_224,face,602,face::train::089537.jpg,face::train::042973.jpg,0.9126049902777158
siglip2_b16_224,face,603,face::train::138886.jpg,face::test::185812.jpg,0.9125650873889408
siglip2_b16_224,face,604,face::train::121281.jpg,face::train::063708.jpg,0.9125023080635422
siglip2_b16_224,face,605,face::train::065762.jpg,face::train::063708.jpg,0.9124874548057039
siglip2_b16_224,face,606,face::train::082954.jpg,face::test::189858.jpg,0.9124098227312041
siglip2_b16_224,face,607,face::train::143554.jpg,face::train::123459.jpg,0.9123773761429376
siglip2_b16_224,face,608,face::train::141457.jpg,face::train::001042.jpg,0.9123685882156898
siglip2_b16_224,face,609,face::train::091980.jpg,face::train::138886.jpg,0.912331238461447
siglip2_b16_224,face,610,face::train::166091.jpg,face::train::060309.jpg,0.9122809890015909
siglip2_b16_224,face,611,face::test::183801.jpg,face::test::196777.jpg,0.9121949067005475
siglip2_b16_224,face,612,face::train::170623.jpg,face::train::121281.jpg,0.91214929968869
siglip2_b16_224,face,613,face::train::032580.jpg,face::test::196611.jpg,0.9121033080382926
siglip2_b16_224,face,614,face::train::091980.jpg,face::train::053065.jpg,0.9120661658581094
siglip2_b16_224,face,615,face::train::053065.jpg,face::train::178129.jpg,0.9120297964634936
siglip2_b16_224,face,616,face::train::071174.jpg,face::test::189457.jpg,0.912003591708147
siglip2_b16_224,face,617,face::test::201409.jpg,face::test::196611.jpg,0.9119228304274949
siglip2_b16_224,face,618,face::train::150659.jpg,face::train::109762.jpg,0.9118427568997328
siglip2_b16_224,face,619,face::train::060309.jpg,face::train::092618.jpg,0.9118146496924241
siglip2_b16_224,face,620,face::test::189858.jpg,face::test::183801.jpg,0.911717328313143
siglip2_b16_224,face,621,face::train::082954.jpg,face::test::185812.jpg,0.9115825780657234
siglip2_b16_224,face,622,face::train::025692.jpg,face::test::189858.jpg,0.9114854806867534
siglip2_b16_224,face,623,face::train::063618.jpg,face::train::060555.jpg,0.9113805007824092
siglip2_b16_224,face,624,face::test::183801.jpg,face::test::184003.jpg,0.9113706808746556
siglip2_b16_224,face,625,face::train::138886.jpg,face::train::042973.jpg,0.9113559269994282
siglip2_b16_224,face,626,face::train::090489.jpg,face::train::088914.jpg,0.9113517099284596
siglip2_b16_224,face,627,face::train::170623.jpg,face::train::091980.jpg,0.911236781424689
siglip2_b16_224,face,628,face::train::023736.jpg,face::train::109762.jpg,0.9111896082154023
siglip2_b16_224,face,629,face::train::063708.jpg,face::train::026996.jpg,0.9111892972293211
siglip2_b16_224,face,630,face::train::063708.jpg,face::train::060309.jpg,0.911172844360448
siglip2_b16_224,face,631,face::train::042973.jpg,face::train::088914.jpg,0.9111370873357729
siglip2_b16_224,face,632,face::train::178129.jpg,face::test::201409.jpg,0.9110554860481348
siglip2_b16_224,face,633,face::train::063618.jpg,face::test::196611.jpg,0.910975067253778
siglip2_b16_224,face,634,face::train::088914.jpg,face::test::186223.jpg,0.9108445342239264
siglip2_b16_224,face,635,face::train::082954.jpg,face::test::196611.jpg,0.9108220716229631
siglip2_b16_224,face,636,face::train::063708.jpg,face::train::138886.jpg,0.9107674663310505
siglip2_b16_224,face,637,face::train::088914.jpg,face::test::201409.jpg,0.9107410465306759
siglip2_b16_224,face,638,face::train::137722.jpg,face::train::025692.jpg,0.9107084840609133
siglip2_b16_224,face,639,face::train::081413.jpg,face::train::008309.jpg,0.9106887872922502
siglip2_b16_224,face,640,face::train::138886.jpg,face::train::092618.jpg,0.9106557649368381
siglip2_b16_224,face,641,face::train::025692.jpg,face::train::141457.jpg,0.9106275385226852
siglip2_b16_224,face,642,face::train::008309.jpg,face::train::053065.jpg,0.9105289271375525
siglip2_b16_224,face,643,face::train::053065.jpg,face::train::092618.jpg,0.9104603357856313
siglip2_b16_224,face,644,face::train::063618.jpg,face::train::168471.jpg,0.9104576158858786
siglip2_b16_224,face,645,face::train::166091.jpg,face::train::042973.jpg,0.910391256159746
siglip2_b16_224,face,646,face::train::063618.jpg,face::train::092618.jpg,0.9103601251085072
siglip2_b16_224,face,647,face::train::001042.jpg,face::test::196611.jpg,0.9102118642915826
siglip2_b16_224,face,648,face::train::088914.jpg,face::test::196611.jpg,0.9101221349163481
siglip2_b16_224,face,649,face::train::081413.jpg,face::train::082954.jpg,0.9099875626496539
siglip2_b16_224,face,650,face::train::170623.jpg,face::train::178182.jpg,0.9098482726395019
siglip2_b16_224,face,651,face::train::090489.jpg,face::train::060309.jpg,0.909814784927049
siglip2_b16_224,face,652,face::test::189457.jpg,face::test::189858.jpg,0.9097665526081469
siglip2_b16_224,face,653,face::train::150659.jpg,face::train::042973.jpg,0.9097635311750807
siglip2_b16_224,face,654,face::train::060555.jpg,face::train::109762.jpg,0.9096307531496924
siglip2_b16_224,face,655,face::train::129132.jpg,face::test::185812.jpg,0.9095470861628009
siglip2_b16_224,face,656,face::train::123459.jpg,face::train::032580.jpg,0.9093743143949267
siglip2_b16_224,face,657,face::train::121281.jpg,face::train::082954.jpg,0.9093501862480007
siglip2_b16_224,face,658,face::train::170623.jpg,face::train::089537.jpg,0.909164243275489
siglip2_b16_224,face,659,face::train::081413.jpg,face::train::141457.jpg,0.9091324258520013
siglip2_b16_224,face,660,face::train::170623.jpg,face::train::123459.jpg,0.9090871601111511
siglip2_b16_224,face,661,face::train::092618.jpg,face::train::088914.jpg,0.9089986536889934
siglip2_b16_224,face,662,face::train::170623.jpg,face::test::183801.jpg,0.9089919161597254
siglip2_b16_224,face,663,face::train::137722.jpg,face::train::023736.jpg,0.9089750087443056
siglip2_b16_224,face,664,face::train::023736.jpg,face::test::186223.jpg,0.9088665148404533
siglip2_b16_224,face,665,face::train::150659.jpg,face::train::026996.jpg,0.9088605862277532
siglip2_b16_224,face,666,face::train::082954.jpg,face::test::186223.jpg,0.9088183857344292
siglip2_b16_224,face,667,face::train::063618.jpg,face::train::101485.jpg,0.9088171182330231
siglip2_b16_224,face,668,face::train::090489.jpg,face::train::150659.jpg,0.9087541569067701
siglip2_b16_224,face,669,face::train::060555.jpg,face::test::186223.jpg,0.9087538553400685
siglip2_b16_224,face,670,face::train::109762.jpg,face::test::185812.jpg,0.9087399670853931
siglip2_b16_224,face,671,face::train::157804.jpg,face::train::001042.jpg,0.9087011533476513
siglip2_b16_224,face,672,face::train::157804.jpg,face::train::178182.jpg,0.9085617996771089
siglip2_b16_224,face,673,face::train::143554.jpg,face::train::149220.jpg,0.9084058166623064
siglip2_b16_224,face,674,face::train::166091.jpg,face::train::114832.jpg,0.9083999958484101
siglip2_b16_224,face,675,face::train::143554.jpg,face::test::183801.jpg,0.9083626794667805
siglip2_b16_224,face,676,face::train::060309.jpg,face::train::042973.jpg,0.908246256573727
siglip2_b16_224,face,677,face::train::008309.jpg,face::train::149220.jpg,0.908245760694323
siglip2_b16_224,face,678,face::train::091980.jpg,face::train::063618.jpg,0.9082119416399771
siglip2_b16_224,face,679,face::train::063708.jpg,face::train::150659.jpg,0.908164981893183
siglip2_b16_224,face,680,face::train::089537.jpg,face::train::123459.jpg,0.908161769351541
siglip2_b16_224,face,681,face::train::090489.jpg,face::train::141457.jpg,0.908102756213791
siglip2_b16_224,face,682,face::train::178182.jpg,face::train::063708.jpg,0.9080744138019999
siglip2_b16_224,face,683,face::train::089537.jpg,face::test::186223.jpg,0.907986596582506
siglip2_b16_224,face,684,face::train::089537.jpg,face::train::065762.jpg,0.9079834437230766
siglip2_b16_224,face,685,face::test::185812.jpg,face::test::201409.jpg,0.9079776171073684
siglip2_b16_224,face,686,face::train::065762.jpg,face::train::023736.jpg,0.9079521167108454
siglip2_b16_224,face,687,face::train::137722.jpg,face::train::166091.jpg,0.9079358861261029
siglip2_b16_224,face,688,face::train::137722.jpg,face::test::188858.jpg,0.9077645736773923
siglip2_b16_224,face,689,face::train::063708.jpg,face::train::178129.jpg,0.9076992801375129
siglip2_b16_224,face,690,face::train::123459.jpg,face::test::201409.jpg,0.9076369754450958
siglip2_b16_224,face,691,face::train::008309.jpg,face::train::141457.jpg,0.9075910817869955
siglip2_b16_224,face,692,face::train::091980.jpg,face::train::001042.jpg,0.9075565154167002
siglip2_b16_224,face,693,face::train::082954.jpg,face::train::109762.jpg,0.907527805879047
siglip2_b16_224,face,694,face::train::092618.jpg,face::train::001042.jpg,0.9075272619563999
siglip2_b16_224,face,695,face::train::089537.jpg,face::test::188858.jpg,0.9075205237505073
siglip2_b16_224,face,696,face::train::170623.jpg,face::train::092618.jpg,0.9075056378154809
siglip2_b16_224,face,697,face::train::081413.jpg,face::test::196777.jpg,0.90748354290838
siglip2_b16_224,face,698,face::train::081413.jpg,face::test::189457.jpg,0.9074587197720894
siglip2_b16_224,face,699,face::train::025692.jpg,face::train::178129.jpg,0.9074228545529286
siglip2_b16_224,face,700,face::train::150659.jpg,face::train::123459.jpg,0.9074120921926924
siglip2_b16_224,face,701,face::test::196777.jpg,face::test::196611.jpg,0.9073707487671303
siglip2_b16_224,face,702,face::train::065762.jpg,face::train::082954.jpg,0.9073645921600066
siglip2_b16_224,face,703,face::train::082954.jpg,face::train::088914.jpg,0.9073463080598774
siglip2_b16_224,face,704,face::train::023736.jpg,face::test::183801.jpg,0.9073125951932401
siglip2_b16_224,face,705,face::train::088914.jpg,face::test::188858.jpg,0.907276443513934
siglip2_b16_224,face,706,face::train::101485.jpg,face::train::109762.jpg,0.9072724339200872
siglip2_b16_224,face,707,face::train::082954.jpg,face::train::178129.jpg,0.9072575986486363
siglip2_b16_224,face,708,face::train::060555.jpg,face::train::123459.jpg,0.907155496959063
siglip2_b16_224,face,709,face::train::157804.jpg,face::train::123459.jpg,0.9071098339083734
siglip2_b16_224,face,710,face::train::081413.jpg,face::train::032580.jpg,0.9070702316653827
siglip2_b16_224,face,711,face::train::121281.jpg,face::train::008309.jpg,0.9069656752874402
siglip2_b16_224,face,712,face::train::170623.jpg,face::train::114832.jpg,0.9068176050057202
siglip2_b16_224,face,713,face::train::063708.jpg,face::train::088914.jpg,0.9067939722107614
siglip2_b16_224,face,714,face::train::157804.jpg,face::train::121281.jpg,0.9067288274710682
siglip2_b16_224,face,715,face::train::091980.jpg,face::test::185812.jpg,0.9066881604236285
siglip2_b16_224,face,716,face::train::178182.jpg,face::train::001042.jpg,0.9066407994413611
siglip2_b16_224,face,717,face::train::081413.jpg,face::test::201409.jpg,0.9065417576177184
siglip2_b16_224,face,718,face::train::090489.jpg,face::train::063618.jpg,0.9065076960138954
siglip2_b16_224,face,719,face::train::089537.jpg,face::train::178129.jpg,0.9064793512702511
siglip2_b16_224,face,720,face::train::101485.jpg,face::test::186223.jpg,0.9064755613794425
siglip2_b16_224,face,721,face::train::042973.jpg,face::test::201409.jpg,0.9064468585121008
siglip2_b16_224,face,722,face::train::123459.jpg,face::test::188858.jpg,0.9064297633401668
siglip2_b16_224,face,723,face::train::114832.jpg,face::train::063708.jpg,0.9064285563132672
siglip2_b16_224,face,724,face::train::026996.jpg,face::test::201409.jpg,0.9064080510100201
siglip2_b16_224,face,725,face::train::141457.jpg,face::test::201409.jpg,0.9063679850600616
siglip2_b16_224,face,726,face::train::025692.jpg,face::train::082954.jpg,0.9062741186963217
siglip2_b16_224,face,727,face::train::053065.jpg,face::test::183801.jpg,0.906231577967029
siglip2_b16_224,face,728,face::train::071174.jpg,face::train::157804.jpg,0.9061468889102713
siglip2_b16_224,face,729,face::train::053065.jpg,face::train::032580.jpg,0.9060992683114972
siglip2_b16_224,face,730,face::test::189858.jpg,face::test::196611.jpg,0.9060452255661374
siglip2_b16_224,face,731,face::train::114832.jpg,face::train::001042.jpg,0.9059888431872056
siglip2_b16_224,face,732,face::train::166091.jpg,face::train::025692.jpg,0.9059695156600209
siglip2_b16_224,face,733,face::train::157804.jpg,face::train::042973.jpg,0.9059365771839551
siglip2_b16_224,face,734,face::train::114832.jpg,face::train::025692.jpg,0.905936318663194
siglip2_b16_224,face,735,face::train::042973.jpg,face::train::141457.jpg,0.9059224861767915
siglip2_b16_224,face,736,face::train::092618.jpg,face::test::185812.jpg,0.9059191849423123
siglip2_b16_224,face,737,face::train::065762.jpg,face::train::109762.jpg,0.9059108258367252
siglip2_b16_224,face,738,face::train::025692.jpg,face::test::188858.jpg,0.9058861006078578
siglip2_b16_224,face,739,face::train::065762.jpg,face::train::101485.jpg,0.9058225445877931
siglip2_b16_224,face,740,face::train::091980.jpg,face::train::178182.jpg,0.905761123082828
siglip2_b16_224,face,741,face::train::178182.jpg,face::train::141457.jpg,0.9057536532890167
siglip2_b16_224,face,742,face::train::081413.jpg,face::train::123459.jpg,0.9057326886887391
siglip2_b16_224,face,743,face::train::109762.jpg,face::test::189457.jpg,0.9057202802583151
siglip2_b16_224,face,744,face::train::063618.jpg,face::test::188858.jpg,0.905668177217386
siglip2_b16_224,face,745,face::train::026996.jpg,face::train::088914.jpg,0.9055477071746403
siglip2_b16_224,face,746,face::train::008309.jpg,face::test::183801.jpg,0.9055391723445299
siglip2_b16_224,face,747,face::train::089537.jpg,face::train::109762.jpg,0.9055353333560744
siglip2_b16_224,face,748,face::train::081413.jpg,face::train::060309.jpg,0.9054283742150905
siglip2_b16_224,face,749,face::train::141457.jpg,face::test::186223.jpg,0.9054073456192725
siglip2_b16_224,face,750,face::train::025692.jpg,face::test::196611.jpg,0.9053852807879553
siglip2_b16_224,face,751,face::train::121281.jpg,face::train::032580.jpg,0.9053309660002951
siglip2_b16_224,face,752,face::train::063618.jpg,face::test::189858.jpg,0.9053212753080933
siglip2_b16_224,face,753,face::train::138886.jpg,face::test::184003.jpg,0.9052520473511793
siglip2_b16_224,face,754,face::train::089537.jpg,face::test::183801.jpg,0.905159775103203
siglip2_b16_224,face,755,face::train::170623.jpg,face::train::082954.jpg,0.9051538372985525
siglip2_b16_224,face,756,face::train::168471.jpg,face::train::123459.jpg,0.9051368101425687
siglip2_b16_224,face,757,face::train::071174.jpg,face::train::166091.jpg,0.9051037969682539
siglip2_b16_224,face,758,face::train::063708.jpg,face::test::196611.jpg,0.9050988116765022
siglip2_b16_224,face,759,face::train::178182.jpg,face::test::201409.jpg,0.9049826688140703
siglip2_b16_224,face,760,face::train::121281.jpg,face::train::001042.jpg,0.9049605331187186
siglip2_b16_224,face,761,face::train::088914.jpg,face::test::185812.jpg,0.9049434168852853
siglip2_b16_224,face,762,face::train::138886.jpg,face::test::186223.jpg,0.9049347852306144
siglip2_b16_224,face,763,face::train::071174.jpg,face::train::001042.jpg,0.9049013467244803
siglip2_b16_224,face,764,face::train::089537.jpg,face::train::026996.jpg,0.9048538578054197
siglip2_b16_224,face,765,face::train::166091.jpg,face::train::065762.jpg,0.9047914080845383
siglip2_b16_224,face,766,face::train::001042.jpg,face::test::183801.jpg,0.9046789988122002
siglip2_b16_224,face,767,face::train::166091.jpg,face::train::053065.jpg,0.9045482567731541
siglip2_b16_224,face,768,face::train::178182.jpg,face::train::032580.jpg,0.9045328150331986
siglip2_b16_224,face,769,face::train::071174.jpg,face::train::178182.jpg,0.9045266081039685
siglip2_b16_224,face,770,face::train::026996.jpg,face::test::196777.jpg,0.9044175082097208
siglip2_b16_224,face,771,face::train::129132.jpg,face::train::109762.jpg,0.9043735766564696
siglip2_b16_224,face,772,face::train::121281.jpg,face::train::042973.jpg,0.9042227211260219
siglip2_b16_224,face,773,face::train::091980.jpg,face::train::026996.jpg,0.9040732885792192
siglip2_b16_224,face,774,face::train::063708.jpg,face::train::025692.jpg,0.9039335092131029
siglip2_b16_224,face,775,face::train::178182.jpg,face::test::196777.jpg,0.9039112162024465
siglip2_b16_224,face,776,face::train::026996.jpg,face::train::001042.jpg,0.9038612706409996
siglip2_b16_224,face,777,face::train::121281.jpg,face::train::138886.jpg,0.9037624478531623
siglip2_b16_224,face,778,face::train::008309.jpg,face::train::178182.jpg,0.9037494158099415
siglip2_b16_224,face,779,face::test::196777.jpg,face::test::201409.jpg,0.9037152030472098
siglip2_b16_224,face,780,face::test::184003.jpg,face::test::201409.jpg,0.9036052293096817
siglip2_b16_224,face,781,face::train::060309.jpg,face::train::123459.jpg,0.9035748736409606
siglip2_b16_224,face,782,face::train::178182.jpg,face::train::150659.jpg,0.9034959913560576
siglip2_b16_224,face,783,face::train::089537.jpg,face::test::196611.jpg,0.903480603170931
siglip2_b16_224,face,784,face::train::150659.jpg,face::train::141457.jpg,0.9034684759175947
siglip2_b16_224,face,785,face::train::081413.jpg,face::train::042973.jpg,0.9034673844148731
siglip2_b16_224,face,786,face::train::149220.jpg,face::train::060555.jpg,0.9033566971070519
siglip2_b16_224,face,787,face::train::082954.jpg,face::test::188858.jpg,0.9032155851822281
siglip2_b16_224,face,788,face::train::053065.jpg,face::train::025692.jpg,0.9029884421364072
siglip2_b16_224,face,789,face::train::089537.jpg,face::train::001042.jpg,0.9029161396416918
siglip2_b16_224,face,790,face::train::091980.jpg,face::train::150659.jpg,0.902905125424982
siglip2_b16_224,face,791,face::train::063708.jpg,face::test::183801.jpg,0.9029049467557626
siglip2_b16_224,face,792,face::train::023736.jpg,face::test::189858.jpg,0.9029003532618541
siglip2_b16_224,face,793,face::train::091980.jpg,face::train::060309.jpg,0.9027209419726123
siglip2_b16_224,face,794,face::train::042973.jpg,face::test::186223.jpg,0.9026474877255743
siglip2_b16_224,face,795,face::train::091980.jpg,face::train::109762.jpg,0.9026433999031274
siglip2_b16_224,face,796,face::train::137722.jpg,face::train::129132.jpg,0.9025329205985129
siglip2_b16_224,face,797,face::train::071174.jpg,face::train::091980.jpg,0.9024870058858135
siglip2_b16_224,face,798,face::train::060309.jpg,face::test::189858.jpg,0.9024712459808655
siglip2_b16_224,face,799,face::train::090489.jpg,face::train::109762.jpg,0.9024208607520057
siglip2_b16_224,face,800,face::train::091980.jpg,face::train::088914.jpg,0.9024112957068555
siglip2_b16_224,face,801,face::train::114832.jpg,face::test::201409.jpg,0.9022279194294287
siglip2_b16_224,face,802,face::train::053065.jpg,face::train::060309.jpg,0.9021447515411004
siglip2_b16_224,face,803,face::train::071174.jpg,face::train::042973.jpg,0.9020942657279207
siglip2_b16_224,face,804,face::train::157804.jpg,face::train::114832.jpg,0.902074663874413
siglip2_b16_224,face,805,face::train::129132.jpg,face::train::053065.jpg,0.9020745405742495
siglip2_b16_224,face,806,face::train::032580.jpg,face::test::183801.jpg,0.9020617124230377
siglip2_b16_224,face,807,face::train::157804.jpg,face::train::063618.jpg,0.9020361136251075
siglip2_b16_224,face,808,face::train::143554.jpg,face::test::184003.jpg,0.9020141042513572
siglip2_b16_224,face,809,face::train::008309.jpg,face::test::189858.jpg,0.9018708749928502
siglip2_b16_224,face,810,face::train::023736.jpg,face::train::141457.jpg,0.9018621049608966
siglip2_b16_224,face,811,face::train::071174.jpg,face::train::025692.jpg,0.9018254834707641
siglip2_b16_224,face,812,face::train::089537.jpg,face::train::063708.jpg,0.9016433825135906
siglip2_b16_224,face,813,face::train::138886.jpg,face::train::026996.jpg,0.9016287570075883
siglip2_b16_224,face,814,face::train::178182.jpg,face::test::189858.jpg,0.9015669323008524
siglip2_b16_224,face,815,face::test::184003.jpg,face::test::196611.jpg,0.9013827799186118
siglip2_b16_224,face,816,face::train::082954.jpg,face::train::141457.jpg,0.9013697924678599
siglip2_b16_224,face,817,face::train::149220.jpg,face::test::189457.jpg,0.9013243435942095
siglip2_b16_224,face,818,face::train::042973.jpg,face::train::032580.jpg,0.9013030763948954
siglip2_b16_224,face,819,face::train::053065.jpg,face::train::026996.jpg,0.9012885576814846
siglip2_b16_224,face,820,face::train::150659.jpg,face::train::092618.jpg,0.9012496163717745
siglip2_b16_224,face,821,face::train::008309.jpg,face::train::026996.jpg,0.9011912766083858
siglip2_b16_224,face,822,face::train::157804.jpg,face::test::189858.jpg,0.90112078078021
siglip2_b16_224,face,823,face::train::137722.jpg,face::train::063708.jpg,0.9010609248388903
siglip2_b16_224,face,824,face::train::025692.jpg,face::test::196777.jpg,0.9010240847445763
siglip2_b16_224,face,825,face::train::129132.jpg,face::train::025692.jpg,0.9010147658454847
siglip2_b16_224,face,826,face::train::149220.jpg,face::test::201409.jpg,0.9009260235751808
siglip2_b16_224,face,827,face::train::081413.jpg,face::test::189858.jpg,0.9009147563814707
siglip2_b16_224,face,828,face::train::081413.jpg,face::train::114832.jpg,0.9008213463174986
siglip2_b16_224,face,829,face::train::082954.jpg,face::test::183801.jpg,0.9007550899999035
siglip2_b16_224,face,830,face::train::042973.jpg,face::test::189858.jpg,0.9007380685828674
siglip2_b16_224,face,831,face::train::138886.jpg,face::train::123459.jpg,0.9006711415158117
siglip2_b16_224,face,832,face::train::166091.jpg,face::train::123459.jpg,0.9006595684247904
siglip2_b16_224,face,833,face::test::189858.jpg,face::test::201409.jpg,0.9005982850375109
siglip2_b16_224,face,834,face::train::138886.jpg,face::test::196777.jpg,0.9005403698106085
siglip2_b16_224,face,835,face::train::114832.jpg,face::test::196777.jpg,0.9004732372120547
siglip2_b16_224,face,836,face::train::149220.jpg,face::train::032580.jpg,0.9003268619439577
siglip2_b16_224,face,837,face::test::189457.jpg,face::test::196777.jpg,0.900305561002458
siglip2_b16_224,face,838,face::train::166091.jpg,face::train::109762.jpg,0.9001129438296622
siglip2_b16_224,face,839,face::train::178129.jpg,face::train::032580.jpg,0.8999289616096133
siglip2_b16_224,face,840,face::test::185812.jpg,face::test::188858.jpg,0.8999112677801109
siglip2_b16_224,face,841,face::train::149220.jpg,face::train::001042.jpg,0.899899217851617
siglip2_b16_224,face,842,face::train::063618.jpg,face::train::026996.jpg,0.8998720357405037
siglip2_b16_224,face,843,face::test::189457.jpg,face::test::185812.jpg,0.8998504876516721
siglip2_b16_224,face,844,face::train::143554.jpg,face::train::141457.jpg,0.8998408498227218
siglip2_b16_224,face,845,face::train::053065.jpg,face::train::082954.jpg,0.8998027933561893
siglip2_b16_224,face,846,face::train::060309.jpg,face::test::188858.jpg,0.8997332003799834
siglip2_b16_224,face,847,face::train::178182.jpg,face::train::082954.jpg,0.8997140510734065
siglip2_b16_224,face,848,face::train::071174.jpg,face::train::129132.jpg,0.8996500676644277
siglip2_b16_224,face,849,face::train::032580.jpg,face::test::188858.jpg,0.8994934720325539
siglip2_b16_224,face,850,face::train::053065.jpg,face::train::065762.jpg,0.899393942664976
siglip2_b16_224,face,851,face::train::129132.jpg,face::train::123459.jpg,0.8992685891381034
siglip2_b16_224,face,852,face::train::141457.jpg,face::train::032580.jpg,0.8992482212625559
siglip2_b16_224,face,853,face::train::091980.jpg,face::train::042973.jpg,0.8992115349993348
siglip2_b16_224,face,854,face::train::143554.jpg,face::test::196777.jpg,0.8992001556956416
siglip2_b16_224,face,855,face::train::170623.jpg,face::test::185812.jpg,0.899158258250437
siglip2_b16_224,face,856,face::train::053065.jpg,face::test::189858.jpg,0.8990956682874799
siglip2_b16_224,face,857,face::train::053065.jpg,face::train::138886.jpg,0.8990766146417635
siglip2_b16_224,face,858,face::train::053065.jpg,face::test::196611.jpg,0.8988989790601201
siglip2_b16_224,face,859,face::train::149220.jpg,face::train::042973.jpg,0.898846809731541
siglip2_b16_224,face,860,face::train::121281.jpg,face::train::149220.jpg,0.8988363270166218
siglip2_b16_224,face,861,face::train::123459.jpg,face::test::189457.jpg,0.8987838518154736
siglip2_b16_224,face,862,face::train::088914.jpg,face::test::189858.jpg,0.8987074823885755
siglip2_b16_224,face,863,face::train::101485.jpg,face::train::149220.jpg,0.8986403984943266
siglip2_b16_224,face,864,face::train::114832.jpg,face::train::082954.jpg,0.8985982151793313
siglip2_b16_224,face,865,face::train::053065.jpg,face::train::023736.jpg,0.8985903088948948
siglip2_b16_224,face,866,face::train::081413.jpg,face::train::137722.jpg,0.898395161660789
siglip2_b16_224,face,867,face::train::114832.jpg,face::train::178182.jpg,0.8983582368952387
siglip2_b16_224,face,868,face::train::149220.jpg,face::train::060309.jpg,0.8982037342108133
siglip2_b16_224,face,869,face::test::185812.jpg,face::test::196611.jpg,0.8981975432678967
siglip2_b16_224,face,870,face::train::091980.jpg,face::test::186223.jpg,0.8981781102073952
siglip2_b16_224,face,871,face::train::137722.jpg,face::test::184003.jpg,0.8981402375075953
siglip2_b16_224,face,872,face::train::008309.jpg,face::train::073196.jpg,0.8980720718339912
siglip2_b16_224,face,873,face::train::025692.jpg,face::test::201409.jpg,0.8978602808978173
siglip2_b16_224,face,874,face::test::185812.jpg,face::test::189858.jpg,0.8978394319647833
siglip2_b16_224,face,875,face::train::071174.jpg,face::train::143554.jpg,0.8978046287791726
siglip2_b16_224,face,876,face::train::157804.jpg,face::train::053065.jpg,0.8977977090695045
siglip2_b16_224,face,877,face::train::023736.jpg,face::train::149220.jpg,0.8977873558872584
siglip2_b16_224,face,878,face::train::114832.jpg,face::train::143554.jpg,0.8977798607183365
siglip2_b16_224,face,879,face::train::042973.jpg,face::test::196611.jpg,0.8976344168055728
siglip2_b16_224,face,880,face::train::149220.jpg,face::train::123459.jpg,0.8976096955915229
siglip2_b16_224,face,881,face::train::091980.jpg,face::train::065762.jpg,0.8975376580375705
siglip2_b16_224,face,882,face::train::178182.jpg,face::train::089537.jpg,0.8974773266893954
siglip2_b16_224,face,883,face::train::082954.jpg,face::train::001042.jpg,0.897474592949864
siglip2_b16_224,face,884,face::train::060309.jpg,face::test::196611.jpg,0.8974705426091709
siglip2_b16_224,face,885,face::test::183801.jpg,face::test::201409.jpg,0.8974479638492043
siglip2_b16_224,face,886,face::train::123459.jpg,face::train::109762.jpg,0.8973815699547714
siglip2_b16_224,face,887,face::train::137722.jpg,face::train::053065.jpg,0.8973108959868643
siglip2_b16_224,face,888,face::train::137722.jpg,face::train::178182.jpg,0.8972954219155245
siglip2_b16_224,face,889,face::train::121281.jpg,face::train::089537.jpg,0.8972529388710582
siglip2_b16_224,face,890,face::train::032580.jpg,face::test::189858.jpg,0.8972016289898954
siglip2_b16_224,face,891,face::train::089537.jpg,face::train::141457.jpg,0.896964211238131
siglip2_b16_224,face,892,face::train::150659.jpg,face::test::189858.jpg,0.8968785447089342
siglip2_b16_224,face,893,face::train::157804.jpg,face::train::063708.jpg,0.896854430322925
siglip2_b16_224,face,894,face::train::150659.jpg,face::train::178129.jpg,0.8967915433103807
siglip2_b16_224,face,895,face::train::088914.jpg,face::test::183801.jpg,0.8967449060871382
siglip2_b16_224,face,896,face::train::023736.jpg,face::test::196777.jpg,0.8965657644455607
siglip2_b16_224,face,897,face::test::186223.jpg,face::test::188858.jpg,0.8965348535988222
siglip2_b16_224,face,898,face::train::053065.jpg,face::train::089537.jpg,0.8964707583360156
siglip2_b16_224,face,899,face::train::114832.jpg,face::train::042973.jpg,0.8964497610401099
siglip2_b16_224,face,900,face::train::071174.jpg,face::train::088914.jpg,0.8964381932343011
siglip2_b16_224,face,901,face::train::137722.jpg,face::train::157804.jpg,0.8963311280303318
siglip2_b16_224,face,902,face::train::071174.jpg,face::train::123459.jpg,0.8963103985832741
siglip2_b16_224,face,903,face::train::137722.jpg,face::test::201409.jpg,0.8962964225134954
siglip2_b16_224,face,904,face::train::065762.jpg,face::test::188858.jpg,0.8960935897076235
siglip2_b16_224,face,905,face::train::114832.jpg,face::train::008309.jpg,0.8960825998736053
siglip2_b16_224,face,906,face::train::114832.jpg,face::train::089537.jpg,0.8960453137157223
siglip2_b16_224,face,907,face::train::090489.jpg,face::train::149220.jpg,0.8960229079381055
siglip2_b16_224,face,908,face::train::137722.jpg,face::train::143554.jpg,0.8959697396191789
siglip2_b16_224,face,909,face::train::001042.jpg,face::test::184003.jpg,0.8957933909020015
siglip2_b16_224,face,910,face::train::138886.jpg,face::test::183801.jpg,0.8956521571081568
siglip2_b16_224,face,911,face::train::088914.jpg,face::train::109762.jpg,0.895608311338455
siglip2_b16_224,face,912,face::train::170623.jpg,face::train::137722.jpg,0.8955353098988084
siglip2_b16_224,face,913,face::train::060309.jpg,face::train::141457.jpg,0.8953632750325715
siglip2_b16_224,face,914,face::train::114832.jpg,face::train::032580.jpg,0.8952756141655175
siglip2_b16_224,face,915,face::train::001042.jpg,face::test::189858.jpg,0.8951566649748584
siglip2_b16_224,face,916,face::train::168471.jpg,face::train::149220.jpg,0.8949285683943695
siglip2_b16_224,face,917,face::train::090489.jpg,face::train::065762.jpg,0.8949106501870185
siglip2_b16_224,face,918,face::train::071174.jpg,face::train::150659.jpg,0.8948133136262879
siglip2_b16_224,face,919,face::train::109762.jpg,face::test::186223.jpg,0.8947752608285984
siglip2_b16_224,face,920,face::train::141457.jpg,face::test::189858.jpg,0.8947085239480796
siglip2_b16_224,face,921,face::train::178129.jpg,face::test::185812.jpg,0.8946853630698914
siglip2_b16_224,face,922,face::train::042973.jpg,face::test::183801.jpg,0.8946828230602386
siglip2_b16_224,face,923,face::train::178182.jpg,face::train::025692.jpg,0.8946756115325916
siglip2_b16_224,face,924,face::train::141457.jpg,face::test::184003.jpg,0.8944005612229002
siglip2_b16_224,face,925,face::train::081413.jpg,face::train::109762.jpg,0.894312310715755
siglip2_b16_224,face,926,face::train::092618.jpg,face::train::109762.jpg,0.8942590361356317
siglip2_b16_224,face,927,face::train::082954.jpg,face::test::184003.jpg,0.8942549858751577
siglip2_b16_224,face,928,face::train::114832.jpg,face::train::053065.jpg,0.8940201808970984
siglip2_b16_224,face,929,face::train::121281.jpg,face::train::088914.jpg,0.8939380971596731
siglip2_b16_224,face,930,face::train::149220.jpg,face::test::188858.jpg,0.8938411076905086
siglip2_b16_224,face,931,face::train::071174.jpg,face::train::063708.jpg,0.8938221224337259
siglip2_b16_224,face,932,face::train::114832.jpg,face::train::150659.jpg,0.8938126113762275
siglip2_b16_224,face,933,face::train::071174.jpg,face::train::008309.jpg,0.8932791809310763
siglip2_b16_224,face,934,face::train::178129.jpg,face::train::123459.jpg,0.8931705230864516
siglip2_b16_224,face,935,face::train::178182.jpg,face::train::149220.jpg,0.8931235893930521
siglip2_b16_224,face,936,face::train::025692.jpg,face::train::001042.jpg,0.893068418199297
siglip2_b16_224,face,937,face::train::063708.jpg,face::train::082954.jpg,0.8930462534244408
siglip2_b16_224,face,938,face::train::121281.jpg,face::train::123459.jpg,0.8930307913996343
siglip2_b16_224,face,939,face::train::026996.jpg,face::test::189858.jpg,0.8929884762528079
siglip2_b16_224,face,940,face::train::042973.jpg,face::train::109762.jpg,0.8928808999134665
siglip2_b16_224,face,941,face::train::071174.jpg,face::train::053065.jpg,0.8928680293333735
siglip2_b16_224,face,942,face::train::114832.jpg,face::test::189858.jpg,0.8927017418318488
siglip2_b16_224,face,943,face::train::025692.jpg,face::test::186223.jpg,0.8926973352206049
siglip2_b16_224,face,944,face::test::185812.jpg,face::test::183801.jpg,0.8926692547623989
siglip2_b16_224,face,945,face::train::088914.jpg,face::train::141457.jpg,0.8926144133326913
siglip2_b16_224,face,946,face::train::123459.jpg,face::test::196611.jpg,0.892598215934635
siglip2_b16_224,face,947,face::train::137722.jpg,face::train::042973.jpg,0.8925162733084533
siglip2_b16_224,face,948,face::test::186223.jpg,face::test::185812.jpg,0.8924656278016533
siglip2_b16_224,face,949,face::train::166091.jpg,face::test::186223.jpg,0.892399447834539
siglip2_b16_224,face,950,face::train::178182.jpg,face::train::088914.jpg,0.8923768275213149
siglip2_b16_224,face,951,face::train::178182.jpg,face::test::184003.jpg,0.8922676168715972
siglip2_b16_224,face,952,face::train::143554.jpg,face::train::025692.jpg,0.8921426832144976
siglip2_b16_224,face,953,face::train::170623.jpg,face::train::149220.jpg,0.892100159653174
siglip2_b16_224,face,954,face::train::065762.jpg,face::train::073196.jpg,0.8920568617446212
siglip2_b16_224,face,955,face::train::170623.jpg,face::train::025692.jpg,0.8919930035013579
siglip2_b16_224,face,956,face::train::060309.jpg,face::train::178129.jpg,0.8919700446649539
siglip2_b16_224,face,957,face::train::143554.jpg,face::train::063618.jpg,0.8919116934869589
siglip2_b16_224,face,958,face::train::082954.jpg,face::test::196777.jpg,0.8918174958501763
siglip2_b16_224,face,959,face::train::053065.jpg,face::test::184003.jpg,0.8917819458888263
siglip2_b16_224,face,960,face::train::071174.jpg,face::train::089537.jpg,0.8917426836256057
siglip2_b16_224,face,961,face::train::071174.jpg,face::train::082954.jpg,0.8916973176916758
siglip2_b16_224,face,962,face::train::123459.jpg,face::train::001042.jpg,0.8913883933943458
siglip2_b16_224,face,963,face::train::089537.jpg,face::test::196777.jpg,0.8913726251835958
siglip2_b16_224,face,964,face::train::053065.jpg,face::test::185812.jpg,0.8913483627809451
siglip2_b16_224,face,965,face::train::060309.jpg,face::train::026996.jpg,0.8913109695550113
siglip2_b16_224,face,966,face::train::001042.jpg,face::train::109762.jpg,0.8912665974004043
siglip2_b16_224,face,967,face::train::081413.jpg,face::train::001042.jpg,0.8910178482734803
siglip2_b16_224,face,968,face::train::042973.jpg,face::train::123459.jpg,0.890980838300073
siglip2_b16_224,face,969,face::train::026996.jpg,face::test::184003.jpg,0.8908901112511596
siglip2_b16_224,face,970,face::train::060309.jpg,face::train::073196.jpg,0.890862052570629
siglip2_b16_224,face,971,face::train::123459.jpg,face::test::186223.jpg,0.8908614288399297
siglip2_b16_224,face,972,face::train::026996.jpg,face::train::082954.jpg,0.8908577603025614
siglip2_b16_224,face,973,face::train::063708.jpg,face::test::196777.jpg,0.8907805142829045
siglip2_b16_224,face,974,face::train::114832.jpg,face::train::088914.jpg,0.890735198112973
siglip2_b16_224,face,975,face::train::065762.jpg,face::train::123459.jpg,0.8905946303480858
siglip2_b16_224,face,976,face::train::109762.jpg,face::test::189858.jpg,0.8904640433684627
siglip2_b16_224,face,977,face::train::178182.jpg,face::train::060309.jpg,0.8904177123556762
siglip2_b16_224,face,978,face::train::091980.jpg,face::train::123459.jpg,0.8904167170000978
siglip2_b16_224,face,979,face::train::137722.jpg,face::train::001042.jpg,0.8899912920002923
siglip2_b16_224,face,980,face::train::065762.jpg,face::test::185812.jpg,0.8899281292025111
siglip2_b16_224,face,981,face::train::138886.jpg,face::train::149220.jpg,0.8898229757979181
siglip2_b16_224,face,982,face::train::063708.jpg,face::train::149220.jpg,0.8898209350882303
siglip2_b16_224,face,983,face::train::082954.jpg,face::train::042973.jpg,0.8897856592107911
siglip2_b16_224,face,984,face::train::065762.jpg,face::train::042973.jpg,0.8897299481814518
siglip2_b16_224,face,985,face::train::089537.jpg,face::test::184003.jpg,0.8896463505915835
siglip2_b16_224,face,986,face::train::138886.jpg,face::train::141457.jpg,0.889538800328121
siglip2_b16_224,face,987,face::train::082954.jpg,face::train::123459.jpg,0.8895302972669645
siglip2_b16_224,face,988,face::train::081413.jpg,face::train::025692.jpg,0.8893417524912226
siglip2_b16_224,face,989,face::train::178182.jpg,face::test::185812.jpg,0.8893339396136795
siglip2_b16_224,face,990,face::train::001042.jpg,face::test::185812.jpg,0.8893204478056583
siglip2_b16_224,face,991,face::train::090489.jpg,face::train::123459.jpg,0.8892675415006033
siglip2_b16_224,face,992,face::train::026996.jpg,face::train::032580.jpg,0.8892553337055022
siglip2_b16_224,face,993,face::train::121281.jpg,face::test::185812.jpg,0.8892431473376826
siglip2_b16_224,face,994,face::train::157804.jpg,face::test::184003.jpg,0.8892013169411679
siglip2_b16_224,face,995,face::train::121281.jpg,face::train::060309.jpg,0.8891594301235459
siglip2_b16_224,face,996,face::train::073196.jpg,face::train::088914.jpg,0.8891049211536232
siglip2_b16_224,face,997,face::train::065762.jpg,face::test::196611.jpg,0.889065551217483
siglip2_b16_224,face,998,face::train::178182.jpg,face::train::065762.jpg,0.8889116467315401
siglip2_b16_224,face,999,face::train::157804.jpg,face::train::025692.jpg,0.8888809864796879
siglip2_b16_224,face,1000,face::train::073196.jpg,face::train::032580.jpg,0.8888779011881824
siglip2_b16_224,face,1001,face::train::092618.jpg,face::test::186223.jpg,0.8887798546192798
siglip2_b16_224,face,1002,face::train::149220.jpg,face::test::185812.jpg,0.8887408638391885
siglip2_b16_224,face,1003,face::train::026996.jpg,face::train::123459.jpg,0.8886394821995428
siglip2_b16_224,face,1004,face::train::025692.jpg,face::train::032580.jpg,0.8886192679047324
siglip2_b16_224,face,1005,face::train::109762.jpg,face::test::196611.jpg,0.8884848989936834
siglip2_b16_224,face,1006,face::train::121281.jpg,face::train::150659.jpg,0.8883286320975522
siglip2_b16_224,face,1007,face::train::138886.jpg,face::train::073196.jpg,0.8882964080096436
siglip2_b16_224,face,1008,face::train::025692.jpg,face::train::026996.jpg,0.8882610536429891
siglip2_b16_224,face,1009,face::train::081413.jpg,face::test::184003.jpg,0.8882409233798493
siglip2_b16_224,face,1010,face::train::137722.jpg,face::train::089537.jpg,0.8880773491593532
siglip2_b16_224,face,1011,face::train::149220.jpg,face::test::186223.jpg,0.887772980089115
siglip2_b16_224,face,1012,face::train::063618.jpg,face::test::184003.jpg,0.8877380922415099
siglip2_b16_224,face,1013,face::train::149220.jpg,face::train::178129.jpg,0.8877190744091599
siglip2_b16_224,face,1014,face::train::123459.jpg,face::train::141457.jpg,0.8877020252660219
siglip2_b16_224,face,1015,face::train::026996.jpg,face::test::185812.jpg,0.8876740014718887
siglip2_b16_224,face,1016,face::train::089537.jpg,face::train::025692.jpg,0.8874916720244084
siglip2_b16_224,face,1017,face::train::090489.jpg,face::test::186223.jpg,0.8874671081127591
siglip2_b16_224,face,1018,face::train::081413.jpg,face::train::063708.jpg,0.8874234232674107
siglip2_b16_224,face,1019,face::train::042973.jpg,face::test::185812.jpg,0.887305110607438
siglip2_b16_224,face,1020,face::train::042973.jpg,face::test::196777.jpg,0.8872243308403648
siglip2_b16_224,face,1021,face::train::023736.jpg,face::test::184003.jpg,0.8871971772070231
siglip2_b16_224,face,1022,face::train::063708.jpg,face::train::109762.jpg,0.8869162151750001
siglip2_b16_224,face,1023,face::train::065762.jpg,face::test::189858.jpg,0.8868322177888983
siglip2_b16_224,face,1024,face::train::053065.jpg,face::train::109762.jpg,0.8867784577650063
siglip2_b16_224,face,1025,face::train::053065.jpg,face::train::123459.jpg,0.8866465102874928
siglip2_b16_224,face,1026,face::train::121281.jpg,face::train::109762.jpg,0.8866459450633914
siglip2_b16_224,face,1027,face::train::129132.jpg,face::test::186223.jpg,0.8866101828704488
siglip2_b16_224,face,1028,face::train::141457.jpg,face::test::185812.jpg,0.8862534672830319
siglip2_b16_224,face,1029,face::train::063618.jpg,face::train::138886.jpg,0.8861350491647018
siglip2_b16_224,face,1030,face::train::178182.jpg,face::train::063618.jpg,0.8860769815297366
siglip2_b16_224,face,1031,face::train::071174.jpg,face::train::032580.jpg,0.8859596442312109
siglip2_b16_224,face,1032,face::train::065762.jpg,face::train::092618.jpg,0.8859173559885738
siglip2_b16_224,face,1033,face::train::150659.jpg,face::test::183801.jpg,0.8858876678148697
siglip2_b16_224,face,1034,face::train::088914.jpg,face::test::196777.jpg,0.8858350402371147
siglip2_b16_224,face,1035,face::train::065762.jpg,face::train::149220.jpg,0.8857693705595548
siglip2_b16_224,face,1036,face::train::025692.jpg,face::train::042973.jpg,0.8857165409093599
siglip2_b16_224,face,1037,face::train::129132.jpg,face::train::149220.jpg,0.8856395958014509
siglip2_b16_224,face,1038,face::train::053065.jpg,face::train::150659.jpg,0.885529052256568
siglip2_b16_224,face,1039,face::train::157804.jpg,face::test::196777.jpg,0.8853095500271537
siglip2_b16_224,face,1040,face::train::137722.jpg,face::train::008309.jpg,0.8852459038481917
siglip2_b16_224,face,1041,face::train::063618.jpg,face::train::088914.jpg,0.8852277279443235
siglip2_b16_224,face,1042,face::train::065762.jpg,face::train::178129.jpg,0.8851474236031827
siglip2_b16_224,face,1043,face::train::137722.jpg,face::test::196777.jpg,0.8848654694152212
siglip2_b16_224,face,1044,face::test::186223.jpg,face::test::196611.jpg,0.8848299748312036
siglip2_b16_224,face,1045,face::train::137722.jpg,face::test::189858.jpg,0.8848257892294363
siglip2_b16_224,face,1046,face::train::092618.jpg,face::train::123459.jpg,0.8847653030176188
siglip2_b16_224,face,1047,face::train::109762.jpg,face::test::188858.jpg,0.8844736994567617
siglip2_b16_224,face,1048,face::train::060309.jpg,face::test::183801.jpg,0.8844405129696602
siglip2_b16_224,face,1049,face::train::060309.jpg,face::test::184003.jpg,0.8843983770678137
siglip2_b16_224,face,1050,face::train::081413.jpg,face::train::065762.jpg,0.8842680437931432
siglip2_b16_224,face,1051,face::train::123459.jpg,face::test::183801.jpg,0.884244471370079
siglip2_b16_224,face,1052,face::train::071174.jpg,face::test::201409.jpg,0.8841316017716492
siglip2_b16_224,face,1053,face::train::071174.jpg,face::test::185812.jpg,0.8840900880664853
siglip2_b16_224,face,1054,face::train::114832.jpg,face::test::185812.jpg,0.8839436642348337
siglip2_b16_224,face,1055,face::train::137722.jpg,face::train::032580.jpg,0.8838328195875036
siglip2_b16_224,face,1056,face::train::089537.jpg,face::train::149220.jpg,0.8833142568602108
siglip2_b16_224,face,1057,face::train::114832.jpg,face::train::060309.jpg,0.8831291661987439
siglip2_b16_224,face,1058,face::train::071174.jpg,face::test::184003.jpg,0.8830784736049584
siglip2_b16_224,face,1059,face::train::063618.jpg,face::train::141457.jpg,0.8829395709685537
siglip2_b16_224,face,1060,face::train::073196.jpg,face::train::123459.jpg,0.8829270112313418
siglip2_b16_224,face,1061,face::test::186223.jpg,face::test::183801.jpg,0.8827631203920003
siglip2_b16_224,face,1062,face::train::065762.jpg,face::train::026996.jpg,0.8826601975038353
siglip2_b16_224,face,1063,face::train::089537.jpg,face::train::073196.jpg,0.8825569854512249
siglip2_b16_224,face,1064,face::train::178182.jpg,face::train::109762.jpg,0.8824568379238635
siglip2_b16_224,face,1065,face::train::178182.jpg,face::test::186223.jpg,0.8823818216906569
siglip2_b16_224,face,1066,face::train::063618.jpg,face::train::025692.jpg,0.8823786429557323
siglip2_b16_224,face,1067,face::train::114832.jpg,face::train::138886.jpg,0.882313536490719
siglip2_b16_224,face,1068,face::train::065762.jpg,face::test::183801.jpg,0.882255478555431
siglip2_b16_224,face,1069,face::train::071174.jpg,face::train::138886.jpg,0.8822221534664463
siglip2_b16_224,face,1070,face::train::063618.jpg,face::test::201409.jpg,0.8821668600093644
siglip2_b16_224,face,1071,face::train::063708.jpg,face::train::123459.jpg,0.8820619530673561
siglip2_b16_224,face,1072,face::train::008309.jpg,face::test::184003.jpg,0.8818570023424548
siglip2_b16_224,face,1073,face::train::137722.jpg,face::train::082954.jpg,0.8817747278272405
siglip2_b16_224,face,1074,face::train::063618.jpg,face::train::023736.jpg,0.881772490766273
siglip2_b16_224,face,1075,face::train::063708.jpg,face::test::185812.jpg,0.881553907166666
siglip2_b16_224,face,1076,face::train::114832.jpg,face::train::123459.jpg,0.8815186918248135
siglip2_b16_224,face,1077,face::train::042973.jpg,face::test::184003.jpg,0.8813635341944064
siglip2_b16_224,face,1078,face::train::065762.jpg,face::train::141457.jpg,0.8813338290714011
siglip2_b16_224,face,1079,face::train::065762.jpg,face::test::184003.jpg,0.8812485885854973
siglip2_b16_224,face,1080,face::train::166091.jpg,face::train::149220.jpg,0.881238671088361
siglip2_b16_224,face,1081,face::train::065762.jpg,face::train::025692.jpg,0.8808812142705725
siglip2_b16_224,face,1082,face::train::137722.jpg,face::train::088914.jpg,0.8807419522767954
siglip2_b16_224,face,1083,face::train::063618.jpg,face::train::082954.jpg,0.8807303518121803
siglip2_b16_224,face,1084,face::train::170623.jpg,face::test::184003.jpg,0.8806556619419111
siglip2_b16_224,face,1085,face::train::178182.jpg,face::train::123459.jpg,0.8804761104313708
siglip2_b16_224,face,1086,face::train::063618.jpg,face::train::089537.jpg,0.8804043231207401
siglip2_b16_224,face,1087,face::train::170623.jpg,face::test::189858.jpg,0.8799302744130784
siglip2_b16_224,face,1088,face::train::026996.jpg,face::test::186223.jpg,0.8798965765467317
siglip2_b16_224,face,1089,face::train::053065.jpg,face::train::088914.jpg,0.879769813096471
siglip2_b16_224,face,1090,face::train::071174.jpg,face::test::196777.jpg,0.8796657139385383
siglip2_b16_224,face,1091,face::train::073196.jpg,face::test::201409.jpg,0.8796449720639219
siglip2_b16_224,face,1092,face::train::023736.jpg,face::train::073196.jpg,0.8793226421164742
siglip2_b16_224,face,1093,face::train::141457.jpg,face::test::196777.jpg,0.879261195856569
siglip2_b16_224,face,1094,face::train::137722.jpg,face::train::063618.jpg,0.878987131660627
siglip2_b16_224,face,1095,face::train::081413.jpg,face::train::053065.jpg,0.8789063865247786
siglip2_b16_224,face,1096,face::train::149220.jpg,face::train::082954.jpg,0.8788821891705185
siglip2_b16_224,face,1097,face::train::008309.jpg,face::train::063618.jpg,0.8786575667286731
siglip2_b16_224,face,1098,face::train::149220.jpg,face::train::092618.jpg,0.8785175483596289
siglip2_b16_224,face,1099,face::train::149220.jpg,face::train::109762.jpg,0.8784668757777926
siglip2_b16_224,face,1100,face::train::081413.jpg,face::train::149220.jpg,0.8783722507961319
siglip2_b16_224,face,1101,face::train::063618.jpg,face::test::189457.jpg,0.8783098036101435
siglip2_b16_224,face,1102,face::train::178129.jpg,face::test::186223.jpg,0.8782612953031899
siglip2_b16_224,face,1103,face::train::073196.jpg,face::test::186223.jpg,0.8781741946363074
siglip2_b16_224,face,1104,face::train::073196.jpg,face::test::185812.jpg,0.8781274709299083
siglip2_b16_224,face,1105,face::train::143554.jpg,face::train::073196.jpg,0.8780579463836276
siglip2_b16_224,face,1106,face::train::032580.jpg,face::test::196777.jpg,0.8779154289900291
siglip2_b16_224,face,1107,face::train::023736.jpg,face::train::025692.jpg,0.8778186053117654
siglip2_b16_224,face,1108,face::train::178129.jpg,face::train::109762.jpg,0.8776671721238885
siglip2_b16_224,face,1109,face::train::063618.jpg,face::train::032580.jpg,0.87758459821015
siglip2_b16_224,face,1110,face::train::088914.jpg,face::test::184003.jpg,0.8775763763931494
siglip2_b16_224,face,1111,face::train::071174.jpg,face::test::186223.jpg,0.8774934484255248
siglip2_b16_224,face,1112,face::train::032580.jpg,face::test::184003.jpg,0.877468571780526
siglip2_b16_224,face,1113,face::train::138886.jpg,face::train::025692.jpg,0.8773893118138288
siglip2_b16_224,face,1114,face::test::185812.jpg,face::test::196777.jpg,0.87732690460259
siglip2_b16_224,face,1115,face::train::053065.jpg,face::test::196777.jpg,0.8771619356739955
siglip2_b16_224,face,1116,face::train::071174.jpg,face::train::063618.jpg,0.8770897490808216
siglip2_b16_224,face,1117,face::train::063618.jpg,face::test::185812.jpg,0.8770315368432505
siglip2_b16_224,face,1118,face::train::008309.jpg,face::train::025692.jpg,0.8769962459803285
siglip2_b16_224,face,1119,face::train::063618.jpg,face::train::109762.jpg,0.8766998181234593
siglip2_b16_224,face,1120,face::train::025692.jpg,face::train::150659.jpg,0.876663303975802
siglip2_b16_224,face,1121,face::train::149220.jpg,face::train::088914.jpg,0.8766279852433254
siglip2_b16_224,face,1122,face::train::150659.jpg,face::test::184003.jpg,0.8758003704102655
siglip2_b16_224,face,1123,face::train::123459.jpg,face::test::189858.jpg,0.875747682198919
siglip2_b16_224,face,1124,face::train::150659.jpg,face::train::073196.jpg,0.8755901580532488
siglip2_b16_224,face,1125,face::train::091980.jpg,face::train::149220.jpg,0.8752076540050938
siglip2_b16_224,face,1126,face::train::149220.jpg,face::train::026996.jpg,0.8749753946730054
siglip2_b16_224,face,1127,face::train::001042.jpg,face::test::196777.jpg,0.8749620517415326
siglip2_b16_224,face,1128,face::train::109762.jpg,face::test::183801.jpg,0.8749224744135755
siglip2_b16_224,face,1129,face::train::071174.jpg,face::test::189858.jpg,0.8748916196135283
siglip2_b16_224,face,1130,face::train::149220.jpg,face::train::141457.jpg,0.8748771966942933
siglip2_b16_224,face,1131,face::test::185812.jpg,face::test::184003.jpg,0.8748561364326779
siglip2_b16_224,face,1132,face::train::008309.jpg,face::test::196777.jpg,0.8746672279264989
siglip2_b16_224,face,1133,face::train::026996.jpg,face::train::109762.jpg,0.8741858951367699
siglip2_b16_224,face,1134,face::train::121281.jpg,face::test::186223.jpg,0.8741777120511263
siglip2_b16_224,face,1135,face::train::137722.jpg,face::train::123459.jpg,0.8740410099713416
siglip2_b16_224,face,1136,face::train::025692.jpg,face::train::088914.jpg,0.873967467834883
siglip2_b16_224,face,1137,face::train::137722.jpg,face::test::186223.jpg,0.8738222344831597
siglip2_b16_224,face,1138,face::train::170623.jpg,face::test::196777.jpg,0.8736302588390982
siglip2_b16_224,face,1139,face::train::121281.jpg,face::train::065762.jpg,0.8734947984371553
siglip2_b16_224,face,1140,face::train::157804.jpg,face::train::149220.jpg,0.8733852903702258
siglip2_b16_224,face,1141,face::train::071174.jpg,face::train::149220.jpg,0.8733751827103109
siglip2_b16_224,face,1142,face::train::025692.jpg,face::test::185812.jpg,0.8733593079810335
siglip2_b16_224,face,1143,face::train::114832.jpg,face::test::186223.jpg,0.8731712823017986
siglip2_b16_224,face,1144,face::train::149220.jpg,face::train::073196.jpg,0.8731468169354131
siglip2_b16_224,face,1145,face::train::150659.jpg,face::test::196777.jpg,0.8729771495449583
siglip2_b16_224,face,1146,face::train::170623.jpg,face::train::063618.jpg,0.8726724363400639
siglip2_b16_224,face,1147,face::train::137722.jpg,face::train::138886.jpg,0.8725997619742186
siglip2_b16_224,face,1148,face::train::149220.jpg,face::train::150659.jpg,0.8725661564865583
siglip2_b16_224,face,1149,face::train::149220.jpg,face::test::183801.jpg,0.8725384321541141
siglip2_b16_224,face,1150,face::train::060309.jpg,face::test::196777.jpg,0.8724285527487206
siglip2_b16_224,face,1151,face::train::137722.jpg,face::train::060309.jpg,0.8721283149843178
siglip2_b16_224,face,1152,face::train::123459.jpg,face::test::184003.jpg,0.8717469489811451
siglip2_b16_224,face,1153,face::train::073196.jpg,face::train::109762.jpg,0.8716111313465764
siglip2_b16_224,face,1154,face::train::071174.jpg,face::train::060309.jpg,0.8715301339872377
siglip2_b16_224,face,1155,face::train::063618.jpg,face::train::123459.jpg,0.8714697807356654
siglip2_b16_224,face,1156,face::train::081413.jpg,face::test::186223.jpg,0.8707842405088989
siglip2_b16_224,face,1157,face::train::063618.jpg,face::train::150659.jpg,0.8705558108133726
siglip2_b16_224,face,1158,face::train::025692.jpg,face::train::109762.jpg,0.8703972657987766
siglip2_b16_224,face,1159,face::train::141457.jpg,face::train::109762.jpg,0.8697045847704776
siglip2_b16_224,face,1160,face::test::186223.jpg,face::test::189858.jpg,0.8696853110602689
siglip2_b16_224,face,1161,face::train::114832.jpg,face::train::063618.jpg,0.8694617601097825
siglip2_b16_224,face,1162,face::train::149220.jpg,face::test::196611.jpg,0.8693919187813111
siglip2_b16_224,face,1163,face::train::060309.jpg,face::train::025692.jpg,0.8693572471485633
siglip2_b16_224,face,1164,face::train::109762.jpg,face::test::196777.jpg,0.8690924073367647
siglip2_b16_224,face,1165,face::test::186223.jpg,face::test::184003.jpg,0.8682445355597666
siglip2_b16_224,face,1166,face::train::149220.jpg,face::test::189858.jpg,0.8678764335800428
siglip2_b16_224,face,1167,face::train::137722.jpg,face::test::185812.jpg,0.8658773029710747
siglip2_b16_224,face,1168,face::train::157804.jpg,face::train::073196.jpg,0.8658609007895477
siglip2_b16_224,face,1169,face::train::065762.jpg,face::test::196777.jpg,0.8654402303163486
siglip2_b16_224,face,1170,face::train::063618.jpg,face::train::060309.jpg,0.8644302400673893
siglip2_b16_224,face,1171,face::train::063618.jpg,face::train::063708.jpg,0.8641728401787001
siglip2_b16_224,face,1172,face::train::063618.jpg,face::train::042973.jpg,0.8632306565829047
siglip2_b16_224,face,1173,face::train::137722.jpg,face::train::150659.jpg,0.8630644758581467
siglip2_b16_224,face,1174,face::train::114832.jpg,face::train::065762.jpg,0.862831561187877
siglip2_b16_224,face,1175,face::train::025692.jpg,face::train::123459.jpg,0.8621320968448584
siglip2_b16_224,face,1176,face::train::123459.jpg,face::test::196777.jpg,0.8621061311662723
siglip2_b16_224,face,1177,face::train::053065.jpg,face::train::063618.jpg,0.8620768436062968
siglip2_b16_224,face,1178,face::train::137722.jpg,face::train::149220.jpg,0.8617132319760286
siglip2_b16_224,face,1179,face::train::149220.jpg,face::train::025692.jpg,0.8608760899225161
siglip2_b16_224,face,1180,face::train::082954.jpg,face::train::073196.jpg,0.8599170584966604
siglip2_b16_224,face,1181,face::train::137722.jpg,face::train::065762.jpg,0.8597185579879347
siglip2_b16_224,face,1182,face::train::114832.jpg,face::train::149220.jpg,0.8587584431289577
siglip2_b16_224,face,1183,face::train::060555.jpg,face::train::073196.jpg,0.8581944140493256
siglip2_b16_224,face,1184,face::train::063618.jpg,face::train::065762.jpg,0.8580000915635236
siglip2_b16_224,face,1185,face::train::170623.jpg,face::train::073196.jpg,0.8579053983029561
siglip2_b16_224,face,1186,face::train::166091.jpg,face::train::073196.jpg,0.8578558253317199
siglip2_b16_224,face,1187,face::train::149220.jpg,face::test::196777.jpg,0.8566430908041522
siglip2_b16_224,face,1188,face::train::073196.jpg,face::test::189457.jpg,0.8561067675892181
siglip2_b16_224,face,1189,face::train::109762.jpg,face::test::184003.jpg,0.855854919488176
siglip2_b16_224,face,1190,face::train::073196.jpg,face::train::001042.jpg,0.8554186113411588
siglip2_b16_224,face,1191,face::train::071174.jpg,face::train::109762.jpg,0.8543017239791557
siglip2_b16_224,face,1192,face::train::071174.jpg,face::train::065762.jpg,0.8527007038239371
siglip2_b16_224,face,1193,face::train::063618.jpg,face::train::001042.jpg,0.852685968364945
siglip2_b16_224,face,1194,face::train::114832.jpg,face::train::109762.jpg,0.8522116562263538
siglip2_b16_224,face,1195,face::train::101485.jpg,face::train::073196.jpg,0.851625643523537
siglip2_b16_224,face,1196,face::train::063618.jpg,face::train::149220.jpg,0.8505489838576954
siglip2_b16_224,face,1197,face::train::137722.jpg,face::train::109762.jpg,0.8504591498761009
siglip2_b16_224,face,1198,face::train::081413.jpg,face::train::073196.jpg,0.8502454078347972
siglip2_b16_224,face,1199,face::train::129132.jpg,face::train::073196.jpg,0.8498294284585508
siglip2_b16_224,face,1200,face::train::168471.jpg,face::train::073196.jpg,0.8496827083968098
siglip2_b16_224,face,1201,face::train::149220.jpg,face::test::184003.jpg,0.8496563063972814
siglip2_b16_224,face,1202,face::train::073196.jpg,face::test::196611.jpg,0.8407666846230508
siglip2_b16_224,face,1203,face::train::042973.jpg,face::train::073196.jpg,0.8393725531055678
siglip2_b16_224,face,1204,face::train::090489.jpg,face::train::073196.jpg,0.8386553153916321
siglip2_b16_224,face,1205,face::train::063708.jpg,face::train::073196.jpg,0.8374010357343742
siglip2_b16_224,face,1206,face::train::073196.jpg,face::train::178129.jpg,0.8359915333850305
siglip2_b16_224,face,1207,face::test::186223.jpg,face::test::196777.jpg,0.8353924311860148
siglip2_b16_224,face,1208,face::train::053065.jpg,face::train::073196.jpg,0.8340026629173556
siglip2_b16_224,face,1209,face::train::073196.jpg,face::test::188858.jpg,0.8339567846277427
siglip2_b16_224,face,1210,face::train::073196.jpg,face::test::189858.jpg,0.8327736623919731
siglip2_b16_224,face,1211,face::train::091980.jpg,face::train::073196.jpg,0.8304806365007054
siglip2_b16_224,face,1212,face::train::026996.jpg,face::train::073196.jpg,0.8273981677957465
siglip2_b16_224,face,1213,face::train::178182.jpg,face::train::073196.jpg,0.8266665721283273
siglip2_b16_224,face,1214,face::train::063618.jpg,face::test::186223.jpg,0.8221266519880954
siglip2_b16_224,face,1215,face::train::092618.jpg,face::train::073196.jpg,0.8217562645163661
siglip2_b16_224,face,1216,face::train::071174.jpg,face::train::073196.jpg,0.8169505097952482
siglip2_b16_224,face,1217,face::train::073196.jpg,face::train::141457.jpg,0.8159928003075707
siglip2_b16_224,face,1218,face::train::073196.jpg,face::test::183801.jpg,0.8151146854060991
siglip2_b16_224,face,1219,face::train::121281.jpg,face::train::073196.jpg,0.8134622038595087
siglip2_b16_224,face,1220,face::train::114832.jpg,face::train::073196.jpg,0.8097589560974516
siglip2_b16_224,face,1221,face::train::137722.jpg,face::train::073196.jpg,0.8059507131382547
siglip2_b16_224,face,1222,face::train::063618.jpg,face::train::073196.jpg,0.8054123393012065
siglip2_b16_224,face,1223,face::train::073196.jpg,face::test::196777.jpg,0.8020975373826456
siglip2_b16_224,face,1224,face::train::073196.jpg,face::test::184003.jpg,0.8006639209684433
siglip2_b16_224,face,1225,face::train::025692.jpg,face::train::073196.jpg,0.7951787451749587
jina_clip_v2,face,1,face::train::060555.jpg,face::train::032580.jpg,0.9796293089865706
jina_clip_v2,face,2,face::test::189457.jpg,face::test::184003.jpg,0.9754951708015407
jina_clip_v2,face,3,face::train::073196.jpg,face::train::032580.jpg,0.9750491189308574
jina_clip_v2,face,4,face::train::114832.jpg,face::train::060555.jpg,0.972391579479385
jina_clip_v2,face,5,face::train::114832.jpg,face::train::032580.jpg,0.9719537478744998
jina_clip_v2,face,6,face::train::089537.jpg,face::test::183801.jpg,0.9719353904121303
jina_clip_v2,face,7,face::train::060555.jpg,face::train::073196.jpg,0.9709704301221727
jina_clip_v2,face,8,face::train::032580.jpg,face::test::185812.jpg,0.9708659300129925
jina_clip_v2,face,9,face::train::114832.jpg,face::test::201409.jpg,0.9707932599385156
jina_clip_v2,face,10,face::train::042973.jpg,face::test::183801.jpg,0.9696215626863232
jina_clip_v2,face,11,face::train::123459.jpg,face::test::185812.jpg,0.967298400780951
jina_clip_v2,face,12,face::train::053065.jpg,face::train::178129.jpg,0.9672446789792063
jina_clip_v2,face,13,face::train::060555.jpg,face::test::185812.jpg,0.9670562958121852
jina_clip_v2,face,14,face::train::114832.jpg,face::test::185812.jpg,0.9668702662989335
jina_clip_v2,face,15,face::train::089537.jpg,face::train::138886.jpg,0.9657077511555056
jina_clip_v2,face,16,face::train::157804.jpg,face::train::109762.jpg,0.9653005090239717
jina_clip_v2,face,17,face::train::114832.jpg,face::train::073196.jpg,0.9647533043024239
jina_clip_v2,face,18,face::train::129132.jpg,face::train::060555.jpg,0.964317146873745
jina_clip_v2,face,19,face::train::114832.jpg,face::train::092618.jpg,0.964085883781156
jina_clip_v2,face,20,face::train::063708.jpg,face::train::060555.jpg,0.9639387283737656
jina_clip_v2,face,21,face::train::114832.jpg,face::train::123459.jpg,0.963877151052375
jina_clip_v2,face,22,face::train::042973.jpg,face::test::189858.jpg,0.963836269746852
jina_clip_v2,face,23,face::train::042973.jpg,face::train::001042.jpg,0.9629824874105458
jina_clip_v2,face,24,face::train::089537.jpg,face::train::042973.jpg,0.962920533233572
jina_clip_v2,face,25,face::train::166091.jpg,face::train::073196.jpg,0.9626866735197913
jina_clip_v2,face,26,face::train::138886.jpg,face::train::042973.jpg,0.9626422343568979
jina_clip_v2,face,27,face::train::138886.jpg,face::test::183801.jpg,0.9625844865266048
jina_clip_v2,face,28,face::train::073196.jpg,face::test::185812.jpg,0.961993956368569
jina_clip_v2,face,29,face::train::065762.jpg,face::train::026996.jpg,0.9619320829028783
jina_clip_v2,face,30,face::train::073196.jpg,face::test::189457.jpg,0.9613955365278063
jina_clip_v2,face,31,face::train::092618.jpg,face::train::073196.jpg,0.9609297746063287
jina_clip_v2,face,32,face::train::082954.jpg,face::train::042973.jpg,0.9609008006458848
jina_clip_v2,face,33,face::train::060555.jpg,face::train::092618.jpg,0.960331158504957
jina_clip_v2,face,34,face::train::089537.jpg,face::train::150659.jpg,0.960296803826056
jina_clip_v2,face,35,face::train::060555.jpg,face::test::201409.jpg,0.960211654871559
jina_clip_v2,face,36,face::test::189457.jpg,face::test::201409.jpg,0.959683451932187
jina_clip_v2,face,37,face::train::109762.jpg,face::test::189457.jpg,0.9593329960062388
jina_clip_v2,face,38,face::train::089537.jpg,face::train::082954.jpg,0.9590050026335205
jina_clip_v2,face,39,face::train::129132.jpg,face::test::185812.jpg,0.9585443937669836
jina_clip_v2,face,40,face::train::121281.jpg,face::test::183801.jpg,0.9585073527459509
jina_clip_v2,face,41,face::train::073196.jpg,face::test::201409.jpg,0.9584564165850344
jina_clip_v2,face,42,face::train::157804.jpg,face::train::060555.jpg,0.9581812925132874
jina_clip_v2,face,43,face::train::138886.jpg,face::train::026996.jpg,0.9581139989506988
jina_clip_v2,face,44,face::train::073196.jpg,face::train::109762.jpg,0.9580962956760792
jina_clip_v2,face,45,face::train::023736.jpg,face::train::060555.jpg,0.9580320084489087
jina_clip_v2,face,46,face::train::008309.jpg,face::test::201409.jpg,0.9579848267216655
jina_clip_v2,face,47,face::train::008309.jpg,face::train::060555.jpg,0.9577710542410397
jina_clip_v2,face,48,face::train::123459.jpg,face::train::032580.jpg,0.957765994693193
jina_clip_v2,face,49,face::train::168471.jpg,face::train::042973.jpg,0.9566211182347472
jina_clip_v2,face,50,face::train::025692.jpg,face::train::042973.jpg,0.956602421909282
jina_clip_v2,face,51,face::train::001042.jpg,face::test::183801.jpg,0.9565489299655566
jina_clip_v2,face,52,face::train::089537.jpg,face::train::026996.jpg,0.9561646330295039
jina_clip_v2,face,53,face::train::109762.jpg,face::test::184003.jpg,0.9560720131046302
jina_clip_v2,face,54,face::train::053065.jpg,face::test::183801.jpg,0.9560089526365599
jina_clip_v2,face,55,face::train::065762.jpg,face::train::001042.jpg,0.9558386045387686
jina_clip_v2,face,56,face::train::082954.jpg,face::test::183801.jpg,0.9556414510028125
jina_clip_v2,face,57,face::train::178129.jpg,face::test::183801.jpg,0.9551206705999912
jina_clip_v2,face,58,face::train::114832.jpg,face::train::008309.jpg,0.9549003712643214
jina_clip_v2,face,59,face::train::114832.jpg,face::train::129132.jpg,0.9545268320419649
jina_clip_v2,face,60,face::train::150659.jpg,face::test::183801.jpg,0.954504359629961
jina_clip_v2,face,61,face::train::166091.jpg,face::train::060555.jpg,0.9542913019620903
jina_clip_v2,face,62,face::train::060555.jpg,face::train::109762.jpg,0.9538587751197161
jina_clip_v2,face,63,face::train::121281.jpg,face::train::042973.jpg,0.9537805824900145
jina_clip_v2,face,64,face::train::157804.jpg,face::test::201409.jpg,0.95371467488787
jina_clip_v2,face,65,face::train::065762.jpg,face::train::138886.jpg,0.9537041029540153
jina_clip_v2,face,66,face::train::129132.jpg,face::train::023736.jpg,0.9536062836109618
jina_clip_v2,face,67,face::train::008309.jpg,face::train::073196.jpg,0.9532450987207701
jina_clip_v2,face,68,face::train::138886.jpg,face::train::082954.jpg,0.9530368754048397
jina_clip_v2,face,69,face::train::025692.jpg,face::train::178129.jpg,0.9526302254712766
jina_clip_v2,face,70,face::train::138886.jpg,face::train::150659.jpg,0.9525074379107443
jina_clip_v2,face,71,face::train::065762.jpg,face::train::042973.jpg,0.9524774956051284
jina_clip_v2,face,72,face::train::168471.jpg,face::train::150659.jpg,0.952401623673367
jina_clip_v2,face,73,face::train::114832.jpg,face::test::189457.jpg,0.952242598873684
jina_clip_v2,face,74,face::train::023736.jpg,face::train::073196.jpg,0.9520541452560344
jina_clip_v2,face,75,face::train::150659.jpg,face::train::042973.jpg,0.9519045636358778
jina_clip_v2,face,76,face::train::008309.jpg,face::train::109762.jpg,0.9517767330557055
jina_clip_v2,face,77,face::train::170623.jpg,face::train::166091.jpg,0.9516601157373115
jina_clip_v2,face,78,face::train::032580.jpg,face::test::201409.jpg,0.9515132184822719
jina_clip_v2,face,79,face::train::008309.jpg,face::train::032580.jpg,0.9510513750265804
jina_clip_v2,face,80,face::train::042973.jpg,face::train::178129.jpg,0.9510098300299059
jina_clip_v2,face,81,face::train::157804.jpg,face::train::060309.jpg,0.9509903522387781
jina_clip_v2,face,82,face::train::026996.jpg,face::train::042973.jpg,0.9507471887008229
jina_clip_v2,face,83,face::train::157804.jpg,face::train::073196.jpg,0.9505762226185631
jina_clip_v2,face,84,face::train::168471.jpg,face::train::082954.jpg,0.9505633868637028
jina_clip_v2,face,85,face::train::025692.jpg,face::test::183801.jpg,0.950553424779755
jina_clip_v2,face,86,face::train::114832.jpg,face::train::023736.jpg,0.9505024038062339
jina_clip_v2,face,87,face::train::023736.jpg,face::train::032580.jpg,0.9504764662993607
jina_clip_v2,face,88,face::train::053065.jpg,face::train::025692.jpg,0.9503501226571445
jina_clip_v2,face,89,face::train::168471.jpg,face::train::101485.jpg,0.950228878725898
jina_clip_v2,face,90,face::train::008309.jpg,face::train::129132.jpg,0.9502041756753415
jina_clip_v2,face,91,face::train::063708.jpg,face::train::073196.jpg,0.9499966500978023
jina_clip_v2,face,92,face::train::092618.jpg,face::train::032580.jpg,0.9496989637059894
jina_clip_v2,face,93,face::train::060555.jpg,face::train::123459.jpg,0.9496119763161103
jina_clip_v2,face,94,face::train::138886.jpg,face::test::189858.jpg,0.9495148302605688
jina_clip_v2,face,95,face::train::157804.jpg,face::train::008309.jpg,0.949415082964898
jina_clip_v2,face,96,face::train::121281.jpg,face::train::025692.jpg,0.9493545282178251
jina_clip_v2,face,97,face::train::121281.jpg,face::train::101485.jpg,0.9492595374584627
jina_clip_v2,face,98,face::train::091980.jpg,face::train::121281.jpg,0.9491521139242579
jina_clip_v2,face,99,face::test::189858.jpg,face::test::183801.jpg,0.9490585591915269
jina_clip_v2,face,100,face::train::170623.jpg,face::train::073196.jpg,0.9490320900223992
jina_clip_v2,face,101,face::train::129132.jpg,face::train::073196.jpg,0.9489835326531342
jina_clip_v2,face,102,face::train::091980.jpg,face::train::042973.jpg,0.948144889951268
jina_clip_v2,face,103,face::train::089537.jpg,face::train::065762.jpg,0.9481003321258795
jina_clip_v2,face,104,face::train::053065.jpg,face::train::042973.jpg,0.9480941781331941
jina_clip_v2,face,105,face::train::166091.jpg,face::test::189457.jpg,0.9480598344394701
jina_clip_v2,face,106,face::train::129132.jpg,face::train::060309.jpg,0.9479285371367907
jina_clip_v2,face,107,face::train::063708.jpg,face::train::109762.jpg,0.94766709384612
jina_clip_v2,face,108,face::train::121281.jpg,face::train::168471.jpg,0.9476219863290252
jina_clip_v2,face,109,face::test::184003.jpg,face::test::201409.jpg,0.9474319327445517
jina_clip_v2,face,110,face::train::168471.jpg,face::train::138886.jpg,0.9473961005560418
jina_clip_v2,face,111,face::train::063708.jpg,face::train::092618.jpg,0.9473298861081172
jina_clip_v2,face,112,face::train::109762.jpg,face::test::201409.jpg,0.9472896330089315
jina_clip_v2,face,113,face::train::114832.jpg,face::test::196777.jpg,0.9472488695102536
jina_clip_v2,face,114,face::train::166091.jpg,face::test::201409.jpg,0.9471626130762367
jina_clip_v2,face,115,face::train::150659.jpg,face::train::082954.jpg,0.9471440323275719
jina_clip_v2,face,116,face::train::168471.jpg,face::train::025692.jpg,0.9471031691075602
jina_clip_v2,face,117,face::train::023736.jpg,face::train::092618.jpg,0.9470285666379932
jina_clip_v2,face,118,face::train::063708.jpg,face::test::201409.jpg,0.9468668880720292
jina_clip_v2,face,119,face::train::082954.jpg,face::train::001042.jpg,0.9468312021132519
jina_clip_v2,face,120,face::train::166091.jpg,face::train::032580.jpg,0.9468142793985306
jina_clip_v2,face,121,face::train::114832.jpg,face::train::063708.jpg,0.9467112670455158
jina_clip_v2,face,122,face::train::026996.jpg,face::test::183801.jpg,0.9465320734462954
jina_clip_v2,face,123,face::train::101485.jpg,face::train::042973.jpg,0.9464912664200861
jina_clip_v2,face,124,face::train::092618.jpg,face::test::201409.jpg,0.9464570532047583
jina_clip_v2,face,125,face::train::129132.jpg,face::train::032580.jpg,0.9464521608456999
jina_clip_v2,face,126,face::train::170623.jpg,face::test::189457.jpg,0.9461880226988356
jina_clip_v2,face,127,face::train::063708.jpg,face::test::189457.jpg,0.9461552310546647
jina_clip_v2,face,128,face::train::178129.jpg,face::train::001042.jpg,0.946023851572063
jina_clip_v2,face,129,face::train::091980.jpg,face::train::178129.jpg,0.9459503500632807
jina_clip_v2,face,130,face::train::101485.jpg,face::test::183801.jpg,0.9459110938061244
jina_clip_v2,face,131,face::train::157804.jpg,face::train::114832.jpg,0.9454519310365401
jina_clip_v2,face,132,face::train::101485.jpg,face::train::150659.jpg,0.9450727581371747
jina_clip_v2,face,133,face::train::166091.jpg,face::train::109762.jpg,0.9449887534427053
jina_clip_v2,face,134,face::train::092618.jpg,face::test::185812.jpg,0.9448807190344742
jina_clip_v2,face,135,face::train::091980.jpg,face::train::053065.jpg,0.9448690581284749
jina_clip_v2,face,136,face::train::166091.jpg,face::train::114832.jpg,0.9447547486999951
jina_clip_v2,face,137,face::train::060309.jpg,face::test::185812.jpg,0.944261641094999
jina_clip_v2,face,138,face::train::008309.jpg,face::test::185812.jpg,0.9439515987328714
jina_clip_v2,face,139,face::train::121281.jpg,face::train::053065.jpg,0.9437585511946479
jina_clip_v2,face,140,face::train::065762.jpg,face::test::183801.jpg,0.9437207909015686
jina_clip_v2,face,141,face::train::091980.jpg,face::train::101485.jpg,0.9435221838438519
jina_clip_v2,face,142,face::train::060309.jpg,face::train::073196.jpg,0.9433254345730341
jina_clip_v2,face,143,face::train::023736.jpg,face::test::201409.jpg,0.9433235631881918
jina_clip_v2,face,144,face::train::090489.jpg,face::train::042973.jpg,0.9433152754095157
jina_clip_v2,face,145,face::train::053065.jpg,face::test::189858.jpg,0.9432575515923008
jina_clip_v2,face,146,face::train::101485.jpg,face::train::025692.jpg,0.9431130287864397
jina_clip_v2,face,147,face::train::091980.jpg,face::train::025692.jpg,0.9431016304126544
jina_clip_v2,face,148,face::train::129132.jpg,face::train::063708.jpg,0.9430511538885441
jina_clip_v2,face,149,face::train::008309.jpg,face::test::189457.jpg,0.9428037607000636
jina_clip_v2,face,150,face::train::157804.jpg,face::test::189457.jpg,0.9425903114112436
jina_clip_v2,face,151,face::train::129132.jpg,face::test::201409.jpg,0.9424595569222605
jina_clip_v2,face,152,face::train::008309.jpg,face::train::023736.jpg,0.9422513628726261
jina_clip_v2,face,153,face::train::065762.jpg,face::test::189457.jpg,0.9422201000140712
jina_clip_v2,face,154,face::train::023736.jpg,face::test::185812.jpg,0.9420287102430647
jina_clip_v2,face,155,face::test::196777.jpg,face::test::201409.jpg,0.9418301160376382
jina_clip_v2,face,156,face::train::121281.jpg,face::train::082954.jpg,0.9417582182975105
jina_clip_v2,face,157,face::train::166091.jpg,face::train::023736.jpg,0.9416918601376902
jina_clip_v2,face,158,face::train::090489.jpg,face::train::065762.jpg,0.9416330608520108
jina_clip_v2,face,159,face::train::138886.jpg,face::train::001042.jpg,0.9415717537554475
jina_clip_v2,face,160,face::train::166091.jpg,face::test::184003.jpg,0.9415254379032375
jina_clip_v2,face,161,face::train::168471.jpg,face::test::183801.jpg,0.941524293220003
jina_clip_v2,face,162,face::train::101485.jpg,face::train::178129.jpg,0.9414157841289769
jina_clip_v2,face,163,face::train::060555.jpg,face::test::189457.jpg,0.941381840471728
jina_clip_v2,face,164,face::train::157804.jpg,face::train::032580.jpg,0.9412836463383722
jina_clip_v2,face,165,face::train::150659.jpg,face::train::026996.jpg,0.9412822128226953
jina_clip_v2,face,166,face::train::157804.jpg,face::train::063618.jpg,0.9412365246925607
jina_clip_v2,face,167,face::train::178129.jpg,face::test::196611.jpg,0.9410400617194857
jina_clip_v2,face,168,face::train::123459.jpg,face::test::201409.jpg,0.9409179532981702
jina_clip_v2,face,169,face::test::185812.jpg,face::test::201409.jpg,0.9408842382411667
jina_clip_v2,face,170,face::train::053065.jpg,face::test::188858.jpg,0.9408643749096186
jina_clip_v2,face,171,face::train::026996.jpg,face::train::001042.jpg,0.9407319936256974
jina_clip_v2,face,172,face::train::121281.jpg,face::train::089537.jpg,0.9407042365163459
jina_clip_v2,face,173,face::train::157804.jpg,face::train::092618.jpg,0.9406404200795245
jina_clip_v2,face,174,face::train::032580.jpg,face::train::109762.jpg,0.940248462747728
jina_clip_v2,face,175,face::train::073196.jpg,face::train::123459.jpg,0.9399882825506412
jina_clip_v2,face,176,face::train::157804.jpg,face::train::063708.jpg,0.9399484158173984
jina_clip_v2,face,177,face::train::023736.jpg,face::train::123459.jpg,0.9398015378836411
jina_clip_v2,face,178,face::train::089537.jpg,face::train::001042.jpg,0.9397727353009925
jina_clip_v2,face,179,face::train::129132.jpg,face::train::088914.jpg,0.9397641818165733
jina_clip_v2,face,180,face::train::065762.jpg,face::train::082954.jpg,0.9392804893012262
jina_clip_v2,face,181,face::train::073196.jpg,face::test::184003.jpg,0.9392472998246945
jina_clip_v2,face,182,face::train::090489.jpg,face::test::183801.jpg,0.9391582771581358
jina_clip_v2,face,183,face::train::063618.jpg,face::train::060309.jpg,0.9390070253857263
jina_clip_v2,face,184,face::train::178182.jpg,face::train::065762.jpg,0.9388420557791745
jina_clip_v2,face,185,face::train::157804.jpg,face::test::184003.jpg,0.9387358465302763
jina_clip_v2,face,186,face::train::063708.jpg,face::train::032580.jpg,0.9386030293173797
jina_clip_v2,face,187,face::train::001042.jpg,face::test::189858.jpg,0.9385112676205893
jina_clip_v2,face,188,face::train::091980.jpg,face::train::168471.jpg,0.9384970052932443
jina_clip_v2,face,189,face::train::121281.jpg,face::test::189858.jpg,0.9380245798393744
jina_clip_v2,face,190,face::train::025692.jpg,face::train::082954.jpg,0.9379079361005233
jina_clip_v2,face,191,face::train::178182.jpg,face::train::042973.jpg,0.9377523935303366
jina_clip_v2,face,192,face::train::023736.jpg,face::train::109762.jpg,0.9373264704294195
jina_clip_v2,face,193,face::train::008309.jpg,face::train::123459.jpg,0.9372585285556769
jina_clip_v2,face,194,face::train::092618.jpg,face::test::189457.jpg,0.937246708740698
jina_clip_v2,face,195,face::train::101485.jpg,face::train::082954.jpg,0.9372169831302919
jina_clip_v2,face,196,face::train::089537.jpg,face::test::189858.jpg,0.9371675430606906
jina_clip_v2,face,197,face::train::092618.jpg,face::train::109762.jpg,0.9371538519315749
jina_clip_v2,face,198,face::train::025692.jpg,face::test::189858.jpg,0.9371038395583513
jina_clip_v2,face,199,face::train::101485.jpg,face::test::196611.jpg,0.9368123072999822
jina_clip_v2,face,200,face::train::053065.jpg,face::train::001042.jpg,0.936656495803012
jina_clip_v2,face,201,face::train::168471.jpg,face::test::189858.jpg,0.9364875186202424
jina_clip_v2,face,202,face::train::091980.jpg,face::test::183801.jpg,0.9363351077495802
jina_clip_v2,face,203,face::train::114832.jpg,face::train::109762.jpg,0.9361570676146114
jina_clip_v2,face,204,face::train::063708.jpg,face::test::184003.jpg,0.9358093370607747
jina_clip_v2,face,205,face::train::089537.jpg,face::train::025692.jpg,0.9354884795163868
jina_clip_v2,face,206,face::train::089537.jpg,face::train::168471.jpg,0.9353076232248985
jina_clip_v2,face,207,face::train::166091.jpg,face::train::157804.jpg,0.9352232546220023
jina_clip_v2,face,208,face::train::178129.jpg,face::test::188858.jpg,0.9351803607397043
jina_clip_v2,face,209,face::train::082954.jpg,face::test::189858.jpg,0.9350165779485301
jina_clip_v2,face,210,face::train::053065.jpg,face::test::196611.jpg,0.9349088717707353
jina_clip_v2,face,211,face::train::121281.jpg,face::train::178129.jpg,0.934810929642964
jina_clip_v2,face,212,face::train::170623.jpg,face::train::157804.jpg,0.9346233238934433
jina_clip_v2,face,213,face::train::090489.jpg,face::train::025692.jpg,0.9344262668195648
jina_clip_v2,face,214,face::train::060555.jpg,face::test::184003.jpg,0.9342140482537058
jina_clip_v2,face,215,face::train::008309.jpg,face::train::060309.jpg,0.9338229684814671
jina_clip_v2,face,216,face::train::168471.jpg,face::train::001042.jpg,0.9337705248689059
jina_clip_v2,face,217,face::test::189457.jpg,face::test::196777.jpg,0.9336834189450458
jina_clip_v2,face,218,face::train::129132.jpg,face::train::092618.jpg,0.9336165102551035
jina_clip_v2,face,219,face::train::025692.jpg,face::train::001042.jpg,0.9335946916518644
jina_clip_v2,face,220,face::train::114832.jpg,face::train::088914.jpg,0.9332375697871833
jina_clip_v2,face,221,face::train::166091.jpg,face::train::092618.jpg,0.9331180674288218
jina_clip_v2,face,222,face::train::121281.jpg,face::train::150659.jpg,0.9330899707768394
jina_clip_v2,face,223,face::train::088914.jpg,face::test::185812.jpg,0.9330517404560966
jina_clip_v2,face,224,face::train::138886.jpg,face::train::025692.jpg,0.9329249253661727
jina_clip_v2,face,225,face::train::157804.jpg,face::train::129132.jpg,0.9329084050321308
jina_clip_v2,face,226,face::train::137722.jpg,face::test::183801.jpg,0.932866989473345
jina_clip_v2,face,227,face::train::129132.jpg,face::train::109762.jpg,0.9328643712945834
jina_clip_v2,face,228,face::train::060309.jpg,face::train::032580.jpg,0.9328564706746277
jina_clip_v2,face,229,face::train::166091.jpg,face::train::008309.jpg,0.9324451563493692
jina_clip_v2,face,230,face::train::065762.jpg,face::train::150659.jpg,0.932345811623855
jina_clip_v2,face,231,face::train::053065.jpg,face::train::138886.jpg,0.9323241113730802
jina_clip_v2,face,232,face::train::170623.jpg,face::train::109762.jpg,0.932278341003234
jina_clip_v2,face,233,face::train::121281.jpg,face::train::138886.jpg,0.9321981747445174
jina_clip_v2,face,234,face::train::114832.jpg,face::test::184003.jpg,0.932133289552578
jina_clip_v2,face,235,face::train::166091.jpg,face::test::185812.jpg,0.9321154422341552
jina_clip_v2,face,236,face::train::170623.jpg,face::train::114832.jpg,0.9318869691665639
jina_clip_v2,face,237,face::train::008309.jpg,face::train::063708.jpg,0.9317605235262545
jina_clip_v2,face,238,face::train::060309.jpg,face::train::060555.jpg,0.9312202425756393
jina_clip_v2,face,239,face::train::060555.jpg,face::train::088914.jpg,0.9311309457507685
jina_clip_v2,face,240,face::train::090489.jpg,face::train::001042.jpg,0.9309739752870679
jina_clip_v2,face,241,face::train::114832.jpg,face::train::060309.jpg,0.9306270986379956
jina_clip_v2,face,242,face::test::189858.jpg,face::test::188858.jpg,0.9305400021549566
jina_clip_v2,face,243,face::train::178129.jpg,face::test::189858.jpg,0.9304796586554557
jina_clip_v2,face,244,face::train::157804.jpg,face::test::185812.jpg,0.9303506377055832
jina_clip_v2,face,245,face::train::023736.jpg,face::train::088914.jpg,0.9303156557993956
jina_clip_v2,face,246,face::train::026996.jpg,face::train::082954.jpg,0.9302247341273777
jina_clip_v2,face,247,face::train::063618.jpg,face::train::109762.jpg,0.9302239629197063
jina_clip_v2,face,248,face::train::101485.jpg,face::test::189858.jpg,0.9300585571986346
jina_clip_v2,face,249,face::train::138886.jpg,face::test::189457.jpg,0.9300443617053453
jina_clip_v2,face,250,face::train::063618.jpg,face::train::073196.jpg,0.9298149466994263
jina_clip_v2,face,251,face::train::121281.jpg,face::train::001042.jpg,0.9297095708188892
jina_clip_v2,face,252,face::train::065762.jpg,face::test::184003.jpg,0.9296264208969875
jina_clip_v2,face,253,face::train::178182.jpg,face::test::183801.jpg,0.9294259835627396
jina_clip_v2,face,254,face::train::091980.jpg,face::test::189858.jpg,0.9292011477214352
jina_clip_v2,face,255,face::train::026996.jpg,face::test::189457.jpg,0.9291368554213649
jina_clip_v2,face,256,face::train::053065.jpg,face::train::101485.jpg,0.9288142057092441
jina_clip_v2,face,257,face::train::032580.jpg,face::test::189457.jpg,0.9287337792511908
jina_clip_v2,face,258,face::train::137722.jpg,face::train::025692.jpg,0.9287127608011773
jina_clip_v2,face,259,face::train::065762.jpg,face::train::178129.jpg,0.9286454054655842
jina_clip_v2,face,260,face::train::063618.jpg,face::train::023736.jpg,0.9286341243590609
jina_clip_v2,face,261,face::train::060309.jpg,face::train::109762.jpg,0.928413751944229
jina_clip_v2,face,262,face::train::053065.jpg,face::train::089537.jpg,0.9283528702667215
jina_clip_v2,face,263,face::train::138886.jpg,face::test::184003.jpg,0.9282236479659269
jina_clip_v2,face,264,face::train::168471.jpg,face::train::178129.jpg,0.9280816881035328
jina_clip_v2,face,265,face::train::008309.jpg,face::train::092618.jpg,0.9279591495150621
jina_clip_v2,face,266,face::train::023736.jpg,face::train::063708.jpg,0.9279172401795212
jina_clip_v2,face,267,face::train::166091.jpg,face::train::063708.jpg,0.9278876939409294
jina_clip_v2,face,268,face::train::129132.jpg,face::train::123459.jpg,0.9277935861058167
jina_clip_v2,face,269,face::train::090489.jpg,face::train::089537.jpg,0.9275901739362857
jina_clip_v2,face,270,face::train::170623.jpg,face::test::184003.jpg,0.9274381587272051
jina_clip_v2,face,271,face::train::168471.jpg,face::test::186223.jpg,0.9273435603550789
jina_clip_v2,face,272,face::train::091980.jpg,face::test::196611.jpg,0.9270773480052007
jina_clip_v2,face,273,face::train::025692.jpg,face::train::150659.jpg,0.9270388873786478
jina_clip_v2,face,274,face::train::073196.jpg,face::test::196777.jpg,0.9268802865707346
jina_clip_v2,face,275,face::train::129132.jpg,face::train::063618.jpg,0.9268685451168498
jina_clip_v2,face,276,face::train::065762.jpg,face::test::189858.jpg,0.9268332538179156
jina_clip_v2,face,277,face::train::023736.jpg,face::train::060309.jpg,0.9266176927210692
jina_clip_v2,face,278,face::train::090489.jpg,face::train::138886.jpg,0.9262773566332752
jina_clip_v2,face,279,face::train::063708.jpg,face::test::185812.jpg,0.9261176905180858
jina_clip_v2,face,280,face::train::008309.jpg,face::train::063618.jpg,0.9260314478752294
jina_clip_v2,face,281,face::train::063618.jpg,face::train::032580.jpg,0.9259918230415848
jina_clip_v2,face,282,face::train::170623.jpg,face::train::060555.jpg,0.9258334844029982
jina_clip_v2,face,283,face::train::042973.jpg,face::test::188858.jpg,0.9256184123935396
jina_clip_v2,face,284,face::train::101485.jpg,face::train::138886.jpg,0.9253841438190371
jina_clip_v2,face,285,face::train::157804.jpg,face::train::023736.jpg,0.925355017308831
jina_clip_v2,face,286,face::train::008309.jpg,face::test::184003.jpg,0.9252174175625795
jina_clip_v2,face,287,face::train::090489.jpg,face::train::082954.jpg,0.9252025796218442
jina_clip_v2,face,288,face::train::166091.jpg,face::train::123459.jpg,0.925101778123234
jina_clip_v2,face,289,face::train::026996.jpg,face::train::178129.jpg,0.924844530181667
jina_clip_v2,face,290,face::train::060309.jpg,face::train::088914.jpg,0.9247005878363428
jina_clip_v2,face,291,face::test::196777.jpg,face::test::184003.jpg,0.9244667088158779
jina_clip_v2,face,292,face::train::178182.jpg,face::train::001042.jpg,0.9242684426416194
jina_clip_v2,face,293,face::train::166091.jpg,face::train::129132.jpg,0.9242185441368693
jina_clip_v2,face,294,face::train::026996.jpg,face::test::189858.jpg,0.9241296849345552
jina_clip_v2,face,295,face::train::109762.jpg,face::test::185812.jpg,0.924000857911412
jina_clip_v2,face,296,face::train::063618.jpg,face::train::060555.jpg,0.9238817063736325
jina_clip_v2,face,297,face::train::114832.jpg,face::train::063618.jpg,0.9237672460503908
jina_clip_v2,face,298,face::train::082954.jpg,face::train::178129.jpg,0.9236598762774433
jina_clip_v2,face,299,face::train::089537.jpg,face::train::178129.jpg,0.9234713091847547
jina_clip_v2,face,300,face::train::073196.jpg,face::train::088914.jpg,0.9233283088705646
jina_clip_v2,face,301,face::train::060309.jpg,face::test::201409.jpg,0.92325783624281
jina_clip_v2,face,302,face::train::091980.jpg,face::train::138886.jpg,0.9229059474665019
jina_clip_v2,face,303,face::train::101485.jpg,face::test::186223.jpg,0.9228586976901786
jina_clip_v2,face,304,face::train::150659.jpg,face::test::189858.jpg,0.922730205715947
jina_clip_v2,face,305,face::train::178182.jpg,face::train::089537.jpg,0.9227082041812018
jina_clip_v2,face,306,face::train::150659.jpg,face::test::186223.jpg,0.9225045257834056
jina_clip_v2,face,307,face::train::137722.jpg,face::train::042973.jpg,0.9224578938084312
jina_clip_v2,face,308,face::train::060555.jpg,face::test::196777.jpg,0.9223776696476559
jina_clip_v2,face,309,face::train::092618.jpg,face::train::123459.jpg,0.9223162884545805
jina_clip_v2,face,310,face::test::183801.jpg,face::test::188858.jpg,0.9222746558210932
jina_clip_v2,face,311,face::train::060309.jpg,face::train::092618.jpg,0.9221903369066438
jina_clip_v2,face,312,face::train::138886.jpg,face::train::178129.jpg,0.9221877298800425
jina_clip_v2,face,313,face::train::101485.jpg,face::train::001042.jpg,0.9220331818796585
jina_clip_v2,face,314,face::train::008309.jpg,face::train::088914.jpg,0.9219393739277784
jina_clip_v2,face,315,face::train::137722.jpg,face::train::089537.jpg,0.9218997205516555
jina_clip_v2,face,316,face::train::090489.jpg,face::train::053065.jpg,0.921812516966492
jina_clip_v2,face,317,face::train::170623.jpg,face::train::092618.jpg,0.9216094593339607
jina_clip_v2,face,318,face::train::008309.jpg,face::test::196777.jpg,0.9215433021933709
jina_clip_v2,face,319,face::train::123459.jpg,face::train::088914.jpg,0.9214668927163157
jina_clip_v2,face,320,face::train::089537.jpg,face::test::186223.jpg,0.9212466630950585
jina_clip_v2,face,321,face::train::053065.jpg,face::train::026996.jpg,0.9212452281800159
jina_clip_v2,face,322,face::train::168471.jpg,face::train::026996.jpg,0.9211154287642535
jina_clip_v2,face,323,face::train::088914.jpg,face::train::032580.jpg,0.9210534261976181
jina_clip_v2,face,324,face::train::042973.jpg,face::test::186223.jpg,0.9210173931497019
jina_clip_v2,face,325,face::train::091980.jpg,face::train::082954.jpg,0.9209173246356858
jina_clip_v2,face,326,face::train::053065.jpg,face::train::065762.jpg,0.9209128117934944
jina_clip_v2,face,327,face::train::170623.jpg,face::test::201409.jpg,0.9206847333437199
jina_clip_v2,face,328,face::train::025692.jpg,face::test::196611.jpg,0.9206694264042374
jina_clip_v2,face,329,face::train::090489.jpg,face::train::178129.jpg,0.9206267097228177
jina_clip_v2,face,330,face::train::063618.jpg,face::train::092618.jpg,0.9206077953542052
jina_clip_v2,face,331,face::train::150659.jpg,face::train::001042.jpg,0.9205854334774642
jina_clip_v2,face,332,face::train::137722.jpg,face::train::001042.jpg,0.920477000049784
jina_clip_v2,face,333,face::train::138886.jpg,face::test::186223.jpg,0.9201968664151862
jina_clip_v2,face,334,face::train::170623.jpg,face::train::060309.jpg,0.9201606536800389
jina_clip_v2,face,335,face::train::026996.jpg,face::test::184003.jpg,0.9198326599748271
jina_clip_v2,face,336,face::train::042973.jpg,face::test::189457.jpg,0.9196429398839536
jina_clip_v2,face,337,face::train::023736.jpg,face::test::189457.jpg,0.9196097726926162
jina_clip_v2,face,338,face::train::129132.jpg,face::test::196777.jpg,0.919178725800986
jina_clip_v2,face,339,face::train::089537.jpg,face::train::101485.jpg,0.9189119002043538
jina_clip_v2,face,340,face::train::121281.jpg,face::train::090489.jpg,0.9186562114577435
jina_clip_v2,face,341,face::train::170623.jpg,face::train::008309.jpg,0.9186368080322921
jina_clip_v2,face,342,face::train::053065.jpg,face::train::082954.jpg,0.9185173955881603
jina_clip_v2,face,343,face::train::157804.jpg,face::test::196777.jpg,0.917639469491514
jina_clip_v2,face,344,face::train::063618.jpg,face::test::201409.jpg,0.9174063382477168
jina_clip_v2,face,345,face::train::065762.jpg,face::train::168471.jpg,0.9173174219609558
jina_clip_v2,face,346,face::train::129132.jpg,face::test::189457.jpg,0.9172550715760305
jina_clip_v2,face,347,face::test::189858.jpg,face::test::196611.jpg,0.91709048711203
jina_clip_v2,face,348,face::test::189457.jpg,face::test::185812.jpg,0.9168978150306171
jina_clip_v2,face,349,face::train::137722.jpg,face::train::053065.jpg,0.9167757843112141
jina_clip_v2,face,350,face::train::071174.jpg,face::train::042973.jpg,0.9166808708087313
jina_clip_v2,face,351,face::train::032580.jpg,face::test::196777.jpg,0.9165066082799165
jina_clip_v2,face,352,face::train::092618.jpg,face::test::196777.jpg,0.9163918894593552
jina_clip_v2,face,353,face::train::170623.jpg,face::train::032580.jpg,0.916170761088394
jina_clip_v2,face,354,face::train::032580.jpg,face::test::184003.jpg,0.9160658610215092
jina_clip_v2,face,355,face::train::063618.jpg,face::test::185812.jpg,0.9159482619561942
jina_clip_v2,face,356,face::train::137722.jpg,face::train::178129.jpg,0.9159363051722088
jina_clip_v2,face,357,face::train::060309.jpg,face::train::123459.jpg,0.9156713905469747
jina_clip_v2,face,358,face::train::170623.jpg,face::train::026996.jpg,0.9156192618748704
jina_clip_v2,face,359,face::train::053065.jpg,face::train::168471.jpg,0.9155343326150323
jina_clip_v2,face,360,face::train::090489.jpg,face::test::189858.jpg,0.9152205412646854
jina_clip_v2,face,361,face::train::166091.jpg,face::train::060309.jpg,0.9148711075898969
jina_clip_v2,face,362,face::train::090489.jpg,face::train::150659.jpg,0.914763758535182
jina_clip_v2,face,363,face::train::170623.jpg,face::test::185812.jpg,0.9146912028340756
jina_clip_v2,face,364,face::train::071174.jpg,face::train::178129.jpg,0.9144562617577935
jina_clip_v2,face,365,face::train::092618.jpg,face::train::088914.jpg,0.9142073590269028
jina_clip_v2,face,366,face::train::178182.jpg,face::train::138886.jpg,0.9134593596238189
jina_clip_v2,face,367,face::train::089537.jpg,face::test::189457.jpg,0.9134300852750654
jina_clip_v2,face,368,face::train::101485.jpg,face::test::188858.jpg,0.9134167644032982
jina_clip_v2,face,369,face::train::042973.jpg,face::test::196611.jpg,0.9133404199105899
jina_clip_v2,face,370,face::train::092618.jpg,face::test::184003.jpg,0.9133385603526637
jina_clip_v2,face,371,face::train::121281.jpg,face::train::178182.jpg,0.9130934026114104
jina_clip_v2,face,372,face::test::186223.jpg,face::test::183801.jpg,0.9128428724555214
jina_clip_v2,face,373,face::train::109762.jpg,face::test::196777.jpg,0.912773397429643
jina_clip_v2,face,374,face::train::008309.jpg,face::train::138886.jpg,0.912698346956184
jina_clip_v2,face,375,face::train::178182.jpg,face::train::082954.jpg,0.9124674430090595
jina_clip_v2,face,376,face::train::178182.jpg,face::train::178129.jpg,0.912415314342744
jina_clip_v2,face,377,face::train::150659.jpg,face::train::178129.jpg,0.9122784327955785
jina_clip_v2,face,378,face::test::183801.jpg,face::test::196611.jpg,0.9122503643169186
jina_clip_v2,face,379,face::train::157804.jpg,face::train::123459.jpg,0.912006910159325
jina_clip_v2,face,380,face::train::025692.jpg,face::test::188858.jpg,0.911947997528915
jina_clip_v2,face,381,face::train::063708.jpg,face::train::060309.jpg,0.911642186659627
jina_clip_v2,face,382,face::train::091980.jpg,face::train::001042.jpg,0.9114984890492995
jina_clip_v2,face,383,face::train::081413.jpg,face::train::123459.jpg,0.9114608580721019
jina_clip_v2,face,384,face::train::063708.jpg,face::test::196777.jpg,0.9112524640950281
jina_clip_v2,face,385,face::train::053065.jpg,face::train::178182.jpg,0.9112041634140711
jina_clip_v2,face,386,face::train::178182.jpg,face::train::026996.jpg,0.9111611980080436
jina_clip_v2,face,387,face::train::071174.jpg,face::test::189858.jpg,0.9111535962014674
jina_clip_v2,face,388,face::train::090489.jpg,face::train::178182.jpg,0.9105987860607322
jina_clip_v2,face,389,face::train::001042.jpg,face::test::189457.jpg,0.910578561582635
jina_clip_v2,face,390,face::train::090489.jpg,face::train::101485.jpg,0.9104108279956094
jina_clip_v2,face,391,face::train::137722.jpg,face::train::121281.jpg,0.9103533636766181
jina_clip_v2,face,392,face::train::166091.jpg,face::test::196777.jpg,0.909832385673067
jina_clip_v2,face,393,face::train::121281.jpg,face::test::188858.jpg,0.9096234731571544
jina_clip_v2,face,394,face::train::137722.jpg,face::train::138886.jpg,0.9093665089619246
jina_clip_v2,face,395,face::train::008309.jpg,face::train::141457.jpg,0.9092373100655522
jina_clip_v2,face,396,face::train::060309.jpg,face::test::189457.jpg,0.9090835708574891
jina_clip_v2,face,397,face::train::123459.jpg,face::train::141457.jpg,0.9088571785455625
jina_clip_v2,face,398,face::train::071174.jpg,face::test::183801.jpg,0.9087068286049391
jina_clip_v2,face,399,face::train::082954.jpg,face::test::186223.jpg,0.9085091742378057
jina_clip_v2,face,400,face::train::023736.jpg,face::test::196777.jpg,0.9084713250874239
jina_clip_v2,face,401,face::test::185812.jpg,face::test::196777.jpg,0.9084508007894607
jina_clip_v2,face,402,face::train::123459.jpg,face::test::189457.jpg,0.9084019217676007
jina_clip_v2,face,403,face::train::123459.jpg,face::test::196777.jpg,0.908019523712237
jina_clip_v2,face,404,face::train::138886.jpg,face::test::201409.jpg,0.9080128244510985
jina_clip_v2,face,405,face::train::114832.jpg,face::train::141457.jpg,0.9080105713603333
jina_clip_v2,face,406,face::train::138886.jpg,face::test::188858.jpg,0.9079957679452274
jina_clip_v2,face,407,face::train::138886.jpg,face::train::073196.jpg,0.907928323059904
jina_clip_v2,face,408,face::train::178182.jpg,face::test::189858.jpg,0.9078867924854462
jina_clip_v2,face,409,face::train::026996.jpg,face::test::188858.jpg,0.907880541246576
jina_clip_v2,face,410,face::train::023736.jpg,face::train::141457.jpg,0.9074837857592685
jina_clip_v2,face,411,face::train::081413.jpg,face::train::032580.jpg,0.9074261938862627
jina_clip_v2,face,412,face::train::149220.jpg,face::train::092618.jpg,0.9074188087191121
jina_clip_v2,face,413,face::train::090489.jpg,face::train::168471.jpg,0.9071987177479367
jina_clip_v2,face,414,face::train::121281.jpg,face::test::196611.jpg,0.9071046485058034
jina_clip_v2,face,415,face::train::089537.jpg,face::test::184003.jpg,0.9070692763517194
jina_clip_v2,face,416,face::train::137722.jpg,face::train::082954.jpg,0.9070189892375047
jina_clip_v2,face,417,face::train::071174.jpg,face::train::025692.jpg,0.9068785200374936
jina_clip_v2,face,418,face::train::170623.jpg,face::train::129132.jpg,0.9068750252218718
jina_clip_v2,face,419,face::train::001042.jpg,face::test::188858.jpg,0.9068233477386928
jina_clip_v2,face,420,face::train::141457.jpg,face::test::185812.jpg,0.9067747668469446
jina_clip_v2,face,421,face::train::121281.jpg,face::test::186223.jpg,0.906594718109752
jina_clip_v2,face,422,face::train::129132.jpg,face::train::141457.jpg,0.9065346491823277
jina_clip_v2,face,423,face::train::089537.jpg,face::test::188858.jpg,0.9063644205734155
jina_clip_v2,face,424,face::train::091980.jpg,face::train::089537.jpg,0.9062841800405627
jina_clip_v2,face,425,face::train::065762.jpg,face::train::025692.jpg,0.9062811953672658
jina_clip_v2,face,426,face::train::042973.jpg,face::test::184003.jpg,0.9059595742839706
jina_clip_v2,face,427,face::train::137722.jpg,face::train::026996.jpg,0.9059515248685975
jina_clip_v2,face,428,face::train::170623.jpg,face::test::196777.jpg,0.9058191429337111
jina_clip_v2,face,429,face::train::008309.jpg,face::train::042973.jpg,0.9056862564054777
jina_clip_v2,face,430,face::train::065762.jpg,face::train::109762.jpg,0.9056587540100088
jina_clip_v2,face,431,face::train::081413.jpg,face::test::196777.jpg,0.905624000168279
jina_clip_v2,face,432,face::train::042973.jpg,face::test::201409.jpg,0.9053475075593026
jina_clip_v2,face,433,face::test::188858.jpg,face::test::196611.jpg,0.9053039882106475
jina_clip_v2,face,434,face::train::071174.jpg,face::train::001042.jpg,0.9052785449144316
jina_clip_v2,face,435,face::train::081413.jpg,face::test::185812.jpg,0.9052555591572617
jina_clip_v2,face,436,face::train::082954.jpg,face::test::189457.jpg,0.9050682648920138
jina_clip_v2,face,437,face::train::071174.jpg,face::train::150659.jpg,0.9050459425210984
jina_clip_v2,face,438,face::train::071174.jpg,face::train::101485.jpg,0.9048247214408213
jina_clip_v2,face,439,face::train::114832.jpg,face::train::149220.jpg,0.9047415667653946
jina_clip_v2,face,440,face::train::063618.jpg,face::train::063708.jpg,0.9045790528045182
jina_clip_v2,face,441,face::train::090489.jpg,face::train::026996.jpg,0.9045628442081641
jina_clip_v2,face,442,face::train::071174.jpg,face::train::138886.jpg,0.9042047436370018
jina_clip_v2,face,443,face::train::065762.jpg,face::test::188858.jpg,0.904140742012846
jina_clip_v2,face,444,face::train::114832.jpg,face::train::138886.jpg,0.9038061772436703
jina_clip_v2,face,445,face::train::114832.jpg,face::train::042973.jpg,0.903570290985763
jina_clip_v2,face,446,face::train::168471.jpg,face::test::188858.jpg,0.9035016720661969
jina_clip_v2,face,447,face::train::170623.jpg,face::train::063618.jpg,0.9032850466306203
jina_clip_v2,face,448,face::train::065762.jpg,face::test::201409.jpg,0.9032292765568493
jina_clip_v2,face,449,face::train::157804.jpg,face::train::088914.jpg,0.9031813175823811
jina_clip_v2,face,450,face::train::053065.jpg,face::train::150659.jpg,0.9031159272288908
jina_clip_v2,face,451,face::train::178182.jpg,face::train::150659.jpg,0.9030052358234676
jina_clip_v2,face,452,face::test::189457.jpg,face::test::183801.jpg,0.9028777224123629
jina_clip_v2,face,453,face::train::063708.jpg,face::train::123459.jpg,0.9027001913329054
jina_clip_v2,face,454,face::train::008309.jpg,face::train::001042.jpg,0.9025221947071642
jina_clip_v2,face,455,face::train::088914.jpg,face::train::141457.jpg,0.9022206096219163
jina_clip_v2,face,456,face::train::071174.jpg,face::train::168471.jpg,0.902153188114952
jina_clip_v2,face,457,face::train::091980.jpg,face::test::188858.jpg,0.9020376986076619
jina_clip_v2,face,458,face::train::121281.jpg,face::train::065762.jpg,0.9018836151421561
jina_clip_v2,face,459,face::train::141457.jpg,face::test::201409.jpg,0.9018473581511242
jina_clip_v2,face,460,face::train::071174.jpg,face::train::082954.jpg,0.9017700148171107
jina_clip_v2,face,461,face::train::026996.jpg,face::test::186223.jpg,0.9017064382733522
jina_clip_v2,face,462,face::train::137722.jpg,face::train::071174.jpg,0.9016235095179315
jina_clip_v2,face,463,face::train::088914.jpg,face::test::201409.jpg,0.9015671329159399
jina_clip_v2,face,464,face::train::137722.jpg,face::train::150659.jpg,0.9014113845029967
jina_clip_v2,face,465,face::train::091980.jpg,face::test::186223.jpg,0.901295915077689
jina_clip_v2,face,466,face::train::071174.jpg,face::train::065762.jpg,0.9012539330090369
jina_clip_v2,face,467,face::train::060309.jpg,face::train::141457.jpg,0.9011552526185995
jina_clip_v2,face,468,face::train::170623.jpg,face::train::023736.jpg,0.9010711879514796
jina_clip_v2,face,469,face::train::137722.jpg,face::train::091980.jpg,0.9010108994961252
jina_clip_v2,face,470,face::test::186223.jpg,face::test::196611.jpg,0.9008969496218114
jina_clip_v2,face,471,face::train::053065.jpg,face::test::186223.jpg,0.9008780470860858
jina_clip_v2,face,472,face::train::178129.jpg,face::test::186223.jpg,0.9008434196762186
jina_clip_v2,face,473,face::train::063618.jpg,face::test::189457.jpg,0.9006184213114273
jina_clip_v2,face,474,face::train::001042.jpg,face::test::184003.jpg,0.900447313834538
jina_clip_v2,face,475,face::train::082954.jpg,face::test::188858.jpg,0.8999806978029744
jina_clip_v2,face,476,face::train::081413.jpg,face::train::060555.jpg,0.8998285669599982
jina_clip_v2,face,477,face::train::065762.jpg,face::train::073196.jpg,0.8997630380375106
jina_clip_v2,face,478,face::train::137722.jpg,face::train::090489.jpg,0.8997162187895744
jina_clip_v2,face,479,face::train::060309.jpg,face::test::196777.jpg,0.8997021344219863
jina_clip_v2,face,480,face::train::123459.jpg,face::train::109762.jpg,0.899665970006794
jina_clip_v2,face,481,face::train::081413.jpg,face::train::157804.jpg,0.899570930898878
jina_clip_v2,face,482,face::train::137722.jpg,face::train::065762.jpg,0.8995462701553213
jina_clip_v2,face,483,face::train::138886.jpg,face::train::109762.jpg,0.899526801164359
jina_clip_v2,face,484,face::train::025692.jpg,face::train::026996.jpg,0.8993136144895466
jina_clip_v2,face,485,face::train::114832.jpg,face::train::089537.jpg,0.899229336027734
jina_clip_v2,face,486,face::train::170623.jpg,face::train::063708.jpg,0.8991908754063307
jina_clip_v2,face,487,face::train::081413.jpg,face::train::060309.jpg,0.8991618379330613
jina_clip_v2,face,488,face::train::025692.jpg,face::test::186223.jpg,0.8990686847154172
jina_clip_v2,face,489,face::test::185812.jpg,face::test::184003.jpg,0.8987636878470899
jina_clip_v2,face,490,face::train::001042.jpg,face::test::186223.jpg,0.8987404235280114
jina_clip_v2,face,491,face::train::114832.jpg,face::test::183801.jpg,0.898462475742257
jina_clip_v2,face,492,face::train::166091.jpg,face::train::138886.jpg,0.8983541172932991
jina_clip_v2,face,493,face::train::166091.jpg,face::train::088914.jpg,0.8979120420951211
jina_clip_v2,face,494,face::train::065762.jpg,face::train::101485.jpg,0.8978663165668598
jina_clip_v2,face,495,face::train::150659.jpg,face::test::188858.jpg,0.897810876046107
jina_clip_v2,face,496,face::train::063708.jpg,face::train::088914.jpg,0.8977819991650123
jina_clip_v2,face,497,face::train::071174.jpg,face::train::053065.jpg,0.8974667182926274
jina_clip_v2,face,498,face::train::063618.jpg,face::train::088914.jpg,0.8971000992115727
jina_clip_v2,face,499,face::train::101485.jpg,face::train::026996.jpg,0.896476067429346
jina_clip_v2,face,500,face::train::170623.jpg,face::train::088914.jpg,0.8964724797004943
jina_clip_v2,face,501,face::train::138886.jpg,face::train::060555.jpg,0.8964683540728047
jina_clip_v2,face,502,face::train::150659.jpg,face::test::189457.jpg,0.8963534807070704
jina_clip_v2,face,503,face::train::081413.jpg,face::train::114832.jpg,0.8962704070667387
jina_clip_v2,face,504,face::train::081413.jpg,face::train::008309.jpg,0.896178606014483
jina_clip_v2,face,505,face::test::186223.jpg,face::test::189858.jpg,0.895976113484348
jina_clip_v2,face,506,face::train::121281.jpg,face::train::026996.jpg,0.8958803085247614
jina_clip_v2,face,507,face::train::168471.jpg,face::test::196611.jpg,0.8958249087541471
jina_clip_v2,face,508,face::train::071174.jpg,face::train::089537.jpg,0.8956837891213008
jina_clip_v2,face,509,face::train::026996.jpg,face::train::073196.jpg,0.8956254198781142
jina_clip_v2,face,510,face::train::137722.jpg,face::train::168471.jpg,0.8953106078465178
jina_clip_v2,face,511,face::train::178182.jpg,face::test::188858.jpg,0.8952340031776712
jina_clip_v2,face,512,face::train::008309.jpg,face::test::183801.jpg,0.895162018752603
jina_clip_v2,face,513,face::train::178182.jpg,face::train::101485.jpg,0.8948889238547145
jina_clip_v2,face,514,face::train::149220.jpg,face::train::060555.jpg,0.8948384995656832
jina_clip_v2,face,515,face::train::081413.jpg,face::test::201409.jpg,0.8947995244798244
jina_clip_v2,face,516,face::train::178182.jpg,face::train::025692.jpg,0.8946312870005154
jina_clip_v2,face,517,face::train::042973.jpg,face::train::092618.jpg,0.8945612312893485
jina_clip_v2,face,518,face::train::114832.jpg,face::train::082954.jpg,0.894390850270223
jina_clip_v2,face,519,face::train::149220.jpg,face::train::141457.jpg,0.893837552650336
jina_clip_v2,face,520,face::train::137722.jpg,face::train::101485.jpg,0.8938116206518536
jina_clip_v2,face,521,face::train::138886.jpg,face::train::032580.jpg,0.8935921507649768
jina_clip_v2,face,522,face::train::137722.jpg,face::test::189858.jpg,0.8934712276692418
jina_clip_v2,face,523,face::train::071174.jpg,face::test::188858.jpg,0.8933538189756788
jina_clip_v2,face,524,face::train::091980.jpg,face::train::150659.jpg,0.8933012769343508
jina_clip_v2,face,525,face::train::008309.jpg,face::train::053065.jpg,0.8928758841642973
jina_clip_v2,face,526,face::train::157804.jpg,face::train::138886.jpg,0.8928690457547616
jina_clip_v2,face,527,face::train::042973.jpg,face::train::073196.jpg,0.8927600733133139
jina_clip_v2,face,528,face::train::138886.jpg,face::test::185812.jpg,0.8926484795349722
jina_clip_v2,face,529,face::train::008309.jpg,face::train::065762.jpg,0.8926481512865918
jina_clip_v2,face,530,face::train::092618.jpg,face::train::141457.jpg,0.8922890914739883
jina_clip_v2,face,531,face::train::091980.jpg,face::train::090489.jpg,0.8920599857920053
jina_clip_v2,face,532,face::train::081413.jpg,face::train::129132.jpg,0.8920130111719119
jina_clip_v2,face,533,face::train::178182.jpg,face::train::168471.jpg,0.8919475372756233
jina_clip_v2,face,534,face::train::088914.jpg,face::test::189457.jpg,0.8918243091832017
jina_clip_v2,face,535,face::train::023736.jpg,face::test::184003.jpg,0.8917900508871265
jina_clip_v2,face,536,face::train::129132.jpg,face::test::184003.jpg,0.8916722462835379
jina_clip_v2,face,537,face::train::042973.jpg,face::test::196777.jpg,0.8915854927652989
jina_clip_v2,face,538,face::train::081413.jpg,face::train::073196.jpg,0.8914879200276625
jina_clip_v2,face,539,face::train::157804.jpg,face::train::065762.jpg,0.8913827586315137
jina_clip_v2,face,540,face::train::090489.jpg,face::test::188858.jpg,0.8912207403775282
jina_clip_v2,face,541,face::train::170623.jpg,face::train::138886.jpg,0.8911211249183171
jina_clip_v2,face,542,face::train::082954.jpg,face::test::184003.jpg,0.8908845213957174
jina_clip_v2,face,543,face::test::189457.jpg,face::test::189858.jpg,0.8905524224857765
jina_clip_v2,face,544,face::test::185812.jpg,face::test::183801.jpg,0.8900310100598794
jina_clip_v2,face,545,face::test::183801.jpg,face::test::201409.jpg,0.8897871145654574
jina_clip_v2,face,546,face::train::166091.jpg,face::train::063618.jpg,0.8897477009163217
jina_clip_v2,face,547,face::train::170623.jpg,face::train::123459.jpg,0.8896462153954868
jina_clip_v2,face,548,face::train::091980.jpg,face::train::026996.jpg,0.8896088881526106
jina_clip_v2,face,549,face::train::001042.jpg,face::test::201409.jpg,0.8895168403035526
jina_clip_v2,face,550,face::train::150659.jpg,face::test::184003.jpg,0.8895138742255394
jina_clip_v2,face,551,face::train::149220.jpg,face::train::088914.jpg,0.8894722138236885
jina_clip_v2,face,552,face::train::042973.jpg,face::train::109762.jpg,0.8893678621138391
jina_clip_v2,face,553,face::train::157804.jpg,face::train::026996.jpg,0.8893514888354196
jina_clip_v2,face,554,face::train::001042.jpg,face::test::196611.jpg,0.8889239734901457
jina_clip_v2,face,555,face::train::123459.jpg,face::test::184003.jpg,0.8888347629604059
jina_clip_v2,face,556,face::train::026996.jpg,face::train::109762.jpg,0.8888128653409586
jina_clip_v2,face,557,face::train::026996.jpg,face::test::201409.jpg,0.8886587170119359
jina_clip_v2,face,558,face::train::137722.jpg,face::test::186223.jpg,0.8886089924526945
jina_clip_v2,face,559,face::test::183801.jpg,face::test::184003.jpg,0.8886046589691078
jina_clip_v2,face,560,face::train::081413.jpg,face::train::063618.jpg,0.8883074808354883
jina_clip_v2,face,561,face::train::088914.jpg,face::train::109762.jpg,0.888090262532806
jina_clip_v2,face,562,face::train::123459.jpg,face::test::183801.jpg,0.8879949307100994
jina_clip_v2,face,563,face::train::065762.jpg,face::test::186223.jpg,0.8879645494342419
jina_clip_v2,face,564,face::train::071174.jpg,face::train::026996.jpg,0.887841282070649
jina_clip_v2,face,565,face::train::060555.jpg,face::train::042973.jpg,0.887609488591225
jina_clip_v2,face,566,face::train::114832.jpg,face::train::065762.jpg,0.8874584941378426
jina_clip_v2,face,567,face::train::063618.jpg,face::test::196777.jpg,0.887353096699125
jina_clip_v2,face,568,face::train::149220.jpg,face::train::073196.jpg,0.8871853288897107
jina_clip_v2,face,569,face::train::008309.jpg,face::train::026996.jpg,0.887130548260932
jina_clip_v2,face,570,face::train::082954.jpg,face::test::196611.jpg,0.8870513914129563
jina_clip_v2,face,571,face::train::082954.jpg,face::test::201409.jpg,0.8869452292771886
jina_clip_v2,face,572,face::train::091980.jpg,face::train::065762.jpg,0.8869352043436283
jina_clip_v2,face,573,face::train::060555.jpg,face::train::141457.jpg,0.886863732139765
jina_clip_v2,face,574,face::train::090489.jpg,face::test::189457.jpg,0.8865681076021285
jina_clip_v2,face,575,face::train::170623.jpg,face::train::089537.jpg,0.8863438935866379
jina_clip_v2,face,576,face::train::089537.jpg,face::train::073196.jpg,0.8860505704665527
jina_clip_v2,face,577,face::train::071174.jpg,face::train::178182.jpg,0.8858966841650868
jina_clip_v2,face,578,face::train::053065.jpg,face::test::189457.jpg,0.8857267783486901
jina_clip_v2,face,579,face::train::157804.jpg,face::train::042973.jpg,0.8856416850387429
jina_clip_v2,face,580,face::train::082954.jpg,face::train::032580.jpg,0.8854802228389798
jina_clip_v2,face,581,face::train::091980.jpg,face::train::008309.jpg,0.8850441382814306
jina_clip_v2,face,582,face::train::008309.jpg,face::train::082954.jpg,0.8849369438225992
jina_clip_v2,face,583,face::train::129132.jpg,face::train::149220.jpg,0.8846198745418777
jina_clip_v2,face,584,face::train::114832.jpg,face::train::053065.jpg,0.8844858983358285
jina_clip_v2,face,585,face::train::008309.jpg,face::train::149220.jpg,0.8844827954432075
jina_clip_v2,face,586,face::train::063618.jpg,face::train::123459.jpg,0.8843208285136342
jina_clip_v2,face,587,face::train::042973.jpg,face::train::032580.jpg,0.8843082741206748
jina_clip_v2,face,588,face::train::114832.jpg,face::train::001042.jpg,0.8839711258549259
jina_clip_v2,face,589,face::train::170623.jpg,face::train::065762.jpg,0.8839391373035301
jina_clip_v2,face,590,face::train::090489.jpg,face::test::196611.jpg,0.8837892612794195
jina_clip_v2,face,591,face::train::063618.jpg,face::train::141457.jpg,0.8836660389797973
jina_clip_v2,face,592,face::train::082954.jpg,face::train::123459.jpg,0.883638001978277
jina_clip_v2,face,593,face::test::189858.jpg,face::test::201409.jpg,0.8835457449179319
jina_clip_v2,face,594,face::train::149220.jpg,face::train::032580.jpg,0.8834578553680367
jina_clip_v2,face,595,face::train::150659.jpg,face::train::073196.jpg,0.8833995061161273
jina_clip_v2,face,596,face::train::157804.jpg,face::train::141457.jpg,0.8833656386793688
jina_clip_v2,face,597,face::train::081413.jpg,face::train::023736.jpg,0.8832722683226129
jina_clip_v2,face,598,face::train::137722.jpg,face::train::178182.jpg,0.8832662260636474
jina_clip_v2,face,599,face::train::089537.jpg,face::test::185812.jpg,0.88314167966425
jina_clip_v2,face,600,face::train::082954.jpg,face::train::073196.jpg,0.8828882411826257
jina_clip_v2,face,601,face::train::114832.jpg,face::train::026996.jpg,0.8827433657988778
jina_clip_v2,face,602,face::train::090489.jpg,face::train::092618.jpg,0.8824477594016069
jina_clip_v2,face,603,face::train::089537.jpg,face::test::201409.jpg,0.8824143567279191
jina_clip_v2,face,604,face::train::178129.jpg,face::test::189457.jpg,0.882242076436719
jina_clip_v2,face,605,face::train::138886.jpg,face::train::123459.jpg,0.8822002516077728
jina_clip_v2,face,606,face::train::149220.jpg,face::test::201409.jpg,0.8821200926472368
jina_clip_v2,face,607,face::train::149220.jpg,face::test::189457.jpg,0.8820544982911918
jina_clip_v2,face,608,face::train::073196.jpg,face::test::183801.jpg,0.8819089743235674
jina_clip_v2,face,609,face::train::138886.jpg,face::test::196611.jpg,0.8818673268180285
jina_clip_v2,face,610,face::train::157804.jpg,face::train::001042.jpg,0.8814009655654818
jina_clip_v2,face,611,face::train::071174.jpg,face::train::090489.jpg,0.8811944007522106
jina_clip_v2,face,612,face::train::149220.jpg,face::test::185812.jpg,0.8811910666605912
jina_clip_v2,face,613,face::train::138886.jpg,face::test::196777.jpg,0.8805003397388684
jina_clip_v2,face,614,face::train::060555.jpg,face::test::183801.jpg,0.8802583448718709
jina_clip_v2,face,615,face::train::088914.jpg,face::test::196777.jpg,0.8802423541100814
jina_clip_v2,face,616,face::train::042973.jpg,face::train::123459.jpg,0.8800087698727866
jina_clip_v2,face,617,face::train::089537.jpg,face::train::032580.jpg,0.8799562982901731
jina_clip_v2,face,618,face::train::150659.jpg,face::test::201409.jpg,0.879746642621033
jina_clip_v2,face,619,face::train::071174.jpg,face::train::121281.jpg,0.8796875106700442
jina_clip_v2,face,620,face::train::008309.jpg,face::test::189858.jpg,0.8794843809668557
jina_clip_v2,face,621,face::train::071174.jpg,face::test::196611.jpg,0.8793479021769421
jina_clip_v2,face,622,face::train::082954.jpg,face::test::185812.jpg,0.8793062063964274
jina_clip_v2,face,623,face::train::089537.jpg,face::train::060555.jpg,0.8790718082598379
jina_clip_v2,face,624,face::train::157804.jpg,face::train::149220.jpg,0.8789779530839834
jina_clip_v2,face,625,face::train::166091.jpg,face::train::042973.jpg,0.8789373994325962
jina_clip_v2,face,626,face::train::065762.jpg,face::train::060555.jpg,0.8788649968034411
jina_clip_v2,face,627,face::test::189858.jpg,face::test::196777.jpg,0.8785884416991042
jina_clip_v2,face,628,face::train::178182.jpg,face::test::189457.jpg,0.8783872211268711
jina_clip_v2,face,629,face::train::032580.jpg,face::test::183801.jpg,0.8783800488080021
jina_clip_v2,face,630,face::train::001042.jpg,face::train::109762.jpg,0.8783072759183878
jina_clip_v2,face,631,face::train::042973.jpg,face::test::185812.jpg,0.8781980980865225
jina_clip_v2,face,632,face::train::114832.jpg,face::train::090489.jpg,0.8781303699558448
jina_clip_v2,face,633,face::train::091980.jpg,face::train::178182.jpg,0.878103313086564
jina_clip_v2,face,634,face::train::166091.jpg,face::train::026996.jpg,0.877932930376352
jina_clip_v2,face,635,face::train::065762.jpg,face::train::063708.jpg,0.8779164313987964
jina_clip_v2,face,636,face::train::063708.jpg,face::train::149220.jpg,0.8776062988373273
jina_clip_v2,face,637,face::train::053065.jpg,face::train::063618.jpg,0.8775652932914357
jina_clip_v2,face,638,face::train::170623.jpg,face::train::042973.jpg,0.8774428214713664
jina_clip_v2,face,639,face::train::168471.jpg,face::test::189457.jpg,0.8773351680912308
jina_clip_v2,face,640,face::train::157804.jpg,face::train::053065.jpg,0.8773227821305045
jina_clip_v2,face,641,face::train::114832.jpg,face::train::150659.jpg,0.8772403837946654
jina_clip_v2,face,642,face::train::089537.jpg,face::test::196777.jpg,0.8771697475613395
jina_clip_v2,face,643,face::train::065762.jpg,face::test::196777.jpg,0.877109222698727
jina_clip_v2,face,644,face::train::026996.jpg,face::test::196777.jpg,0.8769048349849351
jina_clip_v2,face,645,face::train::150659.jpg,face::test::196611.jpg,0.8768056403396842
jina_clip_v2,face,646,face::test::183801.jpg,face::test::196777.jpg,0.8766970636121776
jina_clip_v2,face,647,face::train::053065.jpg,face::train::073196.jpg,0.876563311088973
jina_clip_v2,face,648,face::train::001042.jpg,face::test::196777.jpg,0.8764039709753081
jina_clip_v2,face,649,face::test::186223.jpg,face::test::188858.jpg,0.8763867309128974
jina_clip_v2,face,650,face::train::149220.jpg,face::test::196777.jpg,0.8762734407656978
jina_clip_v2,face,651,face::train::053065.jpg,face::train::092618.jpg,0.8762286147435325
jina_clip_v2,face,652,face::train::071174.jpg,face::train::091980.jpg,0.8760627155789001
jina_clip_v2,face,653,face::train::060309.jpg,face::test::184003.jpg,0.8758412596468743
jina_clip_v2,face,654,face::test::189858.jpg,face::test::184003.jpg,0.8756756268591638
jina_clip_v2,face,655,face::train::089537.jpg,face::train::123459.jpg,0.8755376691413044
jina_clip_v2,face,656,face::train::071174.jpg,face::test::189457.jpg,0.8754292154389789
jina_clip_v2,face,657,face::train::053065.jpg,face::test::201409.jpg,0.8752953391774068
jina_clip_v2,face,658,face::train::060555.jpg,face::train::082954.jpg,0.8750907731321305
jina_clip_v2,face,659,face::train::071174.jpg,face::test::186223.jpg,0.8750630690081075
jina_clip_v2,face,660,face::train::023736.jpg,face::train::149220.jpg,0.8748853994901808
jina_clip_v2,face,661,face::train::166091.jpg,face::train::065762.jpg,0.8747104954131165
jina_clip_v2,face,662,face::train::149220.jpg,face::train::060309.jpg,0.8745428327245851
jina_clip_v2,face,663,face::train::168471.jpg,face::test::184003.jpg,0.8745423424908295
jina_clip_v2,face,664,face::train::138886.jpg,face::train::092618.jpg,0.8745090289258693
jina_clip_v2,face,665,face::train::170623.jpg,face::test::183801.jpg,0.8744910138602846
jina_clip_v2,face,666,face::train::121281.jpg,face::train::114832.jpg,0.8744760766219104
jina_clip_v2,face,667,face::train::089537.jpg,face::test::196611.jpg,0.8744065279035003
jina_clip_v2,face,668,face::train::053065.jpg,face::test::185812.jpg,0.8742870740263485
jina_clip_v2,face,669,face::train::081413.jpg,face::train::166091.jpg,0.8741789541640965
jina_clip_v2,face,670,face::train::141457.jpg,face::train::032580.jpg,0.8739783791987494
jina_clip_v2,face,671,face::train::008309.jpg,face::train::168471.jpg,0.873721609212088
jina_clip_v2,face,672,face::train::170623.jpg,face::train::053065.jpg,0.8735978804167618
jina_clip_v2,face,673,face::train::008309.jpg,face::train::089537.jpg,0.873193910568748
jina_clip_v2,face,674,face::train::157804.jpg,face::test::183801.jpg,0.8731393477861675
jina_clip_v2,face,675,face::train::157804.jpg,face::train::178129.jpg,0.8730914879857724
jina_clip_v2,face,676,face::train::081413.jpg,face::train::109762.jpg,0.8729662487279973
jina_clip_v2,face,677,face::train::137722.jpg,face::test::188858.jpg,0.8727878877931002
jina_clip_v2,face,678,face::train::008309.jpg,face::train::178129.jpg,0.8727640561835207
jina_clip_v2,face,679,face::train::090489.jpg,face::test::201409.jpg,0.8727425379457845
jina_clip_v2,face,680,face::train::092618.jpg,face::test::183801.jpg,0.8718682136851266
jina_clip_v2,face,681,face::train::082954.jpg,face::train::109762.jpg,0.8718319326743962
jina_clip_v2,face,682,face::train::121281.jpg,face::train::123459.jpg,0.8717562011104742
jina_clip_v2,face,683,face::train::166091.jpg,face::train::150659.jpg,0.8717381125191006
jina_clip_v2,face,684,face::train::150659.jpg,face::train::123459.jpg,0.8714395424613026
jina_clip_v2,face,685,face::train::090489.jpg,face::train::109762.jpg,0.8713278293838375
jina_clip_v2,face,686,face::train::090489.jpg,face::train::060555.jpg,0.8711417930130764
jina_clip_v2,face,687,face::train::170623.jpg,face::train::149220.jpg,0.8710740804941273
jina_clip_v2,face,688,face::train::143554.jpg,face::train::150659.jpg,0.8705789805664599
jina_clip_v2,face,689,face::train::166091.jpg,face::train::089537.jpg,0.8705512489402767
jina_clip_v2,face,690,face::train::166091.jpg,face::test::183801.jpg,0.8703699940776312
jina_clip_v2,face,691,face::train::143554.jpg,face::test::189858.jpg,0.8702910574570906
jina_clip_v2,face,692,face::train::025692.jpg,face::train::092618.jpg,0.870262188317938
jina_clip_v2,face,693,face::train::090489.jpg,face::train::063708.jpg,0.8701948493149106
jina_clip_v2,face,694,face::train::090489.jpg,face::test::184003.jpg,0.8700753318377132
jina_clip_v2,face,695,face::train::073196.jpg,face::train::141457.jpg,0.8700448258363029
jina_clip_v2,face,696,face::train::114832.jpg,face::test::189858.jpg,0.8698832000745987
jina_clip_v2,face,697,face::train::168471.jpg,face::train::073196.jpg,0.8696411843911874
jina_clip_v2,face,698,face::train::082954.jpg,face::test::196777.jpg,0.8691235666444111
jina_clip_v2,face,699,face::train::065762.jpg,face::train::092618.jpg,0.8689946990304497
jina_clip_v2,face,700,face::train::065762.jpg,face::train::032580.jpg,0.8689380641955659
jina_clip_v2,face,701,face::train::092618.jpg,face::train::178129.jpg,0.8688942040672516
jina_clip_v2,face,702,face::train::090489.jpg,face::train::063618.jpg,0.8688111254360074
jina_clip_v2,face,703,face::train::114832.jpg,face::train::025692.jpg,0.8687368173151168
jina_clip_v2,face,704,face::train::178182.jpg,face::test::186223.jpg,0.8684745821417298
jina_clip_v2,face,705,face::train::090489.jpg,face::train::073196.jpg,0.8684425694165598
jina_clip_v2,face,706,face::train::060555.jpg,face::train::001042.jpg,0.8679844209657707
jina_clip_v2,face,707,face::train::166091.jpg,face::train::082954.jpg,0.8678828276669337
jina_clip_v2,face,708,face::train::150659.jpg,face::train::032580.jpg,0.8678467972097205
jina_clip_v2,face,709,face::train::008309.jpg,face::train::025692.jpg,0.8678106353806488
jina_clip_v2,face,710,face::train::025692.jpg,face::test::185812.jpg,0.8676822614408278
jina_clip_v2,face,711,face::train::025692.jpg,face::train::032580.jpg,0.8675732156359427
jina_clip_v2,face,712,face::train::137722.jpg,face::train::114832.jpg,0.8670898907010424
jina_clip_v2,face,713,face::train::089537.jpg,face::train::109762.jpg,0.8667870101479274
jina_clip_v2,face,714,face::train::089537.jpg,face::train::092618.jpg,0.8665571223179473
jina_clip_v2,face,715,face::train::137722.jpg,face::test::196611.jpg,0.8665222025506444
jina_clip_v2,face,716,face::train::141457.jpg,face::test::196777.jpg,0.8664784628185631
jina_clip_v2,face,717,face::train::109762.jpg,face::test::183801.jpg,0.8662973332555807
jina_clip_v2,face,718,face::train::071174.jpg,face::train::143554.jpg,0.8662076565263397
jina_clip_v2,face,719,face::train::092618.jpg,face::train::001042.jpg,0.8661979248112146
jina_clip_v2,face,720,face::train::060555.jpg,face::train::026996.jpg,0.8661427489280836
jina_clip_v2,face,721,face::train::137722.jpg,face::test::185812.jpg,0.8661337695004885
jina_clip_v2,face,722,face::train::150659.jpg,face::test::185812.jpg,0.8660024684274756
jina_clip_v2,face,723,face::train::063618.jpg,face::train::065762.jpg,0.8658833450885652
jina_clip_v2,face,724,face::train::081413.jpg,face::train::088914.jpg,0.8658412694899348
jina_clip_v2,face,725,face::train::063618.jpg,face::train::149220.jpg,0.8657658843142844
jina_clip_v2,face,726,face::train::053065.jpg,face::train::060309.jpg,0.8657038559189407
jina_clip_v2,face,727,face::train::082954.jpg,face::train::092618.jpg,0.8656272223358438
jina_clip_v2,face,728,face::train::166091.jpg,face::train::168471.jpg,0.8655978349872049
jina_clip_v2,face,729,face::train::157804.jpg,face::train::089537.jpg,0.8655359324821131
jina_clip_v2,face,730,face::train::121281.jpg,face::train::008309.jpg,0.8651544209717094
jina_clip_v2,face,731,face::train::137722.jpg,face::train::008309.jpg,0.8650497935941147
jina_clip_v2,face,732,face::train::023736.jpg,face::train::042973.jpg,0.8650123173646325
jina_clip_v2,face,733,face::train::060555.jpg,face::train::150659.jpg,0.8646458025802655
jina_clip_v2,face,734,face::train::081413.jpg,face::train::092618.jpg,0.8646223983593188
jina_clip_v2,face,735,face::train::063708.jpg,face::train::001042.jpg,0.8645688041702431
jina_clip_v2,face,736,face::train::141457.jpg,face::train::109762.jpg,0.8645610238246701
jina_clip_v2,face,737,face::train::149220.jpg,face::train::109762.jpg,0.8643818094964021
jina_clip_v2,face,738,face::train::090489.jpg,face::train::032580.jpg,0.864353025717121
jina_clip_v2,face,739,face::train::063618.jpg,face::test::184003.jpg,0.8642592946544462
jina_clip_v2,face,740,face::train::091980.jpg,face::train::023736.jpg,0.8642054930764496
jina_clip_v2,face,741,face::test::189457.jpg,face::test::188858.jpg,0.864120406186476
jina_clip_v2,face,742,face::train::025692.jpg,face::train::060555.jpg,0.8639959400146022
jina_clip_v2,face,743,face::train::170623.jpg,face::train::081413.jpg,0.8639743726330696
jina_clip_v2,face,744,face::train::157804.jpg,face::train::082954.jpg,0.8639571595621386
jina_clip_v2,face,745,face::train::073196.jpg,face::train::001042.jpg,0.8639176934224688
jina_clip_v2,face,746,face::train::143554.jpg,face::train::101485.jpg,0.8639097285960096
jina_clip_v2,face,747,face::train::168471.jpg,face::test::201409.jpg,0.8638243278116717
jina_clip_v2,face,748,face::train::026996.jpg,face::test::196611.jpg,0.8635449837841931
jina_clip_v2,face,749,face::train::073196.jpg,face::train::178129.jpg,0.8632452712881485
jina_clip_v2,face,750,face::train::063708.jpg,face::train::138886.jpg,0.863205279483625
jina_clip_v2,face,751,face::train::025692.jpg,face::test::201409.jpg,0.8631737733636151
jina_clip_v2,face,752,face::train::053065.jpg,face::test::196777.jpg,0.8631688297951101
jina_clip_v2,face,753,face::train::168471.jpg,face::train::032580.jpg,0.8631366701848735
jina_clip_v2,face,754,face::train::090489.jpg,face::train::008309.jpg,0.8631328323750335
jina_clip_v2,face,755,face::train::053065.jpg,face::train::032580.jpg,0.8630344870328992
jina_clip_v2,face,756,face::train::053065.jpg,face::train::060555.jpg,0.8628308509073709
jina_clip_v2,face,757,face::train::065762.jpg,face::test::196611.jpg,0.8622107769516818
jina_clip_v2,face,758,face::train::071174.jpg,face::test::196777.jpg,0.8622076837170984
jina_clip_v2,face,759,face::train::063618.jpg,face::train::178129.jpg,0.8621225729528965
jina_clip_v2,face,760,face::train::170623.jpg,face::train::178129.jpg,0.8620898001051152
jina_clip_v2,face,761,face::train::026996.jpg,face::test::185812.jpg,0.8619191508224522
jina_clip_v2,face,762,face::train::114832.jpg,face::train::178129.jpg,0.8617754109180346
jina_clip_v2,face,763,face::train::026996.jpg,face::train::092618.jpg,0.8614041846713432
jina_clip_v2,face,764,face::train::170623.jpg,face::train::150659.jpg,0.8613650972492504
jina_clip_v2,face,765,face::train::178129.jpg,face::test::201409.jpg,0.8613365761566971
jina_clip_v2,face,766,face::train::150659.jpg,face::test::196777.jpg,0.8612304537027687
jina_clip_v2,face,767,face::train::026996.jpg,face::train::032580.jpg,0.8609940631081434
jina_clip_v2,face,768,face::train::081413.jpg,face::train::063708.jpg,0.8609699755831389
jina_clip_v2,face,769,face::train::129132.jpg,face::train::138886.jpg,0.8609681226956255
jina_clip_v2,face,770,face::train::121281.jpg,face::train::032580.jpg,0.860894048251236
jina_clip_v2,face,771,face::train::025692.jpg,face::train::073196.jpg,0.8608778905380288
jina_clip_v2,face,772,face::train::065762.jpg,face::test::185812.jpg,0.8606968108064017
jina_clip_v2,face,773,face::train::149220.jpg,face::train::123459.jpg,0.8605872150569366
jina_clip_v2,face,774,face::train::023736.jpg,face::train::138886.jpg,0.8604747810835592
jina_clip_v2,face,775,face::train::090489.jpg,face::test::186223.jpg,0.8599229166173303
jina_clip_v2,face,776,face::train::092618.jpg,face::test::189858.jpg,0.859805721422509
jina_clip_v2,face,777,face::train::114832.jpg,face::train::101485.jpg,0.85978319769047
jina_clip_v2,face,778,face::train::114832.jpg,face::train::168471.jpg,0.8597322207490131
jina_clip_v2,face,779,face::train::053065.jpg,face::train::123459.jpg,0.8597129980221
jina_clip_v2,face,780,face::train::137722.jpg,face::test::189457.jpg,0.8596794875642579
jina_clip_v2,face,781,face::train::025692.jpg,face::test::189457.jpg,0.8596032910960263
jina_clip_v2,face,782,face::train::091980.jpg,face::train::032580.jpg,0.8594323269976172
jina_clip_v2,face,783,face::train::121281.jpg,face::test::201409.jpg,0.8590815570495931
jina_clip_v2,face,784,face::train::166091.jpg,face::train::149220.jpg,0.8589136747506837
jina_clip_v2,face,785,face::train::101485.jpg,face::test::201409.jpg,0.8588776862566992
jina_clip_v2,face,786,face::train::091980.jpg,face::train::092618.jpg,0.8588090613402753
jina_clip_v2,face,787,face::train::063708.jpg,face::train::141457.jpg,0.8587779050288202
jina_clip_v2,face,788,face::train::137722.jpg,face::test::196777.jpg,0.8586842255181687
jina_clip_v2,face,789,face::train::150659.jpg,face::train::092618.jpg,0.8585161744196748
jina_clip_v2,face,790,face::train::101485.jpg,face::train::123459.jpg,0.8584579922037148
jina_clip_v2,face,791,face::train::170623.jpg,face::train::001042.jpg,0.8581023294625764
jina_clip_v2,face,792,face::train::001042.jpg,face::train::032580.jpg,0.85796532789775
jina_clip_v2,face,793,face::train::178182.jpg,face::test::184003.jpg,0.8578904706851638
jina_clip_v2,face,794,face::train::101485.jpg,face::train::092618.jpg,0.857726813999223
jina_clip_v2,face,795,face::train::141457.jpg,face::test::189457.jpg,0.8576109403678785
jina_clip_v2,face,796,face::train::091980.jpg,face::train::114832.jpg,0.8575297648678354
jina_clip_v2,face,797,face::train::091980.jpg,face::train::060555.jpg,0.8575223657358607
jina_clip_v2,face,798,face::train::137722.jpg,face::train::157804.jpg,0.8574179917669759
jina_clip_v2,face,799,face::train::149220.jpg,face::test::184003.jpg,0.8573170587614822
jina_clip_v2,face,800,face::train::088914.jpg,face::test::184003.jpg,0.8573130739061543
jina_clip_v2,face,801,face::train::123459.jpg,face::train::001042.jpg,0.8572975863210774
jina_clip_v2,face,802,face::train::143554.jpg,face::train::082954.jpg,0.8572186537467709
jina_clip_v2,face,803,face::train::137722.jpg,face::train::060555.jpg,0.8568953289108577
jina_clip_v2,face,804,face::train::121281.jpg,face::test::185812.jpg,0.8567631044998176
jina_clip_v2,face,805,face::train::178182.jpg,face::test::201409.jpg,0.8566424301967185
jina_clip_v2,face,806,face::train::137722.jpg,face::test::201409.jpg,0.8566212360533242
jina_clip_v2,face,807,face::train::073196.jpg,face::test::189858.jpg,0.8565953596767246
jina_clip_v2,face,808,face::train::129132.jpg,face::train::053065.jpg,0.8560791779782764
jina_clip_v2,face,809,face::train::091980.jpg,face::train::073196.jpg,0.8558405440475704
jina_clip_v2,face,810,face::train::091980.jpg,face::train::123459.jpg,0.8556447418341813
jina_clip_v2,face,811,face::train::157804.jpg,face::train::090489.jpg,0.8555316598666576
jina_clip_v2,face,812,face::train::001042.jpg,face::test::185812.jpg,0.8555055609388162
jina_clip_v2,face,813,face::train::114832.jpg,face::train::178182.jpg,0.855404775936294
jina_clip_v2,face,814,face::train::071174.jpg,face::test::184003.jpg,0.8553660961603198
jina_clip_v2,face,815,face::train::157804.jpg,face::train::091980.jpg,0.8553295950140669
jina_clip_v2,face,816,face::train::063618.jpg,face::train::042973.jpg,0.8552128728235503
jina_clip_v2,face,817,face::train::081413.jpg,face::test::189457.jpg,0.8550245347261068
jina_clip_v2,face,818,face::train::090489.jpg,face::test::185812.jpg,0.8550236278224356
jina_clip_v2,face,819,face::train::053065.jpg,face::train::088914.jpg,0.8549586663155184
jina_clip_v2,face,820,face::train::178182.jpg,face::test::196611.jpg,0.8549309711930556
jina_clip_v2,face,821,face::train::143554.jpg,face::test::183801.jpg,0.8547708340492937
jina_clip_v2,face,822,face::train::168471.jpg,face::train::123459.jpg,0.8547241718434568
jina_clip_v2,face,823,face::train::137722.jpg,face::train::123459.jpg,0.8546899394224198
jina_clip_v2,face,824,face::train::166091.jpg,face::train::141457.jpg,0.8545770135409669
jina_clip_v2,face,825,face::train::137722.jpg,face::train::063618.jpg,0.8544825170654697
jina_clip_v2,face,826,face::train::101485.jpg,face::test::189457.jpg,0.8544403723638685
jina_clip_v2,face,827,face::train::091980.jpg,face::test::185812.jpg,0.8543636120304885
jina_clip_v2,face,828,face::train::063708.jpg,face::train::042973.jpg,0.8542287363761414
jina_clip_v2,face,829,face::train::168471.jpg,face::train::060555.jpg,0.854139839373535
jina_clip_v2,face,830,face::train::109762.jpg,face::test::189858.jpg,0.8541076962838361
jina_clip_v2,face,831,face::train::170623.jpg,face::train::082954.jpg,0.8539855430653928
jina_clip_v2,face,832,face::train::081413.jpg,face::train::141457.jpg,0.8538191313085131
jina_clip_v2,face,833,face::train::178129.jpg,face::test::184003.jpg,0.8536597538234266
jina_clip_v2,face,834,face::train::157804.jpg,face::test::189858.jpg,0.8527490859386107
jina_clip_v2,face,835,face::train::121281.jpg,face::test::189457.jpg,0.8524310024145034
jina_clip_v2,face,836,face::train::091980.jpg,face::test::201409.jpg,0.8515710700628031
jina_clip_v2,face,837,face::train::129132.jpg,face::train::042973.jpg,0.851500061470583
jina_clip_v2,face,838,face::train::137722.jpg,face::train::032580.jpg,0.8514432872635874
jina_clip_v2,face,839,face::train::025692.jpg,face::test::196777.jpg,0.8514201971380733
jina_clip_v2,face,840,face::train::168471.jpg,face::train::109762.jpg,0.8513898332219897
jina_clip_v2,face,841,face::train::178129.jpg,face::train::109762.jpg,0.8513719990664521
jina_clip_v2,face,842,face::train::026996.jpg,face::train::123459.jpg,0.85118332828484
jina_clip_v2,face,843,face::train::150659.jpg,face::train::109762.jpg,0.8511099073667685
jina_clip_v2,face,844,face::train::008309.jpg,face::train::150659.jpg,0.8509274375969289
jina_clip_v2,face,845,face::train::166091.jpg,face::train::001042.jpg,0.8507420660162157
jina_clip_v2,face,846,face::train::053065.jpg,face::train::109762.jpg,0.8507264201341869
jina_clip_v2,face,847,face::train::090489.jpg,face::test::196777.jpg,0.8505184828028679
jina_clip_v2,face,848,face::train::053065.jpg,face::train::023736.jpg,0.8504058549253908
jina_clip_v2,face,849,face::train::129132.jpg,face::test::183801.jpg,0.8502009315825726
jina_clip_v2,face,850,face::train::023736.jpg,face::test::183801.jpg,0.850031236475758
jina_clip_v2,face,851,face::train::091980.jpg,face::train::063618.jpg,0.8499391622636172
jina_clip_v2,face,852,face::train::166091.jpg,face::test::189858.jpg,0.8493259374727211
jina_clip_v2,face,853,face::train::063618.jpg,face::test::183801.jpg,0.8493157043727884
jina_clip_v2,face,854,face::train::063618.jpg,face::train::138886.jpg,0.849214446942578
jina_clip_v2,face,855,face::train::065762.jpg,face::train::123459.jpg,0.8491446853896643
jina_clip_v2,face,856,face::train::071174.jpg,face::test::201409.jpg,0.8490858529920896
jina_clip_v2,face,857,face::train::137722.jpg,face::test::184003.jpg,0.8490157763074828
jina_clip_v2,face,858,face::train::178129.jpg,face::test::185812.jpg,0.8489151494668504
jina_clip_v2,face,859,face::train::091980.jpg,face::test::189457.jpg,0.8488935014376808
jina_clip_v2,face,860,face::train::065762.jpg,face::train::023736.jpg,0.848891260487066
jina_clip_v2,face,861,face::train::008309.jpg,face::train::178182.jpg,0.8488670654696753
jina_clip_v2,face,862,face::train::060555.jpg,face::train::178129.jpg,0.84859454420656
jina_clip_v2,face,863,face::train::101485.jpg,face::test::185812.jpg,0.8485794263926971
jina_clip_v2,face,864,face::train::143554.jpg,face::train::042973.jpg,0.848440622133631
jina_clip_v2,face,865,face::test::189457.jpg,face::test::186223.jpg,0.8483016393983271
jina_clip_v2,face,866,face::train::101485.jpg,face::train::060555.jpg,0.8482884299226799
jina_clip_v2,face,867,face::train::008309.jpg,face::train::101485.jpg,0.8482004448332586
jina_clip_v2,face,868,face::train::157804.jpg,face::train::025692.jpg,0.848056098537941
jina_clip_v2,face,869,face::train::025692.jpg,face::test::184003.jpg,0.8479137515410848
jina_clip_v2,face,870,face::train::053065.jpg,face::test::184003.jpg,0.8478629105450799
jina_clip_v2,face,871,face::train::157804.jpg,face::train::150659.jpg,0.8475313485280814
jina_clip_v2,face,872,face::train::101485.jpg,face::train::023736.jpg,0.8472897383085723
jina_clip_v2,face,873,face::train::168471.jpg,face::train::092618.jpg,0.8472357200952569
jina_clip_v2,face,874,face::train::101485.jpg,face::train::073196.jpg,0.8472180483662818
jina_clip_v2,face,875,face::train::137722.jpg,face::train::073196.jpg,0.8471165826146287
jina_clip_v2,face,876,face::train::023736.jpg,face::train::082954.jpg,0.8470954888350619
jina_clip_v2,face,877,face::train::143554.jpg,face::train::168471.jpg,0.8470880336156981
jina_clip_v2,face,878,face::train::166091.jpg,face::train::053065.jpg,0.8470234897057383
jina_clip_v2,face,879,face::train::063708.jpg,face::train::082954.jpg,0.8470203259026371
jina_clip_v2,face,880,face::train::121281.jpg,face::train::060555.jpg,0.8469582082290562
jina_clip_v2,face,881,face::train::081413.jpg,face::test::184003.jpg,0.846780757565392
jina_clip_v2,face,882,face::train::060555.jpg,face::test::189858.jpg,0.8467733947261402
jina_clip_v2,face,883,face::train::168471.jpg,face::test::185812.jpg,0.8464935707062863
jina_clip_v2,face,884,face::train::101485.jpg,face::train::032580.jpg,0.8464386454887006
jina_clip_v2,face,885,face::train::157804.jpg,face::train::168471.jpg,0.8464384873519619
jina_clip_v2,face,886,face::train::032580.jpg,face::test::189858.jpg,0.8463046265740187
jina_clip_v2,face,887,face::train::168471.jpg,face::test::196777.jpg,0.8459812242201574
jina_clip_v2,face,888,face::train::168471.jpg,face::train::023736.jpg,0.8459777645445284
jina_clip_v2,face,889,face::train::121281.jpg,face::train::073196.jpg,0.845741115178755
jina_clip_v2,face,890,face::train::137722.jpg,face::train::129132.jpg,0.8457117068996822
jina_clip_v2,face,891,face::train::090489.jpg,face::train::023736.jpg,0.8455509298571295
jina_clip_v2,face,892,face::train::129132.jpg,face::train::065762.jpg,0.8452720538333167
jina_clip_v2,face,893,face::train::123459.jpg,face::test::189858.jpg,0.8451588063666131
jina_clip_v2,face,894,face::train::063618.jpg,face::train::026996.jpg,0.8451346156236936
jina_clip_v2,face,895,face::train::121281.jpg,face::train::092618.jpg,0.844952151918019
jina_clip_v2,face,896,face::train::170623.jpg,face::test::189858.jpg,0.8448322243767254
jina_clip_v2,face,897,face::train::091980.jpg,face::train::109762.jpg,0.8447588634625444
jina_clip_v2,face,898,face::train::063618.jpg,face::train::025692.jpg,0.8444489719717613
jina_clip_v2,face,899,face::train::178129.jpg,face::train::032580.jpg,0.8442852918607576
jina_clip_v2,face,900,face::train::063708.jpg,face::test::183801.jpg,0.8437539021265891
jina_clip_v2,face,901,face::test::185812.jpg,face::test::189858.jpg,0.8436606339072331
jina_clip_v2,face,902,face::train::170623.jpg,face::train::141457.jpg,0.8436323152649065
jina_clip_v2,face,903,face::train::121281.jpg,face::train::143554.jpg,0.8434756747180936
jina_clip_v2,face,904,face::train::138886.jpg,face::train::060309.jpg,0.8433562129501841
jina_clip_v2,face,905,face::train::063708.jpg,face::train::026996.jpg,0.843221886607581
jina_clip_v2,face,906,face::train::025692.jpg,face::train::123459.jpg,0.8429912461644027
jina_clip_v2,face,907,face::train::053065.jpg,face::train::149220.jpg,0.8429838468725066
jina_clip_v2,face,908,face::train::178129.jpg,face::test::196777.jpg,0.8428578065668887
jina_clip_v2,face,909,face::train::170623.jpg,face::train::168471.jpg,0.8428282958752232
jina_clip_v2,face,910,face::train::063618.jpg,face::train::001042.jpg,0.8426763947016946
jina_clip_v2,face,911,face::train::060309.jpg,face::train::178129.jpg,0.8421316962814268
jina_clip_v2,face,912,face::train::071174.jpg,face::train::114832.jpg,0.8420052294330601
jina_clip_v2,face,913,face::train::088914.jpg,face::test::183801.jpg,0.8417939187077934
jina_clip_v2,face,914,face::train::166091.jpg,face::train::101485.jpg,0.8412289549802301
jina_clip_v2,face,915,face::train::166091.jpg,face::train::090489.jpg,0.8410043278913056
jina_clip_v2,face,916,face::test::188858.jpg,face::test::201409.jpg,0.8408285809903121
jina_clip_v2,face,917,face::train::101485.jpg,face::test::184003.jpg,0.8403619451245711
jina_clip_v2,face,918,face::train::138886.jpg,face::train::088914.jpg,0.8400800332364423
jina_clip_v2,face,919,face::train::143554.jpg,face::train::001042.jpg,0.8400488509779521
jina_clip_v2,face,920,face::test::186223.jpg,face::test::184003.jpg,0.8399326945885975
jina_clip_v2,face,921,face::train::060309.jpg,face::train::042973.jpg,0.8398093055397841
jina_clip_v2,face,922,face::train::121281.jpg,face::test::196777.jpg,0.8396835499404566
jina_clip_v2,face,923,face::train::071174.jpg,face::train::073196.jpg,0.8396763688569473
jina_clip_v2,face,924,face::train::149220.jpg,face::train::042973.jpg,0.8394902813148825
jina_clip_v2,face,925,face::train::089537.jpg,face::train::063708.jpg,0.8393662002436508
jina_clip_v2,face,926,face::train::023736.jpg,face::train::025692.jpg,0.8392639345700821
jina_clip_v2,face,927,face::train::166091.jpg,face::train::091980.jpg,0.8391466126395957
jina_clip_v2,face,928,face::train::063618.jpg,face::train::082954.jpg,0.8389191391372476
jina_clip_v2,face,929,face::train::143554.jpg,face::train::089537.jpg,0.8388101695819835
jina_clip_v2,face,930,face::train::025692.jpg,face::train::109762.jpg,0.8384455668168876
jina_clip_v2,face,931,face::train::166091.jpg,face::train::025692.jpg,0.8384168555672621
jina_clip_v2,face,932,face::test::188858.jpg,face::test::196777.jpg,0.8383138253067736
jina_clip_v2,face,933,face::train::129132.jpg,face::train::025692.jpg,0.8382544764801225
jina_clip_v2,face,934,face::train::157804.jpg,face::train::101485.jpg,0.8382035267991463
jina_clip_v2,face,935,face::train::023736.jpg,face::test::189858.jpg,0.8379182359146236
jina_clip_v2,face,936,face::train::170623.jpg,face::test::188858.jpg,0.8376407368566479
jina_clip_v2,face,937,face::train::053065.jpg,face::train::141457.jpg,0.8371537509412614
jina_clip_v2,face,938,face::train::071174.jpg,face::train::008309.jpg,0.8371382496227876
jina_clip_v2,face,939,face::train::178182.jpg,face::test::196777.jpg,0.8368247571955539
jina_clip_v2,face,940,face::train::178182.jpg,face::train::123459.jpg,0.8367519289374256
jina_clip_v2,face,941,face::train::143554.jpg,face::train::138886.jpg,0.8363225182129062
jina_clip_v2,face,942,face::train::129132.jpg,face::train::001042.jpg,0.8360790434546088
jina_clip_v2,face,943,face::train::060309.jpg,face::train::026996.jpg,0.8359720169434347
jina_clip_v2,face,944,face::train::092618.jpg,face::test::188858.jpg,0.8359059573801493
jina_clip_v2,face,945,face::train::101485.jpg,face::test::196777.jpg,0.8358666032204384
jina_clip_v2,face,946,face::train::129132.jpg,face::train::082954.jpg,0.8358180470431855
jina_clip_v2,face,947,face::train::170623.jpg,face::train::137722.jpg,0.8358095704500874
jina_clip_v2,face,948,face::train::137722.jpg,face::train::149220.jpg,0.8353573823563029
jina_clip_v2,face,949,face::train::090489.jpg,face::train::123459.jpg,0.8342828651665242
jina_clip_v2,face,950,face::train::178182.jpg,face::train::109762.jpg,0.834168165708768
jina_clip_v2,face,951,face::train::129132.jpg,face::train::026996.jpg,0.8341357128560137
jina_clip_v2,face,952,face::train::137722.jpg,face::train::088914.jpg,0.833829373635052
jina_clip_v2,face,953,face::train::137722.jpg,face::train::023736.jpg,0.8337758615773923
jina_clip_v2,face,954,face::train::170623.jpg,face::train::091980.jpg,0.8336512258313458
jina_clip_v2,face,955,face::train::092618.jpg,face::test::196611.jpg,0.8335273785250016
jina_clip_v2,face,956,face::train::143554.jpg,face::train::026996.jpg,0.8334094355508117
jina_clip_v2,face,957,face::train::166091.jpg,face::train::178129.jpg,0.833375719793461
jina_clip_v2,face,958,face::train::090489.jpg,face::train::129132.jpg,0.833085513603056
jina_clip_v2,face,959,face::train::170623.jpg,face::train::090489.jpg,0.833074676584058
jina_clip_v2,face,960,face::train::121281.jpg,face::train::023736.jpg,0.8329343883301736
jina_clip_v2,face,961,face::train::143554.jpg,face::test::186223.jpg,0.8327694695697847
jina_clip_v2,face,962,face::train::023736.jpg,face::train::026996.jpg,0.8325851580375829
jina_clip_v2,face,963,face::train::042973.jpg,face::train::088914.jpg,0.8323710394658836
jina_clip_v2,face,964,face::train::114832.jpg,face::test::186223.jpg,0.8323551869010191
jina_clip_v2,face,965,face::train::137722.jpg,face::train::092618.jpg,0.8323397674167461
jina_clip_v2,face,966,face::train::141457.jpg,face::test::184003.jpg,0.8319943573413076
jina_clip_v2,face,967,face::train::170623.jpg,face::test::186223.jpg,0.8318532063398791
jina_clip_v2,face,968,face::train::129132.jpg,face::train::089537.jpg,0.8318258407670883
jina_clip_v2,face,969,face::train::178129.jpg,face::train::123459.jpg,0.8317617887895966
jina_clip_v2,face,970,face::train::137722.jpg,face::train::109762.jpg,0.8316831740311861
jina_clip_v2,face,971,face::train::060309.jpg,face::test::183801.jpg,0.8316689635008535
jina_clip_v2,face,972,face::train::023736.jpg,face::train::150659.jpg,0.8315684640191545
jina_clip_v2,face,973,face::train::170623.jpg,face::train::025692.jpg,0.8312035425102671
jina_clip_v2,face,974,face::train::073196.jpg,face::test::188858.jpg,0.8310460720122632
jina_clip_v2,face,975,face::train::063708.jpg,face::train::150659.jpg,0.831035598381764
jina_clip_v2,face,976,face::train::121281.jpg,face::test::184003.jpg,0.8309649732292484
jina_clip_v2,face,977,face::train::157804.jpg,face::test::188858.jpg,0.8308126173171464
jina_clip_v2,face,978,face::train::023736.jpg,face::train::001042.jpg,0.8307421663663281
jina_clip_v2,face,979,face::train::091980.jpg,face::train::129132.jpg,0.8306702578337656
jina_clip_v2,face,980,face::train::170623.jpg,face::train::178182.jpg,0.8306017802521064
jina_clip_v2,face,981,face::train::178182.jpg,face::train::073196.jpg,0.8305793913127577
jina_clip_v2,face,982,face::train::114832.jpg,face::test::188858.jpg,0.8305419900315073
jina_clip_v2,face,983,face::train::081413.jpg,face::train::138886.jpg,0.8305028119159218
jina_clip_v2,face,984,face::train::089537.jpg,face::train::023736.jpg,0.830489208268425
jina_clip_v2,face,985,face::train::178182.jpg,face::train::092618.jpg,0.8304755475033672
jina_clip_v2,face,986,face::train::071174.jpg,face::train::109762.jpg,0.8303367918624521
jina_clip_v2,face,987,face::train::143554.jpg,face::test::188858.jpg,0.8302628159504462
jina_clip_v2,face,988,face::train::091980.jpg,face::train::060309.jpg,0.8301355562028911
jina_clip_v2,face,989,face::train::023736.jpg,face::train::178129.jpg,0.8301175665751549
jina_clip_v2,face,990,face::train::157804.jpg,face::train::178182.jpg,0.8300420509569963
jina_clip_v2,face,991,face::train::166091.jpg,face::train::121281.jpg,0.8298832212853346
jina_clip_v2,face,992,face::train::137722.jpg,face::train::063708.jpg,0.8298654077521789
jina_clip_v2,face,993,face::train::101485.jpg,face::train::109762.jpg,0.8298158449540424
jina_clip_v2,face,994,face::train::065762.jpg,face::train::060309.jpg,0.829652066485652
jina_clip_v2,face,995,face::train::137722.jpg,face::train::060309.jpg,0.829585382111209
jina_clip_v2,face,996,face::train::053065.jpg,face::train::063708.jpg,0.8294082197188453
jina_clip_v2,face,997,face::train::081413.jpg,face::train::082954.jpg,0.8293065874584346
jina_clip_v2,face,998,face::test::188858.jpg,face::test::184003.jpg,0.8289526590975366
jina_clip_v2,face,999,face::train::063708.jpg,face::train::178129.jpg,0.8289458469189969
jina_clip_v2,face,1000,face::train::071174.jpg,face::train::157804.jpg,0.8287124653903246
jina_clip_v2,face,1001,face::train::063708.jpg,face::train::025692.jpg,0.8283888415598006
jina_clip_v2,face,1002,face::train::026996.jpg,face::train::088914.jpg,0.8282297915006326
jina_clip_v2,face,1003,face::train::088914.jpg,face::train::001042.jpg,0.8278448025682722
jina_clip_v2,face,1004,face::train::170623.jpg,face::train::071174.jpg,0.8278271049884884
jina_clip_v2,face,1005,face::train::071174.jpg,face::train::092618.jpg,0.8278150103341742
jina_clip_v2,face,1006,face::train::063618.jpg,face::train::089537.jpg,0.8277747884151154
jina_clip_v2,face,1007,face::train::149220.jpg,face::train::001042.jpg,0.8276798672152633
jina_clip_v2,face,1008,face::train::073196.jpg,face::test::186223.jpg,0.8273580072956845
jina_clip_v2,face,1009,face::train::143554.jpg,face::train::178182.jpg,0.8272968180927059
jina_clip_v2,face,1010,face::train::138886.jpg,face::train::149220.jpg,0.8270443224782684
jina_clip_v2,face,1011,face::train::129132.jpg,face::train::178129.jpg,0.8268927213226904
jina_clip_v2,face,1012,face::train::178182.jpg,face::test::185812.jpg,0.8267887574751215
jina_clip_v2,face,1013,face::train::143554.jpg,face::test::196611.jpg,0.8265316574128373
jina_clip_v2,face,1014,face::train::071174.jpg,face::train::166091.jpg,0.8264712346483191
jina_clip_v2,face,1015,face::train::063618.jpg,face::test::196611.jpg,0.826456775539273
jina_clip_v2,face,1016,face::train::081413.jpg,face::train::137722.jpg,0.8264276957952071
jina_clip_v2,face,1017,face::train::042973.jpg,face::train::141457.jpg,0.8263839420490257
jina_clip_v2,face,1018,face::train::157804.jpg,face::train::121281.jpg,0.8262912606434791
jina_clip_v2,face,1019,face::train::091980.jpg,face::test::184003.jpg,0.82617258145539
jina_clip_v2,face,1020,face::train::166091.jpg,face::test::186223.jpg,0.8259415871477568
jina_clip_v2,face,1021,face::train::114832.jpg,face::test::196611.jpg,0.825860555730034
jina_clip_v2,face,1022,face::train::071174.jpg,face::train::149220.jpg,0.8256428467772061
jina_clip_v2,face,1023,face::test::186223.jpg,face::test::201409.jpg,0.8255917874673564
jina_clip_v2,face,1024,face::train::008309.jpg,face::test::188858.jpg,0.8255087741328871
jina_clip_v2,face,1025,face::train::008309.jpg,face::test::186223.jpg,0.8254964388144866
jina_clip_v2,face,1026,face::train::149220.jpg,face::test::189858.jpg,0.8248182470038736
jina_clip_v2,face,1027,face::train::178182.jpg,face::train::060555.jpg,0.8243936912787903
jina_clip_v2,face,1028,face::train::060309.jpg,face::train::001042.jpg,0.8242667373821948
jina_clip_v2,face,1029,face::train::091980.jpg,face::test::196777.jpg,0.8242234628018706
jina_clip_v2,face,1030,face::train::091980.jpg,face::train::088914.jpg,0.8240946820999898
jina_clip_v2,face,1031,face::train::089537.jpg,face::train::088914.jpg,0.8238449771183122
jina_clip_v2,face,1032,face::train::065762.jpg,face::train::088914.jpg,0.823807334896023
jina_clip_v2,face,1033,face::train::137722.jpg,face::train::143554.jpg,0.8235616531385046
jina_clip_v2,face,1034,face::train::081413.jpg,face::train::026996.jpg,0.8230853704741559
jina_clip_v2,face,1035,face::train::060555.jpg,face::test::186223.jpg,0.8230163125396066
jina_clip_v2,face,1036,face::train::081413.jpg,face::train::042973.jpg,0.8226992380450963
jina_clip_v2,face,1037,face::train::060309.jpg,face::train::082954.jpg,0.8225567474257087
jina_clip_v2,face,1038,face::train::129132.jpg,face::train::150659.jpg,0.8221647379984474
jina_clip_v2,face,1039,face::train::143554.jpg,face::train::065762.jpg,0.8221521079220554
jina_clip_v2,face,1040,face::train::008309.jpg,face::test::196611.jpg,0.8219753452441649
jina_clip_v2,face,1041,face::train::089537.jpg,face::train::149220.jpg,0.8219301555825205
jina_clip_v2,face,1042,face::train::166091.jpg,face::test::188858.jpg,0.8217604596467273
jina_clip_v2,face,1043,face::test::189457.jpg,face::test::196611.jpg,0.8217087395302959
jina_clip_v2,face,1044,face::train::178182.jpg,face::train::063618.jpg,0.8213748399793162
jina_clip_v2,face,1045,face::train::129132.jpg,face::test::189858.jpg,0.8213734074529411
jina_clip_v2,face,1046,face::train::137722.jpg,face::train::166091.jpg,0.8212962524040756
jina_clip_v2,face,1047,face::train::157804.jpg,face::test::186223.jpg,0.8211250921423352
jina_clip_v2,face,1048,face::train::081413.jpg,face::test::183801.jpg,0.8210609869099018
jina_clip_v2,face,1049,face::train::032580.jpg,face::test::186223.jpg,0.8209731762777341
jina_clip_v2,face,1050,face::train::137722.jpg,face::train::141457.jpg,0.8208239002019138
jina_clip_v2,face,1051,face::test::196777.jpg,face::test::196611.jpg,0.8204564650843691
jina_clip_v2,face,1052,face::train::123459.jpg,face::test::186223.jpg,0.820425240325783
jina_clip_v2,face,1053,face::train::166091.jpg,face::train::178182.jpg,0.8192376355193541
jina_clip_v2,face,1054,face::train::141457.jpg,face::test::183801.jpg,0.8191262555434403
jina_clip_v2,face,1055,face::train::149220.jpg,face::train::025692.jpg,0.8189909283596971
jina_clip_v2,face,1056,face::train::178129.jpg,face::train::088914.jpg,0.8189392555152872
jina_clip_v2,face,1057,face::train::071174.jpg,face::test::185812.jpg,0.8188078885899943
jina_clip_v2,face,1058,face::train::063708.jpg,face::test::189858.jpg,0.8187752680754558
jina_clip_v2,face,1059,face::train::170623.jpg,face::train::101485.jpg,0.8187439500795802
jina_clip_v2,face,1060,face::train::141457.jpg,face::train::001042.jpg,0.8186801966676707
jina_clip_v2,face,1061,face::train::178182.jpg,face::train::023736.jpg,0.8185402700830314
jina_clip_v2,face,1062,face::train::149220.jpg,face::test::183801.jpg,0.8184846424280428
jina_clip_v2,face,1063,face::train::168471.jpg,face::train::063708.jpg,0.8184026597169661
jina_clip_v2,face,1064,face::train::178182.jpg,face::train::032580.jpg,0.818215557508494
jina_clip_v2,face,1065,face::train::082954.jpg,face::train::088914.jpg,0.8180088350920709
jina_clip_v2,face,1066,face::train::060309.jpg,face::train::025692.jpg,0.8179320551411753
jina_clip_v2,face,1067,face::train::121281.jpg,face::train::063618.jpg,0.8174390124950855
jina_clip_v2,face,1068,face::train::157804.jpg,face::test::196611.jpg,0.8173866454534372
jina_clip_v2,face,1069,face::train::090489.jpg,face::train::149220.jpg,0.8172985008961909
jina_clip_v2,face,1070,face::test::186223.jpg,face::test::185812.jpg,0.8171090938752755
jina_clip_v2,face,1071,face::train::071174.jpg,face::train::129132.jpg,0.8170969602487603
jina_clip_v2,face,1072,face::train::071174.jpg,face::train::023736.jpg,0.8169694096570319
jina_clip_v2,face,1073,face::test::201409.jpg,face::test::196611.jpg,0.8166848472505877
jina_clip_v2,face,1074,face::train::170623.jpg,face::train::121281.jpg,0.8166715777756608
jina_clip_v2,face,1075,face::train::063618.jpg,face::test::189858.jpg,0.8163193261908094
jina_clip_v2,face,1076,face::train::129132.jpg,face::train::168471.jpg,0.816111805134594
jina_clip_v2,face,1077,face::test::185812.jpg,face::test::196611.jpg,0.8160877795271122
jina_clip_v2,face,1078,face::train::071174.jpg,face::train::060555.jpg,0.8158606156985644
jina_clip_v2,face,1079,face::train::071174.jpg,face::train::063618.jpg,0.8158446069086465
jina_clip_v2,face,1080,face::train::149220.jpg,face::train::178129.jpg,0.8151680165898707
jina_clip_v2,face,1081,face::train::089537.jpg,face::train::060309.jpg,0.8151166907833078
jina_clip_v2,face,1082,face::train::081413.jpg,face::train::001042.jpg,0.814910968086873
jina_clip_v2,face,1083,face::train::143554.jpg,face::train::025692.jpg,0.8145711663970254
jina_clip_v2,face,1084,face::train::129132.jpg,face::train::101485.jpg,0.8142833473169215
jina_clip_v2,face,1085,face::train::138886.jpg,face::train::141457.jpg,0.8141307072518179
jina_clip_v2,face,1086,face::train::073196.jpg,face::test::196611.jpg,0.8140001270247561
jina_clip_v2,face,1087,face::train::071174.jpg,face::train::032580.jpg,0.8132358906164167
jina_clip_v2,face,1088,face::train::065762.jpg,face::train::149220.jpg,0.8130805093667818
jina_clip_v2,face,1089,face::train::063618.jpg,face::train::101485.jpg,0.812976769295071
jina_clip_v2,face,1090,face::train::168471.jpg,face::train::088914.jpg,0.8127016875969827
jina_clip_v2,face,1091,face::test::186223.jpg,face::test::196777.jpg,0.8125101697062287
jina_clip_v2,face,1092,face::train::032580.jpg,face::test::196611.jpg,0.8124428678289369
jina_clip_v2,face,1093,face::train::053065.jpg,face::train::143554.jpg,0.8123435934316442
jina_clip_v2,face,1094,face::train::121281.jpg,face::train::109762.jpg,0.8121899286367464
jina_clip_v2,face,1095,face::train::063618.jpg,face::test::188858.jpg,0.8119863309790594
jina_clip_v2,face,1096,face::train::081413.jpg,face::train::149220.jpg,0.8119817919941054
jina_clip_v2,face,1097,face::train::143554.jpg,face::train::178129.jpg,0.8118159465406866
jina_clip_v2,face,1098,face::train::123459.jpg,face::test::188858.jpg,0.8117821005415243
jina_clip_v2,face,1099,face::train::081413.jpg,face::train::053065.jpg,0.8117803602917565
jina_clip_v2,face,1100,face::train::149220.jpg,face::train::026996.jpg,0.8115215310629211
jina_clip_v2,face,1101,face::train::060309.jpg,face::test::189858.jpg,0.8114527579446508
jina_clip_v2,face,1102,face::train::088914.jpg,face::test::189858.jpg,0.8112560186407721
jina_clip_v2,face,1103,face::train::081413.jpg,face::train::089537.jpg,0.8112250856579671
jina_clip_v2,face,1104,face::train::109762.jpg,face::test::186223.jpg,0.8109193161284775
jina_clip_v2,face,1105,face::train::025692.jpg,face::train::088914.jpg,0.8107987345946688
jina_clip_v2,face,1106,face::train::063618.jpg,face::train::168471.jpg,0.8105116239823992
jina_clip_v2,face,1107,face::train::121281.jpg,face::train::088914.jpg,0.8103559174445378
jina_clip_v2,face,1108,face::train::101485.jpg,face::train::063708.jpg,0.8096535682806042
jina_clip_v2,face,1109,face::train::101485.jpg,face::train::088914.jpg,0.8096430516919271
jina_clip_v2,face,1110,face::train::071174.jpg,face::train::063708.jpg,0.8095005780911574
jina_clip_v2,face,1111,face::train::071174.jpg,face::train::123459.jpg,0.8095001230409279
jina_clip_v2,face,1112,face::train::150659.jpg,face::train::088914.jpg,0.8091892956151087
jina_clip_v2,face,1113,face::train::071174.jpg,face::train::060309.jpg,0.8090437469239351
jina_clip_v2,face,1114,face::train::063618.jpg,face::train::150659.jpg,0.8088530742084118
jina_clip_v2,face,1115,face::train::109762.jpg,face::test::188858.jpg,0.8084724972472908
jina_clip_v2,face,1116,face::train::101485.jpg,face::train::141457.jpg,0.808275563405324
jina_clip_v2,face,1117,face::train::091980.jpg,face::train::141457.jpg,0.8080254065755167
jina_clip_v2,face,1118,face::train::023736.jpg,face::test::196611.jpg,0.8079260202595667
jina_clip_v2,face,1119,face::train::060309.jpg,face::test::196611.jpg,0.8078492443502777
jina_clip_v2,face,1120,face::train::121281.jpg,face::train::129132.jpg,0.807746067414229
jina_clip_v2,face,1121,face::train::170623.jpg,face::test::196611.jpg,0.8074188644898345
jina_clip_v2,face,1122,face::train::081413.jpg,face::train::091980.jpg,0.807304900079963
jina_clip_v2,face,1123,face::train::141457.jpg,face::test::189858.jpg,0.8069889081830816
jina_clip_v2,face,1124,face::train::101485.jpg,face::train::060309.jpg,0.8069674812217436
jina_clip_v2,face,1125,face::train::090489.jpg,face::train::088914.jpg,0.8062294229476773
jina_clip_v2,face,1126,face::train::081413.jpg,face::train::025692.jpg,0.8062210324581838
jina_clip_v2,face,1127,face::test::185812.jpg,face::test::188858.jpg,0.8060441646882462
jina_clip_v2,face,1128,face::train::178129.jpg,face::train::141457.jpg,0.805817227469575
jina_clip_v2,face,1129,face::train::143554.jpg,face::test::196777.jpg,0.8055641237894724
jina_clip_v2,face,1130,face::train::149220.jpg,face::train::082954.jpg,0.8054780359261124
jina_clip_v2,face,1131,face::train::081413.jpg,face::train::150659.jpg,0.8053142087182547
jina_clip_v2,face,1132,face::train::081413.jpg,face::test::188858.jpg,0.8052093815834377
jina_clip_v2,face,1133,face::train::060555.jpg,face::test::196611.jpg,0.8046781728796109
jina_clip_v2,face,1134,face::train::060309.jpg,face::test::188858.jpg,0.8043757201757048
jina_clip_v2,face,1135,face::train::168471.jpg,face::train::060309.jpg,0.8041110404535267
jina_clip_v2,face,1136,face::train::091980.jpg,face::train::143554.jpg,0.8037683390500466
jina_clip_v2,face,1137,face::train::092618.jpg,face::test::186223.jpg,0.8036781290787136
jina_clip_v2,face,1138,face::train::121281.jpg,face::train::141457.jpg,0.8036688393911969
jina_clip_v2,face,1139,face::train::081413.jpg,face::train::065762.jpg,0.8033855620889955
jina_clip_v2,face,1140,face::train::109762.jpg,face::test::196611.jpg,0.8027053695218305
jina_clip_v2,face,1141,face::train::081413.jpg,face::test::189858.jpg,0.802703863925675
jina_clip_v2,face,1142,face::train::060309.jpg,face::train::150659.jpg,0.8026086140655999
jina_clip_v2,face,1143,face::train::082954.jpg,face::train::141457.jpg,0.8020234667039201
jina_clip_v2,face,1144,face::train::123459.jpg,face::test::196611.jpg,0.8016897866779135
jina_clip_v2,face,1145,face::train::060555.jpg,face::test::188858.jpg,0.8010927814893714
jina_clip_v2,face,1146,face::train::091980.jpg,face::train::063708.jpg,0.8009132510872261
jina_clip_v2,face,1147,face::train::091980.jpg,face::train::149220.jpg,0.800796594385831
jina_clip_v2,face,1148,face::train::178182.jpg,face::train::063708.jpg,0.8006008152026317
jina_clip_v2,face,1149,face::train::178182.jpg,face::train::141457.jpg,0.8000987296823174
jina_clip_v2,face,1150,face::train::090489.jpg,face::train::141457.jpg,0.7995333376878367
jina_clip_v2,face,1151,face::train::025692.jpg,face::train::141457.jpg,0.7990936586289829
jina_clip_v2,face,1152,face::train::090489.jpg,face::train::060309.jpg,0.7987789437179887
jina_clip_v2,face,1153,face::train::023736.jpg,face::test::188858.jpg,0.798736931201923
jina_clip_v2,face,1154,face::train::149220.jpg,face::test::186223.jpg,0.7985809695731446
jina_clip_v2,face,1155,face::train::081413.jpg,face::train::168471.jpg,0.798527824477521
jina_clip_v2,face,1156,face::train::129132.jpg,face::train::178182.jpg,0.7977699507276201
jina_clip_v2,face,1157,face::train::032580.jpg,face::test::188858.jpg,0.7967880668092545
jina_clip_v2,face,1158,face::train::023736.jpg,face::test::186223.jpg,0.7966019587197146
jina_clip_v2,face,1159,face::train::121281.jpg,face::train::063708.jpg,0.7960595032580776
jina_clip_v2,face,1160,face::train::166091.jpg,face::test::196611.jpg,0.7956187170403823
jina_clip_v2,face,1161,face::train::121281.jpg,face::train::060309.jpg,0.7954501056097676
jina_clip_v2,face,1162,face::train::081413.jpg,face::train::101485.jpg,0.794618357735503
jina_clip_v2,face,1163,face::train::071174.jpg,face::train::088914.jpg,0.7945488693457419
jina_clip_v2,face,1164,face::train::129132.jpg,face::test::196611.jpg,0.7939337853605835
jina_clip_v2,face,1165,face::train::121281.jpg,face::train::149220.jpg,0.7931093591033789
jina_clip_v2,face,1166,face::train::081413.jpg,face::train::178129.jpg,0.7929540914913409
jina_clip_v2,face,1167,face::train::090489.jpg,face::train::143554.jpg,0.7927629962764776
jina_clip_v2,face,1168,face::train::088914.jpg,face::test::188858.jpg,0.7922638488655561
jina_clip_v2,face,1169,face::train::149220.jpg,face::train::150659.jpg,0.7918507722127759
jina_clip_v2,face,1170,face::train::081413.jpg,face::train::121281.jpg,0.7912878559292988
jina_clip_v2,face,1171,face::train::026996.jpg,face::train::141457.jpg,0.791168339981973
jina_clip_v2,face,1172,face::train::168471.jpg,face::train::149220.jpg,0.7909898779196074
jina_clip_v2,face,1173,face::train::065762.jpg,face::train::141457.jpg,0.790117097431569
jina_clip_v2,face,1174,face::train::071174.jpg,face::train::141457.jpg,0.7896445962543515
jina_clip_v2,face,1175,face::train::149220.jpg,face::test::196611.jpg,0.7889562437399388
jina_clip_v2,face,1176,face::train::088914.jpg,face::test::196611.jpg,0.7883806654417582
jina_clip_v2,face,1177,face::test::184003.jpg,face::test::196611.jpg,0.7877729116493201
jina_clip_v2,face,1178,face::train::149220.jpg,face::test::188858.jpg,0.7869535318267914
jina_clip_v2,face,1179,face::train::168471.jpg,face::train::141457.jpg,0.7867262598671497
jina_clip_v2,face,1180,face::train::178182.jpg,face::train::088914.jpg,0.7866465585614764
jina_clip_v2,face,1181,face::train::089537.jpg,face::train::141457.jpg,0.7866285026970351
jina_clip_v2,face,1182,face::train::063708.jpg,face::test::188858.jpg,0.7860356002863628
jina_clip_v2,face,1183,face::train::141457.jpg,face::test::188858.jpg,0.7854146876592709
jina_clip_v2,face,1184,face::train::129132.jpg,face::test::188858.jpg,0.7854114047231718
jina_clip_v2,face,1185,face::train::101485.jpg,face::train::149220.jpg,0.7854096930167097
jina_clip_v2,face,1186,face::train::060309.jpg,face::test::186223.jpg,0.7853925059035317
jina_clip_v2,face,1187,face::train::129132.jpg,face::test::186223.jpg,0.7853056879283585
jina_clip_v2,face,1188,face::train::063618.jpg,face::test::186223.jpg,0.7828033753681164
jina_clip_v2,face,1189,face::train::178182.jpg,face::train::149220.jpg,0.7819741699081477
jina_clip_v2,face,1190,face::train::178182.jpg,face::train::060309.jpg,0.7816630000671946
jina_clip_v2,face,1191,face::train::081413.jpg,face::test::196611.jpg,0.7813573333031584
jina_clip_v2,face,1192,face::train::088914.jpg,face::test::186223.jpg,0.7809535570203587
jina_clip_v2,face,1193,face::train::081413.jpg,face::train::090489.jpg,0.7798475319362
jina_clip_v2,face,1194,face::train::150659.jpg,face::train::141457.jpg,0.7781034542481987
jina_clip_v2,face,1195,face::train::141457.jpg,face::test::196611.jpg,0.7778633715787855
jina_clip_v2,face,1196,face::train::081413.jpg,face::train::071174.jpg,0.7772477457439948
jina_clip_v2,face,1197,face::train::063708.jpg,face::test::186223.jpg,0.7708377660770271
jina_clip_v2,face,1198,face::train::143554.jpg,face::train::123459.jpg,0.7700240395515809
jina_clip_v2,face,1199,face::train::143554.jpg,face::test::189457.jpg,0.768754244179392
jina_clip_v2,face,1200,face::train::063708.jpg,face::test::196611.jpg,0.7650218854535474
jina_clip_v2,face,1201,face::train::143554.jpg,face::test::201409.jpg,0.7648166045943111
jina_clip_v2,face,1202,face::train::114832.jpg,face::train::143554.jpg,0.7612305075030261
jina_clip_v2,face,1203,face::train::081413.jpg,face::train::178182.jpg,0.7610421843951567
jina_clip_v2,face,1204,face::train::081413.jpg,face::test::186223.jpg,0.7577535588198003
jina_clip_v2,face,1205,face::train::166091.jpg,face::train::143554.jpg,0.7563730719874191
jina_clip_v2,face,1206,face::train::141457.jpg,face::test::186223.jpg,0.7543271916636188
jina_clip_v2,face,1207,face::train::143554.jpg,face::test::184003.jpg,0.7542883461863513
jina_clip_v2,face,1208,face::train::081413.jpg,face::train::143554.jpg,0.7451088912450992
jina_clip_v2,face,1209,face::train::170623.jpg,face::train::143554.jpg,0.7429387718332118
jina_clip_v2,face,1210,face::train::143554.jpg,face::test::185812.jpg,0.7428793799937116
jina_clip_v2,face,1211,face::train::008309.jpg,face::train::143554.jpg,0.7389676004545028
jina_clip_v2,face,1212,face::train::143554.jpg,face::train::073196.jpg,0.7339178652129787
jina_clip_v2,face,1213,face::train::143554.jpg,face::train::023736.jpg,0.7333653895146786
jina_clip_v2,face,1214,face::train::143554.jpg,face::train::088914.jpg,0.7330234033274396
jina_clip_v2,face,1215,face::train::157804.jpg,face::train::143554.jpg,0.73077384646854
jina_clip_v2,face,1216,face::train::143554.jpg,face::train::032580.jpg,0.7288761100148531
jina_clip_v2,face,1217,face::train::143554.jpg,face::train::109762.jpg,0.7254041562568962
jina_clip_v2,face,1218,face::train::143554.jpg,face::train::060555.jpg,0.7232710085158215
jina_clip_v2,face,1219,face::train::143554.jpg,face::train::092618.jpg,0.7168863434499927
jina_clip_v2,face,1220,face::train::143554.jpg,face::train::141457.jpg,0.7128404251289112
jina_clip_v2,face,1221,face::train::143554.jpg,face::train::060309.jpg,0.7075067122342698
jina_clip_v2,face,1222,face::train::129132.jpg,face::train::143554.jpg,0.7053186370728121
jina_clip_v2,face,1223,face::train::143554.jpg,face::train::063618.jpg,0.7020204830201056
jina_clip_v2,face,1224,face::train::143554.jpg,face::train::149220.jpg,0.6994404793180944
jina_clip_v2,face,1225,face::train::143554.jpg,face::train::063708.jpg,0.6875968241756646
eva02_clip_l14,face,1,face::train::129132.jpg,face::train::060555.jpg,0.9837243989982811
eva02_clip_l14,face,2,face::train::071174.jpg,face::train::101485.jpg,0.9638362945071242
eva02_clip_l14,face,3,face::train::023736.jpg,face::train::060555.jpg,0.9599622004997126
eva02_clip_l14,face,4,face::train::023736.jpg,face::train::063708.jpg,0.9598293489578069
eva02_clip_l14,face,5,face::test::188858.jpg,face::test::196611.jpg,0.9585563382443335
eva02_clip_l14,face,6,face::train::114832.jpg,face::train::092618.jpg,0.9585473063509904
eva02_clip_l14,face,7,face::test::183801.jpg,face::test::196611.jpg,0.9584040769259768
eva02_clip_l14,face,8,face::train::089537.jpg,face::train::150659.jpg,0.9569598750160498
eva02_clip_l14,face,9,face::train::071174.jpg,face::train::089537.jpg,0.9565367846783238
eva02_clip_l14,face,10,face::train::071174.jpg,face::train::121281.jpg,0.9559190791499368
eva02_clip_l14,face,11,face::train::121281.jpg,face::test::188858.jpg,0.955344932572325
eva02_clip_l14,face,12,face::train::081413.jpg,face::train::063618.jpg,0.9542227251375706
eva02_clip_l14,face,13,face::train::121281.jpg,face::train::101485.jpg,0.9535084355100116
eva02_clip_l14,face,14,face::test::183801.jpg,face::test::188858.jpg,0.9515854144044724
eva02_clip_l14,face,15,face::train::121281.jpg,face::train::089537.jpg,0.9500746938042635
eva02_clip_l14,face,16,face::train::089537.jpg,face::train::101485.jpg,0.9488136970546943
eva02_clip_l14,face,17,face::train::178129.jpg,face::test::196611.jpg,0.9474197270023228
eva02_clip_l14,face,18,face::train::121281.jpg,face::train::178182.jpg,0.9469182058934922
eva02_clip_l14,face,19,face::train::063708.jpg,face::test::189457.jpg,0.9438819290915115
eva02_clip_l14,face,20,face::train::092618.jpg,face::test::189457.jpg,0.9438715457388835
eva02_clip_l14,face,21,face::train::178129.jpg,face::test::183801.jpg,0.9437410028662676
eva02_clip_l14,face,22,face::test::189457.jpg,face::test::184003.jpg,0.9429610697964227
eva02_clip_l14,face,23,face::train::071174.jpg,face::test::188858.jpg,0.9424290550630544
eva02_clip_l14,face,24,face::train::178182.jpg,face::train::089537.jpg,0.942192137628894
eva02_clip_l14,face,25,face::train::101485.jpg,face::train::178129.jpg,0.9419140134214415
eva02_clip_l14,face,26,face::train::121281.jpg,face::train::178129.jpg,0.9418739321230699
eva02_clip_l14,face,27,face::train::178182.jpg,face::train::042973.jpg,0.9414504654642979
eva02_clip_l14,face,28,face::train::090489.jpg,face::train::178182.jpg,0.9411973744323171
eva02_clip_l14,face,29,face::train::060555.jpg,face::train::141457.jpg,0.9399727360305656
eva02_clip_l14,face,30,face::train::121281.jpg,face::test::196611.jpg,0.9396328623520188
eva02_clip_l14,face,31,face::train::168471.jpg,face::train::026996.jpg,0.9391654941408141
eva02_clip_l14,face,32,face::train::023736.jpg,face::test::189457.jpg,0.9384876616554518
eva02_clip_l14,face,33,face::train::089537.jpg,face::train::042973.jpg,0.9380387831136361
eva02_clip_l14,face,34,face::train::053065.jpg,face::train::178129.jpg,0.9378673284692183
eva02_clip_l14,face,35,face::train::101485.jpg,face::train::150659.jpg,0.9377998141440506
eva02_clip_l14,face,36,face::train::063708.jpg,face::train::092618.jpg,0.9369895257250618
eva02_clip_l14,face,37,face::train::071174.jpg,face::train::178182.jpg,0.9369508123299043
eva02_clip_l14,face,38,face::train::178129.jpg,face::test::188858.jpg,0.9368067232336761
eva02_clip_l14,face,39,face::train::114832.jpg,face::test::201409.jpg,0.9367700433424911
eva02_clip_l14,face,40,face::train::065762.jpg,face::train::001042.jpg,0.9365976403013053
eva02_clip_l14,face,41,face::train::090489.jpg,face::train::042973.jpg,0.9362544545051595
eva02_clip_l14,face,42,face::train::166091.jpg,face::train::023736.jpg,0.936005130486472
eva02_clip_l14,face,43,face::test::189457.jpg,face::test::201409.jpg,0.9352174254886328
eva02_clip_l14,face,44,face::train::101485.jpg,face::test::196611.jpg,0.9351828225492528
eva02_clip_l14,face,45,face::train::166091.jpg,face::test::201409.jpg,0.9350702105844555
eva02_clip_l14,face,46,face::train::178182.jpg,face::train::101485.jpg,0.9350328154917519
eva02_clip_l14,face,47,face::train::090489.jpg,face::train::089537.jpg,0.9347681187245355
eva02_clip_l14,face,48,face::train::089537.jpg,face::test::186223.jpg,0.9342785847207142
eva02_clip_l14,face,49,face::train::053065.jpg,face::test::188858.jpg,0.9339482362546907
eva02_clip_l14,face,50,face::train::071174.jpg,face::train::178129.jpg,0.9338097915753195
eva02_clip_l14,face,51,face::train::101485.jpg,face::test::188858.jpg,0.9337006952327916
eva02_clip_l14,face,52,face::train::090489.jpg,face::train::168471.jpg,0.9336182778351028
eva02_clip_l14,face,53,face::train::166091.jpg,face::train::063708.jpg,0.9329872000940618
eva02_clip_l14,face,54,face::train::168471.jpg,face::train::150659.jpg,0.9328038140312029
eva02_clip_l14,face,55,face::train::150659.jpg,face::train::042973.jpg,0.9325963914669664
eva02_clip_l14,face,56,face::train::063708.jpg,face::train::060555.jpg,0.9325079444369723
eva02_clip_l14,face,57,face::train::065762.jpg,face::train::168471.jpg,0.9323798805188926
eva02_clip_l14,face,58,face::train::073196.jpg,face::test::184003.jpg,0.9323011984956345
eva02_clip_l14,face,59,face::train::071174.jpg,face::train::150659.jpg,0.9322252635838413
eva02_clip_l14,face,60,face::train::042973.jpg,face::test::189858.jpg,0.9316909419208814
eva02_clip_l14,face,61,face::train::071174.jpg,face::test::196611.jpg,0.9313003191726257
eva02_clip_l14,face,62,face::train::170623.jpg,face::train::109762.jpg,0.930189382321287
eva02_clip_l14,face,63,face::train::063708.jpg,face::train::088914.jpg,0.9297429584775512
eva02_clip_l14,face,64,face::train::121281.jpg,face::train::150659.jpg,0.9295031324550751
eva02_clip_l14,face,65,face::train::065762.jpg,face::train::026996.jpg,0.9291500165008437
eva02_clip_l14,face,66,face::train::090489.jpg,face::train::101485.jpg,0.9286957595703718
eva02_clip_l14,face,67,face::train::178182.jpg,face::test::189858.jpg,0.9285924831400745
eva02_clip_l14,face,68,face::train::053065.jpg,face::test::196611.jpg,0.9282118784127231
eva02_clip_l14,face,69,face::train::114832.jpg,face::test::184003.jpg,0.9280935230985056
eva02_clip_l14,face,70,face::train::089537.jpg,face::train::168471.jpg,0.9280256303883356
eva02_clip_l14,face,71,face::test::196777.jpg,face::test::184003.jpg,0.9279514946051608
eva02_clip_l14,face,72,face::train::166091.jpg,face::test::189457.jpg,0.9276065334448714
eva02_clip_l14,face,73,face::train::178182.jpg,face::train::150659.jpg,0.9272006135681381
eva02_clip_l14,face,74,face::train::023736.jpg,face::train::092618.jpg,0.9271838926438443
eva02_clip_l14,face,75,face::train::129132.jpg,face::train::023736.jpg,0.9271012071499514
eva02_clip_l14,face,76,face::train::089537.jpg,face::test::196611.jpg,0.926783799384768
eva02_clip_l14,face,77,face::train::089537.jpg,face::test::188858.jpg,0.9266366397598575
eva02_clip_l14,face,78,face::train::092618.jpg,face::train::088914.jpg,0.9264099988921117
eva02_clip_l14,face,79,face::train::149220.jpg,face::train::123459.jpg,0.9263937904611328
eva02_clip_l14,face,80,face::train::114832.jpg,face::test::189457.jpg,0.9261676023064513
eva02_clip_l14,face,81,face::train::121281.jpg,face::train::090489.jpg,0.9258020065844652
eva02_clip_l14,face,82,face::train::060555.jpg,face::train::088914.jpg,0.9256844071708262
eva02_clip_l14,face,83,face::train::129132.jpg,face::train::141457.jpg,0.9255672090402445
eva02_clip_l14,face,84,face::train::090489.jpg,face::train::150659.jpg,0.9251982261106025
eva02_clip_l14,face,85,face::train::178182.jpg,face::test::188858.jpg,0.9250347096694065
eva02_clip_l14,face,86,face::train::092618.jpg,face::test::196777.jpg,0.9244955930069891
eva02_clip_l14,face,87,face::train::023736.jpg,face::train::088914.jpg,0.9243157706611159
eva02_clip_l14,face,88,face::train::121281.jpg,face::train::042973.jpg,0.9242377915746355
eva02_clip_l14,face,89,face::train::060555.jpg,face::train::109762.jpg,0.9240827490941812
eva02_clip_l14,face,90,face::test::196777.jpg,face::test::201409.jpg,0.9238111498298629
eva02_clip_l14,face,91,face::train::138886.jpg,face::test::189858.jpg,0.9236824496879115
eva02_clip_l14,face,92,face::train::166091.jpg,face::train::123459.jpg,0.9232526767607483
eva02_clip_l14,face,93,face::train::023736.jpg,face::train::073196.jpg,0.9231993404841156
eva02_clip_l14,face,94,face::train::060555.jpg,face::train::092618.jpg,0.9229994400449644
eva02_clip_l14,face,95,face::train::053065.jpg,face::test::183801.jpg,0.9227635267325764
eva02_clip_l14,face,96,face::train::092618.jpg,face::test::184003.jpg,0.9226155143396869
eva02_clip_l14,face,97,face::test::189457.jpg,face::test::196777.jpg,0.9221197130091694
eva02_clip_l14,face,98,face::train::166091.jpg,face::train::060555.jpg,0.9217877849032876
eva02_clip_l14,face,99,face::train::008309.jpg,face::train::032580.jpg,0.9210250648270215
eva02_clip_l14,face,100,face::train::023736.jpg,face::test::201409.jpg,0.9204113126918592
eva02_clip_l14,face,101,face::train::081413.jpg,face::train::109762.jpg,0.9202273993690773
eva02_clip_l14,face,102,face::train::071174.jpg,face::train::090489.jpg,0.9199624086546809
eva02_clip_l14,face,103,face::train::001042.jpg,face::test::196611.jpg,0.9197417382552879
eva02_clip_l14,face,104,face::train::178182.jpg,face::test::196611.jpg,0.9196621351256917
eva02_clip_l14,face,105,face::train::090489.jpg,face::test::196611.jpg,0.9194067005029812
eva02_clip_l14,face,106,face::train::170623.jpg,face::train::008309.jpg,0.9190847506335994
eva02_clip_l14,face,107,face::train::060555.jpg,face::test::201409.jpg,0.9189700560893515
eva02_clip_l14,face,108,face::train::123459.jpg,face::test::185812.jpg,0.9187372688174891
eva02_clip_l14,face,109,face::test::189858.jpg,face::test::188858.jpg,0.9186699629248867
eva02_clip_l14,face,110,face::train::121281.jpg,face::test::183801.jpg,0.9186605641615284
eva02_clip_l14,face,111,face::train::170623.jpg,face::train::023736.jpg,0.9185454965557085
eva02_clip_l14,face,112,face::train::178182.jpg,face::train::178129.jpg,0.9184881048026022
eva02_clip_l14,face,113,face::train::114832.jpg,face::train::032580.jpg,0.9184603887289491
eva02_clip_l14,face,114,face::train::073196.jpg,face::test::189457.jpg,0.9183277753973105
eva02_clip_l14,face,115,face::train::090489.jpg,face::train::065762.jpg,0.9178945327049779
eva02_clip_l14,face,116,face::train::089537.jpg,face::test::189858.jpg,0.9178244778689125
eva02_clip_l14,face,117,face::train::060555.jpg,face::test::189457.jpg,0.9174568258592047
eva02_clip_l14,face,118,face::train::092618.jpg,face::train::073196.jpg,0.9172925013498745
eva02_clip_l14,face,119,face::train::060309.jpg,face::train::060555.jpg,0.916929246546967
eva02_clip_l14,face,120,face::train::090489.jpg,face::train::178129.jpg,0.9166233756961878
eva02_clip_l14,face,121,face::train::023736.jpg,face::train::109762.jpg,0.9165782286747131
eva02_clip_l14,face,122,face::train::170623.jpg,face::train::166091.jpg,0.916379094158944
eva02_clip_l14,face,123,face::train::123459.jpg,face::test::201409.jpg,0.9160274350413418
eva02_clip_l14,face,124,face::train::168471.jpg,face::train::101485.jpg,0.9159363435365049
eva02_clip_l14,face,125,face::train::092618.jpg,face::test::201409.jpg,0.9157963846676125
eva02_clip_l14,face,126,face::train::141457.jpg,face::test::185812.jpg,0.9154668613636436
eva02_clip_l14,face,127,face::test::184003.jpg,face::test::201409.jpg,0.9154320329030582
eva02_clip_l14,face,128,face::train::090489.jpg,face::test::183801.jpg,0.9151869762453976
eva02_clip_l14,face,129,face::train::141457.jpg,face::test::201409.jpg,0.9151022977989176
eva02_clip_l14,face,130,face::train::065762.jpg,face::train::150659.jpg,0.9150498849557421
eva02_clip_l14,face,131,face::train::129132.jpg,face::train::109762.jpg,0.9148161448790968
eva02_clip_l14,face,132,face::train::170623.jpg,face::test::201409.jpg,0.9147104024736704
eva02_clip_l14,face,133,face::train::166091.jpg,face::train::114832.jpg,0.9146942099852975
eva02_clip_l14,face,134,face::train::138886.jpg,face::test::196611.jpg,0.9145474156386167
eva02_clip_l14,face,135,face::train::150659.jpg,face::train::026996.jpg,0.9143708816935926
eva02_clip_l14,face,136,face::train::089537.jpg,face::train::065762.jpg,0.9142451929819779
eva02_clip_l14,face,137,face::train::114832.jpg,face::train::023736.jpg,0.9140341002187928
eva02_clip_l14,face,138,face::train::101485.jpg,face::train::042973.jpg,0.914021527012407
eva02_clip_l14,face,139,face::train::150659.jpg,face::test::196611.jpg,0.9139946823551443
eva02_clip_l14,face,140,face::train::090489.jpg,face::train::138886.jpg,0.9138504141836091
eva02_clip_l14,face,141,face::train::001042.jpg,face::test::183801.jpg,0.913785620644297
eva02_clip_l14,face,142,face::train::090489.jpg,face::test::189858.jpg,0.913748625921182
eva02_clip_l14,face,143,face::train::089537.jpg,face::train::138886.jpg,0.913534990577265
eva02_clip_l14,face,144,face::train::170623.jpg,face::train::032580.jpg,0.9135328056079127
eva02_clip_l14,face,145,face::train::121281.jpg,face::train::053065.jpg,0.9135019894021164
eva02_clip_l14,face,146,face::train::089537.jpg,face::train::178129.jpg,0.9134752483703164
eva02_clip_l14,face,147,face::train::141457.jpg,face::train::109762.jpg,0.9134198988968871
eva02_clip_l14,face,148,face::train::168471.jpg,face::train::178129.jpg,0.912833026293457
eva02_clip_l14,face,149,face::train::001042.jpg,face::test::188858.jpg,0.9127505229138857
eva02_clip_l14,face,150,face::train::168471.jpg,face::test::196611.jpg,0.9126693335080276
eva02_clip_l14,face,151,face::train::114832.jpg,face::test::196777.jpg,0.9125314989072532
eva02_clip_l14,face,152,face::train::129132.jpg,face::test::185812.jpg,0.9125172821339264
eva02_clip_l14,face,153,face::train::060309.jpg,face::train::141457.jpg,0.9123211957795603
eva02_clip_l14,face,154,face::train::071174.jpg,face::train::001042.jpg,0.9121620762674032
eva02_clip_l14,face,155,face::train::114832.jpg,face::train::123459.jpg,0.911856296748798
eva02_clip_l14,face,156,face::test::189858.jpg,face::test::196611.jpg,0.9118044036493349
eva02_clip_l14,face,157,face::train::101485.jpg,face::test::183801.jpg,0.9115937862544871
eva02_clip_l14,face,158,face::train::170623.jpg,face::train::141457.jpg,0.9114138502965897
eva02_clip_l14,face,159,face::train::157804.jpg,face::train::060555.jpg,0.911220463657689
eva02_clip_l14,face,160,face::train::008309.jpg,face::train::141457.jpg,0.9112048810394346
eva02_clip_l14,face,161,face::train::090489.jpg,face::train::026996.jpg,0.910518593149141
eva02_clip_l14,face,162,face::train::060309.jpg,face::test::185812.jpg,0.9104757634416406
eva02_clip_l14,face,163,face::train::032580.jpg,face::test::185812.jpg,0.9103812158546472
eva02_clip_l14,face,164,face::train::065762.jpg,face::test::196611.jpg,0.9101456578215166
eva02_clip_l14,face,165,face::test::189858.jpg,face::test::183801.jpg,0.9101373958642712
eva02_clip_l14,face,166,face::train::138886.jpg,face::train::150659.jpg,0.9100382250096783
eva02_clip_l14,face,167,face::train::168471.jpg,face::train::042973.jpg,0.9098610547407194
eva02_clip_l14,face,168,face::train::032580.jpg,face::test::201409.jpg,0.9096599899515935
eva02_clip_l14,face,169,face::train::026996.jpg,face::train::178129.jpg,0.9095878556606001
eva02_clip_l14,face,170,face::train::073196.jpg,face::test::196777.jpg,0.909438102560128
eva02_clip_l14,face,171,face::train::063708.jpg,face::train::073196.jpg,0.9093978021655423
eva02_clip_l14,face,172,face::train::089537.jpg,face::test::183801.jpg,0.9088359928899301
eva02_clip_l14,face,173,face::train::065762.jpg,face::train::042973.jpg,0.9088012361367666
eva02_clip_l14,face,174,face::train::026996.jpg,face::train::042973.jpg,0.9087397948847257
eva02_clip_l14,face,175,face::train::060555.jpg,face::test::185812.jpg,0.9087115753961572
eva02_clip_l14,face,176,face::train::157804.jpg,face::train::141457.jpg,0.9086471184192494
eva02_clip_l14,face,177,face::train::071174.jpg,face::train::042973.jpg,0.9086237827166177
eva02_clip_l14,face,178,face::train::166091.jpg,face::test::184003.jpg,0.9082267540838505
eva02_clip_l14,face,179,face::train::071174.jpg,face::test::183801.jpg,0.9081355810541708
eva02_clip_l14,face,180,face::test::185812.jpg,face::test::201409.jpg,0.9079093657141937
eva02_clip_l14,face,181,face::train::060555.jpg,face::train::073196.jpg,0.9077054641891928
eva02_clip_l14,face,182,face::train::023736.jpg,face::test::184003.jpg,0.9075050581799985
eva02_clip_l14,face,183,face::train::065762.jpg,face::train::138886.jpg,0.9073141193646078
eva02_clip_l14,face,184,face::train::149220.jpg,face::train::073196.jpg,0.9072538764321991
eva02_clip_l14,face,185,face::train::114832.jpg,face::train::060555.jpg,0.9072137194498241
eva02_clip_l14,face,186,face::train::001042.jpg,face::test::186223.jpg,0.9069135949012977
eva02_clip_l14,face,187,face::train::178182.jpg,face::train::138886.jpg,0.906630952174839
eva02_clip_l14,face,188,face::train::101485.jpg,face::train::001042.jpg,0.9065312711449323
eva02_clip_l14,face,189,face::train::170623.jpg,face::train::060555.jpg,0.9065272983326784
eva02_clip_l14,face,190,face::train::178129.jpg,face::train::001042.jpg,0.9063472547683782
eva02_clip_l14,face,191,face::train::025692.jpg,face::test::183801.jpg,0.9062211104718494
eva02_clip_l14,face,192,face::train::150659.jpg,face::train::178129.jpg,0.9062043220406852
eva02_clip_l14,face,193,face::train::114832.jpg,face::train::063708.jpg,0.9057782087558034
eva02_clip_l14,face,194,face::train::168471.jpg,face::test::186223.jpg,0.9056825623073562
eva02_clip_l14,face,195,face::train::157804.jpg,face::train::060309.jpg,0.9055766308065578
eva02_clip_l14,face,196,face::train::166091.jpg,face::train::092618.jpg,0.9053805739578636
eva02_clip_l14,face,197,face::train::008309.jpg,face::train::109762.jpg,0.905031138435122
eva02_clip_l14,face,198,face::train::071174.jpg,face::train::168471.jpg,0.9049638212718969
eva02_clip_l14,face,199,face::train::053065.jpg,face::train::001042.jpg,0.9048492378445572
eva02_clip_l14,face,200,face::train::088914.jpg,face::test::189457.jpg,0.9046722603213557
eva02_clip_l14,face,201,face::train::166091.jpg,face::train::088914.jpg,0.9045960315943228
eva02_clip_l14,face,202,face::train::129132.jpg,face::train::060309.jpg,0.9043082880241384
eva02_clip_l14,face,203,face::train::073196.jpg,face::train::032580.jpg,0.9042905194141337
eva02_clip_l14,face,204,face::train::090489.jpg,face::test::188858.jpg,0.9041876622440501
eva02_clip_l14,face,205,face::train::123459.jpg,face::train::141457.jpg,0.9040679290816596
eva02_clip_l14,face,206,face::train::063708.jpg,face::test::201409.jpg,0.9034655701004982
eva02_clip_l14,face,207,face::train::121281.jpg,face::test::189858.jpg,0.9030998046594352
eva02_clip_l14,face,208,face::train::023736.jpg,face::train::141457.jpg,0.9029572040412588
eva02_clip_l14,face,209,face::train::081413.jpg,face::train::157804.jpg,0.9028435130250121
eva02_clip_l14,face,210,face::train::092618.jpg,face::train::032580.jpg,0.9028203611126788
eva02_clip_l14,face,211,face::train::166091.jpg,face::train::073196.jpg,0.9026708824650405
eva02_clip_l14,face,212,face::train::101485.jpg,face::train::025692.jpg,0.9025121847925188
eva02_clip_l14,face,213,face::train::138886.jpg,face::test::188858.jpg,0.9024364807517657
eva02_clip_l14,face,214,face::train::121281.jpg,face::train::168471.jpg,0.9024235105993413
eva02_clip_l14,face,215,face::train::114832.jpg,face::train::141457.jpg,0.9021106759681717
eva02_clip_l14,face,216,face::train::026996.jpg,face::test::196611.jpg,0.902046402199575
eva02_clip_l14,face,217,face::train::129132.jpg,face::train::063708.jpg,0.9020110048556838
eva02_clip_l14,face,218,face::train::089537.jpg,face::train::026996.jpg,0.9017339652427181
eva02_clip_l14,face,219,face::train::166091.jpg,face::train::008309.jpg,0.9016259332184553
eva02_clip_l14,face,220,face::train::157804.jpg,face::train::129132.jpg,0.9016211175476014
eva02_clip_l14,face,221,face::train::109762.jpg,face::test::201409.jpg,0.9015917835602308
eva02_clip_l14,face,222,face::train::023736.jpg,face::test::196777.jpg,0.9012524083407377
eva02_clip_l14,face,223,face::train::166091.jpg,face::train::032580.jpg,0.9011907019812276
eva02_clip_l14,face,224,face::train::060555.jpg,face::test::184003.jpg,0.9011326561832684
eva02_clip_l14,face,225,face::train::053065.jpg,face::train::101485.jpg,0.9010563994335627
eva02_clip_l14,face,226,face::train::008309.jpg,face::test::201409.jpg,0.9009473852485032
eva02_clip_l14,face,227,face::train::008309.jpg,face::train::023736.jpg,0.9009191496832416
eva02_clip_l14,face,228,face::train::101485.jpg,face::test::189858.jpg,0.9008226429764811
eva02_clip_l14,face,229,face::train::063708.jpg,face::test::184003.jpg,0.9006503338515378
eva02_clip_l14,face,230,face::train::088914.jpg,face::test::201409.jpg,0.9006433399875657
eva02_clip_l14,face,231,face::train::129132.jpg,face::test::201409.jpg,0.9003294187761192
eva02_clip_l14,face,232,face::train::063618.jpg,face::train::109762.jpg,0.9003113328691641
eva02_clip_l14,face,233,face::train::053065.jpg,face::train::178182.jpg,0.900302258392766
eva02_clip_l14,face,234,face::train::121281.jpg,face::train::001042.jpg,0.9002500506598214
eva02_clip_l14,face,235,face::train::053065.jpg,face::train::026996.jpg,0.9002418911643164
eva02_clip_l14,face,236,face::train::121281.jpg,face::train::026996.jpg,0.9002394378871339
eva02_clip_l14,face,237,face::train::168471.jpg,face::test::183801.jpg,0.9000945081681142
eva02_clip_l14,face,238,face::train::166091.jpg,face::train::149220.jpg,0.8998143512285064
eva02_clip_l14,face,239,face::train::178182.jpg,face::train::065762.jpg,0.8992135706833515
eva02_clip_l14,face,240,face::train::114832.jpg,face::train::088914.jpg,0.8983114697648575
eva02_clip_l14,face,241,face::train::071174.jpg,face::test::186223.jpg,0.8981518017826786
eva02_clip_l14,face,242,face::train::150659.jpg,face::test::189858.jpg,0.8981308241479808
eva02_clip_l14,face,243,face::train::178182.jpg,face::train::168471.jpg,0.8981293175019935
eva02_clip_l14,face,244,face::train::129132.jpg,face::train::088914.jpg,0.8977347192024631
eva02_clip_l14,face,245,face::train::071174.jpg,face::train::053065.jpg,0.8976684458454525
eva02_clip_l14,face,246,face::train::138886.jpg,face::train::042973.jpg,0.8975402500296539
eva02_clip_l14,face,247,face::train::109762.jpg,face::test::185812.jpg,0.8974876668455605
eva02_clip_l14,face,248,face::train::123459.jpg,face::train::032580.jpg,0.8973893809358385
eva02_clip_l14,face,249,face::train::042973.jpg,face::test::196611.jpg,0.8971716922495181
eva02_clip_l14,face,250,face::train::170623.jpg,face::train::114832.jpg,0.8968794262620616
eva02_clip_l14,face,251,face::train::150659.jpg,face::test::188858.jpg,0.8968379136525162
eva02_clip_l14,face,252,face::train::114832.jpg,face::train::149220.jpg,0.8968158421502356
eva02_clip_l14,face,253,face::train::168471.jpg,face::train::025692.jpg,0.8967684608884942
eva02_clip_l14,face,254,face::train::060555.jpg,face::test::196777.jpg,0.8967228105038103
eva02_clip_l14,face,255,face::train::089537.jpg,face::train::025692.jpg,0.8962894557839208
eva02_clip_l14,face,256,face::train::063708.jpg,face::test::196777.jpg,0.8958295900243091
eva02_clip_l14,face,257,face::train::123459.jpg,face::test::184003.jpg,0.8957128967039846
eva02_clip_l14,face,258,face::train::114832.jpg,face::train::073196.jpg,0.8953295544594218
eva02_clip_l14,face,259,face::train::008309.jpg,face::train::060555.jpg,0.8953269051600053
eva02_clip_l14,face,260,face::train::065762.jpg,face::test::189858.jpg,0.8952604357690775
eva02_clip_l14,face,261,face::train::123459.jpg,face::test::189457.jpg,0.8951952125125995
eva02_clip_l14,face,262,face::test::186223.jpg,face::test::196611.jpg,0.8951221595760204
eva02_clip_l14,face,263,face::train::178182.jpg,face::train::026996.jpg,0.8949300285416558
eva02_clip_l14,face,264,face::train::168471.jpg,face::train::001042.jpg,0.894712083768133
eva02_clip_l14,face,265,face::train::149220.jpg,face::train::092618.jpg,0.8946445784796132
eva02_clip_l14,face,266,face::train::053065.jpg,face::train::089537.jpg,0.8945903623739605
eva02_clip_l14,face,267,face::train::166091.jpg,face::train::141457.jpg,0.8945864232517284
eva02_clip_l14,face,268,face::train::089537.jpg,face::train::001042.jpg,0.8945300988069251
eva02_clip_l14,face,269,face::train::081413.jpg,face::train::141457.jpg,0.8944868003950179
eva02_clip_l14,face,270,face::train::081413.jpg,face::train::060309.jpg,0.8943497411556957
eva02_clip_l14,face,271,face::train::149220.jpg,face::test::184003.jpg,0.8942323689112054
eva02_clip_l14,face,272,face::train::121281.jpg,face::train::065762.jpg,0.8941289789764284
eva02_clip_l14,face,273,face::train::089537.jpg,face::train::082954.jpg,0.8938332559027424
eva02_clip_l14,face,274,face::train::141457.jpg,face::train::032580.jpg,0.8937599597028723
eva02_clip_l14,face,275,face::train::149220.jpg,face::test::189457.jpg,0.8936632693081973
eva02_clip_l14,face,276,face::train::129132.jpg,face::train::092618.jpg,0.8933247838790331
eva02_clip_l14,face,277,face::train::170623.jpg,face::train::123459.jpg,0.8930609359913307
eva02_clip_l14,face,278,face::train::065762.jpg,face::train::101485.jpg,0.8929448930483832
eva02_clip_l14,face,279,face::train::101485.jpg,face::train::026996.jpg,0.8927827736228714
eva02_clip_l14,face,280,face::train::081413.jpg,face::train::060555.jpg,0.892574148582908
eva02_clip_l14,face,281,face::train::101485.jpg,face::test::186223.jpg,0.8925681288153364
eva02_clip_l14,face,282,face::train::178182.jpg,face::test::183801.jpg,0.8924514378171943
eva02_clip_l14,face,283,face::train::149220.jpg,face::train::060555.jpg,0.8920162667854887
eva02_clip_l14,face,284,face::train::073196.jpg,face::train::123459.jpg,0.8919551454399883
eva02_clip_l14,face,285,face::train::065762.jpg,face::test::186223.jpg,0.8917943278019531
eva02_clip_l14,face,286,face::train::178182.jpg,face::train::001042.jpg,0.8917756780169013
eva02_clip_l14,face,287,face::train::149220.jpg,face::train::032580.jpg,0.8914973642301084
eva02_clip_l14,face,288,face::train::178129.jpg,face::test::186223.jpg,0.8914955660307402
eva02_clip_l14,face,289,face::train::170623.jpg,face::test::189457.jpg,0.8913499256931032
eva02_clip_l14,face,290,face::train::026996.jpg,face::test::183801.jpg,0.8911374770145174
eva02_clip_l14,face,291,face::train::166091.jpg,face::train::129132.jpg,0.8909912849767748
eva02_clip_l14,face,292,face::train::150659.jpg,face::test::186223.jpg,0.8908008755556212
eva02_clip_l14,face,293,face::train::026996.jpg,face::train::001042.jpg,0.8906936158386424
eva02_clip_l14,face,294,face::train::023736.jpg,face::train::032580.jpg,0.8904829750187105
eva02_clip_l14,face,295,face::train::060555.jpg,face::train::032580.jpg,0.889928532978104
eva02_clip_l14,face,296,face::train::025692.jpg,face::train::178129.jpg,0.8897221594902334
eva02_clip_l14,face,297,face::train::025692.jpg,face::test::196611.jpg,0.8895214562297955
eva02_clip_l14,face,298,face::train::071174.jpg,face::test::189858.jpg,0.8891268973329791
eva02_clip_l14,face,299,face::train::025692.jpg,face::train::001042.jpg,0.889092942685685
eva02_clip_l14,face,300,face::train::042973.jpg,face::test::188858.jpg,0.8889943413190905
eva02_clip_l14,face,301,face::train::121281.jpg,face::train::138886.jpg,0.8887031366760069
eva02_clip_l14,face,302,face::train::065762.jpg,face::test::183801.jpg,0.8886598958747084
eva02_clip_l14,face,303,face::train::114832.jpg,face::test::185812.jpg,0.888553648773705
eva02_clip_l14,face,304,face::train::101485.jpg,face::train::138886.jpg,0.8883466223223947
eva02_clip_l14,face,305,face::train::149220.jpg,face::test::201409.jpg,0.888248972194471
eva02_clip_l14,face,306,face::train::071174.jpg,face::train::065762.jpg,0.8880635032172495
eva02_clip_l14,face,307,face::train::121281.jpg,face::test::186223.jpg,0.8879566922970243
eva02_clip_l14,face,308,face::train::129132.jpg,face::test::189457.jpg,0.8877714577079743
eva02_clip_l14,face,309,face::train::032580.jpg,face::train::109762.jpg,0.8876352564267131
eva02_clip_l14,face,310,face::train::149220.jpg,face::test::185812.jpg,0.8875540806072384
eva02_clip_l14,face,311,face::train::071174.jpg,face::train::138886.jpg,0.8874719206111945
eva02_clip_l14,face,312,face::train::026996.jpg,face::test::189858.jpg,0.8874362286072138
eva02_clip_l14,face,313,face::train::170623.jpg,face::train::092618.jpg,0.8873215255952662
eva02_clip_l14,face,314,face::train::170623.jpg,face::test::185812.jpg,0.8871067088168396
eva02_clip_l14,face,315,face::train::170623.jpg,face::train::063708.jpg,0.8864322171056415
eva02_clip_l14,face,316,face::train::081413.jpg,face::train::129132.jpg,0.8860323312628406
eva02_clip_l14,face,317,face::train::166091.jpg,face::train::109762.jpg,0.8858542414217009
eva02_clip_l14,face,318,face::train::023736.jpg,face::train::149220.jpg,0.885831572868137
eva02_clip_l14,face,319,face::train::023736.jpg,face::train::123459.jpg,0.8855647766387925
eva02_clip_l14,face,320,face::train::170623.jpg,face::train::073196.jpg,0.8854049755755279
eva02_clip_l14,face,321,face::test::186223.jpg,face::test::188858.jpg,0.8854033770786577
eva02_clip_l14,face,322,face::train::150659.jpg,face::test::183801.jpg,0.8854025311779666
eva02_clip_l14,face,323,face::train::109762.jpg,face::test::196777.jpg,0.8852518768319716
eva02_clip_l14,face,324,face::train::149220.jpg,face::train::060309.jpg,0.8851894524955435
eva02_clip_l14,face,325,face::train::053065.jpg,face::test::189858.jpg,0.8847007566965877
eva02_clip_l14,face,326,face::train::053065.jpg,face::test::186223.jpg,0.8845465834905302
eva02_clip_l14,face,327,face::train::060309.jpg,face::train::032580.jpg,0.8845016366254634
eva02_clip_l14,face,328,face::train::042973.jpg,face::train::178129.jpg,0.884457633666604
eva02_clip_l14,face,329,face::train::138886.jpg,face::train::026996.jpg,0.8841279503481285
eva02_clip_l14,face,330,face::train::023736.jpg,face::train::060309.jpg,0.8840637683241308
eva02_clip_l14,face,331,face::train::053065.jpg,face::train::150659.jpg,0.8840520353013958
eva02_clip_l14,face,332,face::train::081413.jpg,face::test::185812.jpg,0.8835598381886991
eva02_clip_l14,face,333,face::train::166091.jpg,face::test::185812.jpg,0.8832075902609717
eva02_clip_l14,face,334,face::train::138886.jpg,face::test::183801.jpg,0.8831460886880589
eva02_clip_l14,face,335,face::train::178182.jpg,face::test::186223.jpg,0.8829636198123838
eva02_clip_l14,face,336,face::train::073196.jpg,face::train::088914.jpg,0.8829267580107899
eva02_clip_l14,face,337,face::train::090489.jpg,face::train::001042.jpg,0.88281069091886
eva02_clip_l14,face,338,face::train::071174.jpg,face::train::025692.jpg,0.8826617134059812
eva02_clip_l14,face,339,face::train::114832.jpg,face::train::008309.jpg,0.8826411334452784
eva02_clip_l14,face,340,face::train::073196.jpg,face::train::109762.jpg,0.8824856711605991
eva02_clip_l14,face,341,face::train::157804.jpg,face::train::114832.jpg,0.8820670216946785
eva02_clip_l14,face,342,face::train::166091.jpg,face::train::060309.jpg,0.8819932981391321
eva02_clip_l14,face,343,face::train::149220.jpg,face::test::196777.jpg,0.8819739561299824
eva02_clip_l14,face,344,face::train::166091.jpg,face::test::196777.jpg,0.8819064819448401
eva02_clip_l14,face,345,face::train::168471.jpg,face::train::138886.jpg,0.8818789897110995
eva02_clip_l14,face,346,face::train::053065.jpg,face::train::065762.jpg,0.8814710670877968
eva02_clip_l14,face,347,face::train::168471.jpg,face::test::189858.jpg,0.8814639216629515
eva02_clip_l14,face,348,face::train::001042.jpg,face::test::189858.jpg,0.8812906169251099
eva02_clip_l14,face,349,face::train::170623.jpg,face::test::184003.jpg,0.8810666389304267
eva02_clip_l14,face,350,face::train::065762.jpg,face::train::178129.jpg,0.8807462939156938
eva02_clip_l14,face,351,face::train::026996.jpg,face::test::186223.jpg,0.8807060932300848
eva02_clip_l14,face,352,face::train::157804.jpg,face::train::023736.jpg,0.8807045709587923
eva02_clip_l14,face,353,face::train::170623.jpg,face::test::196777.jpg,0.8801585491288321
eva02_clip_l14,face,354,face::train::137722.jpg,face::train::071174.jpg,0.8800728695788356
eva02_clip_l14,face,355,face::train::114832.jpg,face::train::129132.jpg,0.8800631208222018
eva02_clip_l14,face,356,face::train::168471.jpg,face::test::188858.jpg,0.8799074892243959
eva02_clip_l14,face,357,face::train::168471.jpg,face::train::063708.jpg,0.8798581914944492
eva02_clip_l14,face,358,face::train::025692.jpg,face::test::186223.jpg,0.8796341385780173
eva02_clip_l14,face,359,face::train::170623.jpg,face::train::129132.jpg,0.8793997322238433
eva02_clip_l14,face,360,face::train::060555.jpg,face::train::123459.jpg,0.8788876451404457
eva02_clip_l14,face,361,face::train::090489.jpg,face::train::025692.jpg,0.8787527479507593
eva02_clip_l14,face,362,face::train::065762.jpg,face::test::188858.jpg,0.8787023069361498
eva02_clip_l14,face,363,face::train::042973.jpg,face::test::183801.jpg,0.8786316483882188
eva02_clip_l14,face,364,face::train::026996.jpg,face::test::188858.jpg,0.8783159172559012
eva02_clip_l14,face,365,face::train::088914.jpg,face::test::184003.jpg,0.8778939759358589
eva02_clip_l14,face,366,face::train::063708.jpg,face::train::109762.jpg,0.8776755485328478
eva02_clip_l14,face,367,face::train::090489.jpg,face::train::092618.jpg,0.877179371046324
eva02_clip_l14,face,368,face::train::149220.jpg,face::train::088914.jpg,0.8771210675713699
eva02_clip_l14,face,369,face::train::060555.jpg,face::train::026996.jpg,0.8770659159944356
eva02_clip_l14,face,370,face::train::008309.jpg,face::test::185812.jpg,0.8768255929970973
eva02_clip_l14,face,371,face::train::008309.jpg,face::train::123459.jpg,0.8766688888567602
eva02_clip_l14,face,372,face::train::008309.jpg,face::train::060309.jpg,0.8761192910341178
eva02_clip_l14,face,373,face::train::032580.jpg,face::test::189457.jpg,0.8759097394025755
eva02_clip_l14,face,374,face::train::157804.jpg,face::train::109762.jpg,0.8757332073036201
eva02_clip_l14,face,375,face::train::073196.jpg,face::test::201409.jpg,0.8757198237515942
eva02_clip_l14,face,376,face::train::157804.jpg,face::train::092618.jpg,0.875267933306931
eva02_clip_l14,face,377,face::train::129132.jpg,face::train::073196.jpg,0.8752375284215906
eva02_clip_l14,face,378,face::train::137722.jpg,face::train::178129.jpg,0.8747913284610856
eva02_clip_l14,face,379,face::train::170623.jpg,face::train::157804.jpg,0.8746021446278359
eva02_clip_l14,face,380,face::train::141457.jpg,face::test::189457.jpg,0.874596668133869
eva02_clip_l14,face,381,face::train::060309.jpg,face::train::109762.jpg,0.8745534754717114
eva02_clip_l14,face,382,face::train::008309.jpg,face::train::149220.jpg,0.8741991317486296
eva02_clip_l14,face,383,face::train::168471.jpg,face::train::082954.jpg,0.8741401932241076
eva02_clip_l14,face,384,face::train::065762.jpg,face::train::025692.jpg,0.8740776243483612
eva02_clip_l14,face,385,face::train::053065.jpg,face::train::042973.jpg,0.8739918549730381
eva02_clip_l14,face,386,face::train::063708.jpg,face::train::149220.jpg,0.873885475760642
eva02_clip_l14,face,387,face::train::071174.jpg,face::train::026996.jpg,0.8738801520586812
eva02_clip_l14,face,388,face::train::032580.jpg,face::test::196777.jpg,0.873671235104946
eva02_clip_l14,face,389,face::train::092618.jpg,face::train::123459.jpg,0.8735160456832588
eva02_clip_l14,face,390,face::train::023736.jpg,face::train::026996.jpg,0.8734429540292834
eva02_clip_l14,face,391,face::train::032580.jpg,face::test::184003.jpg,0.8733754760610618
eva02_clip_l14,face,392,face::train::149220.jpg,face::train::141457.jpg,0.8732586210759343
eva02_clip_l14,face,393,face::train::088914.jpg,face::test::196777.jpg,0.8731171124663004
eva02_clip_l14,face,394,face::train::114832.jpg,face::train::060309.jpg,0.8730096932081193
eva02_clip_l14,face,395,face::train::023736.jpg,face::test::185812.jpg,0.8727133542705819
eva02_clip_l14,face,396,face::train::150659.jpg,face::train::082954.jpg,0.8724706803877039
eva02_clip_l14,face,397,face::train::008309.jpg,face::test::189457.jpg,0.8721097007584581
eva02_clip_l14,face,398,face::train::123459.jpg,face::train::109762.jpg,0.8720886964314071
eva02_clip_l14,face,399,face::train::060309.jpg,face::test::201409.jpg,0.8719036845774021
eva02_clip_l14,face,400,face::train::053065.jpg,face::train::138886.jpg,0.8717374164348074
eva02_clip_l14,face,401,face::train::121281.jpg,face::train::143554.jpg,0.8716120273264352
eva02_clip_l14,face,402,face::train::063708.jpg,face::train::026996.jpg,0.8714263725223056
eva02_clip_l14,face,403,face::train::129132.jpg,face::test::196777.jpg,0.8712937105498272
eva02_clip_l14,face,404,face::train::090489.jpg,face::train::053065.jpg,0.8712498611476878
eva02_clip_l14,face,405,face::train::063708.jpg,face::train::123459.jpg,0.8712096896609813
eva02_clip_l14,face,406,face::train::150659.jpg,face::train::001042.jpg,0.8711678907462803
eva02_clip_l14,face,407,face::train::129132.jpg,face::test::184003.jpg,0.8710872524608304
eva02_clip_l14,face,408,face::train::157804.jpg,face::train::063618.jpg,0.8707799574722153
eva02_clip_l14,face,409,face::train::157804.jpg,face::test::185812.jpg,0.8707091025608565
eva02_clip_l14,face,410,face::test::186223.jpg,face::test::183801.jpg,0.8706679167985363
eva02_clip_l14,face,411,face::train::143554.jpg,face::train::089537.jpg,0.8706635030892713
eva02_clip_l14,face,412,face::train::073196.jpg,face::test::185812.jpg,0.8703876016687575
eva02_clip_l14,face,413,face::train::088914.jpg,face::train::109762.jpg,0.8703709534099928
eva02_clip_l14,face,414,face::train::008309.jpg,face::train::073196.jpg,0.8701758870621776
eva02_clip_l14,face,415,face::train::170623.jpg,face::train::081413.jpg,0.8701739644735261
eva02_clip_l14,face,416,face::train::178129.jpg,face::test::189858.jpg,0.8698506510371985
eva02_clip_l14,face,417,face::train::060309.jpg,face::train::123459.jpg,0.8696869755858534
eva02_clip_l14,face,418,face::train::042973.jpg,face::train::001042.jpg,0.8696003003438822
eva02_clip_l14,face,419,face::train::071174.jpg,face::train::143554.jpg,0.8689487611891935
eva02_clip_l14,face,420,face::train::123459.jpg,face::test::196777.jpg,0.8689274334208538
eva02_clip_l14,face,421,face::train::065762.jpg,face::test::189457.jpg,0.8688521384968766
eva02_clip_l14,face,422,face::train::101485.jpg,face::train::082954.jpg,0.8685755173500749
eva02_clip_l14,face,423,face::train::170623.jpg,face::train::060309.jpg,0.8684823136115322
eva02_clip_l14,face,424,face::train::081413.jpg,face::test::196777.jpg,0.8681505658676276
eva02_clip_l14,face,425,face::train::025692.jpg,face::test::189858.jpg,0.8680251540872083
eva02_clip_l14,face,426,face::train::137722.jpg,face::train::053065.jpg,0.8679319831111145
eva02_clip_l14,face,427,face::train::088914.jpg,face::train::141457.jpg,0.8678964595781383
eva02_clip_l14,face,428,face::train::025692.jpg,face::test::188858.jpg,0.8676075830461798
eva02_clip_l14,face,429,face::train::137722.jpg,face::train::089537.jpg,0.8673771025006788
eva02_clip_l14,face,430,face::train::109762.jpg,face::test::189457.jpg,0.8671847152324635
eva02_clip_l14,face,431,face::test::185812.jpg,face::test::196777.jpg,0.8669283337121179
eva02_clip_l14,face,432,face::test::185812.jpg,face::test::184003.jpg,0.8668703242066934
eva02_clip_l14,face,433,face::train::065762.jpg,face::train::063708.jpg,0.8668247892884835
eva02_clip_l14,face,434,face::train::121281.jpg,face::train::025692.jpg,0.8665210410689022
eva02_clip_l14,face,435,face::train::170623.jpg,face::train::149220.jpg,0.8664472513070614
eva02_clip_l14,face,436,face::train::081413.jpg,face::train::008309.jpg,0.8656170357691821
eva02_clip_l14,face,437,face::train::008309.jpg,face::train::129132.jpg,0.8655055359436917
eva02_clip_l14,face,438,face::train::090489.jpg,face::test::186223.jpg,0.8654942881173038
eva02_clip_l14,face,439,face::train::063618.jpg,face::train::060309.jpg,0.8653339182079681
eva02_clip_l14,face,440,face::train::141457.jpg,face::test::184003.jpg,0.8650039366652853
eva02_clip_l14,face,441,face::train::123459.jpg,face::train::088914.jpg,0.8646667621474307
eva02_clip_l14,face,442,face::train::053065.jpg,face::train::025692.jpg,0.8644858707609206
eva02_clip_l14,face,443,face::train::092618.jpg,face::train::109762.jpg,0.8642752998769954
eva02_clip_l14,face,444,face::train::025692.jpg,face::train::026996.jpg,0.8640161673834134
eva02_clip_l14,face,445,face::train::092618.jpg,face::train::141457.jpg,0.8638333082826818
eva02_clip_l14,face,446,face::train::157804.jpg,face::train::032580.jpg,0.8636839891053607
eva02_clip_l14,face,447,face::train::091980.jpg,face::train::178129.jpg,0.8631386642853349
eva02_clip_l14,face,448,face::train::025692.jpg,face::train::150659.jpg,0.8630168650186998
eva02_clip_l14,face,449,face::train::143554.jpg,face::train::101485.jpg,0.8629104641628637
eva02_clip_l14,face,450,face::train::137722.jpg,face::test::186223.jpg,0.8627687981933708
eva02_clip_l14,face,451,face::train::063708.jpg,face::train::141457.jpg,0.8626861347663952
eva02_clip_l14,face,452,face::train::090489.jpg,face::train::082954.jpg,0.8623579235398257
eva02_clip_l14,face,453,face::train::053065.jpg,face::train::168471.jpg,0.8621822595785786
eva02_clip_l14,face,454,face::train::143554.jpg,face::train::178182.jpg,0.8621185824093176
eva02_clip_l14,face,455,face::train::137722.jpg,face::test::196611.jpg,0.8615927149580666
eva02_clip_l14,face,456,face::train::129132.jpg,face::train::032580.jpg,0.8613378008773135
eva02_clip_l14,face,457,face::train::138886.jpg,face::train::025692.jpg,0.8610397179577478
eva02_clip_l14,face,458,face::train::157804.jpg,face::test::201409.jpg,0.8605102598020443
eva02_clip_l14,face,459,face::train::063708.jpg,face::train::032580.jpg,0.8600207967341684
eva02_clip_l14,face,460,face::test::189457.jpg,face::test::185812.jpg,0.8599091587561201
eva02_clip_l14,face,461,face::train::157804.jpg,face::train::088914.jpg,0.859874175834364
eva02_clip_l14,face,462,face::train::008309.jpg,face::train::092618.jpg,0.8597578867420259
eva02_clip_l14,face,463,face::train::071174.jpg,face::train::082954.jpg,0.859492039814225
eva02_clip_l14,face,464,face::train::091980.jpg,face::test::183801.jpg,0.8592019596669711
eva02_clip_l14,face,465,face::train::088914.jpg,face::train::032580.jpg,0.8589583444478364
eva02_clip_l14,face,466,face::train::114832.jpg,face::train::109762.jpg,0.8587542679877108
eva02_clip_l14,face,467,face::train::121281.jpg,face::train::114832.jpg,0.858381875431283
eva02_clip_l14,face,468,face::train::138886.jpg,face::train::001042.jpg,0.85816812392483
eva02_clip_l14,face,469,face::train::081413.jpg,face::train::023736.jpg,0.8581068887657383
eva02_clip_l14,face,470,face::train::138886.jpg,face::test::186223.jpg,0.8576769859125146
eva02_clip_l14,face,471,face::train::129132.jpg,face::train::149220.jpg,0.8575584859685895
eva02_clip_l14,face,472,face::train::008309.jpg,face::train::063708.jpg,0.8573996652151961
eva02_clip_l14,face,473,face::train::143554.jpg,face::train::150659.jpg,0.8571702059192747
eva02_clip_l14,face,474,face::train::025692.jpg,face::train::042973.jpg,0.8566791953988921
eva02_clip_l14,face,475,face::train::137722.jpg,face::test::188858.jpg,0.8566269454181845
eva02_clip_l14,face,476,face::train::168471.jpg,face::train::060555.jpg,0.8564563481926695
eva02_clip_l14,face,477,face::train::042973.jpg,face::test::186223.jpg,0.8564397458640777
eva02_clip_l14,face,478,face::train::138886.jpg,face::train::178129.jpg,0.8563407336853955
eva02_clip_l14,face,479,face::train::137722.jpg,face::train::121281.jpg,0.8559002174218571
eva02_clip_l14,face,480,face::train::170623.jpg,face::train::088914.jpg,0.8558499391293168
eva02_clip_l14,face,481,face::train::065762.jpg,face::train::073196.jpg,0.8556388915461134
eva02_clip_l14,face,482,face::train::121281.jpg,face::train::082954.jpg,0.855602642259444
eva02_clip_l14,face,483,face::train::166091.jpg,face::train::065762.jpg,0.8554499374662062
eva02_clip_l14,face,484,face::train::129132.jpg,face::train::026996.jpg,0.8553272456473939
eva02_clip_l14,face,485,face::train::081413.jpg,face::train::032580.jpg,0.8552808762712356
eva02_clip_l14,face,486,face::train::166091.jpg,face::train::001042.jpg,0.8550831779584189
eva02_clip_l14,face,487,face::train::157804.jpg,face::train::008309.jpg,0.8543553147135091
eva02_clip_l14,face,488,face::train::137722.jpg,face::test::183801.jpg,0.8542738975525581
eva02_clip_l14,face,489,face::train::060309.jpg,face::test::184003.jpg,0.8539736077423831
eva02_clip_l14,face,490,face::train::025692.jpg,face::train::082954.jpg,0.8536542592535159
eva02_clip_l14,face,491,face::train::157804.jpg,face::train::149220.jpg,0.8531624291548611
eva02_clip_l14,face,492,face::train::092618.jpg,face::test::185812.jpg,0.8530493258198418
eva02_clip_l14,face,493,face::train::170623.jpg,face::train::063618.jpg,0.852644835677192
eva02_clip_l14,face,494,face::train::081413.jpg,face::test::201409.jpg,0.8525617102634474
eva02_clip_l14,face,495,face::train::081413.jpg,face::train::149220.jpg,0.8524780487814158
eva02_clip_l14,face,496,face::train::121281.jpg,face::train::123459.jpg,0.8524279370827028
eva02_clip_l14,face,497,face::train::008309.jpg,face::train::088914.jpg,0.8522870325698921
eva02_clip_l14,face,498,face::train::008309.jpg,face::test::196777.jpg,0.852252588206041
eva02_clip_l14,face,499,face::train::114832.jpg,face::train::090489.jpg,0.85204840176679
eva02_clip_l14,face,500,face::train::082954.jpg,face::train::042973.jpg,0.8517767108322838
eva02_clip_l14,face,501,face::train::091980.jpg,face::train::053065.jpg,0.8514381448519759
eva02_clip_l14,face,502,face::train::141457.jpg,face::test::196777.jpg,0.8510021676250512
eva02_clip_l14,face,503,face::train::060309.jpg,face::train::073196.jpg,0.8505789174050368
eva02_clip_l14,face,504,face::train::091980.jpg,face::test::196611.jpg,0.8505223741443054
eva02_clip_l14,face,505,face::train::178182.jpg,face::train::025692.jpg,0.8505047931658347
eva02_clip_l14,face,506,face::train::137722.jpg,face::train::101485.jpg,0.8503632440916584
eva02_clip_l14,face,507,face::train::065762.jpg,face::train::023736.jpg,0.8502679676999969
eva02_clip_l14,face,508,face::train::053065.jpg,face::train::149220.jpg,0.8502038352664686
eva02_clip_l14,face,509,face::train::071174.jpg,face::train::114832.jpg,0.8501133943428505
eva02_clip_l14,face,510,face::train::063618.jpg,face::train::141457.jpg,0.8500304822028939
eva02_clip_l14,face,511,face::train::081413.jpg,face::train::123459.jpg,0.8499923850537505
eva02_clip_l14,face,512,face::train::129132.jpg,face::train::123459.jpg,0.8497848134409287
eva02_clip_l14,face,513,face::train::168471.jpg,face::train::023736.jpg,0.849416349986162
eva02_clip_l14,face,514,face::train::143554.jpg,face::train::042973.jpg,0.8493651298844866
eva02_clip_l14,face,515,face::train::065762.jpg,face::train::060555.jpg,0.8491138659267494
eva02_clip_l14,face,516,face::train::053065.jpg,face::train::123459.jpg,0.8487562323232132
eva02_clip_l14,face,517,face::train::114832.jpg,face::train::178129.jpg,0.8486913353207053
eva02_clip_l14,face,518,face::train::137722.jpg,face::train::001042.jpg,0.8483978719067102
eva02_clip_l14,face,519,face::train::060555.jpg,face::train::150659.jpg,0.8482129669861593
eva02_clip_l14,face,520,face::train::063618.jpg,face::test::196777.jpg,0.8479545869111156
eva02_clip_l14,face,521,face::train::082954.jpg,face::test::186223.jpg,0.8478111775802508
eva02_clip_l14,face,522,face::train::008309.jpg,face::train::063618.jpg,0.8477438678912831
eva02_clip_l14,face,523,face::train::065762.jpg,face::test::184003.jpg,0.8475316428594835
eva02_clip_l14,face,524,face::train::166091.jpg,face::test::186223.jpg,0.8473012180510104
eva02_clip_l14,face,525,face::train::053065.jpg,face::train::141457.jpg,0.8470480537197864
eva02_clip_l14,face,526,face::train::166091.jpg,face::train::168471.jpg,0.8469592025560784
eva02_clip_l14,face,527,face::train::129132.jpg,face::train::150659.jpg,0.8469443315267838
eva02_clip_l14,face,528,face::train::149220.jpg,face::train::109762.jpg,0.8469324707157619
eva02_clip_l14,face,529,face::train::114832.jpg,face::train::101485.jpg,0.8463583572353416
eva02_clip_l14,face,530,face::train::149220.jpg,face::train::001042.jpg,0.8462937478280169
eva02_clip_l14,face,531,face::train::178182.jpg,face::train::082954.jpg,0.8461422036498008
eva02_clip_l14,face,532,face::train::082954.jpg,face::test::189858.jpg,0.8460657699526086
eva02_clip_l14,face,533,face::train::129132.jpg,face::train::168471.jpg,0.8456329522567888
eva02_clip_l14,face,534,face::train::123459.jpg,face::train::001042.jpg,0.8454378689295218
eva02_clip_l14,face,535,face::train::166091.jpg,face::train::026996.jpg,0.8453455734895823
eva02_clip_l14,face,536,face::train::123459.jpg,face::test::188858.jpg,0.8452851512802293
eva02_clip_l14,face,537,face::train::063618.jpg,face::train::060555.jpg,0.845167308449118
eva02_clip_l14,face,538,face::train::109762.jpg,face::test::184003.jpg,0.8451459826724597
eva02_clip_l14,face,539,face::train::090489.jpg,face::train::143554.jpg,0.8449052433376608
eva02_clip_l14,face,540,face::train::008309.jpg,face::test::184003.jpg,0.8447409587530791
eva02_clip_l14,face,541,face::train::073196.jpg,face::train::141457.jpg,0.8446390794566339
eva02_clip_l14,face,542,face::train::178129.jpg,face::train::141457.jpg,0.8442934378747111
eva02_clip_l14,face,543,face::train::060309.jpg,face::train::088914.jpg,0.8438835607146076
eva02_clip_l14,face,544,face::train::114832.jpg,face::train::089537.jpg,0.8438084214015513
eva02_clip_l14,face,545,face::train::114832.jpg,face::test::196611.jpg,0.843576546401595
eva02_clip_l14,face,546,face::train::042973.jpg,face::train::092618.jpg,0.8433649305839197
eva02_clip_l14,face,547,face::train::060309.jpg,face::train::092618.jpg,0.8432440758762745
eva02_clip_l14,face,548,face::train::143554.jpg,face::test::196611.jpg,0.8430080452943383
eva02_clip_l14,face,549,face::train::090489.jpg,face::train::063708.jpg,0.8426995370645153
eva02_clip_l14,face,550,face::train::168471.jpg,face::test::189457.jpg,0.842687111588321
eva02_clip_l14,face,551,face::train::143554.jpg,face::test::188858.jpg,0.8426395570915922
eva02_clip_l14,face,552,face::train::090489.jpg,face::test::189457.jpg,0.8425555160124254
eva02_clip_l14,face,553,face::train::065762.jpg,face::train::149220.jpg,0.842338975487225
eva02_clip_l14,face,554,face::test::186223.jpg,face::test::189858.jpg,0.841419745313687
eva02_clip_l14,face,555,face::train::168471.jpg,face::train::092618.jpg,0.841404097513401
eva02_clip_l14,face,556,face::train::157804.jpg,face::test::196777.jpg,0.84060109466968
eva02_clip_l14,face,557,face::train::157804.jpg,face::test::184003.jpg,0.8404849379976249
eva02_clip_l14,face,558,face::train::137722.jpg,face::train::026996.jpg,0.8404356178644672
eva02_clip_l14,face,559,face::train::114832.jpg,face::train::178182.jpg,0.8403692074668601
eva02_clip_l14,face,560,face::train::089537.jpg,face::train::092618.jpg,0.8402517267758254
eva02_clip_l14,face,561,face::train::114832.jpg,face::test::188858.jpg,0.8395383838704527
eva02_clip_l14,face,562,face::train::081413.jpg,face::train::073196.jpg,0.8394793701849224
eva02_clip_l14,face,563,face::train::157804.jpg,face::train::063708.jpg,0.8388490344962258
eva02_clip_l14,face,564,face::train::157804.jpg,face::train::123459.jpg,0.8388396687101486
eva02_clip_l14,face,565,face::train::026996.jpg,face::test::189457.jpg,0.8388099104763423
eva02_clip_l14,face,566,face::train::137722.jpg,face::train::150659.jpg,0.8386331017355066
eva02_clip_l14,face,567,face::train::091980.jpg,face::train::025692.jpg,0.8385039602794091
eva02_clip_l14,face,568,face::train::065762.jpg,face::train::092618.jpg,0.8383481392251177
eva02_clip_l14,face,569,face::train::026996.jpg,face::train::082954.jpg,0.8380374955025267
eva02_clip_l14,face,570,face::train::001042.jpg,face::test::201409.jpg,0.8377342333567521
eva02_clip_l14,face,571,face::train::166091.jpg,face::train::121281.jpg,0.8375252482075726
eva02_clip_l14,face,572,face::train::088914.jpg,face::test::185812.jpg,0.8374810852092667
eva02_clip_l14,face,573,face::train::082954.jpg,face::train::178129.jpg,0.8374488958118491
eva02_clip_l14,face,574,face::train::063708.jpg,face::train::060309.jpg,0.8374233236397137
eva02_clip_l14,face,575,face::train::121281.jpg,face::train::149220.jpg,0.8369547387088034
eva02_clip_l14,face,576,face::train::123459.jpg,face::test::183801.jpg,0.8365797175204976
eva02_clip_l14,face,577,face::train::063708.jpg,face::train::042973.jpg,0.8355814671360315
eva02_clip_l14,face,578,face::train::166091.jpg,face::train::157804.jpg,0.835277644754243
eva02_clip_l14,face,579,face::train::114832.jpg,face::train::150659.jpg,0.8351011697121951
eva02_clip_l14,face,580,face::train::137722.jpg,face::train::178182.jpg,0.8349643722541988
eva02_clip_l14,face,581,face::train::082954.jpg,face::test::183801.jpg,0.8348923020838582
eva02_clip_l14,face,582,face::train::081413.jpg,face::train::166091.jpg,0.8344203544553851
eva02_clip_l14,face,583,face::train::168471.jpg,face::train::088914.jpg,0.8343448434533305
eva02_clip_l14,face,584,face::train::091980.jpg,face::test::188858.jpg,0.8343361773026571
eva02_clip_l14,face,585,face::train::114832.jpg,face::test::183801.jpg,0.8342434508815945
eva02_clip_l14,face,586,face::train::071174.jpg,face::train::123459.jpg,0.8340886270254374
eva02_clip_l14,face,587,face::train::166091.jpg,face::train::089537.jpg,0.8340695557449054
eva02_clip_l14,face,588,face::train::123459.jpg,face::test::196611.jpg,0.8340145405368428
eva02_clip_l14,face,589,face::train::157804.jpg,face::train::073196.jpg,0.8339489415011903
eva02_clip_l14,face,590,face::train::060309.jpg,face::test::196777.jpg,0.8336846959211108
eva02_clip_l14,face,591,face::train::178182.jpg,face::train::092618.jpg,0.8332585497815258
eva02_clip_l14,face,592,face::train::063708.jpg,face::test::185812.jpg,0.8325611648034925
eva02_clip_l14,face,593,face::train::063618.jpg,face::train::023736.jpg,0.8323058999177002
eva02_clip_l14,face,594,face::train::060309.jpg,face::test::189457.jpg,0.8320143266082504
eva02_clip_l14,face,595,face::train::082954.jpg,face::test::196611.jpg,0.8318274698974534
eva02_clip_l14,face,596,face::train::178129.jpg,face::train::123459.jpg,0.8315704401557534
eva02_clip_l14,face,597,face::train::166091.jpg,face::test::196611.jpg,0.8314789082011871
eva02_clip_l14,face,598,face::train::178129.jpg,face::train::032580.jpg,0.831333578746883
eva02_clip_l14,face,599,face::train::090489.jpg,face::train::060555.jpg,0.8305653984765613
eva02_clip_l14,face,600,face::train::101485.jpg,face::train::123459.jpg,0.8301376233194326
eva02_clip_l14,face,601,face::test::188858.jpg,face::test::201409.jpg,0.8297110159090507
eva02_clip_l14,face,602,face::train::150659.jpg,face::train::092618.jpg,0.8296804560248483
eva02_clip_l14,face,603,face::train::143554.jpg,face::train::178129.jpg,0.8296108842777389
eva02_clip_l14,face,604,face::train::138886.jpg,face::train::082954.jpg,0.8294361908068473
eva02_clip_l14,face,605,face::train::114832.jpg,face::train::168471.jpg,0.8293939020911482
eva02_clip_l14,face,606,face::train::166091.jpg,face::train::178129.jpg,0.8293768987706491
eva02_clip_l14,face,607,face::train::042973.jpg,face::train::073196.jpg,0.8286037491023325
eva02_clip_l14,face,608,face::train::026996.jpg,face::test::201409.jpg,0.8284627395149694
eva02_clip_l14,face,609,face::train::166091.jpg,face::train::150659.jpg,0.8282078768128942
eva02_clip_l14,face,610,face::train::026996.jpg,face::train::073196.jpg,0.8279619316171589
eva02_clip_l14,face,611,face::train::090489.jpg,face::train::023736.jpg,0.8276924412003928
eva02_clip_l14,face,612,face::train::143554.jpg,face::test::183801.jpg,0.82748010605287
eva02_clip_l14,face,613,face::train::065762.jpg,face::test::201409.jpg,0.8271492117537311
eva02_clip_l14,face,614,face::train::114832.jpg,face::train::053065.jpg,0.82688705706338
eva02_clip_l14,face,615,face::test::189457.jpg,face::test::183801.jpg,0.8268318702558317
eva02_clip_l14,face,616,face::train::114832.jpg,face::train::042973.jpg,0.8265185661055664
eva02_clip_l14,face,617,face::train::101485.jpg,face::train::092618.jpg,0.8264698650182751
eva02_clip_l14,face,618,face::train::150659.jpg,face::test::184003.jpg,0.8263150069046654
eva02_clip_l14,face,619,face::train::063618.jpg,face::test::201409.jpg,0.8260561227791103
eva02_clip_l14,face,620,face::train::121281.jpg,face::train::092618.jpg,0.8257939648218267
eva02_clip_l14,face,621,face::train::082954.jpg,face::test::188858.jpg,0.8256235037998167
eva02_clip_l14,face,622,face::train::060555.jpg,face::train::178129.jpg,0.8251363212379108
eva02_clip_l14,face,623,face::train::168471.jpg,face::test::201409.jpg,0.825057889003344
eva02_clip_l14,face,624,face::train::178182.jpg,face::train::149220.jpg,0.8250143297712339
eva02_clip_l14,face,625,face::train::143554.jpg,face::test::189858.jpg,0.824668038828789
eva02_clip_l14,face,626,face::train::129132.jpg,face::train::063618.jpg,0.824312184622982
eva02_clip_l14,face,627,face::train::143554.jpg,face::train::168471.jpg,0.8242747658739159
eva02_clip_l14,face,628,face::train::032580.jpg,face::test::196611.jpg,0.8240684703358653
eva02_clip_l14,face,629,face::train::089537.jpg,face::train::123459.jpg,0.8239189836281477
eva02_clip_l14,face,630,face::train::042973.jpg,face::test::184003.jpg,0.8237984264211913
eva02_clip_l14,face,631,face::train::063618.jpg,face::train::032580.jpg,0.823755915010453
eva02_clip_l14,face,632,face::train::137722.jpg,face::train::042973.jpg,0.8236940491772209
eva02_clip_l14,face,633,face::train::138886.jpg,face::test::184003.jpg,0.823542982327268
eva02_clip_l14,face,634,face::train::157804.jpg,face::test::189457.jpg,0.823473116719335
eva02_clip_l14,face,635,face::train::001042.jpg,face::test::189457.jpg,0.8233477452975884
eva02_clip_l14,face,636,face::train::121281.jpg,face::test::201409.jpg,0.8232347594104922
eva02_clip_l14,face,637,face::train::149220.jpg,face::test::196611.jpg,0.823104021631133
eva02_clip_l14,face,638,face::train::129132.jpg,face::train::065762.jpg,0.8230088426489816
eva02_clip_l14,face,639,face::train::081413.jpg,face::train::114832.jpg,0.8227327432104367
eva02_clip_l14,face,640,face::train::091980.jpg,face::train::001042.jpg,0.8225157023422229
eva02_clip_l14,face,641,face::train::026996.jpg,face::train::088914.jpg,0.8222295882530701
eva02_clip_l14,face,642,face::train::091980.jpg,face::test::186223.jpg,0.8221383599581393
eva02_clip_l14,face,643,face::train::071174.jpg,face::train::166091.jpg,0.8220976794327605
eva02_clip_l14,face,644,face::train::063708.jpg,face::train::150659.jpg,0.8220869970630108
eva02_clip_l14,face,645,face::train::091980.jpg,face::train::101485.jpg,0.8219746606802287
eva02_clip_l14,face,646,face::train::089537.jpg,face::train::063708.jpg,0.8219605893427001
eva02_clip_l14,face,647,face::train::089537.jpg,face::test::189457.jpg,0.8214450568103069
eva02_clip_l14,face,648,face::train::081413.jpg,face::train::092618.jpg,0.8212875526000325
eva02_clip_l14,face,649,face::train::090489.jpg,face::test::201409.jpg,0.8212607500472129
eva02_clip_l14,face,650,face::train::081413.jpg,face::train::088914.jpg,0.8211659256787552
eva02_clip_l14,face,651,face::test::184003.jpg,face::test::196611.jpg,0.8210995966401359
eva02_clip_l14,face,652,face::train::114832.jpg,face::train::065762.jpg,0.8210762930477576
eva02_clip_l14,face,653,face::train::166091.jpg,face::test::183801.jpg,0.8207820348393613
eva02_clip_l14,face,654,face::train::063618.jpg,face::test::185812.jpg,0.82076319753197
eva02_clip_l14,face,655,face::train::065762.jpg,face::train::123459.jpg,0.8205571790066262
eva02_clip_l14,face,656,face::train::137722.jpg,face::train::168471.jpg,0.8205464180837687
eva02_clip_l14,face,657,face::test::189457.jpg,face::test::196611.jpg,0.8204100544283568
eva02_clip_l14,face,658,face::train::178182.jpg,face::test::201409.jpg,0.8203321297367128
eva02_clip_l14,face,659,face::test::183801.jpg,face::test::201409.jpg,0.8201483262151457
eva02_clip_l14,face,660,face::train::023736.jpg,face::train::178129.jpg,0.8200380894053221
eva02_clip_l14,face,661,face::train::141457.jpg,face::test::196611.jpg,0.8200377293964005
eva02_clip_l14,face,662,face::train::166091.jpg,face::train::053065.jpg,0.8199234006712396
eva02_clip_l14,face,663,face::train::166091.jpg,face::train::178182.jpg,0.8199223210861792
eva02_clip_l14,face,664,face::train::150659.jpg,face::train::073196.jpg,0.8196757857637038
eva02_clip_l14,face,665,face::train::114832.jpg,face::train::001042.jpg,0.8187058522085547
eva02_clip_l14,face,666,face::train::150659.jpg,face::train::123459.jpg,0.8185796904834621
eva02_clip_l14,face,667,face::train::092618.jpg,face::train::178129.jpg,0.8184789712221008
eva02_clip_l14,face,668,face::train::143554.jpg,face::train::138886.jpg,0.8184020195210941
eva02_clip_l14,face,669,face::train::150659.jpg,face::test::189457.jpg,0.8183384932822636
eva02_clip_l14,face,670,face::train::137722.jpg,face::train::065762.jpg,0.8182570723062352
eva02_clip_l14,face,671,face::test::189457.jpg,face::test::189858.jpg,0.8178326829301936
eva02_clip_l14,face,672,face::train::091980.jpg,face::train::121281.jpg,0.8177277056243892
eva02_clip_l14,face,673,face::train::137722.jpg,face::train::025692.jpg,0.8174840094729314
eva02_clip_l14,face,674,face::train::149220.jpg,face::train::178129.jpg,0.8173096804764441
eva02_clip_l14,face,675,face::train::089537.jpg,face::test::201409.jpg,0.8172933888763053
eva02_clip_l14,face,676,face::train::065762.jpg,face::train::088914.jpg,0.8170951403761202
eva02_clip_l14,face,677,face::train::101485.jpg,face::test::201409.jpg,0.8170919946846755
eva02_clip_l14,face,678,face::train::149220.jpg,face::test::188858.jpg,0.8170582845889875
eva02_clip_l14,face,679,face::train::065762.jpg,face::train::082954.jpg,0.8168392695276264
eva02_clip_l14,face,680,face::train::063708.jpg,face::train::001042.jpg,0.8167554604429149
eva02_clip_l14,face,681,face::train::166091.jpg,face::train::101485.jpg,0.8165398118655516
eva02_clip_l14,face,682,face::test::189858.jpg,face::test::201409.jpg,0.8164958520608024
eva02_clip_l14,face,683,face::train::143554.jpg,face::train::026996.jpg,0.8163360872569966
eva02_clip_l14,face,684,face::test::201409.jpg,face::test::196611.jpg,0.8161759387419639
eva02_clip_l14,face,685,face::train::053065.jpg,face::train::143554.jpg,0.8159820871765482
eva02_clip_l14,face,686,face::train::090489.jpg,face::train::032580.jpg,0.8159612547509986
eva02_clip_l14,face,687,face::train::023736.jpg,face::train::042973.jpg,0.8157205812521263
eva02_clip_l14,face,688,face::train::091980.jpg,face::train::026996.jpg,0.8156280634836637
eva02_clip_l14,face,689,face::train::071174.jpg,face::test::201409.jpg,0.8150991585269571
eva02_clip_l14,face,690,face::train::032580.jpg,face::test::183801.jpg,0.8148734823923081
eva02_clip_l14,face,691,face::train::053065.jpg,face::train::060555.jpg,0.8148340211799742
eva02_clip_l14,face,692,face::train::026996.jpg,face::train::141457.jpg,0.8146402716543715
eva02_clip_l14,face,693,face::train::141457.jpg,face::train::001042.jpg,0.8138260438671888
eva02_clip_l14,face,694,face::train::026996.jpg,face::test::184003.jpg,0.8137987105956187
eva02_clip_l14,face,695,face::train::141457.jpg,face::test::183801.jpg,0.813791205218017
eva02_clip_l14,face,696,face::train::137722.jpg,face::train::090489.jpg,0.8137813203839503
eva02_clip_l14,face,697,face::train::092618.jpg,face::test::189858.jpg,0.8137081039599651
eva02_clip_l14,face,698,face::train::166091.jpg,face::test::188858.jpg,0.813561508147736
eva02_clip_l14,face,699,face::train::089537.jpg,face::test::184003.jpg,0.8134843473407763
eva02_clip_l14,face,700,face::train::092618.jpg,face::test::196611.jpg,0.8134311872196844
eva02_clip_l14,face,701,face::train::060555.jpg,face::test::196611.jpg,0.8130215136763648
eva02_clip_l14,face,702,face::train::071174.jpg,face::train::092618.jpg,0.8129354535283618
eva02_clip_l14,face,703,face::train::060555.jpg,face::train::042973.jpg,0.8128897807368581
eva02_clip_l14,face,704,face::train::150659.jpg,face::test::185812.jpg,0.8128568568303622
eva02_clip_l14,face,705,face::train::053065.jpg,face::test::201409.jpg,0.8127992400220309
eva02_clip_l14,face,706,face::train::121281.jpg,face::test::189457.jpg,0.8127639772563113
eva02_clip_l14,face,707,face::train::081413.jpg,face::train::063708.jpg,0.8127130230474673
eva02_clip_l14,face,708,face::train::092618.jpg,face::test::183801.jpg,0.8126953549356964
eva02_clip_l14,face,709,face::train::166091.jpg,face::train::090489.jpg,0.8126242904025649
eva02_clip_l14,face,710,face::train::023736.jpg,face::train::150659.jpg,0.8125331014634231
eva02_clip_l14,face,711,face::train::150659.jpg,face::test::201409.jpg,0.8123837692445328
eva02_clip_l14,face,712,face::train::090489.jpg,face::train::073196.jpg,0.8123300115579526
eva02_clip_l14,face,713,face::train::170623.jpg,face::train::053065.jpg,0.8123300070150823
eva02_clip_l14,face,714,face::test::189457.jpg,face::test::188858.jpg,0.8122201042499129
eva02_clip_l14,face,715,face::train::008309.jpg,face::train::001042.jpg,0.8121770141715283
eva02_clip_l14,face,716,face::train::063708.jpg,face::train::178129.jpg,0.8121569180577446
eva02_clip_l14,face,717,face::test::189858.jpg,face::test::184003.jpg,0.8119343412039419
eva02_clip_l14,face,718,face::train::026996.jpg,face::train::092618.jpg,0.8118032411693673
eva02_clip_l14,face,719,face::train::053065.jpg,face::train::060309.jpg,0.8116638941649765
eva02_clip_l14,face,720,face::train::121281.jpg,face::train::032580.jpg,0.8115155754686636
eva02_clip_l14,face,721,face::train::138886.jpg,face::test::189457.jpg,0.8114776376013224
eva02_clip_l14,face,722,face::train::063618.jpg,face::train::149220.jpg,0.8114588519195791
eva02_clip_l14,face,723,face::train::170623.jpg,face::train::178129.jpg,0.8111875363508593
eva02_clip_l14,face,724,face::train::042973.jpg,face::test::189457.jpg,0.8111558524885838
eva02_clip_l14,face,725,face::train::101485.jpg,face::train::149220.jpg,0.8110694476433975
eva02_clip_l14,face,726,face::test::189858.jpg,face::test::196777.jpg,0.8109104910048383
eva02_clip_l14,face,727,face::train::089537.jpg,face::train::060555.jpg,0.8106950779517271
eva02_clip_l14,face,728,face::train::149220.jpg,face::test::183801.jpg,0.8106772173752523
eva02_clip_l14,face,729,face::test::188858.jpg,face::test::184003.jpg,0.810580408326021
eva02_clip_l14,face,730,face::train::141457.jpg,face::test::188858.jpg,0.8105321280243015
eva02_clip_l14,face,731,face::train::053065.jpg,face::train::023736.jpg,0.8102868698799661
eva02_clip_l14,face,732,face::train::121281.jpg,face::train::073196.jpg,0.8101874932170401
eva02_clip_l14,face,733,face::train::065762.jpg,face::test::196777.jpg,0.8100714743419622
eva02_clip_l14,face,734,face::train::149220.jpg,face::train::026996.jpg,0.8098902892742775
eva02_clip_l14,face,735,face::train::063618.jpg,face::train::073196.jpg,0.8098429042820425
eva02_clip_l14,face,736,face::train::149220.jpg,face::train::150659.jpg,0.8097436074990261
eva02_clip_l14,face,737,face::train::090489.jpg,face::train::149220.jpg,0.8096744235889731
eva02_clip_l14,face,738,face::train::071174.jpg,face::train::091980.jpg,0.8096433428231068
eva02_clip_l14,face,739,face::train::091980.jpg,face::train::089537.jpg,0.8095554590116477
eva02_clip_l14,face,740,face::train::178129.jpg,face::test::201409.jpg,0.8093832170324406
eva02_clip_l14,face,741,face::train::166091.jpg,face::train::042973.jpg,0.8093064542865593
eva02_clip_l14,face,742,face::train::149220.jpg,face::train::042973.jpg,0.8093037654081907
eva02_clip_l14,face,743,face::train::121281.jpg,face::train::063708.jpg,0.8092884193750484
eva02_clip_l14,face,744,face::train::001042.jpg,face::train::032580.jpg,0.8088433332349799
eva02_clip_l14,face,745,face::train::090489.jpg,face::test::184003.jpg,0.8087006012566743
eva02_clip_l14,face,746,face::train::178182.jpg,face::train::060555.jpg,0.8084458594765084
eva02_clip_l14,face,747,face::train::121281.jpg,face::train::023736.jpg,0.8082539150666206
eva02_clip_l14,face,748,face::train::053065.jpg,face::train::032580.jpg,0.8078419053337913
eva02_clip_l14,face,749,face::train::089537.jpg,face::train::149220.jpg,0.8078352125476612
eva02_clip_l14,face,750,face::train::081413.jpg,face::test::184003.jpg,0.8077437942333341
eva02_clip_l14,face,751,face::train::121281.jpg,face::test::184003.jpg,0.8075619425852516
eva02_clip_l14,face,752,face::train::060555.jpg,face::train::001042.jpg,0.8074750082121988
eva02_clip_l14,face,753,face::train::178182.jpg,face::test::184003.jpg,0.8074668124506846
eva02_clip_l14,face,754,face::train::168471.jpg,face::train::073196.jpg,0.8073689354840337
eva02_clip_l14,face,755,face::train::053065.jpg,face::train::073196.jpg,0.8072152100488196
eva02_clip_l14,face,756,face::train::114832.jpg,face::train::026996.jpg,0.8071759376759771
eva02_clip_l14,face,757,face::train::090489.jpg,face::train::088914.jpg,0.8071157407991933
eva02_clip_l14,face,758,face::train::089537.jpg,face::train::023736.jpg,0.8070265666361456
eva02_clip_l14,face,759,face::train::090489.jpg,face::train::129132.jpg,0.8069438593168099
eva02_clip_l14,face,760,face::train::101485.jpg,face::train::060555.jpg,0.8068421940621757
eva02_clip_l14,face,761,face::train::053065.jpg,face::test::184003.jpg,0.8067949328586527
eva02_clip_l14,face,762,face::train::023736.jpg,face::test::196611.jpg,0.8065042318718948
eva02_clip_l14,face,763,face::train::101485.jpg,face::test::189457.jpg,0.8064522422600542
eva02_clip_l14,face,764,face::train::168471.jpg,face::test::184003.jpg,0.8063847960490849
eva02_clip_l14,face,765,face::train::091980.jpg,face::train::168471.jpg,0.8063541330976949
eva02_clip_l14,face,766,face::train::114832.jpg,face::test::186223.jpg,0.8063131293413969
eva02_clip_l14,face,767,face::train::101485.jpg,face::train::063708.jpg,0.8061098977910799
eva02_clip_l14,face,768,face::train::063708.jpg,face::test::183801.jpg,0.805991703442984
eva02_clip_l14,face,769,face::train::053065.jpg,face::test::185812.jpg,0.8059093599483225
eva02_clip_l14,face,770,face::train::178182.jpg,face::train::023736.jpg,0.8057784387297527
eva02_clip_l14,face,771,face::train::053065.jpg,face::train::082954.jpg,0.8057410621408789
eva02_clip_l14,face,772,face::train::166091.jpg,face::train::063618.jpg,0.8054942327445684
eva02_clip_l14,face,773,face::train::026996.jpg,face::train::123459.jpg,0.8054405047127025
eva02_clip_l14,face,774,face::train::170623.jpg,face::test::183801.jpg,0.8054153046047414
eva02_clip_l14,face,775,face::train::063708.jpg,face::test::186223.jpg,0.8052887985831528
eva02_clip_l14,face,776,face::train::008309.jpg,face::train::053065.jpg,0.8052014451052734
eva02_clip_l14,face,777,face::train::063618.jpg,face::train::123459.jpg,0.8046876818390626
eva02_clip_l14,face,778,face::train::060555.jpg,face::test::186223.jpg,0.8044911090019133
eva02_clip_l14,face,779,face::train::071174.jpg,face::train::149220.jpg,0.8044313917157833
eva02_clip_l14,face,780,face::train::089537.jpg,face::train::073196.jpg,0.8044278375019727
eva02_clip_l14,face,781,face::train::081413.jpg,face::test::189457.jpg,0.8044156624156532
eva02_clip_l14,face,782,face::train::090489.jpg,face::test::196777.jpg,0.8042615350271861
eva02_clip_l14,face,783,face::train::157804.jpg,face::train::178129.jpg,0.804122256964666
eva02_clip_l14,face,784,face::train::143554.jpg,face::train::001042.jpg,0.8041033797431102
eva02_clip_l14,face,785,face::train::023736.jpg,face::train::001042.jpg,0.8038849320345561
eva02_clip_l14,face,786,face::train::123459.jpg,face::test::186223.jpg,0.803580466968669
eva02_clip_l14,face,787,face::train::101485.jpg,face::train::141457.jpg,0.8034074081194762
eva02_clip_l14,face,788,face::train::042973.jpg,face::test::196777.jpg,0.8031518761299237
eva02_clip_l14,face,789,face::train::082954.jpg,face::train::001042.jpg,0.802990956500581
eva02_clip_l14,face,790,face::train::129132.jpg,face::train::178129.jpg,0.8029644422376925
eva02_clip_l14,face,791,face::train::168471.jpg,face::train::141457.jpg,0.8027635241344726
eva02_clip_l14,face,792,face::train::178182.jpg,face::train::063708.jpg,0.8024626736170838
eva02_clip_l14,face,793,face::train::023736.jpg,face::test::183801.jpg,0.8023404134940584
eva02_clip_l14,face,794,face::train::026996.jpg,face::test::196777.jpg,0.8022763947849344
eva02_clip_l14,face,795,face::train::008309.jpg,face::train::178129.jpg,0.8019402279765862
eva02_clip_l14,face,796,face::train::143554.jpg,face::train::025692.jpg,0.8019228693671455
eva02_clip_l14,face,797,face::train::138886.jpg,face::test::201409.jpg,0.801867261707764
eva02_clip_l14,face,798,face::train::141457.jpg,face::test::186223.jpg,0.8017539862002032
eva02_clip_l14,face,799,face::train::114832.jpg,face::test::189858.jpg,0.801657271717186
eva02_clip_l14,face,800,face::train::042973.jpg,face::train::088914.jpg,0.8016405882500574
eva02_clip_l14,face,801,face::train::089537.jpg,face::train::088914.jpg,0.8015639966171533
eva02_clip_l14,face,802,face::train::138886.jpg,face::train::092618.jpg,0.8015581176870669
eva02_clip_l14,face,803,face::train::150659.jpg,face::train::141457.jpg,0.8011268299877992
eva02_clip_l14,face,804,face::train::001042.jpg,face::test::184003.jpg,0.8009729936141113
eva02_clip_l14,face,805,face::train::091980.jpg,face::train::090489.jpg,0.80069469903955
eva02_clip_l14,face,806,face::train::143554.jpg,face::test::186223.jpg,0.8003571246426604
eva02_clip_l14,face,807,face::train::137722.jpg,face::test::189858.jpg,0.8002225854675444
eva02_clip_l14,face,808,face::train::178129.jpg,face::test::189457.jpg,0.8000319197269222
eva02_clip_l14,face,809,face::test::186223.jpg,face::test::201409.jpg,0.7994339710363033
eva02_clip_l14,face,810,face::train::114832.jpg,face::train::138886.jpg,0.7993649104937428
eva02_clip_l14,face,811,face::test::189457.jpg,face::test::186223.jpg,0.7991446404645911
eva02_clip_l14,face,812,face::train::168471.jpg,face::train::123459.jpg,0.7990596197627309
eva02_clip_l14,face,813,face::train::121281.jpg,face::train::060555.jpg,0.7989872988617174
eva02_clip_l14,face,814,face::train::178182.jpg,face::test::189457.jpg,0.7988857239425535
eva02_clip_l14,face,815,face::train::063708.jpg,face::test::196611.jpg,0.7982354633607543
eva02_clip_l14,face,816,face::train::178129.jpg,face::test::185812.jpg,0.7982029911696475
eva02_clip_l14,face,817,face::train::143554.jpg,face::train::065762.jpg,0.7981094851892963
eva02_clip_l14,face,818,face::train::073196.jpg,face::test::196611.jpg,0.798068340124955
eva02_clip_l14,face,819,face::train::063708.jpg,face::test::189858.jpg,0.7980288616632709
eva02_clip_l14,face,820,face::train::091980.jpg,face::train::138886.jpg,0.7979950389855184
eva02_clip_l14,face,821,face::train::032580.jpg,face::test::188858.jpg,0.7978730381644913
eva02_clip_l14,face,822,face::train::071174.jpg,face::test::189457.jpg,0.7976323181444632
eva02_clip_l14,face,823,face::train::071174.jpg,face::test::184003.jpg,0.7976303095307788
eva02_clip_l14,face,824,face::train::138886.jpg,face::train::060555.jpg,0.7975328502834824
eva02_clip_l14,face,825,face::train::138886.jpg,face::test::196777.jpg,0.7973800675768796
eva02_clip_l14,face,826,face::train::071174.jpg,face::train::141457.jpg,0.797336428602285
eva02_clip_l14,face,827,face::train::178182.jpg,face::train::032580.jpg,0.7972924233040385
eva02_clip_l14,face,828,face::train::149220.jpg,face::test::189858.jpg,0.7972712954122895
eva02_clip_l14,face,829,face::train::060309.jpg,face::train::026996.jpg,0.7972626705194631
eva02_clip_l14,face,830,face::train::053065.jpg,face::test::189457.jpg,0.7971430288123708
eva02_clip_l14,face,831,face::train::060555.jpg,face::test::183801.jpg,0.7967909289803501
eva02_clip_l14,face,832,face::train::063708.jpg,face::train::025692.jpg,0.7961534033286369
eva02_clip_l14,face,833,face::train::101485.jpg,face::train::023736.jpg,0.796099247222919
eva02_clip_l14,face,834,face::train::150659.jpg,face::train::088914.jpg,0.7960644796487629
eva02_clip_l14,face,835,face::train::091980.jpg,face::test::189858.jpg,0.7960333919094775
eva02_clip_l14,face,836,face::train::008309.jpg,face::test::183801.jpg,0.7958044546857167
eva02_clip_l14,face,837,face::test::183801.jpg,face::test::184003.jpg,0.7956974190410673
eva02_clip_l14,face,838,face::train::143554.jpg,face::train::082954.jpg,0.7950160087131148
eva02_clip_l14,face,839,face::train::092618.jpg,face::test::188858.jpg,0.7948153220682617
eva02_clip_l14,face,840,face::train::101485.jpg,face::test::184003.jpg,0.7947357307739773
eva02_clip_l14,face,841,face::train::071174.jpg,face::train::032580.jpg,0.7944580942635932
eva02_clip_l14,face,842,face::train::138886.jpg,face::train::149220.jpg,0.7940301499261404
eva02_clip_l14,face,843,face::train::063618.jpg,face::train::092618.jpg,0.7936842735015259
eva02_clip_l14,face,844,face::train::101485.jpg,face::train::032580.jpg,0.793648487799154
eva02_clip_l14,face,845,face::train::129132.jpg,face::test::196611.jpg,0.79303698948496
eva02_clip_l14,face,846,face::train::073196.jpg,face::train::178129.jpg,0.7927790264720753
eva02_clip_l14,face,847,face::train::114832.jpg,face::train::063618.jpg,0.7927260328651593
eva02_clip_l14,face,848,face::train::178129.jpg,face::train::088914.jpg,0.7927209166903775
eva02_clip_l14,face,849,face::train::063618.jpg,face::train::088914.jpg,0.7926453545275278
eva02_clip_l14,face,850,face::train::060309.jpg,face::train::150659.jpg,0.7923163093441901
eva02_clip_l14,face,851,face::train::178182.jpg,face::train::073196.jpg,0.7922943674303742
eva02_clip_l14,face,852,face::train::178182.jpg,face::train::123459.jpg,0.7922150642483576
eva02_clip_l14,face,853,face::test::185812.jpg,face::test::196611.jpg,0.7921869956489076
eva02_clip_l14,face,854,face::train::137722.jpg,face::train::138886.jpg,0.7918250963252687
eva02_clip_l14,face,855,face::train::138886.jpg,face::train::073196.jpg,0.7916057308515834
eva02_clip_l14,face,856,face::train::170623.jpg,face::train::026996.jpg,0.7914885275842606
eva02_clip_l14,face,857,face::train::060555.jpg,face::test::189858.jpg,0.7913257523743517
eva02_clip_l14,face,858,face::train::065762.jpg,face::train::032580.jpg,0.7911931121102707
eva02_clip_l14,face,859,face::train::073196.jpg,face::test::189858.jpg,0.7908743027348235
eva02_clip_l14,face,860,face::train::092618.jpg,face::train::001042.jpg,0.7907369968459169
eva02_clip_l14,face,861,face::train::149220.jpg,face::test::186223.jpg,0.7907007485239679
eva02_clip_l14,face,862,face::train::088914.jpg,face::train::001042.jpg,0.7904950224952253
eva02_clip_l14,face,863,face::train::060309.jpg,face::train::178129.jpg,0.7902066821832341
eva02_clip_l14,face,864,face::train::170623.jpg,face::train::001042.jpg,0.7901131100219013
eva02_clip_l14,face,865,face::train::170623.jpg,face::test::196611.jpg,0.7899614697180248
eva02_clip_l14,face,866,face::train::026996.jpg,face::train::109762.jpg,0.7898227721297886
eva02_clip_l14,face,867,face::train::025692.jpg,face::test::189457.jpg,0.789748075063645
eva02_clip_l14,face,868,face::train::088914.jpg,face::test::196611.jpg,0.7897158466702714
eva02_clip_l14,face,869,face::train::073196.jpg,face::test::183801.jpg,0.7896195365444172
eva02_clip_l14,face,870,face::train::121281.jpg,face::train::141457.jpg,0.7895996647855807
eva02_clip_l14,face,871,face::train::071174.jpg,face::train::063708.jpg,0.789596632638872
eva02_clip_l14,face,872,face::train::023736.jpg,face::test::186223.jpg,0.7895603368884722
eva02_clip_l14,face,873,face::train::166091.jpg,face::test::189858.jpg,0.7895437332541788
eva02_clip_l14,face,874,face::train::170623.jpg,face::train::065762.jpg,0.7894356578280016
eva02_clip_l14,face,875,face::train::121281.jpg,face::test::185812.jpg,0.7892901045909173
eva02_clip_l14,face,876,face::train::060309.jpg,face::test::196611.jpg,0.7890633291508548
eva02_clip_l14,face,877,face::train::137722.jpg,face::train::082954.jpg,0.7888396773743664
eva02_clip_l14,face,878,face::train::042973.jpg,face::test::201409.jpg,0.7886386245541108
eva02_clip_l14,face,879,face::train::073196.jpg,face::train::001042.jpg,0.7885402802743584
eva02_clip_l14,face,880,face::train::114832.jpg,face::train::025692.jpg,0.7881086898812362
eva02_clip_l14,face,881,face::train::178129.jpg,face::test::184003.jpg,0.7878913728522718
eva02_clip_l14,face,882,face::train::101485.jpg,face::train::088914.jpg,0.7878675854025783
eva02_clip_l14,face,883,face::train::025692.jpg,face::test::201409.jpg,0.787505720416075
eva02_clip_l14,face,884,face::test::185812.jpg,face::test::183801.jpg,0.7875005739552089
eva02_clip_l14,face,885,face::train::088914.jpg,face::test::183801.jpg,0.7870967947598319
eva02_clip_l14,face,886,face::train::023736.jpg,face::test::189858.jpg,0.78702155813547
eva02_clip_l14,face,887,face::train::166091.jpg,face::train::025692.jpg,0.786980861242164
eva02_clip_l14,face,888,face::train::053065.jpg,face::train::092618.jpg,0.7869588728560928
eva02_clip_l14,face,889,face::train::065762.jpg,face::train::141457.jpg,0.7861013436753802
eva02_clip_l14,face,890,face::train::090489.jpg,face::train::123459.jpg,0.7860727414326358
eva02_clip_l14,face,891,face::train::042973.jpg,face::train::123459.jpg,0.7859148112312264
eva02_clip_l14,face,892,face::train::026996.jpg,face::test::185812.jpg,0.7858473407499752
eva02_clip_l14,face,893,face::train::129132.jpg,face::train::042973.jpg,0.7858338866068391
eva02_clip_l14,face,894,face::train::091980.jpg,face::train::178182.jpg,0.7856186603343078
eva02_clip_l14,face,895,face::train::008309.jpg,face::test::196611.jpg,0.7855583027970567
eva02_clip_l14,face,896,face::train::178182.jpg,face::test::196777.jpg,0.7854455853611547
eva02_clip_l14,face,897,face::train::089537.jpg,face::train::032580.jpg,0.7854193896752723
eva02_clip_l14,face,898,face::test::185812.jpg,face::test::188858.jpg,0.7852321066094996
eva02_clip_l14,face,899,face::train::150659.jpg,face::train::032580.jpg,0.7852192564845
eva02_clip_l14,face,900,face::train::025692.jpg,face::train::092618.jpg,0.7851801389602574
eva02_clip_l14,face,901,face::train::071174.jpg,face::train::060555.jpg,0.7851476248527702
eva02_clip_l14,face,902,face::train::129132.jpg,face::train::089537.jpg,0.7851396168454545
eva02_clip_l14,face,903,face::train::129132.jpg,face::train::138886.jpg,0.784066068997283
eva02_clip_l14,face,904,face::train::129132.jpg,face::train::101485.jpg,0.783934625696961
eva02_clip_l14,face,905,face::train::129132.jpg,face::train::053065.jpg,0.7839273162608185
eva02_clip_l14,face,906,face::train::178182.jpg,face::train::088914.jpg,0.7838804551592369
eva02_clip_l14,face,907,face::train::166091.jpg,face::train::138886.jpg,0.7838221160909714
eva02_clip_l14,face,908,face::train::157804.jpg,face::test::196611.jpg,0.783779661170079
eva02_clip_l14,face,909,face::train::121281.jpg,face::test::196777.jpg,0.7835427670639474
eva02_clip_l14,face,910,face::train::092618.jpg,face::test::186223.jpg,0.783432952001269
eva02_clip_l14,face,911,face::train::091980.jpg,face::train::082954.jpg,0.7826268783490895
eva02_clip_l14,face,912,face::train::157804.jpg,face::train::053065.jpg,0.7824923534641999
eva02_clip_l14,face,913,face::train::063618.jpg,face::train::063708.jpg,0.7823728409169763
eva02_clip_l14,face,914,face::train::091980.jpg,face::train::008309.jpg,0.78231356252112
eva02_clip_l14,face,915,face::train::023736.jpg,face::train::138886.jpg,0.7821997926350985
eva02_clip_l14,face,916,face::train::091980.jpg,face::train::065762.jpg,0.7820993586908401
eva02_clip_l14,face,917,face::train::008309.jpg,face::train::026996.jpg,0.7820923155918225
eva02_clip_l14,face,918,face::train::170623.jpg,face::train::168471.jpg,0.7817585292520602
eva02_clip_l14,face,919,face::train::137722.jpg,face::train::091980.jpg,0.7817548796065742
eva02_clip_l14,face,920,face::train::129132.jpg,face::train::178182.jpg,0.7817348998524283
eva02_clip_l14,face,921,face::train::001042.jpg,face::test::185812.jpg,0.7815260178972561
eva02_clip_l14,face,922,face::train::023736.jpg,face::test::188858.jpg,0.7815228839890043
eva02_clip_l14,face,923,face::train::121281.jpg,face::train::088914.jpg,0.7811066496294775
eva02_clip_l14,face,924,face::train::026996.jpg,face::train::032580.jpg,0.7809291376713912
eva02_clip_l14,face,925,face::train::053065.jpg,face::train::063708.jpg,0.7805976472512686
eva02_clip_l14,face,926,face::train::089537.jpg,face::train::141457.jpg,0.7804871648769005
eva02_clip_l14,face,927,face::train::073196.jpg,face::test::188858.jpg,0.7802168756334371
eva02_clip_l14,face,928,face::train::168471.jpg,face::train::032580.jpg,0.7801746194279142
eva02_clip_l14,face,929,face::train::088914.jpg,face::test::186223.jpg,0.7797804394523509
eva02_clip_l14,face,930,face::train::170623.jpg,face::train::090489.jpg,0.779744369298568
eva02_clip_l14,face,931,face::train::071174.jpg,face::train::023736.jpg,0.7795236514527828
eva02_clip_l14,face,932,face::train::123459.jpg,face::test::189858.jpg,0.7794399540822512
eva02_clip_l14,face,933,face::train::129132.jpg,face::train::001042.jpg,0.7794155082986683
eva02_clip_l14,face,934,face::train::150659.jpg,face::test::196777.jpg,0.7791351652557555
eva02_clip_l14,face,935,face::train::025692.jpg,face::train::088914.jpg,0.779063826586792
eva02_clip_l14,face,936,face::train::060555.jpg,face::test::188858.jpg,0.7789467204311604
eva02_clip_l14,face,937,face::train::091980.jpg,face::train::150659.jpg,0.7785957605290076
eva02_clip_l14,face,938,face::train::025692.jpg,face::train::123459.jpg,0.7783348152778782
eva02_clip_l14,face,939,face::train::168471.jpg,face::train::149220.jpg,0.7783347101337343
eva02_clip_l14,face,940,face::train::129132.jpg,face::test::186223.jpg,0.7781263414963727
eva02_clip_l14,face,941,face::train::101485.jpg,face::test::185812.jpg,0.7777607791172363
eva02_clip_l14,face,942,face::train::168471.jpg,face::train::109762.jpg,0.7775972936006503
eva02_clip_l14,face,943,face::test::196777.jpg,face::test::196611.jpg,0.7766068732277386
eva02_clip_l14,face,944,face::train::157804.jpg,face::train::101485.jpg,0.7764193757675211
eva02_clip_l14,face,945,face::train::168471.jpg,face::test::196777.jpg,0.7764082350155854
eva02_clip_l14,face,946,face::train::170623.jpg,face::test::188858.jpg,0.7763582275777238
eva02_clip_l14,face,947,face::train::157804.jpg,face::train::150659.jpg,0.77611427154187
eva02_clip_l14,face,948,face::train::063618.jpg,face::test::184003.jpg,0.7758764190331908
eva02_clip_l14,face,949,face::train::088914.jpg,face::test::189858.jpg,0.7757551473213414
eva02_clip_l14,face,950,face::train::089537.jpg,face::test::196777.jpg,0.775722456247268
eva02_clip_l14,face,951,face::train::101485.jpg,face::train::073196.jpg,0.7750752611667446
eva02_clip_l14,face,952,face::train::114832.jpg,face::train::082954.jpg,0.774981001866638
eva02_clip_l14,face,953,face::train::008309.jpg,face::test::188858.jpg,0.774960438326116
eva02_clip_l14,face,954,face::train::063708.jpg,face::train::138886.jpg,0.7748932348019015
eva02_clip_l14,face,955,face::train::121281.jpg,face::train::129132.jpg,0.7748390500689333
eva02_clip_l14,face,956,face::train::008309.jpg,face::test::186223.jpg,0.7748055933884107
eva02_clip_l14,face,957,face::train::129132.jpg,face::test::183801.jpg,0.7746316248013976
eva02_clip_l14,face,958,face::test::188858.jpg,face::test::196777.jpg,0.7746062264799237
eva02_clip_l14,face,959,face::train::137722.jpg,face::train::141457.jpg,0.7740987801808014
eva02_clip_l14,face,960,face::train::053065.jpg,face::train::088914.jpg,0.7739260265313359
eva02_clip_l14,face,961,face::test::183801.jpg,face::test::196777.jpg,0.7737321939914414
eva02_clip_l14,face,962,face::test::186223.jpg,face::test::184003.jpg,0.7737000595209488
eva02_clip_l14,face,963,face::train::053065.jpg,face::test::196777.jpg,0.7735833173541383
eva02_clip_l14,face,964,face::train::090489.jpg,face::train::141457.jpg,0.7735419822183168
eva02_clip_l14,face,965,face::train::025692.jpg,face::train::141457.jpg,0.7731561717055643
eva02_clip_l14,face,966,face::train::001042.jpg,face::test::196777.jpg,0.7730998786422387
eva02_clip_l14,face,967,face::train::137722.jpg,face::train::143554.jpg,0.7730593184909937
eva02_clip_l14,face,968,face::train::060309.jpg,face::train::001042.jpg,0.7729605754211658
eva02_clip_l14,face,969,face::train::157804.jpg,face::train::026996.jpg,0.772462332713867
eva02_clip_l14,face,970,face::train::063618.jpg,face::test::189457.jpg,0.7722565264701238
eva02_clip_l14,face,971,face::train::138886.jpg,face::train::123459.jpg,0.772111585982207
eva02_clip_l14,face,972,face::train::137722.jpg,face::train::123459.jpg,0.7721002293914945
eva02_clip_l14,face,973,face::train::025692.jpg,face::train::060555.jpg,0.772036623198848
eva02_clip_l14,face,974,face::train::071174.jpg,face::train::088914.jpg,0.7717269230598645
eva02_clip_l14,face,975,face::train::129132.jpg,face::test::189858.jpg,0.7716552516456663
eva02_clip_l14,face,976,face::train::137722.jpg,face::train::060309.jpg,0.7714665106250479
eva02_clip_l14,face,977,face::train::170623.jpg,face::train::178182.jpg,0.7713157057280733
eva02_clip_l14,face,978,face::train::071174.jpg,face::test::185812.jpg,0.7711673280135566
eva02_clip_l14,face,979,face::train::121281.jpg,face::train::008309.jpg,0.7711573956957927
eva02_clip_l14,face,980,face::train::008309.jpg,face::train::065762.jpg,0.7710917411300153
eva02_clip_l14,face,981,face::train::170623.jpg,face::train::121281.jpg,0.7709957226974822
eva02_clip_l14,face,982,face::train::082954.jpg,face::train::092618.jpg,0.7708516498071707
eva02_clip_l14,face,983,face::train::071174.jpg,face::train::073196.jpg,0.7707954548757066
eva02_clip_l14,face,984,face::train::042973.jpg,face::train::032580.jpg,0.7707763583271121
eva02_clip_l14,face,985,face::train::178182.jpg,face::train::141457.jpg,0.7703420411953182
eva02_clip_l14,face,986,face::train::063708.jpg,face::test::188858.jpg,0.770220194287766
eva02_clip_l14,face,987,face::train::065762.jpg,face::test::185812.jpg,0.7698927101531561
eva02_clip_l14,face,988,face::train::137722.jpg,face::train::114832.jpg,0.7689940509699225
eva02_clip_l14,face,989,face::train::089537.jpg,face::test::185812.jpg,0.7682758578668889
eva02_clip_l14,face,990,face::train::143554.jpg,face::train::123459.jpg,0.7675990194823171
eva02_clip_l14,face,991,face::train::178182.jpg,face::train::060309.jpg,0.7675350084808936
eva02_clip_l14,face,992,face::train::053065.jpg,face::train::109762.jpg,0.7674814347197638
eva02_clip_l14,face,993,face::train::091980.jpg,face::train::141457.jpg,0.7674685051766806
eva02_clip_l14,face,994,face::train::121281.jpg,face::train::060309.jpg,0.7673614684435566
eva02_clip_l14,face,995,face::train::063708.jpg,face::train::082954.jpg,0.7671105439234196
eva02_clip_l14,face,996,face::train::065762.jpg,face::train::109762.jpg,0.767092337662693
eva02_clip_l14,face,997,face::train::178129.jpg,face::train::109762.jpg,0.7661990069139818
eva02_clip_l14,face,998,face::train::065762.jpg,face::train::060309.jpg,0.7661868023567806
eva02_clip_l14,face,999,face::train::157804.jpg,face::train::090489.jpg,0.765953989990823
eva02_clip_l14,face,1000,face::train::060309.jpg,face::test::186223.jpg,0.7654459364155016
eva02_clip_l14,face,1001,face::train::170623.jpg,face::train::089537.jpg,0.765438551381703
eva02_clip_l14,face,1002,face::train::023736.jpg,face::train::025692.jpg,0.7653144145478192
eva02_clip_l14,face,1003,face::train::143554.jpg,face::train::088914.jpg,0.7651752366448418
eva02_clip_l14,face,1004,face::train::137722.jpg,face::train::149220.jpg,0.7651106886297923
eva02_clip_l14,face,1005,face::train::091980.jpg,face::train::042973.jpg,0.76462722098174
eva02_clip_l14,face,1006,face::train::082954.jpg,face::test::201409.jpg,0.7642929875436236
eva02_clip_l14,face,1007,face::train::101485.jpg,face::test::196777.jpg,0.7641615154866632
eva02_clip_l14,face,1008,face::train::157804.jpg,face::train::168471.jpg,0.7638628648156223
eva02_clip_l14,face,1009,face::train::032580.jpg,face::test::189858.jpg,0.7623881668544785
eva02_clip_l14,face,1010,face::train::149220.jpg,face::train::025692.jpg,0.7621394946948296
eva02_clip_l14,face,1011,face::train::081413.jpg,face::train::053065.jpg,0.7619246383295976
eva02_clip_l14,face,1012,face::train::137722.jpg,face::train::166091.jpg,0.7618411231124691
eva02_clip_l14,face,1013,face::train::170623.jpg,face::test::189858.jpg,0.7618297339787958
eva02_clip_l14,face,1014,face::train::157804.jpg,face::test::183801.jpg,0.7614410807726222
eva02_clip_l14,face,1015,face::train::060309.jpg,face::test::183801.jpg,0.7611319073043238
eva02_clip_l14,face,1016,face::train::178182.jpg,face::test::185812.jpg,0.7605156282901936
eva02_clip_l14,face,1017,face::train::157804.jpg,face::train::178182.jpg,0.7603342406236633
eva02_clip_l14,face,1018,face::train::071174.jpg,face::train::129132.jpg,0.7599680187553404
eva02_clip_l14,face,1019,face::train::170623.jpg,face::train::150659.jpg,0.7594839992037984
eva02_clip_l14,face,1020,face::train::170623.jpg,face::train::101485.jpg,0.7592433375495782
eva02_clip_l14,face,1021,face::train::090489.jpg,face::train::008309.jpg,0.7590778402530758
eva02_clip_l14,face,1022,face::train::138886.jpg,face::train::088914.jpg,0.7590291920573543
eva02_clip_l14,face,1023,face::train::088914.jpg,face::test::188858.jpg,0.7587198088970095
eva02_clip_l14,face,1024,face::train::071174.jpg,face::test::196777.jpg,0.7587002311270671
eva02_clip_l14,face,1025,face::train::168471.jpg,face::test::185812.jpg,0.7586900572383303
eva02_clip_l14,face,1026,face::train::090489.jpg,face::test::185812.jpg,0.7582983197217871
eva02_clip_l14,face,1027,face::train::170623.jpg,face::train::071174.jpg,0.7582431092934636
eva02_clip_l14,face,1028,face::train::081413.jpg,face::train::026996.jpg,0.7581788576254261
eva02_clip_l14,face,1029,face::train::060309.jpg,face::test::188858.jpg,0.7575318596429673
eva02_clip_l14,face,1030,face::train::170623.jpg,face::test::186223.jpg,0.757490721041355
eva02_clip_l14,face,1031,face::train::166091.jpg,face::train::082954.jpg,0.7571913055300944
eva02_clip_l14,face,1032,face::train::178129.jpg,face::test::196777.jpg,0.7569418986039991
eva02_clip_l14,face,1033,face::train::032580.jpg,face::test::186223.jpg,0.7567156636324922
eva02_clip_l14,face,1034,face::train::138886.jpg,face::test::185812.jpg,0.7563525213513345
eva02_clip_l14,face,1035,face::train::008309.jpg,face::train::168471.jpg,0.7562535914325114
eva02_clip_l14,face,1036,face::train::089537.jpg,face::train::060309.jpg,0.7559424086887792
eva02_clip_l14,face,1037,face::train::101485.jpg,face::train::060309.jpg,0.7552691519127314
eva02_clip_l14,face,1038,face::train::073196.jpg,face::test::186223.jpg,0.7551115347921098
eva02_clip_l14,face,1039,face::train::114832.jpg,face::train::143554.jpg,0.7545766772221704
eva02_clip_l14,face,1040,face::train::170623.jpg,face::train::091980.jpg,0.7541333701636209
eva02_clip_l14,face,1041,face::train::129132.jpg,face::train::025692.jpg,0.7539662315166882
eva02_clip_l14,face,1042,face::train::157804.jpg,face::train::121281.jpg,0.7539576527257514
eva02_clip_l14,face,1043,face::train::129132.jpg,face::test::188858.jpg,0.7537894317937239
eva02_clip_l14,face,1044,face::train::157804.jpg,face::train::065762.jpg,0.753768072905766
eva02_clip_l14,face,1045,face::train::090489.jpg,face::train::060309.jpg,0.752184664746132
eva02_clip_l14,face,1046,face::train::060555.jpg,face::train::082954.jpg,0.7521779324091096
eva02_clip_l14,face,1047,face::train::008309.jpg,face::train::101485.jpg,0.7515117582228547
eva02_clip_l14,face,1048,face::train::138886.jpg,face::train::032580.jpg,0.7514412157563026
eva02_clip_l14,face,1049,face::train::138886.jpg,face::train::141457.jpg,0.7514233939752675
eva02_clip_l14,face,1050,face::train::168471.jpg,face::train::060309.jpg,0.7512203604872231
eva02_clip_l14,face,1051,face::train::157804.jpg,face::train::025692.jpg,0.7511955656402591
eva02_clip_l14,face,1052,face::train::008309.jpg,face::train::089537.jpg,0.7511472393923755
eva02_clip_l14,face,1053,face::train::150659.jpg,face::train::109762.jpg,0.7507340249791898
eva02_clip_l14,face,1054,face::train::091980.jpg,face::test::201409.jpg,0.7505048095176011
eva02_clip_l14,face,1055,face::train::157804.jpg,face::train::138886.jpg,0.7504615816203501
eva02_clip_l14,face,1056,face::train::157804.jpg,face::train::089537.jpg,0.7503804511694157
eva02_clip_l14,face,1057,face::train::071174.jpg,face::train::008309.jpg,0.7501255805549472
eva02_clip_l14,face,1058,face::train::082954.jpg,face::test::189457.jpg,0.7492657088347092
eva02_clip_l14,face,1059,face::train::170623.jpg,face::train::025692.jpg,0.7489185564068919
eva02_clip_l14,face,1060,face::train::023736.jpg,face::train::082954.jpg,0.7485524481537116
eva02_clip_l14,face,1061,face::train::143554.jpg,face::train::149220.jpg,0.7485375291455266
eva02_clip_l14,face,1062,face::train::008309.jpg,face::train::178182.jpg,0.7485172711654091
eva02_clip_l14,face,1063,face::test::185812.jpg,face::test::189858.jpg,0.7484418582684595
eva02_clip_l14,face,1064,face::train::071174.jpg,face::train::157804.jpg,0.7484387303014758
eva02_clip_l14,face,1065,face::train::109762.jpg,face::test::183801.jpg,0.7484270249410689
eva02_clip_l14,face,1066,face::train::137722.jpg,face::train::060555.jpg,0.7482282273433138
eva02_clip_l14,face,1067,face::train::081413.jpg,face::train::178129.jpg,0.7476542662603343
eva02_clip_l14,face,1068,face::train::060309.jpg,face::train::042973.jpg,0.747497248793509
eva02_clip_l14,face,1069,face::train::109762.jpg,face::test::196611.jpg,0.7472953600376652
eva02_clip_l14,face,1070,face::train::071174.jpg,face::train::060309.jpg,0.7470138682216722
eva02_clip_l14,face,1071,face::train::141457.jpg,face::test::189858.jpg,0.746979601930375
eva02_clip_l14,face,1072,face::train::091980.jpg,face::train::114832.jpg,0.746749042841857
eva02_clip_l14,face,1073,face::train::001042.jpg,face::train::109762.jpg,0.7467442485907739
eva02_clip_l14,face,1074,face::train::008309.jpg,face::train::025692.jpg,0.746078144498879
eva02_clip_l14,face,1075,face::train::170623.jpg,face::train::138886.jpg,0.7456699456160625
eva02_clip_l14,face,1076,face::train::129132.jpg,face::train::082954.jpg,0.7454783502167673
eva02_clip_l14,face,1077,face::train::090489.jpg,face::train::109762.jpg,0.7442281530464024
eva02_clip_l14,face,1078,face::train::137722.jpg,face::train::023736.jpg,0.7427749199511609
eva02_clip_l14,face,1079,face::train::008309.jpg,face::test::189858.jpg,0.7420918666979117
eva02_clip_l14,face,1080,face::train::138886.jpg,face::train::060309.jpg,0.7420790109609562
eva02_clip_l14,face,1081,face::train::157804.jpg,face::train::001042.jpg,0.7419426654410782
eva02_clip_l14,face,1082,face::train::082954.jpg,face::train::088914.jpg,0.741483687611664
eva02_clip_l14,face,1083,face::train::143554.jpg,face::train::092618.jpg,0.7413900481428924
eva02_clip_l14,face,1084,face::train::157804.jpg,face::test::188858.jpg,0.7413431169207152
eva02_clip_l14,face,1085,face::train::042973.jpg,face::train::141457.jpg,0.7404985478536366
eva02_clip_l14,face,1086,face::train::025692.jpg,face::train::032580.jpg,0.739448609839823
eva02_clip_l14,face,1087,face::train::137722.jpg,face::train::157804.jpg,0.73919358579926
eva02_clip_l14,face,1088,face::train::170623.jpg,face::train::042973.jpg,0.7391918070889943
eva02_clip_l14,face,1089,face::train::042973.jpg,face::test::185812.jpg,0.7391748345951467
eva02_clip_l14,face,1090,face::train::137722.jpg,face::train::063708.jpg,0.7388738206422034
eva02_clip_l14,face,1091,face::train::143554.jpg,face::test::201409.jpg,0.738377531612633
eva02_clip_l14,face,1092,face::train::157804.jpg,face::train::042973.jpg,0.7382108617715363
eva02_clip_l14,face,1093,face::test::186223.jpg,face::test::185812.jpg,0.7372076650193815
eva02_clip_l14,face,1094,face::train::157804.jpg,face::train::091980.jpg,0.7370452747629019
eva02_clip_l14,face,1095,face::train::091980.jpg,face::train::123459.jpg,0.7356804057711663
eva02_clip_l14,face,1096,face::train::166091.jpg,face::train::091980.jpg,0.7355076587622511
eva02_clip_l14,face,1097,face::train::091980.jpg,face::train::109762.jpg,0.7354589901551278
eva02_clip_l14,face,1098,face::train::121281.jpg,face::train::109762.jpg,0.7352044520526924
eva02_clip_l14,face,1099,face::train::008309.jpg,face::train::138886.jpg,0.735199132094389
eva02_clip_l14,face,1100,face::train::008309.jpg,face::train::150659.jpg,0.7348294886617814
eva02_clip_l14,face,1101,face::train::053065.jpg,face::train::063618.jpg,0.7345701590076026
eva02_clip_l14,face,1102,face::train::025692.jpg,face::train::073196.jpg,0.7343092933702356
eva02_clip_l14,face,1103,face::train::091980.jpg,face::train::032580.jpg,0.7330291107460609
eva02_clip_l14,face,1104,face::train::137722.jpg,face::test::201409.jpg,0.7328809705236544
eva02_clip_l14,face,1105,face::train::081413.jpg,face::train::150659.jpg,0.732822857559935
eva02_clip_l14,face,1106,face::train::137722.jpg,face::train::032580.jpg,0.7322405561946633
eva02_clip_l14,face,1107,face::train::081413.jpg,face::test::196611.jpg,0.7321687490004407
eva02_clip_l14,face,1108,face::train::166091.jpg,face::train::143554.jpg,0.7320930357667689
eva02_clip_l14,face,1109,face::train::091980.jpg,face::train::060555.jpg,0.7320419149220161
eva02_clip_l14,face,1110,face::train::157804.jpg,face::test::186223.jpg,0.7309265963890296
eva02_clip_l14,face,1111,face::train::137722.jpg,face::train::008309.jpg,0.7306051109363966
eva02_clip_l14,face,1112,face::train::089537.jpg,face::train::109762.jpg,0.730385573790503
eva02_clip_l14,face,1113,face::train::025692.jpg,face::test::196777.jpg,0.7300855356577856
eva02_clip_l14,face,1114,face::train::082954.jpg,face::train::032580.jpg,0.7295827903285198
eva02_clip_l14,face,1115,face::train::081413.jpg,face::train::001042.jpg,0.729025124065103
eva02_clip_l14,face,1116,face::train::081413.jpg,face::train::065762.jpg,0.7287390538207068
eva02_clip_l14,face,1117,face::train::138886.jpg,face::train::109762.jpg,0.7287238035630608
eva02_clip_l14,face,1118,face::train::081413.jpg,face::train::091980.jpg,0.7285336666920674
eva02_clip_l14,face,1119,face::train::060309.jpg,face::test::189858.jpg,0.7282887185522032
eva02_clip_l14,face,1120,face::train::025692.jpg,face::test::184003.jpg,0.7279739939054176
eva02_clip_l14,face,1121,face::train::137722.jpg,face::train::092618.jpg,0.727501003724335
eva02_clip_l14,face,1122,face::train::091980.jpg,face::train::023736.jpg,0.7272454585937737
eva02_clip_l14,face,1123,face::train::008309.jpg,face::train::042973.jpg,0.7269843334292102
eva02_clip_l14,face,1124,face::train::137722.jpg,face::test::184003.jpg,0.7264457222759828
eva02_clip_l14,face,1125,face::train::091980.jpg,face::train::143554.jpg,0.7260366969895291
eva02_clip_l14,face,1126,face::train::081413.jpg,face::test::183801.jpg,0.7252048191527837
eva02_clip_l14,face,1127,face::train::081413.jpg,face::train::121281.jpg,0.7250289319261969
eva02_clip_l14,face,1128,face::train::082954.jpg,face::train::141457.jpg,0.7249223391600879
eva02_clip_l14,face,1129,face::train::109762.jpg,face::test::186223.jpg,0.7243125190324288
eva02_clip_l14,face,1130,face::test::186223.jpg,face::test::196777.jpg,0.7242426291582256
eva02_clip_l14,face,1131,face::train::025692.jpg,face::train::109762.jpg,0.7239206768167208
eva02_clip_l14,face,1132,face::train::170623.jpg,face::train::137722.jpg,0.7235222096892827
eva02_clip_l14,face,1133,face::train::137722.jpg,face::test::189457.jpg,0.7233514201888095
eva02_clip_l14,face,1134,face::train::137722.jpg,face::train::129132.jpg,0.7230290137359152
eva02_clip_l14,face,1135,face::train::109762.jpg,face::test::189858.jpg,0.7229012394052344
eva02_clip_l14,face,1136,face::train::143554.jpg,face::train::063708.jpg,0.7228857435652367
eva02_clip_l14,face,1137,face::train::157804.jpg,face::test::189858.jpg,0.7227584817840003
eva02_clip_l14,face,1138,face::train::137722.jpg,face::train::073196.jpg,0.7226226202308487
eva02_clip_l14,face,1139,face::train::109762.jpg,face::test::188858.jpg,0.7222333342630396
eva02_clip_l14,face,1140,face::train::137722.jpg,face::test::185812.jpg,0.7209186402385499
eva02_clip_l14,face,1141,face::train::082954.jpg,face::train::073196.jpg,0.7202401269454503
eva02_clip_l14,face,1142,face::train::082954.jpg,face::test::196777.jpg,0.7199122285297193
eva02_clip_l14,face,1143,face::train::178182.jpg,face::train::109762.jpg,0.7194048893137988
eva02_clip_l14,face,1144,face::train::091980.jpg,face::test::185812.jpg,0.7191314132072446
eva02_clip_l14,face,1145,face::train::091980.jpg,face::test::196777.jpg,0.718841961086791
eva02_clip_l14,face,1146,face::train::143554.jpg,face::train::023736.jpg,0.7187682429180159
eva02_clip_l14,face,1147,face::train::101485.jpg,face::train::109762.jpg,0.7184762688839589
eva02_clip_l14,face,1148,face::train::091980.jpg,face::train::129132.jpg,0.7183093742040917
eva02_clip_l14,face,1149,face::train::082954.jpg,face::train::123459.jpg,0.7176772600263406
eva02_clip_l14,face,1150,face::train::143554.jpg,face::train::060555.jpg,0.7171038225004829
eva02_clip_l14,face,1151,face::train::063618.jpg,face::train::026996.jpg,0.7169149041058902
eva02_clip_l14,face,1152,face::train::137722.jpg,face::train::088914.jpg,0.7168674575993349
eva02_clip_l14,face,1153,face::train::025692.jpg,face::test::185812.jpg,0.7163986853275432
eva02_clip_l14,face,1154,face::train::042973.jpg,face::train::109762.jpg,0.7157095197002398
eva02_clip_l14,face,1155,face::train::091980.jpg,face::train::092618.jpg,0.7143208195211773
eva02_clip_l14,face,1156,face::train::071174.jpg,face::train::109762.jpg,0.7128912399480185
eva02_clip_l14,face,1157,face::train::143554.jpg,face::test::189457.jpg,0.7117885083176081
eva02_clip_l14,face,1158,face::train::082954.jpg,face::test::185812.jpg,0.7115598914401666
eva02_clip_l14,face,1159,face::train::081413.jpg,face::train::101485.jpg,0.7110704737261586
eva02_clip_l14,face,1160,face::train::143554.jpg,face::test::184003.jpg,0.7110443406021447
eva02_clip_l14,face,1161,face::train::081413.jpg,face::train::168471.jpg,0.7102120118360035
eva02_clip_l14,face,1162,face::train::082954.jpg,face::test::184003.jpg,0.7091302847651983
eva02_clip_l14,face,1163,face::train::081413.jpg,face::train::090489.jpg,0.7074082846341055
eva02_clip_l14,face,1164,face::train::091980.jpg,face::train::063618.jpg,0.7062126639435063
eva02_clip_l14,face,1165,face::train::063618.jpg,face::train::178129.jpg,0.7060821532652268
eva02_clip_l14,face,1166,face::train::081413.jpg,face::test::188858.jpg,0.7052776840587311
eva02_clip_l14,face,1167,face::train::143554.jpg,face::train::141457.jpg,0.7050540503620056
eva02_clip_l14,face,1168,face::train::170623.jpg,face::train::082954.jpg,0.7050203199059792
eva02_clip_l14,face,1169,face::train::081413.jpg,face::train::178182.jpg,0.7048831030178601
eva02_clip_l14,face,1170,face::train::008309.jpg,face::train::082954.jpg,0.7048612202736738
eva02_clip_l14,face,1171,face::train::081413.jpg,face::train::138886.jpg,0.7035067236864176
eva02_clip_l14,face,1172,face::train::091980.jpg,face::train::149220.jpg,0.7025845397553204
eva02_clip_l14,face,1173,face::train::091980.jpg,face::train::063708.jpg,0.7024437890747436
eva02_clip_l14,face,1174,face::train::143554.jpg,face::test::185812.jpg,0.7023021527350897
eva02_clip_l14,face,1175,face::train::143554.jpg,face::train::032580.jpg,0.7020458133136751
eva02_clip_l14,face,1176,face::train::091980.jpg,face::test::189457.jpg,0.7020300120589624
eva02_clip_l14,face,1177,face::train::081413.jpg,face::train::137722.jpg,0.7015552397139635
eva02_clip_l14,face,1178,face::train::082954.jpg,face::train::109762.jpg,0.7011515017974792
eva02_clip_l14,face,1179,face::train::081413.jpg,face::train::071174.jpg,0.7009351418792787
eva02_clip_l14,face,1180,face::train::081413.jpg,face::test::189858.jpg,0.7006641874734232
eva02_clip_l14,face,1181,face::train::060309.jpg,face::train::025692.jpg,0.700399580880334
eva02_clip_l14,face,1182,face::train::129132.jpg,face::train::143554.jpg,0.6999651134157914
eva02_clip_l14,face,1183,face::train::063618.jpg,face::test::183801.jpg,0.6984049381847267
eva02_clip_l14,face,1184,face::train::137722.jpg,face::test::196777.jpg,0.6983735339626505
eva02_clip_l14,face,1185,face::train::149220.jpg,face::train::082954.jpg,0.6966888892013046
eva02_clip_l14,face,1186,face::train::081413.jpg,face::train::089537.jpg,0.6963083258513116
eva02_clip_l14,face,1187,face::train::157804.jpg,face::train::082954.jpg,0.6955045141838636
eva02_clip_l14,face,1188,face::train::081413.jpg,face::train::042973.jpg,0.695192233534776
eva02_clip_l14,face,1189,face::train::137722.jpg,face::train::109762.jpg,0.6925263570635103
eva02_clip_l14,face,1190,face::train::063618.jpg,face::test::196611.jpg,0.6920259625615846
eva02_clip_l14,face,1191,face::train::143554.jpg,face::test::196777.jpg,0.6904087481305825
eva02_clip_l14,face,1192,face::train::143554.jpg,face::train::073196.jpg,0.6903843669501544
eva02_clip_l14,face,1193,face::train::157804.jpg,face::train::143554.jpg,0.6899863909139499
eva02_clip_l14,face,1194,face::train::091980.jpg,face::train::060309.jpg,0.6893213924601926
eva02_clip_l14,face,1195,face::train::091980.jpg,face::train::088914.jpg,0.6891779284117037
eva02_clip_l14,face,1196,face::train::091980.jpg,face::train::073196.jpg,0.6867819669142903
eva02_clip_l14,face,1197,face::train::081413.jpg,face::train::025692.jpg,0.6863994797959818
eva02_clip_l14,face,1198,face::train::143554.jpg,face::train::060309.jpg,0.6838989069852096
eva02_clip_l14,face,1199,face::train::081413.jpg,face::test::186223.jpg,0.6837589717172725
eva02_clip_l14,face,1200,face::train::063618.jpg,face::train::065762.jpg,0.6830252734399049
eva02_clip_l14,face,1201,face::train::063618.jpg,face::train::001042.jpg,0.6821680851982579
eva02_clip_l14,face,1202,face::train::091980.jpg,face::test::184003.jpg,0.6790911009619293
eva02_clip_l14,face,1203,face::train::121281.jpg,face::train::063618.jpg,0.6773699998243128
eva02_clip_l14,face,1204,face::train::060309.jpg,face::train::082954.jpg,0.6737703799425966
eva02_clip_l14,face,1205,face::train::063618.jpg,face::test::188858.jpg,0.6732295647540668
eva02_clip_l14,face,1206,face::train::137722.jpg,face::train::063618.jpg,0.6718734812639571
eva02_clip_l14,face,1207,face::train::063618.jpg,face::train::150659.jpg,0.6692948786418825
eva02_clip_l14,face,1208,face::train::178182.jpg,face::train::063618.jpg,0.6692300764608479
eva02_clip_l14,face,1209,face::train::170623.jpg,face::train::143554.jpg,0.6686866460752598
eva02_clip_l14,face,1210,face::train::063618.jpg,face::test::189858.jpg,0.6679100820389079
eva02_clip_l14,face,1211,face::train::090489.jpg,face::train::063618.jpg,0.6670777852009959
eva02_clip_l14,face,1212,face::train::063618.jpg,face::train::168471.jpg,0.6657224777375863
eva02_clip_l14,face,1213,face::train::063618.jpg,face::train::138886.jpg,0.6648337466865066
eva02_clip_l14,face,1214,face::train::063618.jpg,face::train::089537.jpg,0.6588371568860171
eva02_clip_l14,face,1215,face::train::063618.jpg,face::train::042973.jpg,0.6569176506111627
eva02_clip_l14,face,1216,face::train::008309.jpg,face::train::143554.jpg,0.6569054132730431
eva02_clip_l14,face,1217,face::train::143554.jpg,face::train::109762.jpg,0.6542505486654151
eva02_clip_l14,face,1218,face::train::063618.jpg,face::train::101485.jpg,0.652731093926749
eva02_clip_l14,face,1219,face::train::063618.jpg,face::test::186223.jpg,0.6507053315098545
eva02_clip_l14,face,1220,face::train::081413.jpg,face::train::143554.jpg,0.6475181401876355
eva02_clip_l14,face,1221,face::train::081413.jpg,face::train::082954.jpg,0.6473756033749188
eva02_clip_l14,face,1222,face::train::071174.jpg,face::train::063618.jpg,0.646895652426177
eva02_clip_l14,face,1223,face::train::063618.jpg,face::train::025692.jpg,0.6448969172154272
eva02_clip_l14,face,1224,face::train::063618.jpg,face::train::082954.jpg,0.618717581632178
eva02_clip_l14,face,1225,face::train::143554.jpg,face::train::063618.jpg,0.605345209244282
altclip,face,1,face::train::023736.jpg,face::train::073196.jpg,0.983459504642096
altclip,face,2,face::train::166091.jpg,face::train::073196.jpg,0.9813088354281101
altclip,face,3,face::train::073196.jpg,face::test::196777.jpg,0.9800575273102179
altclip,face,4,face::train::168471.jpg,face::train::082954.jpg,0.9800297816744645
altclip,face,5,face::train::089537.jpg,face::test::186223.jpg,0.9797350340754843
altclip,face,6,face::train::168471.jpg,face::test::186223.jpg,0.9793945101498858
altclip,face,7,face::train::073196.jpg,face::train::109762.jpg,0.9790702781705747
altclip,face,8,face::train::166091.jpg,face::train::023736.jpg,0.977556300526456
altclip,face,9,face::train::109762.jpg,face::test::184003.jpg,0.9770249390759057
altclip,face,10,face::train::170623.jpg,face::test::189457.jpg,0.9769617307750967
altclip,face,11,face::train::023736.jpg,face::test::196777.jpg,0.9767500010718032
altclip,face,12,face::train::129132.jpg,face::train::073196.jpg,0.9766150864282455
altclip,face,13,face::train::166091.jpg,face::test::184003.jpg,0.9763934060556844
altclip,face,14,face::train::129132.jpg,face::train::023736.jpg,0.9758943787483554
altclip,face,15,face::train::065762.jpg,face::train::042973.jpg,0.9758403388299155
altclip,face,16,face::train::026996.jpg,face::test::189457.jpg,0.9755423843140637
altclip,face,17,face::train::073196.jpg,face::test::184003.jpg,0.9753823766430753
altclip,face,18,face::test::196777.jpg,face::test::184003.jpg,0.9751445549152349
altclip,face,19,face::train::082954.jpg,face::test::186223.jpg,0.975139050407347
altclip,face,20,face::train::166091.jpg,face::train::109762.jpg,0.974967358855669
altclip,face,21,face::train::023736.jpg,face::train::109762.jpg,0.9737300346466281
altclip,face,22,face::train::166091.jpg,face::test::196777.jpg,0.9734956567515565
altclip,face,23,face::test::188858.jpg,face::test::196611.jpg,0.9730618327103924
altclip,face,24,face::train::065762.jpg,face::train::109762.jpg,0.9729428791566567
altclip,face,25,face::train::042973.jpg,face::train::073196.jpg,0.9728391980615846
altclip,face,26,face::train::109762.jpg,face::test::196777.jpg,0.9727685797266351
altclip,face,27,face::train::008309.jpg,face::train::032580.jpg,0.9727068401587741
altclip,face,28,face::train::042973.jpg,face::test::196777.jpg,0.9715267466622765
altclip,face,29,face::train::089537.jpg,face::train::168471.jpg,0.9712199564789454
altclip,face,30,face::train::129132.jpg,face::test::196777.jpg,0.9709978829274608
altclip,face,31,face::train::082954.jpg,face::train::042973.jpg,0.9707061241133083
altclip,face,32,face::train::123459.jpg,face::train::032580.jpg,0.970410921795352
altclip,face,33,face::test::183801.jpg,face::test::188858.jpg,0.9702768291210127
altclip,face,34,face::train::065762.jpg,face::train::073196.jpg,0.9702385789638583
altclip,face,35,face::train::170623.jpg,face::train::026996.jpg,0.970097687249414
altclip,face,36,face::train::065762.jpg,face::train::138886.jpg,0.9700426893304613
altclip,face,37,face::train::166091.jpg,face::train::129132.jpg,0.9700201790711543
altclip,face,38,face::train::023736.jpg,face::test::184003.jpg,0.969619815331855
altclip,face,39,face::train::129132.jpg,face::train::109762.jpg,0.9692217880030884
altclip,face,40,face::train::023736.jpg,face::train::042973.jpg,0.969009037593631
altclip,face,41,face::train::150659.jpg,face::train::042973.jpg,0.9687647703750574
altclip,face,42,face::train::042973.jpg,face::train::109762.jpg,0.9685081392905852
altclip,face,43,face::train::138886.jpg,face::train::042973.jpg,0.9679129771911662
altclip,face,44,face::train::089537.jpg,face::train::082954.jpg,0.967657767427698
altclip,face,45,face::train::168471.jpg,face::train::042973.jpg,0.9675259230400216
altclip,face,46,face::train::008309.jpg,face::test::185812.jpg,0.9674292625745695
altclip,face,47,face::train::053065.jpg,face::train::178182.jpg,0.9672647047692994
altclip,face,48,face::train::065762.jpg,face::test::189457.jpg,0.9670683203895323
altclip,face,49,face::train::178182.jpg,face::train::089537.jpg,0.96668730828944
altclip,face,50,face::train::032580.jpg,face::test::201409.jpg,0.9664352828627468
altclip,face,51,face::train::063708.jpg,face::test::185812.jpg,0.9664028123240103
altclip,face,52,face::train::123459.jpg,face::test::185812.jpg,0.9663781344264702
altclip,face,53,face::train::138886.jpg,face::test::184003.jpg,0.9660849205607553
altclip,face,54,face::train::008309.jpg,face::train::123459.jpg,0.9655960413348749
altclip,face,55,face::train::065762.jpg,face::test::196777.jpg,0.9654448200341994
altclip,face,56,face::train::042973.jpg,face::test::186223.jpg,0.9651700679892778
altclip,face,57,face::train::129132.jpg,face::test::184003.jpg,0.9649939107436292
altclip,face,58,face::train::065762.jpg,face::train::150659.jpg,0.9648703844700355
altclip,face,59,face::train::065762.jpg,face::train::023736.jpg,0.9645775568375266
altclip,face,60,face::test::183801.jpg,face::test::196611.jpg,0.9645261777177933
altclip,face,61,face::train::166091.jpg,face::train::042973.jpg,0.9642668416041158
altclip,face,62,face::train::008309.jpg,face::test::201409.jpg,0.9641682618343305
altclip,face,63,face::train::114832.jpg,face::train::063708.jpg,0.9641287286376903
altclip,face,64,face::train::042973.jpg,face::test::184003.jpg,0.9641223214035834
altclip,face,65,face::train::170623.jpg,face::train::065762.jpg,0.9639400477506885
altclip,face,66,face::train::150659.jpg,face::train::073196.jpg,0.963706697726856
altclip,face,67,face::train::060555.jpg,face::test::201409.jpg,0.9635601432896186
altclip,face,68,face::train::114832.jpg,face::train::123459.jpg,0.9633718293643091
altclip,face,69,face::train::089537.jpg,face::train::042973.jpg,0.9633327075675499
altclip,face,70,face::train::032580.jpg,face::test::185812.jpg,0.9632853919051096
altclip,face,71,face::train::178182.jpg,face::train::082954.jpg,0.9627628995950712
altclip,face,72,face::train::082954.jpg,face::train::001042.jpg,0.962702452947944
altclip,face,73,face::train::138886.jpg,face::train::109762.jpg,0.9625009103825893
altclip,face,74,face::train::114832.jpg,face::train::032580.jpg,0.9623897107789234
altclip,face,75,face::train::168471.jpg,face::train::150659.jpg,0.9623396204560377
altclip,face,76,face::train::065762.jpg,face::test::184003.jpg,0.9622922834230309
altclip,face,77,face::train::082954.jpg,face::train::073196.jpg,0.9621982143795964
altclip,face,78,face::train::114832.jpg,face::train::008309.jpg,0.9620420853839458
altclip,face,79,face::train::168471.jpg,face::train::073196.jpg,0.9619453075713731
altclip,face,80,face::train::053065.jpg,face::test::188858.jpg,0.9618759108231449
altclip,face,81,face::train::114832.jpg,face::test::201409.jpg,0.9617315299746986
altclip,face,82,face::train::089537.jpg,face::train::150659.jpg,0.9612762362721337
altclip,face,83,face::train::178182.jpg,face::test::186223.jpg,0.9612752987705905
altclip,face,84,face::train::178182.jpg,face::train::001042.jpg,0.960943442943673
altclip,face,85,face::train::042973.jpg,face::train::001042.jpg,0.9607252768563546
altclip,face,86,face::train::129132.jpg,face::train::042973.jpg,0.9606312469228391
altclip,face,87,face::train::170623.jpg,face::train::109762.jpg,0.9605322193498371
altclip,face,88,face::train::166091.jpg,face::train::032580.jpg,0.9605275097975265
altclip,face,89,face::train::081413.jpg,face::train::008309.jpg,0.960450249707833
altclip,face,90,face::train::063618.jpg,face::test::201409.jpg,0.9603517999829827
altclip,face,91,face::train::178182.jpg,face::train::168471.jpg,0.9602853285287742
altclip,face,92,face::train::138886.jpg,face::test::186223.jpg,0.9601148270135388
altclip,face,93,face::train::138886.jpg,face::test::196777.jpg,0.9600399371355242
altclip,face,94,face::train::025692.jpg,face::test::183801.jpg,0.9599136907968762
altclip,face,95,face::train::073196.jpg,face::test::189457.jpg,0.9596673037081658
altclip,face,96,face::train::137722.jpg,face::train::071174.jpg,0.9595463083155547
altclip,face,97,face::train::071174.jpg,face::train::178182.jpg,0.9594892559749092
altclip,face,98,face::train::053065.jpg,face::test::186223.jpg,0.9593124904404833
altclip,face,99,face::train::114832.jpg,face::test::185812.jpg,0.9591260124031272
altclip,face,100,face::train::073196.jpg,face::train::032580.jpg,0.9591104026848707
altclip,face,101,face::train::053065.jpg,face::train::001042.jpg,0.9590843687959312
altclip,face,102,face::train::063708.jpg,face::test::201409.jpg,0.958925663667759
altclip,face,103,face::train::023736.jpg,face::train::150659.jpg,0.9588422243449591
altclip,face,104,face::train::001042.jpg,face::test::186223.jpg,0.9587367736158338
altclip,face,105,face::train::063618.jpg,face::train::063708.jpg,0.9587135203391826
altclip,face,106,face::train::065762.jpg,face::train::026996.jpg,0.958433892500681
altclip,face,107,face::train::168471.jpg,face::train::001042.jpg,0.9583703858476486
altclip,face,108,face::train::166091.jpg,face::train::168471.jpg,0.9583548188584354
altclip,face,109,face::train::166091.jpg,face::train::065762.jpg,0.95835481582407
altclip,face,110,face::train::023736.jpg,face::test::189457.jpg,0.9582788166762575
altclip,face,111,face::test::186223.jpg,face::test::189858.jpg,0.9582597620859064
altclip,face,112,face::train::081413.jpg,face::train::123459.jpg,0.9582303103008912
altclip,face,113,face::train::063618.jpg,face::train::032580.jpg,0.9580784726313665
altclip,face,114,face::train::129132.jpg,face::train::065762.jpg,0.9579140365803971
altclip,face,115,face::train::109762.jpg,face::test::189457.jpg,0.9575971749324158
altclip,face,116,face::train::150659.jpg,face::train::082954.jpg,0.9573947576947297
altclip,face,117,face::train::091980.jpg,face::test::188858.jpg,0.957112910897502
altclip,face,118,face::train::137722.jpg,face::test::188858.jpg,0.9570712542629649
altclip,face,119,face::train::138886.jpg,face::train::073196.jpg,0.9570363180002069
altclip,face,120,face::train::023736.jpg,face::train::082954.jpg,0.9570327522526214
altclip,face,121,face::train::081413.jpg,face::train::032580.jpg,0.9570060575100416
altclip,face,122,face::train::082954.jpg,face::test::196777.jpg,0.9569746947901333
altclip,face,123,face::train::071174.jpg,face::test::188858.jpg,0.9569162094863484
altclip,face,124,face::test::185812.jpg,face::test::201409.jpg,0.9568858236649401
altclip,face,125,face::train::150659.jpg,face::test::196777.jpg,0.9568096607569954
altclip,face,126,face::train::168471.jpg,face::train::023736.jpg,0.956780324882021
altclip,face,127,face::train::081413.jpg,face::train::063618.jpg,0.9565476053855899
altclip,face,128,face::train::170623.jpg,face::train::023736.jpg,0.9565218907791886
altclip,face,129,face::train::073196.jpg,face::test::186223.jpg,0.9564720733806986
altclip,face,130,face::test::189457.jpg,face::test::196777.jpg,0.9562526242526815
altclip,face,131,face::train::166091.jpg,face::train::082954.jpg,0.9562208064310461
altclip,face,132,face::train::042973.jpg,face::test::189457.jpg,0.9562114480449357
altclip,face,133,face::train::065762.jpg,face::train::082954.jpg,0.9561799614686521
altclip,face,134,face::train::089537.jpg,face::train::001042.jpg,0.9561377675531804
altclip,face,135,face::train::150659.jpg,face::test::186223.jpg,0.9560929577116771
altclip,face,136,face::train::150659.jpg,face::train::109762.jpg,0.9559434013108
altclip,face,137,face::train::091980.jpg,face::train::053065.jpg,0.9558775044593496
altclip,face,138,face::train::123459.jpg,face::test::201409.jpg,0.9558275362093549
altclip,face,139,face::train::129132.jpg,face::test::189457.jpg,0.9557985986269822
altclip,face,140,face::train::178129.jpg,face::test::188858.jpg,0.95576706103407
altclip,face,141,face::train::166091.jpg,face::train::008309.jpg,0.95568596525935
altclip,face,142,face::train::053065.jpg,face::train::082954.jpg,0.9552083396740675
altclip,face,143,face::train::063618.jpg,face::test::185812.jpg,0.9551566494597166
altclip,face,144,face::train::089537.jpg,face::train::138886.jpg,0.9551426571634398
altclip,face,145,face::train::170623.jpg,face::train::073196.jpg,0.955127750722151
altclip,face,146,face::train::063708.jpg,face::train::092618.jpg,0.9547971924113583
altclip,face,147,face::train::071174.jpg,face::train::082954.jpg,0.954578006734806
altclip,face,148,face::train::071174.jpg,face::train::089537.jpg,0.9543042937344114
altclip,face,149,face::train::150659.jpg,face::train::026996.jpg,0.9542510559125539
altclip,face,150,face::train::138886.jpg,face::train::082954.jpg,0.9541024339750144
altclip,face,151,face::train::129132.jpg,face::train::150659.jpg,0.9540923193717131
altclip,face,152,face::train::063708.jpg,face::train::060555.jpg,0.953997748556189
altclip,face,153,face::train::008309.jpg,face::train::063708.jpg,0.9539851765871994
altclip,face,154,face::train::082954.jpg,face::train::109762.jpg,0.953776235050654
altclip,face,155,face::train::168471.jpg,face::test::196777.jpg,0.9537510940719829
altclip,face,156,face::train::114832.jpg,face::train::060555.jpg,0.9536851229988879
altclip,face,157,face::train::138886.jpg,face::train::150659.jpg,0.9536086667478482
altclip,face,158,face::train::065762.jpg,face::train::168471.jpg,0.9535886756971536
altclip,face,159,face::train::060555.jpg,face::train::032580.jpg,0.9535522922491082
altclip,face,160,face::train::053065.jpg,face::test::189858.jpg,0.9535085918421258
altclip,face,161,face::train::137722.jpg,face::train::178182.jpg,0.9533942028680695
altclip,face,162,face::train::150659.jpg,face::test::189457.jpg,0.9533447276916865
altclip,face,163,face::train::089537.jpg,face::train::073196.jpg,0.9532420240644887
altclip,face,164,face::train::138886.jpg,face::test::189457.jpg,0.9532022750109823
altclip,face,165,face::train::114832.jpg,face::train::063618.jpg,0.9531861348038857
altclip,face,166,face::train::091980.jpg,face::train::001042.jpg,0.9531100588578797
altclip,face,167,face::train::137722.jpg,face::train::091980.jpg,0.9530911022815712
altclip,face,168,face::test::189457.jpg,face::test::184003.jpg,0.9529501793715128
altclip,face,169,face::train::168471.jpg,face::train::109762.jpg,0.952632142872446
altclip,face,170,face::train::071174.jpg,face::test::186223.jpg,0.9526254907000308
altclip,face,171,face::train::008309.jpg,face::train::063618.jpg,0.9523576635818976
altclip,face,172,face::train::053065.jpg,face::train::168471.jpg,0.9522990062558493
altclip,face,173,face::train::170623.jpg,face::train::129132.jpg,0.9521257899792355
altclip,face,174,face::train::166091.jpg,face::train::089537.jpg,0.9520708664387458
altclip,face,175,face::train::090489.jpg,face::test::188858.jpg,0.9519526791077693
altclip,face,176,face::train::168471.jpg,face::train::138886.jpg,0.9519428533941805
altclip,face,177,face::train::071174.jpg,face::train::168471.jpg,0.9519256796253449
altclip,face,178,face::train::008309.jpg,face::train::073196.jpg,0.9518725304870008
altclip,face,179,face::train::023736.jpg,face::test::186223.jpg,0.9517702344451713
altclip,face,180,face::train::082954.jpg,face::test::189858.jpg,0.9517620685458424
altclip,face,181,face::train::089537.jpg,face::train::065762.jpg,0.9517330727769243
altclip,face,182,face::train::023736.jpg,face::train::138886.jpg,0.9516868206052232
altclip,face,183,face::train::071174.jpg,face::train::091980.jpg,0.9516450802767953
altclip,face,184,face::train::166091.jpg,face::test::186223.jpg,0.9516145947218719
altclip,face,185,face::train::071174.jpg,face::train::001042.jpg,0.9516136804491857
altclip,face,186,face::train::008309.jpg,face::train::001042.jpg,0.9515627151714795
altclip,face,187,face::train::150659.jpg,face::test::184003.jpg,0.951493813363866
altclip,face,188,face::train::178182.jpg,face::test::188858.jpg,0.9514171220612145
altclip,face,189,face::train::092618.jpg,face::test::201409.jpg,0.9513673267364997
altclip,face,190,face::train::081413.jpg,face::test::185812.jpg,0.9513636773915253
altclip,face,191,face::train::065762.jpg,face::test::186223.jpg,0.9510194436383216
altclip,face,192,face::train::065762.jpg,face::train::001042.jpg,0.951012476727448
altclip,face,193,face::train::166091.jpg,face::train::114832.jpg,0.9508452028370135
altclip,face,194,face::train::178182.jpg,face::train::042973.jpg,0.950734609695753
altclip,face,195,face::train::168471.jpg,face::test::184003.jpg,0.9505203849646977
altclip,face,196,face::train::082954.jpg,face::test::184003.jpg,0.9504587401379935
altclip,face,197,face::train::166091.jpg,face::train::123459.jpg,0.9502393790269915
altclip,face,198,face::train::129132.jpg,face::train::168471.jpg,0.950224583273753
altclip,face,199,face::train::081413.jpg,face::test::201409.jpg,0.9501009170624788
altclip,face,200,face::train::166091.jpg,face::train::150659.jpg,0.9500957601251667
altclip,face,201,face::train::063618.jpg,face::train::060555.jpg,0.9498830238862606
altclip,face,202,face::train::063618.jpg,face::train::123459.jpg,0.9497407557646749
altclip,face,203,face::train::170623.jpg,face::train::138886.jpg,0.9495845684357556
altclip,face,204,face::train::166091.jpg,face::train::138886.jpg,0.949542366686291
altclip,face,205,face::train::063618.jpg,face::train::092618.jpg,0.9493787688999493
altclip,face,206,face::train::121281.jpg,face::train::025692.jpg,0.9492335497195423
altclip,face,207,face::train::073196.jpg,face::train::123459.jpg,0.9492043986728604
altclip,face,208,face::train::063708.jpg,face::train::123459.jpg,0.9491012109192896
altclip,face,209,face::test::189858.jpg,face::test::188858.jpg,0.9491008894239936
altclip,face,210,face::train::129132.jpg,face::train::082954.jpg,0.9490832868389407
altclip,face,211,face::train::091980.jpg,face::train::178182.jpg,0.9489464113421163
altclip,face,212,face::train::023736.jpg,face::train::032580.jpg,0.9489436037045332
altclip,face,213,face::train::053065.jpg,face::test::196611.jpg,0.9488787848983955
altclip,face,214,face::train::071174.jpg,face::train::032580.jpg,0.9488306467500136
altclip,face,215,face::train::073196.jpg,face::train::001042.jpg,0.9487877944580718
altclip,face,216,face::train::089537.jpg,face::test::184003.jpg,0.9487671742778487
altclip,face,217,face::train::071174.jpg,face::train::123459.jpg,0.948765918361718
altclip,face,218,face::train::089537.jpg,face::train::109762.jpg,0.9487487519990744
altclip,face,219,face::train::170623.jpg,face::test::196777.jpg,0.9485390879010013
altclip,face,220,face::train::089537.jpg,face::test::189858.jpg,0.9485059642796697
altclip,face,221,face::train::137722.jpg,face::test::186223.jpg,0.9482659442543753
altclip,face,222,face::train::170623.jpg,face::train::042973.jpg,0.9481851859698734
altclip,face,223,face::train::170623.jpg,face::test::184003.jpg,0.9481336292032675
altclip,face,224,face::train::026996.jpg,face::train::042973.jpg,0.9480643442164362
altclip,face,225,face::train::008309.jpg,face::train::060555.jpg,0.9479829510848721
altclip,face,226,face::train::089537.jpg,face::test::196777.jpg,0.9477792764213202
altclip,face,227,face::train::091980.jpg,face::test::186223.jpg,0.9476821539029974
altclip,face,228,face::train::032580.jpg,face::test::184003.jpg,0.9475633099156687
altclip,face,229,face::train::092618.jpg,face::test::185812.jpg,0.9475403460516696
altclip,face,230,face::train::025692.jpg,face::test::188858.jpg,0.9475349417733878
altclip,face,231,face::test::186223.jpg,face::test::196777.jpg,0.9474859815757402
altclip,face,232,face::train::025692.jpg,face::test::196611.jpg,0.9474628609098583
altclip,face,233,face::train::137722.jpg,face::train::053065.jpg,0.9473555238998769
altclip,face,234,face::train::053065.jpg,face::train::089537.jpg,0.9472808927146201
altclip,face,235,face::train::170623.jpg,face::train::166091.jpg,0.9472031597780914
altclip,face,236,face::train::071174.jpg,face::train::053065.jpg,0.9471576526720384
altclip,face,237,face::train::023736.jpg,face::train::060555.jpg,0.9471458372093924
altclip,face,238,face::train::032580.jpg,face::test::196777.jpg,0.947140970009387
altclip,face,239,face::train::008309.jpg,face::test::196777.jpg,0.947086278233242
altclip,face,240,face::train::170623.jpg,face::train::150659.jpg,0.9469752099207103
altclip,face,241,face::train::114832.jpg,face::train::092618.jpg,0.9469668641322574
altclip,face,242,face::train::082954.jpg,face::train::123459.jpg,0.9467320597640212
altclip,face,243,face::train::082954.jpg,face::train::032580.jpg,0.9467302881688698
altclip,face,244,face::train::137722.jpg,face::test::196611.jpg,0.9466427088234344
altclip,face,245,face::train::008309.jpg,face::train::178182.jpg,0.946627336921571
altclip,face,246,face::train::178182.jpg,face::test::189858.jpg,0.9466201469146037
altclip,face,247,face::train::001042.jpg,face::train::032580.jpg,0.9466009752980192
altclip,face,248,face::train::060555.jpg,face::train::123459.jpg,0.9463946818037116
altclip,face,249,face::train::023736.jpg,face::train::123459.jpg,0.946387373392965
altclip,face,250,face::train::137722.jpg,face::test::183801.jpg,0.9463544052643063
altclip,face,251,face::train::129132.jpg,face::train::138886.jpg,0.9463367511150661
altclip,face,252,face::train::129132.jpg,face::test::186223.jpg,0.9459239233796743
altclip,face,253,face::train::008309.jpg,face::train::023736.jpg,0.9459189620291253
altclip,face,254,face::train::109762.jpg,face::test::186223.jpg,0.9458816410837331
altclip,face,255,face::train::091980.jpg,face::test::196611.jpg,0.9458613048367774
altclip,face,256,face::test::186223.jpg,face::test::184003.jpg,0.9457720366783465
altclip,face,257,face::train::001042.jpg,face::test::196777.jpg,0.9456917251579561
altclip,face,258,face::train::063708.jpg,face::train::032580.jpg,0.9456495676963015
altclip,face,259,face::train::138886.jpg,face::train::026996.jpg,0.9454718342357485
altclip,face,260,face::train::137722.jpg,face::train::178129.jpg,0.9453721074857095
altclip,face,261,face::train::008309.jpg,face::train::129132.jpg,0.9451803849033895
altclip,face,262,face::train::008309.jpg,face::train::053065.jpg,0.9451411565552941
altclip,face,263,face::train::089537.jpg,face::train::023736.jpg,0.94502161910588
altclip,face,264,face::train::137722.jpg,face::train::090489.jpg,0.9450164594347197
altclip,face,265,face::train::129132.jpg,face::train::032580.jpg,0.9449828201811166
altclip,face,266,face::train::168471.jpg,face::test::189858.jpg,0.9447932204771177
altclip,face,267,face::test::189858.jpg,face::test::183801.jpg,0.9444574680799591
altclip,face,268,face::train::178182.jpg,face::train::123459.jpg,0.944404925468806
altclip,face,269,face::train::168471.jpg,face::train::032580.jpg,0.944377588140386
altclip,face,270,face::train::008309.jpg,face::train::082954.jpg,0.9442144641968025
altclip,face,271,face::train::123459.jpg,face::test::196777.jpg,0.9442000295500609
altclip,face,272,face::train::137722.jpg,face::train::089537.jpg,0.9441880087287045
altclip,face,273,face::train::157804.jpg,face::train::060555.jpg,0.944143128912245
altclip,face,274,face::train::091980.jpg,face::train::178129.jpg,0.9441361156884717
altclip,face,275,face::train::138886.jpg,face::test::189858.jpg,0.9436078645222178
altclip,face,276,face::train::091980.jpg,face::test::183801.jpg,0.9435794580018158
altclip,face,277,face::train::023736.jpg,face::train::001042.jpg,0.9435480757104105
altclip,face,278,face::train::157804.jpg,face::test::201409.jpg,0.9434417892548637
altclip,face,279,face::train::071174.jpg,face::train::178129.jpg,0.943393833347969
altclip,face,280,face::train::001042.jpg,face::test::189858.jpg,0.9432995100131231
altclip,face,281,face::train::071174.jpg,face::train::114832.jpg,0.9431701888832374
altclip,face,282,face::train::137722.jpg,face::train::082954.jpg,0.9431519060197776
altclip,face,283,face::train::071174.jpg,face::train::008309.jpg,0.9430766225963334
altclip,face,284,face::train::166091.jpg,face::train::001042.jpg,0.9430739581629264
altclip,face,285,face::train::071174.jpg,face::train::090489.jpg,0.9429312065678437
altclip,face,286,face::train::063618.jpg,face::train::088914.jpg,0.9428884475698751
altclip,face,287,face::train::129132.jpg,face::train::089537.jpg,0.9428318350937126
altclip,face,288,face::test::186223.jpg,face::test::188858.jpg,0.9427666960548491
altclip,face,289,face::train::081413.jpg,face::train::063708.jpg,0.9426171833930079
altclip,face,290,face::train::137722.jpg,face::train::001042.jpg,0.9424766583448957
altclip,face,291,face::train::114832.jpg,face::test::196777.jpg,0.942400493957657
altclip,face,292,face::train::081413.jpg,face::train::060555.jpg,0.9422695138568742
altclip,face,293,face::train::008309.jpg,face::test::184003.jpg,0.9421784848961596
altclip,face,294,face::train::060555.jpg,face::train::088914.jpg,0.9419033575477078
altclip,face,295,face::train::008309.jpg,face::train::109762.jpg,0.9418826374937351
altclip,face,296,face::train::178182.jpg,face::train::138886.jpg,0.9417724702984979
altclip,face,297,face::train::081413.jpg,face::train::114832.jpg,0.9417627826274737
altclip,face,298,face::train::178129.jpg,face::test::196611.jpg,0.9417075642802932
altclip,face,299,face::train::032580.jpg,face::train::109762.jpg,0.9415815999886735
altclip,face,300,face::train::166091.jpg,face::train::060555.jpg,0.9415724952348017
altclip,face,301,face::train::166091.jpg,face::test::201409.jpg,0.941438695942648
altclip,face,302,face::train::090489.jpg,face::train::053065.jpg,0.941389608566932
altclip,face,303,face::train::001042.jpg,face::train::109762.jpg,0.9412731237621688
altclip,face,304,face::train::129132.jpg,face::train::060555.jpg,0.9411214634486262
altclip,face,305,face::train::026996.jpg,face::train::109762.jpg,0.94087889092758
altclip,face,306,face::train::166091.jpg,face::train::178182.jpg,0.940645316642951
altclip,face,307,face::train::060309.jpg,face::test::185812.jpg,0.9405109855313016
altclip,face,308,face::train::157804.jpg,face::train::092618.jpg,0.9404406979243677
altclip,face,309,face::test::189858.jpg,face::test::196611.jpg,0.9402751425117564
altclip,face,310,face::train::071174.jpg,face::train::166091.jpg,0.9402707002270247
altclip,face,311,face::train::178182.jpg,face::train::032580.jpg,0.9402395510342603
altclip,face,312,face::train::091980.jpg,face::train::082954.jpg,0.9402300035759706
altclip,face,313,face::train::138886.jpg,face::train::001042.jpg,0.9402143306508507
altclip,face,314,face::train::032580.jpg,face::test::186223.jpg,0.9401440458460146
altclip,face,315,face::train::114832.jpg,face::train::178182.jpg,0.9401133238428998
altclip,face,316,face::train::060555.jpg,face::train::073196.jpg,0.9400011251493359
altclip,face,317,face::train::053065.jpg,face::train::042973.jpg,0.9399669368558511
altclip,face,318,face::train::178182.jpg,face::test::196777.jpg,0.9399412859023007
altclip,face,319,face::train::114832.jpg,face::train::023736.jpg,0.9399048445936536
altclip,face,320,face::train::053065.jpg,face::test::183801.jpg,0.9398913897779974
altclip,face,321,face::train::114832.jpg,face::train::060309.jpg,0.9395685436705635
altclip,face,322,face::train::092618.jpg,face::train::032580.jpg,0.9392374695661201
altclip,face,323,face::train::166091.jpg,face::test::189457.jpg,0.9392329618034769
altclip,face,324,face::train::060309.jpg,face::train::141457.jpg,0.9392304550610822
altclip,face,325,face::train::114832.jpg,face::train::001042.jpg,0.9391258682065079
altclip,face,326,face::train::123459.jpg,face::train::001042.jpg,0.9391221674589458
altclip,face,327,face::train::053065.jpg,face::train::123459.jpg,0.9390988732650166
altclip,face,328,face::train::001042.jpg,face::test::188858.jpg,0.9389255841804827
altclip,face,329,face::train::114832.jpg,face::train::073196.jpg,0.93890914800016
altclip,face,330,face::train::090489.jpg,face::test::196611.jpg,0.938906132419425
altclip,face,331,face::train::168471.jpg,face::train::123459.jpg,0.9388573451187241
altclip,face,332,face::train::129132.jpg,face::train::001042.jpg,0.9388520613232886
altclip,face,333,face::train::089537.jpg,face::train::032580.jpg,0.9386121491235851
altclip,face,334,face::train::082954.jpg,face::test::188858.jpg,0.93839442979547
altclip,face,335,face::train::060555.jpg,face::test::185812.jpg,0.9383203909087098
altclip,face,336,face::train::071174.jpg,face::test::185812.jpg,0.9382956212257259
altclip,face,337,face::train::090489.jpg,face::train::178182.jpg,0.9379627074283938
altclip,face,338,face::train::092618.jpg,face::train::123459.jpg,0.9379348446271247
altclip,face,339,face::train::141457.jpg,face::test::185812.jpg,0.9379135694819493
altclip,face,340,face::train::053065.jpg,face::train::138886.jpg,0.9379094720485641
altclip,face,341,face::train::060555.jpg,face::test::196777.jpg,0.9378309649978336
altclip,face,342,face::train::137722.jpg,face::train::025692.jpg,0.9377872043506089
altclip,face,343,face::train::001042.jpg,face::test::184003.jpg,0.9377792708809157
altclip,face,344,face::train::114832.jpg,face::train::129132.jpg,0.9375706135485928
altclip,face,345,face::train::178182.jpg,face::train::073196.jpg,0.9375593219731289
altclip,face,346,face::train::157804.jpg,face::train::063618.jpg,0.9374765135483647
altclip,face,347,face::train::090489.jpg,face::test::183801.jpg,0.9374460781783404
altclip,face,348,face::train::008309.jpg,face::train::092618.jpg,0.9373482822446954
altclip,face,349,face::train::060555.jpg,face::train::092618.jpg,0.937050361112079
altclip,face,350,face::train::091980.jpg,face::train::008309.jpg,0.9368199694677626
altclip,face,351,face::train::063618.jpg,face::train::060309.jpg,0.9367551069199175
altclip,face,352,face::train::137722.jpg,face::train::168471.jpg,0.9367495545941139
altclip,face,353,face::train::042973.jpg,face::test::189858.jpg,0.9366871335912815
altclip,face,354,face::train::060309.jpg,face::train::032580.jpg,0.9366838787181029
altclip,face,355,face::train::026996.jpg,face::train::073196.jpg,0.9365823905117837
altclip,face,356,face::train::023736.jpg,face::train::026996.jpg,0.936473295717864
altclip,face,357,face::train::053065.jpg,face::test::201409.jpg,0.9364338077584343
altclip,face,358,face::train::060309.jpg,face::test::201409.jpg,0.936347246046739
altclip,face,359,face::train::091980.jpg,face::train::168471.jpg,0.9363136827046638
altclip,face,360,face::train::053065.jpg,face::train::032580.jpg,0.9361256537723817
altclip,face,361,face::train::114832.jpg,face::test::184003.jpg,0.9360606907876345
altclip,face,362,face::train::129132.jpg,face::train::123459.jpg,0.9359548627078836
altclip,face,363,face::train::123459.jpg,face::test::184003.jpg,0.9357011077566155
altclip,face,364,face::train::091980.jpg,face::train::032580.jpg,0.9354137887495937
altclip,face,365,face::train::114832.jpg,face::train::082954.jpg,0.9352754722371742
altclip,face,366,face::train::123459.jpg,face::test::186223.jpg,0.9352194846214897
altclip,face,367,face::train::091980.jpg,face::test::189858.jpg,0.935194582676032
altclip,face,368,face::train::071174.jpg,face::test::196611.jpg,0.9350767796998409
altclip,face,369,face::train::178182.jpg,face::test::184003.jpg,0.9350043095749323
altclip,face,370,face::train::042973.jpg,face::train::032580.jpg,0.9349555388873533
altclip,face,371,face::train::053065.jpg,face::train::178129.jpg,0.9348262305744384
altclip,face,372,face::train::101485.jpg,face::test::183801.jpg,0.9347184373114121
altclip,face,373,face::train::026996.jpg,face::test::196777.jpg,0.9346889688477311
altclip,face,374,face::train::178129.jpg,face::test::183801.jpg,0.9346883699044293
altclip,face,375,face::train::008309.jpg,face::train::060309.jpg,0.9344049259326487
altclip,face,376,face::train::123459.jpg,face::train::109762.jpg,0.9343541472997572
altclip,face,377,face::train::073196.jpg,face::test::201409.jpg,0.9342206606688583
altclip,face,378,face::train::001042.jpg,face::test::201409.jpg,0.9340700379768578
altclip,face,379,face::train::121281.jpg,face::train::101485.jpg,0.9339542573772412
altclip,face,380,face::train::091980.jpg,face::train::089537.jpg,0.9336678808561136
altclip,face,381,face::train::089537.jpg,face::test::188858.jpg,0.9336551048664982
altclip,face,382,face::train::091980.jpg,face::train::090489.jpg,0.9336299643540605
altclip,face,383,face::train::008309.jpg,face::train::042973.jpg,0.933417360530106
altclip,face,384,face::train::023736.jpg,face::test::201409.jpg,0.9333618383223368
altclip,face,385,face::train::114832.jpg,face::train::088914.jpg,0.9332789925018566
altclip,face,386,face::test::196777.jpg,face::test::201409.jpg,0.9332414449452182
altclip,face,387,face::train::008309.jpg,face::test::186223.jpg,0.9328883417225544
altclip,face,388,face::train::026996.jpg,face::test::184003.jpg,0.9326697322402533
altclip,face,389,face::train::008309.jpg,face::train::168471.jpg,0.9325857150894861
altclip,face,390,face::train::071174.jpg,face::train::042973.jpg,0.9325777249976611
altclip,face,391,face::train::178182.jpg,face::train::023736.jpg,0.93257085029542
altclip,face,392,face::train::137722.jpg,face::test::189858.jpg,0.9325484478297124
altclip,face,393,face::train::071174.jpg,face::test::183801.jpg,0.9321078508255743
altclip,face,394,face::train::071174.jpg,face::test::201409.jpg,0.9320572665655312
altclip,face,395,face::train::063708.jpg,face::train::088914.jpg,0.9320484720312421
altclip,face,396,face::train::114832.jpg,face::train::168471.jpg,0.9318939632111085
altclip,face,397,face::train::157804.jpg,face::train::032580.jpg,0.9315851714687866
altclip,face,398,face::train::090489.jpg,face::train::178129.jpg,0.9315759761227416
altclip,face,399,face::train::178182.jpg,face::test::196611.jpg,0.9315482130145919
altclip,face,400,face::train::090489.jpg,face::train::082954.jpg,0.9314133221017098
altclip,face,401,face::train::053065.jpg,face::train::073196.jpg,0.9313523016834448
altclip,face,402,face::train::166091.jpg,face::test::185812.jpg,0.9312854160524844
altclip,face,403,face::train::053065.jpg,face::test::185812.jpg,0.9312722874036362
altclip,face,404,face::train::166091.jpg,face::train::053065.jpg,0.9312672491815729
altclip,face,405,face::train::114832.jpg,face::train::053065.jpg,0.9312317705471688
altclip,face,406,face::train::071174.jpg,face::test::189858.jpg,0.9312315414773681
altclip,face,407,face::train::168471.jpg,face::test::188858.jpg,0.9310207276215926
altclip,face,408,face::train::178182.jpg,face::test::201409.jpg,0.9308772432316431
altclip,face,409,face::train::137722.jpg,face::train::008309.jpg,0.930798311055734
altclip,face,410,face::train::129132.jpg,face::test::201409.jpg,0.9307567613622337
altclip,face,411,face::train::129132.jpg,face::train::026996.jpg,0.930699025222276
altclip,face,412,face::train::063708.jpg,face::train::060309.jpg,0.930675552499516
altclip,face,413,face::train::025692.jpg,face::train::178129.jpg,0.9306349239771148
altclip,face,414,face::train::150659.jpg,face::train::001042.jpg,0.9304948466280186
altclip,face,415,face::train::092618.jpg,face::train::088914.jpg,0.9302757761773028
altclip,face,416,face::train::178182.jpg,face::train::109762.jpg,0.9300823255777475
altclip,face,417,face::train::008309.jpg,face::train::141457.jpg,0.929867050587742
altclip,face,418,face::train::090489.jpg,face::test::186223.jpg,0.9297182859153914
altclip,face,419,face::train::090489.jpg,face::train::168471.jpg,0.9295978165960235
altclip,face,420,face::train::178182.jpg,face::train::150659.jpg,0.9292998982376971
altclip,face,421,face::train::178182.jpg,face::train::065762.jpg,0.9292874250772254
altclip,face,422,face::train::081413.jpg,face::train::023736.jpg,0.9291598400469928
altclip,face,423,face::train::101485.jpg,face::train::025692.jpg,0.9291541750083139
altclip,face,424,face::train::060309.jpg,face::train::123459.jpg,0.9291153784360033
altclip,face,425,face::train::053065.jpg,face::test::196777.jpg,0.9289572449477299
altclip,face,426,face::train::157804.jpg,face::train::114832.jpg,0.9289440397142689
altclip,face,427,face::train::137722.jpg,face::test::185812.jpg,0.9287623277950366
altclip,face,428,face::train::114832.jpg,face::test::186223.jpg,0.9286546599934136
altclip,face,429,face::train::137722.jpg,face::train::032580.jpg,0.9286491320196334
altclip,face,430,face::train::081413.jpg,face::train::092618.jpg,0.9286286812755193
altclip,face,431,face::train::178182.jpg,face::test::183801.jpg,0.9282967976210743
altclip,face,432,face::train::071174.jpg,face::train::063618.jpg,0.9282466892630626
altclip,face,433,face::train::090489.jpg,face::train::001042.jpg,0.9280704852527517
altclip,face,434,face::train::053065.jpg,face::train::023736.jpg,0.9280188068423995
altclip,face,435,face::train::008309.jpg,face::train::089537.jpg,0.9277477274837413
altclip,face,436,face::train::089537.jpg,face::train::123459.jpg,0.9277471822269043
altclip,face,437,face::train::090489.jpg,face::test::189858.jpg,0.9274242643575245
altclip,face,438,face::train::091980.jpg,face::train::123459.jpg,0.927176576449905
altclip,face,439,face::train::157804.jpg,face::train::088914.jpg,0.927161175498125
altclip,face,440,face::train::071174.jpg,face::train::073196.jpg,0.9270900376511123
altclip,face,441,face::train::137722.jpg,face::train::114832.jpg,0.9269753068831902
altclip,face,442,face::train::178182.jpg,face::test::185812.jpg,0.926820234752519
altclip,face,443,face::test::184003.jpg,face::test::201409.jpg,0.9264980791589669
altclip,face,444,face::train::081413.jpg,face::train::073196.jpg,0.9261560101294348
altclip,face,445,face::train::123459.jpg,face::test::188858.jpg,0.9261359081060478
altclip,face,446,face::train::060309.jpg,face::train::092618.jpg,0.9258711152023977
altclip,face,447,face::train::081413.jpg,face::train::071174.jpg,0.9258471859938312
altclip,face,448,face::train::081413.jpg,face::train::166091.jpg,0.9256512876822836
altclip,face,449,face::train::081413.jpg,face::train::053065.jpg,0.9255904682578228
altclip,face,450,face::train::137722.jpg,face::train::123459.jpg,0.9255871335619967
altclip,face,451,face::train::121281.jpg,face::test::183801.jpg,0.925534623097267
altclip,face,452,face::train::101485.jpg,face::test::196611.jpg,0.9254480702927265
altclip,face,453,face::train::114832.jpg,face::train::089537.jpg,0.9253297591237254
altclip,face,454,face::train::081413.jpg,face::test::196777.jpg,0.9251622138842331
altclip,face,455,face::train::081413.jpg,face::train::001042.jpg,0.9249132344636241
altclip,face,456,face::test::186223.jpg,face::test::196611.jpg,0.9248549138577644
altclip,face,457,face::train::081413.jpg,face::train::082954.jpg,0.9246740444390775
altclip,face,458,face::train::114832.jpg,face::train::109762.jpg,0.9245297588228273
altclip,face,459,face::train::053065.jpg,face::train::063618.jpg,0.9245217635735595
altclip,face,460,face::train::141457.jpg,face::train::032580.jpg,0.9244481413260816
altclip,face,461,face::train::082954.jpg,face::test::185812.jpg,0.9244158693620289
altclip,face,462,face::train::060555.jpg,face::test::186223.jpg,0.9242352119879187
altclip,face,463,face::train::168471.jpg,face::train::060555.jpg,0.9241026487986607
altclip,face,464,face::train::178182.jpg,face::train::178129.jpg,0.9240699002462913
altclip,face,465,face::train::081413.jpg,face::train::129132.jpg,0.9240272990438241
altclip,face,466,face::train::129132.jpg,face::train::178182.jpg,0.9240080554071857
altclip,face,467,face::train::091980.jpg,face::train::114832.jpg,0.9238690078516402
altclip,face,468,face::train::073196.jpg,face::test::185812.jpg,0.9238196533074453
altclip,face,469,face::train::090489.jpg,face::train::089537.jpg,0.9236559429720987
altclip,face,470,face::train::088914.jpg,face::test::201409.jpg,0.9236513502011596
altclip,face,471,face::train::060555.jpg,face::test::184003.jpg,0.9234108766239326
altclip,face,472,face::test::186223.jpg,face::test::183801.jpg,0.9233716917960341
altclip,face,473,face::train::063618.jpg,face::train::001042.jpg,0.923304375482093
altclip,face,474,face::train::166091.jpg,face::train::063708.jpg,0.923284944274848
altclip,face,475,face::train::053065.jpg,face::train::065762.jpg,0.9232438154674744
altclip,face,476,face::train::060555.jpg,face::train::082954.jpg,0.9229784560165814
altclip,face,477,face::train::042973.jpg,face::train::123459.jpg,0.9220822919729181
altclip,face,478,face::train::089537.jpg,face::train::060555.jpg,0.9220536965615164
altclip,face,479,face::train::157804.jpg,face::train::060309.jpg,0.9218977370962549
altclip,face,480,face::train::081413.jpg,face::train::060309.jpg,0.9217063923599789
altclip,face,481,face::train::071174.jpg,face::train::063708.jpg,0.9216735670067391
altclip,face,482,face::train::008309.jpg,face::train::065762.jpg,0.9216678889813107
altclip,face,483,face::train::053065.jpg,face::test::184003.jpg,0.921631707690595
altclip,face,484,face::train::063618.jpg,face::train::141457.jpg,0.9215440039865463
altclip,face,485,face::train::088914.jpg,face::train::032580.jpg,0.9215273668224138
altclip,face,486,face::test::189858.jpg,face::test::196777.jpg,0.921328500849571
altclip,face,487,face::train::170623.jpg,face::train::168471.jpg,0.9211879080153182
altclip,face,488,face::train::053065.jpg,face::train::060555.jpg,0.9210357807616262
altclip,face,489,face::train::032580.jpg,face::test::189858.jpg,0.9209815301127858
altclip,face,490,face::train::091980.jpg,face::train::042973.jpg,0.9207874955302731
altclip,face,491,face::train::168471.jpg,face::test::189457.jpg,0.9205664402702426
altclip,face,492,face::train::091980.jpg,face::test::201409.jpg,0.9205525067961002
altclip,face,493,face::train::089537.jpg,face::test::189457.jpg,0.920531757307706
altclip,face,494,face::train::178182.jpg,face::train::063618.jpg,0.920360116753038
altclip,face,495,face::train::053065.jpg,face::train::109762.jpg,0.9203012306400249
altclip,face,496,face::train::071174.jpg,face::train::023736.jpg,0.9201289882208089
altclip,face,497,face::train::082954.jpg,face::test::189457.jpg,0.9201185577691546
altclip,face,498,face::train::073196.jpg,face::test::189858.jpg,0.9200279716683897
altclip,face,499,face::train::178129.jpg,face::train::001042.jpg,0.919899219914472
altclip,face,500,face::train::008309.jpg,face::test::188858.jpg,0.9198585312121894
altclip,face,501,face::train::123459.jpg,face::train::141457.jpg,0.9197645359936354
altclip,face,502,face::train::071174.jpg,face::test::196777.jpg,0.9197076387603692
altclip,face,503,face::train::157804.jpg,face::train::008309.jpg,0.9196500308914162
altclip,face,504,face::train::157804.jpg,face::train::063708.jpg,0.9195660819241209
altclip,face,505,face::train::023736.jpg,face::test::189858.jpg,0.9195426376889224
altclip,face,506,face::train::090489.jpg,face::train::025692.jpg,0.9193086718639312
altclip,face,507,face::train::178182.jpg,face::train::060555.jpg,0.9192659594187239
altclip,face,508,face::train::063618.jpg,face::train::149220.jpg,0.9191711525378452
altclip,face,509,face::train::137722.jpg,face::train::063708.jpg,0.9191361421099635
altclip,face,510,face::train::071174.jpg,face::test::184003.jpg,0.9190412860448895
altclip,face,511,face::train::063708.jpg,face::train::141457.jpg,0.9190406388101875
altclip,face,512,face::train::170623.jpg,face::train::089537.jpg,0.9190352141628454
altclip,face,513,face::train::082954.jpg,face::test::201409.jpg,0.9189617709301702
altclip,face,514,face::train::091980.jpg,face::test::185812.jpg,0.9188915789177936
altclip,face,515,face::train::137722.jpg,face::train::063618.jpg,0.9188702798488594
altclip,face,516,face::train::081413.jpg,face::train::157804.jpg,0.9188257051086998
altclip,face,517,face::train::101485.jpg,face::train::178129.jpg,0.9187996983011772
altclip,face,518,face::train::141457.jpg,face::test::201409.jpg,0.9187794070250257
altclip,face,519,face::test::185812.jpg,face::test::188858.jpg,0.918605066239532
altclip,face,520,face::train::060555.jpg,face::train::042973.jpg,0.918379412903794
altclip,face,521,face::test::185812.jpg,face::test::196777.jpg,0.9182834439363374
altclip,face,522,face::train::114832.jpg,face::train::042973.jpg,0.9182798146236053
altclip,face,523,face::train::129132.jpg,face::train::053065.jpg,0.9182584998805464
altclip,face,524,face::train::089537.jpg,face::test::201409.jpg,0.9181948167832107
altclip,face,525,face::train::060309.jpg,face::train::060555.jpg,0.9181902415177179
altclip,face,526,face::train::001042.jpg,face::test::185812.jpg,0.9181303549395299
altclip,face,527,face::train::060555.jpg,face::train::001042.jpg,0.9181133943109191
altclip,face,528,face::train::129132.jpg,face::test::185812.jpg,0.9181123822185194
altclip,face,529,face::train::091980.jpg,face::train::063618.jpg,0.918083390774413
altclip,face,530,face::train::081413.jpg,face::train::141457.jpg,0.9180519744457786
altclip,face,531,face::train::157804.jpg,face::test::185812.jpg,0.9180311859042243
altclip,face,532,face::train::071174.jpg,face::train::060555.jpg,0.9177615306428645
altclip,face,533,face::train::090489.jpg,face::train::032580.jpg,0.9176413155048941
altclip,face,534,face::train::101485.jpg,face::test::188858.jpg,0.9176351324690968
altclip,face,535,face::train::114832.jpg,face::train::141457.jpg,0.9175302307796868
altclip,face,536,face::train::166091.jpg,face::train::026996.jpg,0.9173862901035208
altclip,face,537,face::test::186223.jpg,face::test::201409.jpg,0.9173680490654369
altclip,face,538,face::train::008309.jpg,face::test::189858.jpg,0.9173491331948286
altclip,face,539,face::train::090489.jpg,face::test::201409.jpg,0.9171344821391938
altclip,face,540,face::train::008309.jpg,face::train::138886.jpg,0.9171288038309181
altclip,face,541,face::train::060555.jpg,face::train::109762.jpg,0.917101644488341
altclip,face,542,face::train::065762.jpg,face::test::189858.jpg,0.9170165460414139
altclip,face,543,face::train::082954.jpg,face::test::196611.jpg,0.9169400767635008
altclip,face,544,face::train::001042.jpg,face::test::183801.jpg,0.91683753229012
altclip,face,545,face::train::063618.jpg,face::train::082954.jpg,0.9166566080661074
altclip,face,546,face::train::170623.jpg,face::test::186223.jpg,0.9165370001994324
altclip,face,547,face::train::166091.jpg,face::train::063618.jpg,0.9164426195192459
altclip,face,548,face::train::150659.jpg,face::test::189858.jpg,0.9163655276974363
altclip,face,549,face::train::109762.jpg,face::test::201409.jpg,0.9161784871107371
altclip,face,550,face::train::123459.jpg,face::train::088914.jpg,0.9161388807739654
altclip,face,551,face::test::189457.jpg,face::test::186223.jpg,0.9161317386972759
altclip,face,552,face::train::089537.jpg,face::test::183801.jpg,0.9161078940887605
altclip,face,553,face::train::091980.jpg,face::train::025692.jpg,0.9160746299815905
altclip,face,554,face::train::090489.jpg,face::train::063708.jpg,0.9159829538904525
altclip,face,555,face::test::189858.jpg,face::test::184003.jpg,0.9158912723826701
altclip,face,556,face::train::114832.jpg,face::train::090489.jpg,0.9158771653224916
altclip,face,557,face::train::063618.jpg,face::train::023736.jpg,0.9157974751714567
altclip,face,558,face::train::063618.jpg,face::train::073196.jpg,0.915719891154759
altclip,face,559,face::train::023736.jpg,face::test::185812.jpg,0.9156458765401972
altclip,face,560,face::train::071174.jpg,face::train::129132.jpg,0.9155964872494603
altclip,face,561,face::train::065762.jpg,face::train::032580.jpg,0.9155819298032688
altclip,face,562,face::train::123459.jpg,face::test::189858.jpg,0.915465329074874
altclip,face,563,face::train::170623.jpg,face::train::082954.jpg,0.9154444824992515
altclip,face,564,face::test::185812.jpg,face::test::184003.jpg,0.9154063795719407
altclip,face,565,face::train::178182.jpg,face::train::063708.jpg,0.9152420867323655
altclip,face,566,face::train::032580.jpg,face::test::188858.jpg,0.915232085851312
altclip,face,567,face::train::168471.jpg,face::test::185812.jpg,0.9152074879358757
altclip,face,568,face::train::053065.jpg,face::train::025692.jpg,0.9151991227180188
altclip,face,569,face::train::137722.jpg,face::test::201409.jpg,0.9150677793651915
altclip,face,570,face::train::129132.jpg,face::train::063618.jpg,0.9149876910937855
altclip,face,571,face::train::081413.jpg,face::train::168471.jpg,0.9148545636796113
altclip,face,572,face::train::053065.jpg,face::train::063708.jpg,0.9147892306934957
altclip,face,573,face::train::081413.jpg,face::train::091980.jpg,0.9145165020215633
altclip,face,574,face::train::071174.jpg,face::train::060309.jpg,0.914497011308257
altclip,face,575,face::train::168471.jpg,face::test::196611.jpg,0.9143980755312754
altclip,face,576,face::train::001042.jpg,face::test::196611.jpg,0.9143424389672187
altclip,face,577,face::train::168471.jpg,face::test::201409.jpg,0.9142809606228586
altclip,face,578,face::train::060309.jpg,face::train::088914.jpg,0.9141642688088567
altclip,face,579,face::train::063708.jpg,face::test::196777.jpg,0.9140708984350694
altclip,face,580,face::train::090489.jpg,face::train::063618.jpg,0.9139442748952723
altclip,face,581,face::train::081413.jpg,face::train::178182.jpg,0.913652829542459
altclip,face,582,face::train::063708.jpg,face::train::073196.jpg,0.9133080542143094
altclip,face,583,face::train::150659.jpg,face::train::032580.jpg,0.913274028924623
altclip,face,584,face::train::129132.jpg,face::train::063708.jpg,0.9130767933207827
altclip,face,585,face::train::081413.jpg,face::train::109762.jpg,0.9129949722679354
altclip,face,586,face::train::166091.jpg,face::test::189858.jpg,0.91282846740812
altclip,face,587,face::train::089537.jpg,face::train::026996.jpg,0.9128060719956492
altclip,face,588,face::train::137722.jpg,face::train::042973.jpg,0.912802744192428
altclip,face,589,face::train::023736.jpg,face::train::063708.jpg,0.9127036054942715
altclip,face,590,face::train::138886.jpg,face::train::032580.jpg,0.9126956428157297
altclip,face,591,face::train::149220.jpg,face::train::092618.jpg,0.9126337371019073
altclip,face,592,face::train::071174.jpg,face::train::150659.jpg,0.9124955941585762
altclip,face,593,face::train::129132.jpg,face::test::189858.jpg,0.9122840023044556
altclip,face,594,face::train::088914.jpg,face::test::185812.jpg,0.9122570572203845
altclip,face,595,face::train::071174.jpg,face::train::109762.jpg,0.9122404988617552
altclip,face,596,face::train::082954.jpg,face::test::183801.jpg,0.9121867781172632
altclip,face,597,face::train::114832.jpg,face::test::188858.jpg,0.9120392126958926
altclip,face,598,face::train::071174.jpg,face::train::025692.jpg,0.9119415093162158
altclip,face,599,face::train::081413.jpg,face::train::088914.jpg,0.9118787597666964
altclip,face,600,face::test::186223.jpg,face::test::185812.jpg,0.9118184080224112
altclip,face,601,face::train::081413.jpg,face::train::137722.jpg,0.9116633972889041
altclip,face,602,face::train::166091.jpg,face::train::060309.jpg,0.9115502236630596
altclip,face,603,face::train::063618.jpg,face::test::188858.jpg,0.9115219188046824
altclip,face,604,face::train::121281.jpg,face::train::178129.jpg,0.911392153706427
altclip,face,605,face::train::081413.jpg,face::test::184003.jpg,0.9113822779029723
altclip,face,606,face::train::063618.jpg,face::train::178129.jpg,0.9113679506792278
altclip,face,607,face::train::091980.jpg,face::train::073196.jpg,0.9111789572250186
altclip,face,608,face::train::090489.jpg,face::train::008309.jpg,0.9111507780651488
altclip,face,609,face::train::071174.jpg,face::train::092618.jpg,0.910915657344817
altclip,face,610,face::train::042973.jpg,face::test::201409.jpg,0.91084115384093
altclip,face,611,face::train::090489.jpg,face::train::123459.jpg,0.9107465900573852
altclip,face,612,face::train::178129.jpg,face::test::185812.jpg,0.9107449450951741
altclip,face,613,face::train::157804.jpg,face::train::123459.jpg,0.9106923274620475
altclip,face,614,face::train::063618.jpg,face::train::168471.jpg,0.9103696553818008
altclip,face,615,face::test::188858.jpg,face::test::201409.jpg,0.9102371554123244
altclip,face,616,face::train::138886.jpg,face::train::123459.jpg,0.9100538891924047
altclip,face,617,face::train::149220.jpg,face::test::201409.jpg,0.9100532181104262
altclip,face,618,face::train::091980.jpg,face::train::101485.jpg,0.9096802458107265
altclip,face,619,face::train::168471.jpg,face::train::026996.jpg,0.9096007081738586
altclip,face,620,face::train::091980.jpg,face::train::092618.jpg,0.9094078787296691
altclip,face,621,face::train::053065.jpg,face::train::060309.jpg,0.9092238435189641
altclip,face,622,face::train::091980.jpg,face::train::063708.jpg,0.9091295196177834
altclip,face,623,face::train::063618.jpg,face::test::196777.jpg,0.9089740607018459
altclip,face,624,face::train::090489.jpg,face::test::185812.jpg,0.9087954606916882
altclip,face,625,face::test::189858.jpg,face::test::201409.jpg,0.9087614635438435
altclip,face,626,face::train::149220.jpg,face::train::088914.jpg,0.9084312566803711
altclip,face,627,face::train::065762.jpg,face::train::123459.jpg,0.9083537510861809
altclip,face,628,face::train::071174.jpg,face::train::065762.jpg,0.9083355072242989
altclip,face,629,face::train::089537.jpg,face::test::196611.jpg,0.9083323779179396
altclip,face,630,face::train::168471.jpg,face::test::183801.jpg,0.9083278058500182
altclip,face,631,face::train::090489.jpg,face::train::060555.jpg,0.9081851678970074
altclip,face,632,face::train::001042.jpg,face::test::189457.jpg,0.9081287742689785
altclip,face,633,face::train::053065.jpg,face::train::150659.jpg,0.9080416782587833
altclip,face,634,face::train::081413.jpg,face::test::186223.jpg,0.9079895905459312
altclip,face,635,face::train::137722.jpg,face::train::166091.jpg,0.9079278729691843
altclip,face,636,face::train::090489.jpg,face::train::042973.jpg,0.9077938402182462
altclip,face,637,face::train::089537.jpg,face::test::185812.jpg,0.9077226001740178
altclip,face,638,face::train::071174.jpg,face::train::138886.jpg,0.9076573505838234
altclip,face,639,face::train::063708.jpg,face::train::082954.jpg,0.9076217562629783
altclip,face,640,face::train::026996.jpg,face::train::082954.jpg,0.9075181934551749
altclip,face,641,face::train::063708.jpg,face::train::001042.jpg,0.9072144877211393
altclip,face,642,face::train::081413.jpg,face::train::090489.jpg,0.9071772597898163
altclip,face,643,face::test::185812.jpg,face::test::196611.jpg,0.9070823959664821
altclip,face,644,face::train::092618.jpg,face::train::141457.jpg,0.9069706901628181
altclip,face,645,face::train::178129.jpg,face::test::186223.jpg,0.906834653158893
altclip,face,646,face::train::178182.jpg,face::train::060309.jpg,0.9067174441698489
altclip,face,647,face::train::109762.jpg,face::test::189858.jpg,0.9067042305040881
altclip,face,648,face::train::008309.jpg,face::train::178129.jpg,0.9066528333541133
altclip,face,649,face::train::026996.jpg,face::test::186223.jpg,0.9066433115964722
altclip,face,650,face::train::091980.jpg,face::train::060555.jpg,0.9064729308568709
altclip,face,651,face::train::166091.jpg,face::train::091980.jpg,0.9063482395762255
altclip,face,652,face::train::060309.jpg,face::train::001042.jpg,0.906237439779447
altclip,face,653,face::train::082954.jpg,face::train::178129.jpg,0.9061777060936013
altclip,face,654,face::train::114832.jpg,face::test::189858.jpg,0.9060731940478932
altclip,face,655,face::train::060555.jpg,face::train::150659.jpg,0.9059789079864937
altclip,face,656,face::train::091980.jpg,face::train::138886.jpg,0.9059601359665457
altclip,face,657,face::train::081413.jpg,face::test::188858.jpg,0.9058591486677569
altclip,face,658,face::train::178129.jpg,face::train::123459.jpg,0.9057655775316864
altclip,face,659,face::train::060555.jpg,face::test::189858.jpg,0.9053335972728422
altclip,face,660,face::train::168471.jpg,face::train::178129.jpg,0.9052510661399727
altclip,face,661,face::train::063708.jpg,face::train::149220.jpg,0.9052345701762103
altclip,face,662,face::train::138886.jpg,face::test::188858.jpg,0.9051646600355575
altclip,face,663,face::train::063618.jpg,face::test::186223.jpg,0.9049256824825799
altclip,face,664,face::train::023736.jpg,face::train::060309.jpg,0.9049064618151843
altclip,face,665,face::train::149220.jpg,face::train::141457.jpg,0.904612408593308
altclip,face,666,face::train::008309.jpg,face::train::088914.jpg,0.9045943258183654
altclip,face,667,face::train::109762.jpg,face::test::185812.jpg,0.9045345544601288
altclip,face,668,face::train::178182.jpg,face::train::025692.jpg,0.9044680189686849
altclip,face,669,face::train::042973.jpg,face::test::188858.jpg,0.9043266722479228
altclip,face,670,face::train::129132.jpg,face::train::060309.jpg,0.9043195336810221
altclip,face,671,face::train::081413.jpg,face::train::149220.jpg,0.9042955992772728
altclip,face,672,face::train::150659.jpg,face::train::123459.jpg,0.9037236213867308
altclip,face,673,face::train::114832.jpg,face::train::178129.jpg,0.9036824771924257
altclip,face,674,face::train::025692.jpg,face::test::189858.jpg,0.9035928159177424
altclip,face,675,face::train::053065.jpg,face::train::141457.jpg,0.9035730909017007
altclip,face,676,face::train::137722.jpg,face::train::060555.jpg,0.9034813403427524
altclip,face,677,face::train::166091.jpg,face::train::092618.jpg,0.9034655291394789
altclip,face,678,face::train::008309.jpg,face::train::150659.jpg,0.9032774802238501
altclip,face,679,face::train::081413.jpg,face::train::042973.jpg,0.9031300749870246
altclip,face,680,face::train::063708.jpg,face::test::184003.jpg,0.9029975946723636
altclip,face,681,face::train::063708.jpg,face::test::188858.jpg,0.9029891716240427
altclip,face,682,face::train::121281.jpg,face::test::188858.jpg,0.9029812639430188
altclip,face,683,face::train::071174.jpg,face::train::101485.jpg,0.902977162696177
altclip,face,684,face::train::008309.jpg,face::test::196611.jpg,0.9020269120603693
altclip,face,685,face::train::170623.jpg,face::train::001042.jpg,0.9020013148316418
altclip,face,686,face::train::178129.jpg,face::train::032580.jpg,0.9018477168049293
altclip,face,687,face::train::090489.jpg,face::train::092618.jpg,0.901570829311406
altclip,face,688,face::train::166091.jpg,face::train::157804.jpg,0.9015075995688431
altclip,face,689,face::train::149220.jpg,face::test::185812.jpg,0.9014225303318395
altclip,face,690,face::train::081413.jpg,face::train::089537.jpg,0.9014217078098986
altclip,face,691,face::train::092618.jpg,face::test::188858.jpg,0.901312896123441
altclip,face,692,face::train::053065.jpg,face::train::092618.jpg,0.9009304409084024
altclip,face,693,face::train::063618.jpg,face::test::196611.jpg,0.9008059511407817
altclip,face,694,face::train::063618.jpg,face::train::089537.jpg,0.9007890977573728
altclip,face,695,face::train::123459.jpg,face::test::196611.jpg,0.9007702109850066
altclip,face,696,face::train::114832.jpg,face::train::138886.jpg,0.9006855729818651
altclip,face,697,face::train::091980.jpg,face::train::023736.jpg,0.9006494249612766
altclip,face,698,face::train::091980.jpg,face::train::065762.jpg,0.9006286514869831
altclip,face,699,face::train::032580.jpg,face::test::196611.jpg,0.900353762826663
altclip,face,700,face::train::137722.jpg,face::train::101485.jpg,0.9003182421126984
altclip,face,701,face::train::178129.jpg,face::test::189858.jpg,0.9000684123399851
altclip,face,702,face::train::060555.jpg,face::train::141457.jpg,0.8999623723643024
altclip,face,703,face::train::060309.jpg,face::train::073196.jpg,0.8999258592940624
altclip,face,704,face::train::091980.jpg,face::test::184003.jpg,0.8996944864692468
altclip,face,705,face::train::137722.jpg,face::test::196777.jpg,0.899669599902415
altclip,face,706,face::train::114832.jpg,face::train::065762.jpg,0.899608323445694
altclip,face,707,face::train::023736.jpg,face::train::092618.jpg,0.8995181776491599
altclip,face,708,face::train::149220.jpg,face::train::032580.jpg,0.8994556336403264
altclip,face,709,face::train::137722.jpg,face::train::092618.jpg,0.8992839788553392
altclip,face,710,face::train::138886.jpg,face::train::060555.jpg,0.8992570906992565
altclip,face,711,face::train::168471.jpg,face::train::063708.jpg,0.8992168054396877
altclip,face,712,face::train::137722.jpg,face::train::073196.jpg,0.8991765996224352
altclip,face,713,face::train::065762.jpg,face::train::060555.jpg,0.898935144689519
altclip,face,714,face::train::063618.jpg,face::train::109762.jpg,0.8985774264296048
altclip,face,715,face::train::071174.jpg,face::train::141457.jpg,0.8984350618374708
altclip,face,716,face::train::032580.jpg,face::test::183801.jpg,0.8984135898992887
altclip,face,717,face::train::091980.jpg,face::test::196777.jpg,0.8978431803071663
altclip,face,718,face::train::137722.jpg,face::train::121281.jpg,0.8977996068565924
altclip,face,719,face::train::092618.jpg,face::train::073196.jpg,0.8975448869266613
altclip,face,720,face::train::071174.jpg,face::train::157804.jpg,0.8974707847928751
altclip,face,721,face::train::141457.jpg,face::train::001042.jpg,0.8973845876175122
altclip,face,722,face::train::091980.jpg,face::train::060309.jpg,0.8970734461512232
altclip,face,723,face::train::089537.jpg,face::train::178129.jpg,0.8970289573474424
altclip,face,724,face::train::157804.jpg,face::train::053065.jpg,0.8968010751691353
altclip,face,725,face::train::081413.jpg,face::test::189858.jpg,0.8966895251793824
altclip,face,726,face::train::166091.jpg,face::train::090489.jpg,0.8966319514137445
altclip,face,727,face::train::137722.jpg,face::test::184003.jpg,0.8965229492531616
altclip,face,728,face::train::129132.jpg,face::train::141457.jpg,0.8965194539164973
altclip,face,729,face::train::137722.jpg,face::train::060309.jpg,0.896374676167407
altclip,face,730,face::train::063708.jpg,face::test::186223.jpg,0.896372453324537
altclip,face,731,face::train::091980.jpg,face::train::109762.jpg,0.8963708803130341
altclip,face,732,face::test::185812.jpg,face::test::189858.jpg,0.8963107354587803
altclip,face,733,face::train::063618.jpg,face::test::184003.jpg,0.8962995735490331
altclip,face,734,face::train::157804.jpg,face::train::023736.jpg,0.896159140959469
altclip,face,735,face::train::123459.jpg,face::test::183801.jpg,0.8960477587174959
altclip,face,736,face::train::090489.jpg,face::train::101485.jpg,0.8959627754027782
altclip,face,737,face::train::071174.jpg,face::train::088914.jpg,0.8959075272968847
altclip,face,738,face::train::081413.jpg,face::train::178129.jpg,0.8958496547087382
altclip,face,739,face::train::008309.jpg,face::test::183801.jpg,0.8956896178783815
altclip,face,740,face::train::092618.jpg,face::train::001042.jpg,0.8956416668930856
altclip,face,741,face::train::166091.jpg,face::test::188858.jpg,0.8955080195149426
altclip,face,742,face::train::166091.jpg,face::train::141457.jpg,0.8953839097430795
altclip,face,743,face::train::063708.jpg,face::train::178129.jpg,0.8952461297014883
altclip,face,744,face::train::114832.jpg,face::train::150659.jpg,0.8948827101112672
altclip,face,745,face::train::063618.jpg,face::test::183801.jpg,0.8945525787646393
altclip,face,746,face::train::138886.jpg,face::test::201409.jpg,0.8941887901149573
altclip,face,747,face::test::185812.jpg,face::test::183801.jpg,0.8941483230992182
altclip,face,748,face::train::178182.jpg,face::train::092618.jpg,0.8940974654280085
altclip,face,749,face::train::149220.jpg,face::train::123459.jpg,0.8938857191606568
altclip,face,750,face::test::201409.jpg,face::test::196611.jpg,0.8938783454611824
altclip,face,751,face::train::082954.jpg,face::train::092618.jpg,0.8938765899418829
altclip,face,752,face::train::137722.jpg,face::train::023736.jpg,0.8938353646036771
altclip,face,753,face::train::137722.jpg,face::train::138886.jpg,0.8938329878290394
altclip,face,754,face::train::090489.jpg,face::test::196777.jpg,0.8936741102639936
altclip,face,755,face::train::063618.jpg,face::train::042973.jpg,0.8923829990946994
altclip,face,756,face::train::114832.jpg,face::train::149220.jpg,0.8923780796324947
altclip,face,757,face::train::042973.jpg,face::test::185812.jpg,0.8922945926528103
altclip,face,758,face::train::065762.jpg,face::test::201409.jpg,0.8922493992586896
altclip,face,759,face::train::114832.jpg,face::test::196611.jpg,0.8919430947674015
altclip,face,760,face::train::060555.jpg,face::test::188858.jpg,0.8917935776451688
altclip,face,761,face::train::157804.jpg,face::train::149220.jpg,0.891729764587363
altclip,face,762,face::train::114832.jpg,face::test::183801.jpg,0.8916815763341598
altclip,face,763,face::train::092618.jpg,face::test::183801.jpg,0.8916731014603052
altclip,face,764,face::train::090489.jpg,face::train::073196.jpg,0.8912702964993665
altclip,face,765,face::test::183801.jpg,face::test::201409.jpg,0.8912650937064374
altclip,face,766,face::train::060309.jpg,face::test::186223.jpg,0.8911600383290325
altclip,face,767,face::train::023736.jpg,face::train::141457.jpg,0.8911099012872256
altclip,face,768,face::train::063618.jpg,face::test::189858.jpg,0.8909512284084498
altclip,face,769,face::train::121281.jpg,face::test::196611.jpg,0.8908711442626445
altclip,face,770,face::train::008309.jpg,face::test::189457.jpg,0.8907501585487588
altclip,face,771,face::train::073196.jpg,face::test::188858.jpg,0.8906963587581134
altclip,face,772,face::train::090489.jpg,face::train::138886.jpg,0.8906890165435039
altclip,face,773,face::train::178182.jpg,face::train::141457.jpg,0.8904707978622756
altclip,face,774,face::train::008309.jpg,face::train::149220.jpg,0.8903729573487938
altclip,face,775,face::train::091980.jpg,face::train::150659.jpg,0.890213025700464
altclip,face,776,face::train::137722.jpg,face::train::150659.jpg,0.8901483474112636
altclip,face,777,face::train::178129.jpg,face::test::201409.jpg,0.8901444481893312
altclip,face,778,face::train::137722.jpg,face::train::141457.jpg,0.8900135839337205
altclip,face,779,face::train::170623.jpg,face::train::032580.jpg,0.8899361055954839
altclip,face,780,face::train::157804.jpg,face::train::141457.jpg,0.88987146966039
altclip,face,781,face::train::063708.jpg,face::test::196611.jpg,0.8898423324498419
altclip,face,782,face::train::060309.jpg,face::test::188858.jpg,0.8895991738753183
altclip,face,783,face::train::091980.jpg,face::train::129132.jpg,0.8889965358445362
altclip,face,784,face::train::032580.jpg,face::test::189457.jpg,0.8889037357735596
altclip,face,785,face::train::092618.jpg,face::test::196777.jpg,0.8888571819290525
altclip,face,786,face::train::137722.jpg,face::train::129132.jpg,0.8888341337302942
altclip,face,787,face::train::092618.jpg,face::test::196611.jpg,0.888815893842348
altclip,face,788,face::train::129132.jpg,face::train::092618.jpg,0.8885643264844627
altclip,face,789,face::train::060309.jpg,face::train::082954.jpg,0.8885080599054114
altclip,face,790,face::train::081413.jpg,face::train::065762.jpg,0.8882873515336391
altclip,face,791,face::train::082954.jpg,face::train::141457.jpg,0.8880938746719791
altclip,face,792,face::train::025692.jpg,face::test::186223.jpg,0.8880555607453553
altclip,face,793,face::train::137722.jpg,face::train::065762.jpg,0.88791735987726
altclip,face,794,face::train::073196.jpg,face::train::141457.jpg,0.887734980827719
altclip,face,795,face::train::170623.jpg,face::train::008309.jpg,0.8877045759405595
altclip,face,796,face::train::063708.jpg,face::train::042973.jpg,0.8876166447862966
altclip,face,797,face::train::089537.jpg,face::train::063708.jpg,0.8874169672242493
altclip,face,798,face::train::089537.jpg,face::train::060309.jpg,0.8874117734060671
altclip,face,799,face::train::149220.jpg,face::train::060309.jpg,0.8873320549806141
altclip,face,800,face::train::178182.jpg,face::test::189457.jpg,0.8872190008804888
altclip,face,801,face::train::092618.jpg,face::train::178129.jpg,0.8872144669682038
altclip,face,802,face::train::081413.jpg,face::test::196611.jpg,0.8871662947188039
altclip,face,803,face::train::157804.jpg,face::train::091980.jpg,0.8871444472409641
altclip,face,804,face::train::157804.jpg,face::train::073196.jpg,0.8871406327083129
altclip,face,805,face::train::060309.jpg,face::test::184003.jpg,0.8865313020140625
altclip,face,806,face::train::026996.jpg,face::train::001042.jpg,0.8862986845804071
altclip,face,807,face::train::090489.jpg,face::train::023736.jpg,0.8862944298945152
altclip,face,808,face::train::121281.jpg,face::train::090489.jpg,0.8862700208776169
altclip,face,809,face::train::157804.jpg,face::train::001042.jpg,0.8861931568878996
altclip,face,810,face::test::189457.jpg,face::test::189858.jpg,0.8859723295137408
altclip,face,811,face::train::092618.jpg,face::test::186223.jpg,0.8858403742790638
altclip,face,812,face::train::063708.jpg,face::train::109762.jpg,0.8857619846663574
altclip,face,813,face::train::025692.jpg,face::train::082954.jpg,0.8850851705742822
altclip,face,814,face::test::188858.jpg,face::test::196777.jpg,0.8850152342540071
altclip,face,815,face::train::088914.jpg,face::train::141457.jpg,0.8849817693262266
altclip,face,816,face::train::060309.jpg,face::test::196777.jpg,0.884746129428274
altclip,face,817,face::train::090489.jpg,face::test::184003.jpg,0.8842899914004351
altclip,face,818,face::train::060309.jpg,face::train::109762.jpg,0.8842725712596127
altclip,face,819,face::train::141457.jpg,face::test::196777.jpg,0.8841478051683426
altclip,face,820,face::train::023736.jpg,face::test::188858.jpg,0.8840167812523052
altclip,face,821,face::train::025692.jpg,face::test::185812.jpg,0.883923496678478
altclip,face,822,face::train::166091.jpg,face::train::088914.jpg,0.8838477921154461
altclip,face,823,face::train::170623.jpg,face::train::178182.jpg,0.8837450447431023
altclip,face,824,face::test::188858.jpg,face::test::184003.jpg,0.8836769016767172
altclip,face,825,face::train::168471.jpg,face::train::025692.jpg,0.8836092952174559
altclip,face,826,face::train::157804.jpg,face::train::129132.jpg,0.8832195136083066
altclip,face,827,face::train::081413.jpg,face::train::138886.jpg,0.8830027246668336
altclip,face,828,face::train::137722.jpg,face::train::109762.jpg,0.8828625385397216
altclip,face,829,face::train::149220.jpg,face::train::060555.jpg,0.88268915780556
altclip,face,830,face::train::025692.jpg,face::train::092618.jpg,0.8823910292716914
altclip,face,831,face::train::170623.jpg,face::test::189858.jpg,0.8822931323794854
altclip,face,832,face::train::168471.jpg,face::train::092618.jpg,0.8821786534248133
altclip,face,833,face::train::063708.jpg,face::test::189858.jpg,0.8818297692796349
altclip,face,834,face::train::025692.jpg,face::train::001042.jpg,0.8815737603567401
altclip,face,835,face::train::168471.jpg,face::train::141457.jpg,0.8814784682559385
altclip,face,836,face::train::138886.jpg,face::test::196611.jpg,0.8814370574815829
altclip,face,837,face::train::170623.jpg,face::train::053065.jpg,0.8813608726928714
altclip,face,838,face::train::065762.jpg,face::test::188858.jpg,0.8812643079852691
altclip,face,839,face::train::092618.jpg,face::test::189858.jpg,0.8812126487599427
altclip,face,840,face::train::150659.jpg,face::test::201409.jpg,0.8810981490479521
altclip,face,841,face::train::157804.jpg,face::train::090489.jpg,0.8810420086062251
altclip,face,842,face::train::157804.jpg,face::test::184003.jpg,0.8809728458992612
altclip,face,843,face::train::081413.jpg,face::test::183801.jpg,0.8807939061289246
altclip,face,844,face::train::129132.jpg,face::train::088914.jpg,0.8807700735429345
altclip,face,845,face::train::168471.jpg,face::train::060309.jpg,0.8805679878028708
altclip,face,846,face::train::081413.jpg,face::train::150659.jpg,0.8805557801876864
altclip,face,847,face::train::090489.jpg,face::train::141457.jpg,0.8801166018418904
altclip,face,848,face::train::090489.jpg,face::train::129132.jpg,0.8799212753163757
altclip,face,849,face::train::060555.jpg,face::test::189457.jpg,0.8798811309739962
altclip,face,850,face::train::123459.jpg,face::test::189457.jpg,0.8798321948206856
altclip,face,851,face::train::060309.jpg,face::train::178129.jpg,0.8797975205745887
altclip,face,852,face::train::063618.jpg,face::train::025692.jpg,0.8797780728495196
altclip,face,853,face::train::088914.jpg,face::train::001042.jpg,0.8796021757825245
altclip,face,854,face::train::063708.jpg,face::test::183801.jpg,0.8795861307163473
altclip,face,855,face::train::170623.jpg,face::train::123459.jpg,0.8794565779739096
altclip,face,856,face::train::023736.jpg,face::train::088914.jpg,0.8791259318189875
altclip,face,857,face::train::157804.jpg,face::train::178182.jpg,0.8790109625325505
altclip,face,858,face::train::157804.jpg,face::test::186223.jpg,0.8788808981331923
altclip,face,859,face::train::157804.jpg,face::test::188858.jpg,0.8784455300056317
altclip,face,860,face::train::042973.jpg,face::test::196611.jpg,0.8779583602084879
altclip,face,861,face::train::090489.jpg,face::train::150659.jpg,0.8777085444528656
altclip,face,862,face::train::157804.jpg,face::test::196777.jpg,0.8776675269775236
altclip,face,863,face::train::141457.jpg,face::test::188858.jpg,0.8776352522004117
altclip,face,864,face::train::141457.jpg,face::test::184003.jpg,0.877582186255646
altclip,face,865,face::train::141457.jpg,face::test::186223.jpg,0.8775587109116633
altclip,face,866,face::train::138886.jpg,face::test::185812.jpg,0.8774854921196764
altclip,face,867,face::train::090489.jpg,face::train::065762.jpg,0.8772714442090594
altclip,face,868,face::train::089537.jpg,face::train::025692.jpg,0.8772280648373424
altclip,face,869,face::train::091980.jpg,face::train::141457.jpg,0.8770208247089321
altclip,face,870,face::train::138886.jpg,face::test::183801.jpg,0.8766889027720532
altclip,face,871,face::train::170623.jpg,face::train::060555.jpg,0.8762530969785889
altclip,face,872,face::train::065762.jpg,face::test::185812.jpg,0.8761480514336083
altclip,face,873,face::train::060555.jpg,face::test::183801.jpg,0.8761027987581489
altclip,face,874,face::train::157804.jpg,face::train::082954.jpg,0.875882339049552
altclip,face,875,face::train::178129.jpg,face::train::141457.jpg,0.875876384852772
altclip,face,876,face::train::090489.jpg,face::train::060309.jpg,0.8757225240534025
altclip,face,877,face::train::092618.jpg,face::test::184003.jpg,0.8755378856347396
altclip,face,878,face::train::109762.jpg,face::test::188858.jpg,0.875318005549351
altclip,face,879,face::train::137722.jpg,face::train::088914.jpg,0.8752454345633724
altclip,face,880,face::train::060555.jpg,face::test::196611.jpg,0.8749536090696685
altclip,face,881,face::train::053065.jpg,face::test::189457.jpg,0.8748947819812487
altclip,face,882,face::train::157804.jpg,face::train::089537.jpg,0.8748210822376202
altclip,face,883,face::train::114832.jpg,face::test::189457.jpg,0.8747458779294977
altclip,face,884,face::train::157804.jpg,face::train::168471.jpg,0.8745882887353986
altclip,face,885,face::train::150659.jpg,face::test::188858.jpg,0.8741107182895296
altclip,face,886,face::train::071174.jpg,face::train::121281.jpg,0.8738276838451854
altclip,face,887,face::train::178182.jpg,face::train::088914.jpg,0.8737994887196258
altclip,face,888,face::train::170623.jpg,face::train::114832.jpg,0.8733825103706963
altclip,face,889,face::train::101485.jpg,face::train::092618.jpg,0.8733597822771781
altclip,face,890,face::train::063708.jpg,face::train::025692.jpg,0.8732161304579344
altclip,face,891,face::train::060309.jpg,face::train::042973.jpg,0.8732053419672864
altclip,face,892,face::train::129132.jpg,face::test::188858.jpg,0.8730735759808043
altclip,face,893,face::train::042973.jpg,face::train::178129.jpg,0.8729250854204289
altclip,face,894,face::train::090489.jpg,face::train::088914.jpg,0.8728794915209789
altclip,face,895,face::train::091980.jpg,face::train::121281.jpg,0.8726978613613658
altclip,face,896,face::train::137722.jpg,face::train::157804.jpg,0.8723308278634437
altclip,face,897,face::train::053065.jpg,face::train::088914.jpg,0.872306186744215
altclip,face,898,face::train::025692.jpg,face::train::123459.jpg,0.8723039455626788
altclip,face,899,face::train::073196.jpg,face::train::088914.jpg,0.8722954170382528
altclip,face,900,face::train::114832.jpg,face::train::025692.jpg,0.8722518164007275
altclip,face,901,face::train::042973.jpg,face::test::183801.jpg,0.8718299220483071
altclip,face,902,face::train::168471.jpg,face::train::088914.jpg,0.8714909049203209
altclip,face,903,face::train::157804.jpg,face::train::109762.jpg,0.871306726424527
altclip,face,904,face::train::025692.jpg,face::train::032580.jpg,0.8709719864824845
altclip,face,905,face::train::053065.jpg,face::train::101485.jpg,0.8709105045076461
altclip,face,906,face::train::089537.jpg,face::train::092618.jpg,0.8706219802224454
altclip,face,907,face::train::090489.jpg,face::train::109762.jpg,0.8703014463269529
altclip,face,908,face::train::088914.jpg,face::test::196777.jpg,0.8697140231753374
altclip,face,909,face::train::091980.jpg,face::train::088914.jpg,0.8695642462991747
altclip,face,910,face::train::141457.jpg,face::train::109762.jpg,0.8695270630161805
altclip,face,911,face::train::060309.jpg,face::test::196611.jpg,0.8693692591694951
altclip,face,912,face::train::166091.jpg,face::test::196611.jpg,0.8691135114842552
altclip,face,913,face::train::178182.jpg,face::train::101485.jpg,0.8688366239536438
altclip,face,914,face::train::063618.jpg,face::train::065762.jpg,0.868801386015515
altclip,face,915,face::train::025692.jpg,face::test::201409.jpg,0.8685297169141919
altclip,face,916,face::train::157804.jpg,face::test::189858.jpg,0.8680004635181344
altclip,face,917,face::train::089537.jpg,face::train::088914.jpg,0.8679796610424706
altclip,face,918,face::train::060309.jpg,face::test::183801.jpg,0.8678705460364113
altclip,face,919,face::train::150659.jpg,face::test::185812.jpg,0.867416351922095
altclip,face,920,face::train::178182.jpg,face::train::026996.jpg,0.8670122349996247
altclip,face,921,face::test::189457.jpg,face::test::201409.jpg,0.8667942322178368
altclip,face,922,face::train::089537.jpg,face::train::141457.jpg,0.8664463133966791
altclip,face,923,face::train::060555.jpg,face::train::178129.jpg,0.8663783594723136
altclip,face,924,face::train::101485.jpg,face::test::189858.jpg,0.8663053687960031
altclip,face,925,face::train::170623.jpg,face::train::071174.jpg,0.8657896507601995
altclip,face,926,face::train::157804.jpg,face::test::196611.jpg,0.8657237699751121
altclip,face,927,face::train::008309.jpg,face::train::025692.jpg,0.8655289195886757
altclip,face,928,face::train::082954.jpg,face::train::088914.jpg,0.865447201798434
altclip,face,929,face::train::042973.jpg,face::train::141457.jpg,0.8653620488230602
altclip,face,930,face::train::063618.jpg,face::train::138886.jpg,0.8648445131081902
altclip,face,931,face::train::166091.jpg,face::train::178129.jpg,0.8646805510938442
altclip,face,932,face::train::157804.jpg,face::train::042973.jpg,0.8646407565114635
altclip,face,933,face::train::092618.jpg,face::train::109762.jpg,0.8645870699735233
altclip,face,934,face::train::042973.jpg,face::train::092618.jpg,0.8645245685012485
altclip,face,935,face::train::170623.jpg,face::train::081413.jpg,0.8644981574803495
altclip,face,936,face::train::088914.jpg,face::test::186223.jpg,0.8644514205097847
altclip,face,937,face::train::071174.jpg,face::train::149220.jpg,0.86442958011751
altclip,face,938,face::train::170623.jpg,face::test::201409.jpg,0.8644220323748573
altclip,face,939,face::train::157804.jpg,face::test::183801.jpg,0.8641374502597301
altclip,face,940,face::train::060309.jpg,face::test::189858.jpg,0.8638186462193327
altclip,face,941,face::train::065762.jpg,face::train::063708.jpg,0.8638076457373269
altclip,face,942,face::train::063618.jpg,face::train::101485.jpg,0.8635878685438778
altclip,face,943,face::train::073196.jpg,face::test::196611.jpg,0.8632172214553674
altclip,face,944,face::train::166091.jpg,face::test::183801.jpg,0.8631497172648878
altclip,face,945,face::train::026996.jpg,face::test::189858.jpg,0.8630140586086106
altclip,face,946,face::train::063618.jpg,face::train::150659.jpg,0.8628456550698136
altclip,face,947,face::train::071174.jpg,face::test::189457.jpg,0.8626498685735068
altclip,face,948,face::train::088914.jpg,face::test::183801.jpg,0.8625022549441208
altclip,face,949,face::train::141457.jpg,face::test::189858.jpg,0.862407688769672
altclip,face,950,face::test::196777.jpg,face::test::196611.jpg,0.8613471137958969
altclip,face,951,face::train::157804.jpg,face::train::178129.jpg,0.8610617021485794
altclip,face,952,face::train::141457.jpg,face::test::196611.jpg,0.8609150185492344
altclip,face,953,face::train::088914.jpg,face::test::188858.jpg,0.8609135513091642
altclip,face,954,face::train::063708.jpg,face::train::138886.jpg,0.8608397248322607
altclip,face,955,face::train::101485.jpg,face::test::186223.jpg,0.8604563927400976
altclip,face,956,face::train::081413.jpg,face::test::189457.jpg,0.8595061610654727
altclip,face,957,face::train::073196.jpg,face::test::183801.jpg,0.8586990810670622
altclip,face,958,face::train::178129.jpg,face::train::088914.jpg,0.8585028163740562
altclip,face,959,face::train::137722.jpg,face::train::149220.jpg,0.8583089046092386
altclip,face,960,face::train::101485.jpg,face::train::001042.jpg,0.8570359240130364
altclip,face,961,face::test::184003.jpg,face::test::196611.jpg,0.8567939510750222
altclip,face,962,face::train::088914.jpg,face::test::184003.jpg,0.8564154731349921
altclip,face,963,face::train::090489.jpg,face::train::149220.jpg,0.8554380099311631
altclip,face,964,face::train::121281.jpg,face::train::053065.jpg,0.8552170965724865
altclip,face,965,face::train::101485.jpg,face::test::185812.jpg,0.8549824914033777
altclip,face,966,face::train::073196.jpg,face::train::178129.jpg,0.8548227446897321
altclip,face,967,face::train::023736.jpg,face::test::196611.jpg,0.8546690681448497
altclip,face,968,face::train::053065.jpg,face::train::026996.jpg,0.8545630412279601
altclip,face,969,face::train::088914.jpg,face::test::189858.jpg,0.8539592760656007
altclip,face,970,face::train::101485.jpg,face::train::123459.jpg,0.8538515418778223
altclip,face,971,face::train::081413.jpg,face::train::025692.jpg,0.853821443935742
altclip,face,972,face::train::114832.jpg,face::train::101485.jpg,0.8534367722089226
altclip,face,973,face::train::143554.jpg,face::train::101485.jpg,0.8533258878133981
altclip,face,974,face::train::023736.jpg,face::test::183801.jpg,0.8525059622346638
altclip,face,975,face::train::088914.jpg,face::test::196611.jpg,0.8522671179947303
altclip,face,976,face::train::042973.jpg,face::train::088914.jpg,0.8521238248747595
altclip,face,977,face::train::121281.jpg,face::train::092618.jpg,0.8520998069738618
altclip,face,978,face::train::026996.jpg,face::train::032580.jpg,0.8514047842120359
altclip,face,979,face::train::065762.jpg,face::test::196611.jpg,0.8513639983735025
altclip,face,980,face::train::109762.jpg,face::test::196611.jpg,0.8510956544992939
altclip,face,981,face::train::063708.jpg,face::train::150659.jpg,0.8510581165425135
altclip,face,982,face::train::178129.jpg,face::test::196777.jpg,0.8510317606609585
altclip,face,983,face::test::183801.jpg,face::test::196777.jpg,0.8509171549540653
altclip,face,984,face::train::101485.jpg,face::train::032580.jpg,0.8508097883122844
altclip,face,985,face::train::138886.jpg,face::train::060309.jpg,0.8507775091492862
altclip,face,986,face::train::129132.jpg,face::test::196611.jpg,0.8507311959013975
altclip,face,987,face::train::101485.jpg,face::train::088914.jpg,0.8502083169594752
altclip,face,988,face::train::141457.jpg,face::test::183801.jpg,0.8501606286652416
altclip,face,989,face::train::121281.jpg,face::train::178182.jpg,0.849698446173335
altclip,face,990,face::train::065762.jpg,face::train::060309.jpg,0.8496426980908822
altclip,face,991,face::train::025692.jpg,face::train::088914.jpg,0.8496295676098566
altclip,face,992,face::train::101485.jpg,face::train::082954.jpg,0.8495843834767832
altclip,face,993,face::train::121281.jpg,face::test::189858.jpg,0.8495105918985421
altclip,face,994,face::train::091980.jpg,face::train::149220.jpg,0.8494738662114084
altclip,face,995,face::train::150659.jpg,face::test::183801.jpg,0.8492994542768846
altclip,face,996,face::train::149220.jpg,face::train::001042.jpg,0.8487381435344675
altclip,face,997,face::train::149220.jpg,face::test::188858.jpg,0.8484025491468947
altclip,face,998,face::train::008309.jpg,face::train::026996.jpg,0.8483860920655623
altclip,face,999,face::train::138886.jpg,face::train::178129.jpg,0.8483399655542919
altclip,face,1000,face::train::023736.jpg,face::train::178129.jpg,0.8483122546921196
altclip,face,1001,face::train::060309.jpg,face::train::025692.jpg,0.8483104036613989
altclip,face,1002,face::test::183801.jpg,face::test::184003.jpg,0.8482389855824372
altclip,face,1003,face::train::065762.jpg,face::test::183801.jpg,0.8478964648614569
altclip,face,1004,face::train::101485.jpg,face::train::060309.jpg,0.847701240090741
altclip,face,1005,face::train::149220.jpg,face::train::178129.jpg,0.8476941597538136
altclip,face,1006,face::train::150659.jpg,face::test::196611.jpg,0.8472075174040816
altclip,face,1007,face::train::121281.jpg,face::train::063618.jpg,0.8471590330622364
altclip,face,1008,face::train::168471.jpg,face::train::101485.jpg,0.8467326873270331
altclip,face,1009,face::train::157804.jpg,face::train::138886.jpg,0.8466511929599093
altclip,face,1010,face::train::025692.jpg,face::train::060555.jpg,0.8466473199754899
altclip,face,1011,face::train::088914.jpg,face::train::109762.jpg,0.8463646377777795
altclip,face,1012,face::train::060309.jpg,face::train::150659.jpg,0.8462057504032174
altclip,face,1013,face::train::089537.jpg,face::train::101485.jpg,0.846074793076727
altclip,face,1014,face::train::129132.jpg,face::test::183801.jpg,0.8459193705789152
altclip,face,1015,face::train::149220.jpg,face::test::183801.jpg,0.845902637952929
altclip,face,1016,face::train::157804.jpg,face::train::025692.jpg,0.8453410231739547
altclip,face,1017,face::train::053065.jpg,face::train::149220.jpg,0.8450991631091113
altclip,face,1018,face::train::101485.jpg,face::train::063708.jpg,0.8449019796372021
altclip,face,1019,face::train::065762.jpg,face::train::092618.jpg,0.8446390483779731
altclip,face,1020,face::train::101485.jpg,face::test::201409.jpg,0.8445452715052519
altclip,face,1021,face::train::129132.jpg,face::train::178129.jpg,0.8442714877912971
altclip,face,1022,face::train::060555.jpg,face::train::026996.jpg,0.8436204658776119
altclip,face,1023,face::train::178129.jpg,face::train::109762.jpg,0.8435913648765345
altclip,face,1024,face::train::138886.jpg,face::train::141457.jpg,0.8434521476698146
altclip,face,1025,face::train::091980.jpg,face::test::189457.jpg,0.8432252540978994
altclip,face,1026,face::train::138886.jpg,face::train::092618.jpg,0.8431372728137405
altclip,face,1027,face::train::150659.jpg,face::train::141457.jpg,0.8431273423896789
altclip,face,1028,face::train::178129.jpg,face::test::184003.jpg,0.8429447793115186
altclip,face,1029,face::train::065762.jpg,face::train::141457.jpg,0.8423497879248714
altclip,face,1030,face::train::121281.jpg,face::train::001042.jpg,0.8422764826601846
altclip,face,1031,face::train::166091.jpg,face::train::149220.jpg,0.8415625100204667
altclip,face,1032,face::test::189457.jpg,face::test::185812.jpg,0.8407284400814783
altclip,face,1033,face::train::157804.jpg,face::train::150659.jpg,0.8402869649860865
altclip,face,1034,face::train::149220.jpg,face::train::025692.jpg,0.8401638616369674
altclip,face,1035,face::train::071174.jpg,face::train::026996.jpg,0.8400191531550132
altclip,face,1036,face::train::170623.jpg,face::test::185812.jpg,0.8395255183472194
altclip,face,1037,face::train::121281.jpg,face::test::185812.jpg,0.8394802553433054
altclip,face,1038,face::train::170623.jpg,face::train::091980.jpg,0.8394290707174459
altclip,face,1039,face::train::063618.jpg,face::test::189457.jpg,0.8390433354340068
altclip,face,1040,face::train::065762.jpg,face::train::178129.jpg,0.8390112219282316
altclip,face,1041,face::train::008309.jpg,face::train::101485.jpg,0.8389966857034326
altclip,face,1042,face::train::170623.jpg,face::train::063618.jpg,0.8383968158855235
altclip,face,1043,face::train::143554.jpg,face::test::183801.jpg,0.8370609149040736
altclip,face,1044,face::train::109762.jpg,face::test::183801.jpg,0.836987377638726
altclip,face,1045,face::train::026996.jpg,face::train::123459.jpg,0.8366684747879655
altclip,face,1046,face::train::081413.jpg,face::train::101485.jpg,0.8366295548482462
altclip,face,1047,face::train::025692.jpg,face::train::141457.jpg,0.8364860020777947
altclip,face,1048,face::train::121281.jpg,face::train::114832.jpg,0.8364481520645763
altclip,face,1049,face::train::157804.jpg,face::train::065762.jpg,0.8360755192959397
altclip,face,1050,face::train::137722.jpg,face::train::143554.jpg,0.835647902910333
altclip,face,1051,face::train::150659.jpg,face::train::178129.jpg,0.8355493742529253
altclip,face,1052,face::train::143554.jpg,face::test::196611.jpg,0.8345751718817109
altclip,face,1053,face::train::178182.jpg,face::train::149220.jpg,0.8345194528180968
altclip,face,1054,face::train::129132.jpg,face::train::149220.jpg,0.8345174272561758
altclip,face,1055,face::train::101485.jpg,face::train::060555.jpg,0.8339771835177024
altclip,face,1056,face::train::114832.jpg,face::train::026996.jpg,0.8336124942006249
altclip,face,1057,face::train::121281.jpg,face::train::149220.jpg,0.8336079775432523
altclip,face,1058,face::train::143554.jpg,face::train::025692.jpg,0.8333204157019456
altclip,face,1059,face::train::143554.jpg,face::train::178129.jpg,0.8331338970128072
altclip,face,1060,face::train::157804.jpg,face::train::101485.jpg,0.8326158318624698
altclip,face,1061,face::train::150659.jpg,face::train::092618.jpg,0.8326035404737454
altclip,face,1062,face::train::023736.jpg,face::train::149220.jpg,0.832262708644644
altclip,face,1063,face::train::121281.jpg,face::train::032580.jpg,0.8317539889764262
altclip,face,1064,face::train::149220.jpg,face::test::196611.jpg,0.831625403709749
altclip,face,1065,face::train::170623.jpg,face::train::137722.jpg,0.8306406545262294
altclip,face,1066,face::train::137722.jpg,face::test::189457.jpg,0.8304275392153871
altclip,face,1067,face::train::149220.jpg,face::train::073196.jpg,0.8301468715756546
altclip,face,1068,face::train::063708.jpg,face::test::189457.jpg,0.8301238016750089
altclip,face,1069,face::train::121281.jpg,face::train::063708.jpg,0.8295529928944113
altclip,face,1070,face::train::121281.jpg,face::train::088914.jpg,0.8294886289828496
altclip,face,1071,face::train::149220.jpg,face::test::189858.jpg,0.8294100448069748
altclip,face,1072,face::train::025692.jpg,face::train::042973.jpg,0.8290887403276461
altclip,face,1073,face::train::143554.jpg,face::test::188858.jpg,0.8290488832532859
altclip,face,1074,face::train::166091.jpg,face::train::025692.jpg,0.828575292433239
altclip,face,1075,face::train::121281.jpg,face::train::143554.jpg,0.8285205979319756
altclip,face,1076,face::train::121281.jpg,face::test::186223.jpg,0.828470025449979
altclip,face,1077,face::train::121281.jpg,face::train::082954.jpg,0.8283324840661646
altclip,face,1078,face::train::121281.jpg,face::train::123459.jpg,0.8277761754846718
altclip,face,1079,face::train::101485.jpg,face::train::149220.jpg,0.8276279658714796
altclip,face,1080,face::train::170623.jpg,face::test::188858.jpg,0.8268870360906009
altclip,face,1081,face::train::149220.jpg,face::train::082954.jpg,0.8267318449416009
altclip,face,1082,face::train::071174.jpg,face::train::143554.jpg,0.8267265657672144
altclip,face,1083,face::train::170623.jpg,face::train::060309.jpg,0.8265212707422604
altclip,face,1084,face::train::121281.jpg,face::test::201409.jpg,0.8263976027766974
altclip,face,1085,face::train::170623.jpg,face::train::141457.jpg,0.826093870660271
altclip,face,1086,face::test::189457.jpg,face::test::188858.jpg,0.8260624677250955
altclip,face,1087,face::train::150659.jpg,face::train::088914.jpg,0.8253827578623578
altclip,face,1088,face::train::170623.jpg,face::train::063708.jpg,0.8247138836378985
altclip,face,1089,face::train::101485.jpg,face::train::141457.jpg,0.8245201032201531
altclip,face,1090,face::train::090489.jpg,face::train::143554.jpg,0.8234919546407452
altclip,face,1091,face::train::090489.jpg,face::test::189457.jpg,0.823470769180845
altclip,face,1092,face::train::149220.jpg,face::test::186223.jpg,0.8232706358224255
altclip,face,1093,face::train::149220.jpg,face::test::196777.jpg,0.8226485797017548
altclip,face,1094,face::train::168471.jpg,face::train::149220.jpg,0.8219297371099892
altclip,face,1095,face::train::081413.jpg,face::train::026996.jpg,0.8218657799582106
altclip,face,1096,face::train::170623.jpg,face::train::157804.jpg,0.8216517190860207
altclip,face,1097,face::train::141457.jpg,face::test::189457.jpg,0.8210347115802292
altclip,face,1098,face::train::065762.jpg,face::train::088914.jpg,0.8210097787749775
altclip,face,1099,face::train::121281.jpg,face::train::168471.jpg,0.8207332163355348
altclip,face,1100,face::train::060309.jpg,face::test::189457.jpg,0.8198907270611316
altclip,face,1101,face::train::121281.jpg,face::train::008309.jpg,0.8196412065292575
altclip,face,1102,face::train::026996.jpg,face::test::201409.jpg,0.8188764564591781
altclip,face,1103,face::train::121281.jpg,face::train::089537.jpg,0.8185124467981351
altclip,face,1104,face::train::081413.jpg,face::train::121281.jpg,0.8182994994323285
altclip,face,1105,face::train::170623.jpg,face::train::090489.jpg,0.8177249518853645
altclip,face,1106,face::train::091980.jpg,face::train::143554.jpg,0.817575482638785
altclip,face,1107,face::train::121281.jpg,face::train::060309.jpg,0.8171431735578849
altclip,face,1108,face::train::089537.jpg,face::train::149220.jpg,0.8169975072062615
altclip,face,1109,face::train::157804.jpg,face::train::121281.jpg,0.8167234439725021
altclip,face,1110,face::train::143554.jpg,face::train::178182.jpg,0.8163593908071414
altclip,face,1111,face::train::149220.jpg,face::test::184003.jpg,0.816325375234625
altclip,face,1112,face::train::137722.jpg,face::train::026996.jpg,0.8159809246308942
altclip,face,1113,face::train::091980.jpg,face::train::026996.jpg,0.8159535477873818
altclip,face,1114,face::train::092618.jpg,face::test::189457.jpg,0.8151304888668366
altclip,face,1115,face::train::121281.jpg,face::train::141457.jpg,0.8141181281982344
altclip,face,1116,face::train::138886.jpg,face::train::025692.jpg,0.8136730635742623
altclip,face,1117,face::train::157804.jpg,face::test::189457.jpg,0.8133297509742149
altclip,face,1118,face::train::025692.jpg,face::train::073196.jpg,0.8123935272100682
altclip,face,1119,face::train::138886.jpg,face::train::088914.jpg,0.8119490115973119
altclip,face,1120,face::train::170623.jpg,face::train::092618.jpg,0.8095317258248212
altclip,face,1121,face::train::023736.jpg,face::train::025692.jpg,0.8091560088892424
altclip,face,1122,face::train::053065.jpg,face::train::143554.jpg,0.808844672393604
altclip,face,1123,face::train::025692.jpg,face::test::196777.jpg,0.8057019784884321
altclip,face,1124,face::train::090489.jpg,face::train::026996.jpg,0.8046431604616243
altclip,face,1125,face::train::121281.jpg,face::train::060555.jpg,0.8042050481588143
altclip,face,1126,face::train::143554.jpg,face::train::063618.jpg,0.8027060692850245
altclip,face,1127,face::train::149220.jpg,face::train::109762.jpg,0.8018683629675812
altclip,face,1128,face::train::025692.jpg,face::test::184003.jpg,0.8016190987894063
altclip,face,1129,face::train::143554.jpg,face::test::189858.jpg,0.8013350605086613
altclip,face,1130,face::train::143554.jpg,face::test::185812.jpg,0.8012362903298491
altclip,face,1131,face::train::026996.jpg,face::test::188858.jpg,0.8008128420949286
altclip,face,1132,face::train::149220.jpg,face::train::042973.jpg,0.8007174507849846
altclip,face,1133,face::train::170623.jpg,face::train::088914.jpg,0.7996785169890088
altclip,face,1134,face::train::088914.jpg,face::test::189457.jpg,0.7980146369867664
altclip,face,1135,face::train::143554.jpg,face::train::082954.jpg,0.7978424723946071
altclip,face,1136,face::train::101485.jpg,face::train::042973.jpg,0.7978105508839632
altclip,face,1137,face::train::114832.jpg,face::train::143554.jpg,0.7977377523611696
altclip,face,1138,face::train::143554.jpg,face::train::089537.jpg,0.7976269755184633
altclip,face,1139,face::train::143554.jpg,face::train::001042.jpg,0.7974979240812372
altclip,face,1140,face::train::143554.jpg,face::test::186223.jpg,0.7962252233205644
altclip,face,1141,face::train::129132.jpg,face::train::025692.jpg,0.7960740480923341
altclip,face,1142,face::train::166091.jpg,face::train::101485.jpg,0.7953574186803473
altclip,face,1143,face::train::025692.jpg,face::train::150659.jpg,0.7947872295106034
altclip,face,1144,face::train::063618.jpg,face::train::026996.jpg,0.7939113751776838
altclip,face,1145,face::train::143554.jpg,face::train::060309.jpg,0.7935765580256293
altclip,face,1146,face::train::081413.jpg,face::train::143554.jpg,0.7932553821771371
altclip,face,1147,face::train::170623.jpg,face::test::183801.jpg,0.7929165231074561
altclip,face,1148,face::train::143554.jpg,face::train::168471.jpg,0.7928266942626035
altclip,face,1149,face::train::170623.jpg,face::test::196611.jpg,0.7927084516346435
altclip,face,1150,face::test::189457.jpg,face::test::183801.jpg,0.7922238689241632
altclip,face,1151,face::train::026996.jpg,face::test::185812.jpg,0.7921480567235685
altclip,face,1152,face::train::065762.jpg,face::train::025692.jpg,0.7902632666970764
altclip,face,1153,face::train::143554.jpg,face::train::123459.jpg,0.79020995199405
altclip,face,1154,face::train::143554.jpg,face::train::088914.jpg,0.7897177389924768
altclip,face,1155,face::train::143554.jpg,face::train::032580.jpg,0.7895173105490515
altclip,face,1156,face::test::189457.jpg,face::test::196611.jpg,0.7891960956262016
altclip,face,1157,face::train::025692.jpg,face::train::109762.jpg,0.786543128009407
altclip,face,1158,face::train::101485.jpg,face::train::023736.jpg,0.7842234920153106
altclip,face,1159,face::train::101485.jpg,face::train::073196.jpg,0.7841390451949797
altclip,face,1160,face::train::143554.jpg,face::test::201409.jpg,0.783538845088612
altclip,face,1161,face::train::170623.jpg,face::train::178129.jpg,0.7803574346048899
altclip,face,1162,face::train::063708.jpg,face::train::026996.jpg,0.7802794236774021
altclip,face,1163,face::train::101485.jpg,face::train::150659.jpg,0.7798523791746664
altclip,face,1164,face::train::143554.jpg,face::train::063708.jpg,0.779693046887889
altclip,face,1165,face::train::178129.jpg,face::test::189457.jpg,0.7790963225082502
altclip,face,1166,face::train::060309.jpg,face::train::026996.jpg,0.7786003612869635
altclip,face,1167,face::train::026996.jpg,face::train::141457.jpg,0.7761427357866201
altclip,face,1168,face::train::129132.jpg,face::train::101485.jpg,0.7758703255479048
altclip,face,1169,face::train::008309.jpg,face::train::143554.jpg,0.7753139401697215
altclip,face,1170,face::train::101485.jpg,face::train::138886.jpg,0.7742904492745571
altclip,face,1171,face::train::143554.jpg,face::train::060555.jpg,0.7737189393305111
altclip,face,1172,face::train::143554.jpg,face::train::092618.jpg,0.7735543508657061
altclip,face,1173,face::train::157804.jpg,face::train::026996.jpg,0.7717747884011842
altclip,face,1174,face::train::143554.jpg,face::train::141457.jpg,0.7715856391639943
altclip,face,1175,face::train::101485.jpg,face::test::196777.jpg,0.770498867262043
altclip,face,1176,face::train::065762.jpg,face::train::149220.jpg,0.7682834923337293
altclip,face,1177,face::train::026996.jpg,face::test::183801.jpg,0.7681286613678562
altclip,face,1178,face::train::166091.jpg,face::train::121281.jpg,0.7675281705867595
altclip,face,1179,face::train::138886.jpg,face::train::149220.jpg,0.7664997359300647
altclip,face,1180,face::train::121281.jpg,face::train::042973.jpg,0.7663143636785232
altclip,face,1181,face::train::149220.jpg,face::train::150659.jpg,0.7651802539336375
altclip,face,1182,face::train::101485.jpg,face::test::184003.jpg,0.7647114090110563
altclip,face,1183,face::train::026996.jpg,face::test::196611.jpg,0.7628600604985074
altclip,face,1184,face::train::026996.jpg,face::train::092618.jpg,0.759452060510612
altclip,face,1185,face::train::143554.jpg,face::train::149220.jpg,0.7593734343983232
altclip,face,1186,face::train::143554.jpg,face::train::042973.jpg,0.7581541791471716
altclip,face,1187,face::train::101485.jpg,face::train::109762.jpg,0.7566052477885924
altclip,face,1188,face::train::157804.jpg,face::train::143554.jpg,0.7563768426097471
altclip,face,1189,face::train::065762.jpg,face::train::101485.jpg,0.7562273263353133
altclip,face,1190,face::train::026996.jpg,face::train::178129.jpg,0.7533329983649389
altclip,face,1191,face::train::026996.jpg,face::train::088914.jpg,0.7508928873070195
altclip,face,1192,face::train::143554.jpg,face::test::196777.jpg,0.7504014252511363
altclip,face,1193,face::train::121281.jpg,face::train::023736.jpg,0.7478820377072813
altclip,face,1194,face::train::121281.jpg,face::train::073196.jpg,0.7473734814997814
altclip,face,1195,face::train::170623.jpg,face::train::149220.jpg,0.7463504241300661
altclip,face,1196,face::train::166091.jpg,face::train::143554.jpg,0.7449518112958489
altclip,face,1197,face::train::129132.jpg,face::train::143554.jpg,0.7446434612538634
altclip,face,1198,face::train::149220.jpg,face::test::189457.jpg,0.744140744567739
altclip,face,1199,face::train::121281.jpg,face::test::196777.jpg,0.7437525205145388
altclip,face,1200,face::train::143554.jpg,face::train::150659.jpg,0.7430159530756463
altclip,face,1201,face::train::121281.jpg,face::train::150659.jpg,0.7428135327972594
altclip,face,1202,face::train::143554.jpg,face::train::023736.jpg,0.7421737353402018
altclip,face,1203,face::train::121281.jpg,face::train::138886.jpg,0.7385489798985055
altclip,face,1204,face::train::143554.jpg,face::train::073196.jpg,0.737611970289441
altclip,face,1205,face::train::121281.jpg,face::train::129132.jpg,0.7364703690203628
altclip,face,1206,face::train::121281.jpg,face::test::184003.jpg,0.7328015877715073
altclip,face,1207,face::train::143554.jpg,face::train::138886.jpg,0.7279974768657915
altclip,face,1208,face::train::143554.jpg,face::test::184003.jpg,0.7276751111315698
altclip,face,1209,face::train::170623.jpg,face::train::025692.jpg,0.7263190745629291
altclip,face,1210,face::train::143554.jpg,face::train::109762.jpg,0.7211676006629996
altclip,face,1211,face::train::121281.jpg,face::train::065762.jpg,0.7175308503358971
altclip,face,1212,face::train::025692.jpg,face::test::189457.jpg,0.7173509105072027
altclip,face,1213,face::train::121281.jpg,face::train::109762.jpg,0.7151620615656881
altclip,face,1214,face::train::143554.jpg,face::train::065762.jpg,0.7126679396134934
altclip,face,1215,face::train::025692.jpg,face::train::026996.jpg,0.6972823471762861
altclip,face,1216,face::train::101485.jpg,face::test::189457.jpg,0.6933598702410625
altclip,face,1217,face::train::170623.jpg,face::train::101485.jpg,0.6880352996788531
altclip,face,1218,face::train::149220.jpg,face::train::026996.jpg,0.6872090573672658
altclip,face,1219,face::train::101485.jpg,face::train::026996.jpg,0.6610681093357427
altclip,face,1220,face::train::143554.jpg,face::test::189457.jpg,0.6581278901479916
altclip,face,1221,face::train::170623.jpg,face::train::121281.jpg,0.6543313815166658
altclip,face,1222,face::train::121281.jpg,face::test::189457.jpg,0.6514724196816879
altclip,face,1223,face::train::170623.jpg,face::train::143554.jpg,0.6463832266388404
altclip,face,1224,face::train::143554.jpg,face::train::026996.jpg,0.6400423765115638
altclip,face,1225,face::train::121281.jpg,face::train::026996.jpg,0.6253105747252321
deberta_v3_base_mean_pool,face,1,face::train::150659.jpg,face::train::073196.jpg,0.9981444868720364
deberta_v3_base_mean_pool,face,2,face::train::071174.jpg,face::test::189858.jpg,0.9980808176325057
deberta_v3_base_mean_pool,face,3,face::train::137722.jpg,face::test::189858.jpg,0.9979539243170693
deberta_v3_base_mean_pool,face,4,face::train::129132.jpg,face::train::060555.jpg,0.9978368019925482
deberta_v3_base_mean_pool,face,5,face::train::060555.jpg,face::train::082954.jpg,0.9978295779939401
deberta_v3_base_mean_pool,face,6,face::train::025692.jpg,face::train::082954.jpg,0.9978256452247817
deberta_v3_base_mean_pool,face,7,face::train::008309.jpg,face::train::023736.jpg,0.997775027638408
deberta_v3_base_mean_pool,face,8,face::train::053065.jpg,face::test::188858.jpg,0.9977383870102684
deberta_v3_base_mean_pool,face,9,face::train::138886.jpg,face::test::184003.jpg,0.9977121888588203
deberta_v3_base_mean_pool,face,10,face::train::149220.jpg,face::test::186223.jpg,0.99760470501427
deberta_v3_base_mean_pool,face,11,face::train::053065.jpg,face::test::186223.jpg,0.9975824075882346
deberta_v3_base_mean_pool,face,12,face::train::137722.jpg,face::train::071174.jpg,0.9974717278501305
deberta_v3_base_mean_pool,face,13,face::train::008309.jpg,face::test::183801.jpg,0.9974715071310197
deberta_v3_base_mean_pool,face,14,face::train::023736.jpg,face::train::060555.jpg,0.9974600343855748
deberta_v3_base_mean_pool,face,15,face::train::071174.jpg,face::train::149220.jpg,0.9974229251497455
deberta_v3_base_mean_pool,face,16,face::train::008309.jpg,face::train::001042.jpg,0.997403736051919
deberta_v3_base_mean_pool,face,17,face::train::150659.jpg,face::train::123459.jpg,0.9973895144688498
deberta_v3_base_mean_pool,face,18,face::train::090489.jpg,face::test::189858.jpg,0.9973486056821944
deberta_v3_base_mean_pool,face,19,face::train::129132.jpg,face::train::023736.jpg,0.9973464335870266
deberta_v3_base_mean_pool,face,20,face::train::063708.jpg,face::train::060555.jpg,0.9973354635101163
deberta_v3_base_mean_pool,face,21,face::test::186223.jpg,face::test::185812.jpg,0.9972747242054917
deberta_v3_base_mean_pool,face,22,face::train::023736.jpg,face::test::183801.jpg,0.9972653760616463
deberta_v3_base_mean_pool,face,23,face::train::008309.jpg,face::train::129132.jpg,0.9972626005585471
deberta_v3_base_mean_pool,face,24,face::train::063618.jpg,face::test::183801.jpg,0.9972251640830377
deberta_v3_base_mean_pool,face,25,face::train::121281.jpg,face::train::053065.jpg,0.9972229963869705
deberta_v3_base_mean_pool,face,26,face::train::023736.jpg,face::train::082954.jpg,0.997213244445916
deberta_v3_base_mean_pool,face,27,face::train::008309.jpg,face::train::063618.jpg,0.9972066033664035
deberta_v3_base_mean_pool,face,28,face::train::168471.jpg,face::train::082954.jpg,0.9971704283514354
deberta_v3_base_mean_pool,face,29,face::train::060555.jpg,face::train::001042.jpg,0.9971487508507129
deberta_v3_base_mean_pool,face,30,face::train::121281.jpg,face::test::188858.jpg,0.9971279039446506
deberta_v3_base_mean_pool,face,31,face::train::071174.jpg,face::test::188858.jpg,0.9971043147688483
deberta_v3_base_mean_pool,face,32,face::train::090489.jpg,face::train::129132.jpg,0.997087143242234
deberta_v3_base_mean_pool,face,33,face::train::023736.jpg,face::train::063708.jpg,0.9970605393490343
deberta_v3_base_mean_pool,face,34,face::train::063618.jpg,face::train::023736.jpg,0.9970580437756805
deberta_v3_base_mean_pool,face,35,face::train::091980.jpg,face::test::196777.jpg,0.9970360064632443
deberta_v3_base_mean_pool,face,36,face::train::008309.jpg,face::train::060555.jpg,0.9970070546493124
deberta_v3_base_mean_pool,face,37,face::train::053065.jpg,face::train::149220.jpg,0.9969672925897669
deberta_v3_base_mean_pool,face,38,face::train::168471.jpg,face::train::026996.jpg,0.9969502733117439
deberta_v3_base_mean_pool,face,39,face::train::168471.jpg,face::train::023736.jpg,0.9969368386058696
deberta_v3_base_mean_pool,face,40,face::train::081413.jpg,face::train::090489.jpg,0.9969322045131557
deberta_v3_base_mean_pool,face,41,face::train::129132.jpg,face::train::063708.jpg,0.9969294758778614
deberta_v3_base_mean_pool,face,42,face::train::023736.jpg,face::train::042973.jpg,0.9969112100288848
deberta_v3_base_mean_pool,face,43,face::train::129132.jpg,face::test::189457.jpg,0.996906384943586
deberta_v3_base_mean_pool,face,44,face::train::129132.jpg,face::train::082954.jpg,0.9969058901479084
deberta_v3_base_mean_pool,face,45,face::train::178182.jpg,face::train::060555.jpg,0.9969035073705934
deberta_v3_base_mean_pool,face,46,face::train::178182.jpg,face::train::082954.jpg,0.9969021058882523
deberta_v3_base_mean_pool,face,47,face::train::008309.jpg,face::train::178129.jpg,0.9968966290034529
deberta_v3_base_mean_pool,face,48,face::train::025692.jpg,face::train::001042.jpg,0.996896040345245
deberta_v3_base_mean_pool,face,49,face::train::025692.jpg,face::train::060555.jpg,0.9968845008705904
deberta_v3_base_mean_pool,face,50,face::train::121281.jpg,face::train::178129.jpg,0.9968628520678753
deberta_v3_base_mean_pool,face,51,face::train::008309.jpg,face::train::063708.jpg,0.996853588332084
deberta_v3_base_mean_pool,face,52,face::train::090489.jpg,face::train::008309.jpg,0.996852723641
deberta_v3_base_mean_pool,face,53,face::train::137722.jpg,face::train::166091.jpg,0.9968306006634088
deberta_v3_base_mean_pool,face,54,face::train::137722.jpg,face::test::183801.jpg,0.9967667473122774
deberta_v3_base_mean_pool,face,55,face::train::150659.jpg,face::test::186223.jpg,0.9967624616427168
deberta_v3_base_mean_pool,face,56,face::train::090489.jpg,face::train::063708.jpg,0.9967227110708797
deberta_v3_base_mean_pool,face,57,face::train::089537.jpg,face::train::150659.jpg,0.9967214187604531
deberta_v3_base_mean_pool,face,58,face::train::082954.jpg,face::train::001042.jpg,0.9966785532200174
deberta_v3_base_mean_pool,face,59,face::train::166091.jpg,face::test::186223.jpg,0.9966752536306753
deberta_v3_base_mean_pool,face,60,face::train::081413.jpg,face::train::137722.jpg,0.9966691072455851
deberta_v3_base_mean_pool,face,61,face::train::178129.jpg,face::test::188858.jpg,0.9966208189271555
deberta_v3_base_mean_pool,face,62,face::train::149220.jpg,face::test::189858.jpg,0.9966156808231142
deberta_v3_base_mean_pool,face,63,face::train::060555.jpg,face::test::201409.jpg,0.9966120448642033
deberta_v3_base_mean_pool,face,64,face::train::090489.jpg,face::train::023736.jpg,0.9965657546577733
deberta_v3_base_mean_pool,face,65,face::train::081413.jpg,face::test::189858.jpg,0.9965651774486282
deberta_v3_base_mean_pool,face,66,face::train::129132.jpg,face::train::109762.jpg,0.9965577016279242
deberta_v3_base_mean_pool,face,67,face::train::063708.jpg,face::train::082954.jpg,0.9965462054091847
deberta_v3_base_mean_pool,face,68,face::train::168471.jpg,face::test::189457.jpg,0.9965355371163704
deberta_v3_base_mean_pool,face,69,face::train::166091.jpg,face::test::188858.jpg,0.9965239051109025
deberta_v3_base_mean_pool,face,70,face::train::090489.jpg,face::train::092618.jpg,0.9965201523607607
deberta_v3_base_mean_pool,face,71,face::train::178182.jpg,face::test::183801.jpg,0.9965169350422236
deberta_v3_base_mean_pool,face,72,face::train::178129.jpg,face::test::183801.jpg,0.9965163024889089
deberta_v3_base_mean_pool,face,73,face::train::008309.jpg,face::train::178182.jpg,0.9965139098879858
deberta_v3_base_mean_pool,face,74,face::train::008309.jpg,face::train::082954.jpg,0.9964906451155426
deberta_v3_base_mean_pool,face,75,face::train::042973.jpg,face::train::001042.jpg,0.9964893400066523
deberta_v3_base_mean_pool,face,76,face::train::168471.jpg,face::train::060555.jpg,0.9964695709023986
deberta_v3_base_mean_pool,face,77,face::train::071174.jpg,face::train::166091.jpg,0.9964656452185439
deberta_v3_base_mean_pool,face,78,face::train::063618.jpg,face::train::082954.jpg,0.996463780329758
deberta_v3_base_mean_pool,face,79,face::train::081413.jpg,face::train::071174.jpg,0.9964605321268991
deberta_v3_base_mean_pool,face,80,face::train::071174.jpg,face::train::053065.jpg,0.9964375586391354
deberta_v3_base_mean_pool,face,81,face::train::178182.jpg,face::train::001042.jpg,0.996432930917657
deberta_v3_base_mean_pool,face,82,face::train::137722.jpg,face::train::149220.jpg,0.9964318764890401
deberta_v3_base_mean_pool,face,83,face::train::092618.jpg,face::train::001042.jpg,0.9964274679610973
deberta_v3_base_mean_pool,face,84,face::test::186223.jpg,face::test::188858.jpg,0.9964073523943691
deberta_v3_base_mean_pool,face,85,face::train::071174.jpg,face::test::186223.jpg,0.9964060895493628
deberta_v3_base_mean_pool,face,86,face::train::114832.jpg,face::test::196777.jpg,0.9963905347279105
deberta_v3_base_mean_pool,face,87,face::train::178182.jpg,face::test::201409.jpg,0.9963819097952459
deberta_v3_base_mean_pool,face,88,face::train::178182.jpg,face::train::025692.jpg,0.9963787986940901
deberta_v3_base_mean_pool,face,89,face::train::149220.jpg,face::test::188858.jpg,0.9963705751077606
deberta_v3_base_mean_pool,face,90,face::train::137722.jpg,face::train::023736.jpg,0.9963665849431133
deberta_v3_base_mean_pool,face,91,face::train::170623.jpg,face::test::189457.jpg,0.9963574433652955
deberta_v3_base_mean_pool,face,92,face::train::060555.jpg,face::train::109762.jpg,0.9963532752430684
deberta_v3_base_mean_pool,face,93,face::train::137722.jpg,face::test::186223.jpg,0.9963520763644791
deberta_v3_base_mean_pool,face,94,face::train::123459.jpg,face::test::185812.jpg,0.9963402434018748
deberta_v3_base_mean_pool,face,95,face::train::060555.jpg,face::test::189457.jpg,0.9963350391061412
deberta_v3_base_mean_pool,face,96,face::train::063708.jpg,face::train::001042.jpg,0.9963247887410009
deberta_v3_base_mean_pool,face,97,face::train::170623.jpg,face::train::026996.jpg,0.9962984535838634
deberta_v3_base_mean_pool,face,98,face::train::168471.jpg,face::test::183801.jpg,0.9962599528971116
deberta_v3_base_mean_pool,face,99,face::train::065762.jpg,face::train::168471.jpg,0.9962442920922467
deberta_v3_base_mean_pool,face,100,face::train::089537.jpg,face::test::186223.jpg,0.996244086654807
deberta_v3_base_mean_pool,face,101,face::train::129132.jpg,face::test::183801.jpg,0.9962333936818035
deberta_v3_base_mean_pool,face,102,face::train::008309.jpg,face::train::092618.jpg,0.9962299835256793
deberta_v3_base_mean_pool,face,103,face::train::109762.jpg,face::test::189457.jpg,0.9962151611661546
deberta_v3_base_mean_pool,face,104,face::train::090489.jpg,face::train::042973.jpg,0.996207862114732
deberta_v3_base_mean_pool,face,105,face::train::137722.jpg,face::train::008309.jpg,0.9961884489847626
deberta_v3_base_mean_pool,face,106,face::train::063708.jpg,face::train::092618.jpg,0.9961603601248398
deberta_v3_base_mean_pool,face,107,face::train::129132.jpg,face::train::178129.jpg,0.9961461868324941
deberta_v3_base_mean_pool,face,108,face::train::073196.jpg,face::test::186223.jpg,0.996138782051492
deberta_v3_base_mean_pool,face,109,face::train::150659.jpg,face::test::185812.jpg,0.9961378829337607
deberta_v3_base_mean_pool,face,110,face::train::082954.jpg,face::test::189457.jpg,0.9961277799256635
deberta_v3_base_mean_pool,face,111,face::train::168471.jpg,face::train::025692.jpg,0.9961138503336838
deberta_v3_base_mean_pool,face,112,face::train::071174.jpg,face::train::178129.jpg,0.9961005673948062
deberta_v3_base_mean_pool,face,113,face::train::065762.jpg,face::train::026996.jpg,0.9960927551428626
deberta_v3_base_mean_pool,face,114,face::train::071174.jpg,face::train::060309.jpg,0.9960914678982046
deberta_v3_base_mean_pool,face,115,face::train::065762.jpg,face::test::186223.jpg,0.9960898447977581
deberta_v3_base_mean_pool,face,116,face::train::081413.jpg,face::train::101485.jpg,0.9960840983445519
deberta_v3_base_mean_pool,face,117,face::train::088914.jpg,face::test::185812.jpg,0.9960714191071004
deberta_v3_base_mean_pool,face,118,face::train::178129.jpg,face::test::196611.jpg,0.9960701995908032
deberta_v3_base_mean_pool,face,119,face::train::042973.jpg,face::test::189858.jpg,0.9960655694302002
deberta_v3_base_mean_pool,face,120,face::train::023736.jpg,face::train::001042.jpg,0.9960621135032561
deberta_v3_base_mean_pool,face,121,face::train::053065.jpg,face::train::178129.jpg,0.9960388935286218
deberta_v3_base_mean_pool,face,122,face::train::025692.jpg,face::train::042973.jpg,0.9960330784151533
deberta_v3_base_mean_pool,face,123,face::train::023736.jpg,face::train::178129.jpg,0.9960262540347737
deberta_v3_base_mean_pool,face,124,face::train::129132.jpg,face::train::178182.jpg,0.9960178703602699
deberta_v3_base_mean_pool,face,125,face::train::071174.jpg,face::test::196611.jpg,0.9960158178883917
deberta_v3_base_mean_pool,face,126,face::train::025692.jpg,face::train::109762.jpg,0.9960152643712767
deberta_v3_base_mean_pool,face,127,face::train::008309.jpg,face::train::042973.jpg,0.9960135603091952
deberta_v3_base_mean_pool,face,128,face::test::189858.jpg,face::test::196611.jpg,0.9960112248244382
deberta_v3_base_mean_pool,face,129,face::train::082954.jpg,face::train::042973.jpg,0.996009671176012
deberta_v3_base_mean_pool,face,130,face::train::026996.jpg,face::test::189457.jpg,0.9960044726344895
deberta_v3_base_mean_pool,face,131,face::train::042973.jpg,face::train::092618.jpg,0.9960001553987611
deberta_v3_base_mean_pool,face,132,face::train::082954.jpg,face::test::196777.jpg,0.9959659718540772
deberta_v3_base_mean_pool,face,133,face::train::063708.jpg,face::train::025692.jpg,0.9959562606433155
deberta_v3_base_mean_pool,face,134,face::test::186223.jpg,face::test::189858.jpg,0.9959499793168438
deberta_v3_base_mean_pool,face,135,face::train::137722.jpg,face::train::121281.jpg,0.9959487174236832
deberta_v3_base_mean_pool,face,136,face::train::137722.jpg,face::train::042973.jpg,0.9959310277215516
deberta_v3_base_mean_pool,face,137,face::train::101485.jpg,face::train::032580.jpg,0.9959173143729816
deberta_v3_base_mean_pool,face,138,face::train::071174.jpg,face::train::090489.jpg,0.995915304481209
deberta_v3_base_mean_pool,face,139,face::train::082954.jpg,face::test::183801.jpg,0.9959074287863816
deberta_v3_base_mean_pool,face,140,face::train::129132.jpg,face::test::189858.jpg,0.9959053368439205
deberta_v3_base_mean_pool,face,141,face::train::023736.jpg,face::train::025692.jpg,0.9958911000000257
deberta_v3_base_mean_pool,face,142,face::train::129132.jpg,face::train::001042.jpg,0.995879012566556
deberta_v3_base_mean_pool,face,143,face::train::071174.jpg,face::train::121281.jpg,0.9958788371792611
deberta_v3_base_mean_pool,face,144,face::train::166091.jpg,face::train::121281.jpg,0.9958762250848389
deberta_v3_base_mean_pool,face,145,face::train::008309.jpg,face::test::189858.jpg,0.9958752016251332
deberta_v3_base_mean_pool,face,146,face::train::178182.jpg,face::train::023736.jpg,0.9958739267737594
deberta_v3_base_mean_pool,face,147,face::train::023736.jpg,face::test::189858.jpg,0.9958598534661124
deberta_v3_base_mean_pool,face,148,face::test::189858.jpg,face::test::183801.jpg,0.9958579910168227
deberta_v3_base_mean_pool,face,149,face::train::166091.jpg,face::test::189858.jpg,0.9958542389928167
deberta_v3_base_mean_pool,face,150,face::train::063618.jpg,face::train::042973.jpg,0.9958526502789392
deberta_v3_base_mean_pool,face,151,face::train::025692.jpg,face::test::201409.jpg,0.9958491524120017
deberta_v3_base_mean_pool,face,152,face::train::129132.jpg,face::train::025692.jpg,0.9958484467165656
deberta_v3_base_mean_pool,face,153,face::train::090489.jpg,face::test::196611.jpg,0.995823478565567
deberta_v3_base_mean_pool,face,154,face::train::178182.jpg,face::train::042973.jpg,0.9958204131836244
deberta_v3_base_mean_pool,face,155,face::train::137722.jpg,face::train::090489.jpg,0.9958181767534684
deberta_v3_base_mean_pool,face,156,face::train::063618.jpg,face::train::178129.jpg,0.9957991598318525
deberta_v3_base_mean_pool,face,157,face::train::025692.jpg,face::test::196777.jpg,0.9957928424485669
deberta_v3_base_mean_pool,face,158,face::train::081413.jpg,face::train::023736.jpg,0.9957918777213274
deberta_v3_base_mean_pool,face,159,face::train::168471.jpg,face::train::001042.jpg,0.9957834728970122
deberta_v3_base_mean_pool,face,160,face::train::178182.jpg,face::train::178129.jpg,0.9957637098967529
deberta_v3_base_mean_pool,face,161,face::train::137722.jpg,face::train::129132.jpg,0.9957599243370646
deberta_v3_base_mean_pool,face,162,face::train::008309.jpg,face::test::201409.jpg,0.9957469372883827
deberta_v3_base_mean_pool,face,163,face::train::008309.jpg,face::train::025692.jpg,0.9957335338551994
deberta_v3_base_mean_pool,face,164,face::train::114832.jpg,face::train::082954.jpg,0.9957103175906686
deberta_v3_base_mean_pool,face,165,face::train::008309.jpg,face::train::109762.jpg,0.9957086760553504
deberta_v3_base_mean_pool,face,166,face::train::088914.jpg,face::test::186223.jpg,0.9956923010359937
deberta_v3_base_mean_pool,face,167,face::train::073196.jpg,face::test::185812.jpg,0.9956715514997844
deberta_v3_base_mean_pool,face,168,face::train::023736.jpg,face::test::189457.jpg,0.995666734971804
deberta_v3_base_mean_pool,face,169,face::train::060555.jpg,face::train::092618.jpg,0.9956640856418085
deberta_v3_base_mean_pool,face,170,face::train::063618.jpg,face::test::201409.jpg,0.9956592676948606
deberta_v3_base_mean_pool,face,171,face::train::063618.jpg,face::train::060555.jpg,0.9956577550490538
deberta_v3_base_mean_pool,face,172,face::train::060555.jpg,face::train::026996.jpg,0.9956555978813875
deberta_v3_base_mean_pool,face,173,face::train::001042.jpg,face::test::196777.jpg,0.9956543245397772
deberta_v3_base_mean_pool,face,174,face::train::081413.jpg,face::train::008309.jpg,0.9956535453911003
deberta_v3_base_mean_pool,face,175,face::train::166091.jpg,face::train::149220.jpg,0.995653417288477
deberta_v3_base_mean_pool,face,176,face::train::178182.jpg,face::train::063708.jpg,0.9956486302489447
deberta_v3_base_mean_pool,face,177,face::train::178182.jpg,face::train::168471.jpg,0.9956457700469961
deberta_v3_base_mean_pool,face,178,face::train::071174.jpg,face::train::008309.jpg,0.9956445805771265
deberta_v3_base_mean_pool,face,179,face::train::082954.jpg,face::train::109762.jpg,0.9956190884162819
deberta_v3_base_mean_pool,face,180,face::train::060555.jpg,face::test::183801.jpg,0.9956158196007083
deberta_v3_base_mean_pool,face,181,face::train::063618.jpg,face::train::025692.jpg,0.9956132009057672
deberta_v3_base_mean_pool,face,182,face::train::001042.jpg,face::test::201409.jpg,0.9955976658060952
deberta_v3_base_mean_pool,face,183,face::train::149220.jpg,face::train::060309.jpg,0.9955939135596552
deberta_v3_base_mean_pool,face,184,face::train::178182.jpg,face::train::063618.jpg,0.9955935272048735
deberta_v3_base_mean_pool,face,185,face::train::137722.jpg,face::test::188858.jpg,0.9955782146518064
deberta_v3_base_mean_pool,face,186,face::train::166091.jpg,face::train::053065.jpg,0.9955731743762495
deberta_v3_base_mean_pool,face,187,face::train::063618.jpg,face::test::196611.jpg,0.9955693833247181
deberta_v3_base_mean_pool,face,188,face::train::023736.jpg,face::train::109762.jpg,0.9955651435370549
deberta_v3_base_mean_pool,face,189,face::train::089537.jpg,face::train::073196.jpg,0.9955581036494362
deberta_v3_base_mean_pool,face,190,face::train::023736.jpg,face::train::092618.jpg,0.9955565025665042
deberta_v3_base_mean_pool,face,191,face::train::166091.jpg,face::train::129132.jpg,0.9955533538441067
deberta_v3_base_mean_pool,face,192,face::train::129132.jpg,face::train::168471.jpg,0.9955511081802464
deberta_v3_base_mean_pool,face,193,face::test::196777.jpg,face::test::201409.jpg,0.9955487925028563
deberta_v3_base_mean_pool,face,194,face::train::060555.jpg,face::train::042973.jpg,0.9955383055670367
deberta_v3_base_mean_pool,face,195,face::train::129132.jpg,face::train::042973.jpg,0.9955346729085606
deberta_v3_base_mean_pool,face,196,face::train::053065.jpg,face::test::189858.jpg,0.995530889158421
deberta_v3_base_mean_pool,face,197,face::train::129132.jpg,face::train::092618.jpg,0.995521625562198
deberta_v3_base_mean_pool,face,198,face::train::082954.jpg,face::test::201409.jpg,0.9955135639569757
deberta_v3_base_mean_pool,face,199,face::train::001042.jpg,face::test::183801.jpg,0.9955103594010845
deberta_v3_base_mean_pool,face,200,face::train::053065.jpg,face::test::185812.jpg,0.9955020855710538
deberta_v3_base_mean_pool,face,201,face::train::063618.jpg,face::train::001042.jpg,0.9954979565785487
deberta_v3_base_mean_pool,face,202,face::train::157804.jpg,face::test::196777.jpg,0.9954931750677842
deberta_v3_base_mean_pool,face,203,face::train::008309.jpg,face::train::168471.jpg,0.9954930943940805
deberta_v3_base_mean_pool,face,204,face::train::101485.jpg,face::test::185812.jpg,0.9954916816611409
deberta_v3_base_mean_pool,face,205,face::train::063708.jpg,face::train::042973.jpg,0.995482920157551
deberta_v3_base_mean_pool,face,206,face::train::025692.jpg,face::test::189457.jpg,0.9954655884846735
deberta_v3_base_mean_pool,face,207,face::train::060555.jpg,face::train::178129.jpg,0.9954606453701617
deberta_v3_base_mean_pool,face,208,face::train::149220.jpg,face::test::185812.jpg,0.9954498749334223
deberta_v3_base_mean_pool,face,209,face::train::137722.jpg,face::train::053065.jpg,0.9954352941559655
deberta_v3_base_mean_pool,face,210,face::train::178182.jpg,face::test::189457.jpg,0.995427609385321
deberta_v3_base_mean_pool,face,211,face::train::023736.jpg,face::test::201409.jpg,0.9954247478134771
deberta_v3_base_mean_pool,face,212,face::train::008309.jpg,face::test::196611.jpg,0.9954165443748052
deberta_v3_base_mean_pool,face,213,face::train::090489.jpg,face::test::183801.jpg,0.9954122463643185
deberta_v3_base_mean_pool,face,214,face::train::090489.jpg,face::train::060555.jpg,0.9954102554167231
deberta_v3_base_mean_pool,face,215,face::train::026996.jpg,face::train::082954.jpg,0.9954014724656429
deberta_v3_base_mean_pool,face,216,face::train::089537.jpg,face::test::188858.jpg,0.9953775667078288
deberta_v3_base_mean_pool,face,217,face::train::137722.jpg,face::train::025692.jpg,0.9953714725022269
deberta_v3_base_mean_pool,face,218,face::train::166091.jpg,face::train::109762.jpg,0.9953585875360331
deberta_v3_base_mean_pool,face,219,face::train::090489.jpg,face::train::001042.jpg,0.9953562112768776
deberta_v3_base_mean_pool,face,220,face::train::071174.jpg,face::train::032580.jpg,0.995351763571755
deberta_v3_base_mean_pool,face,221,face::train::137722.jpg,face::train::063618.jpg,0.9953468489775968
deberta_v3_base_mean_pool,face,222,face::train::123459.jpg,face::train::088914.jpg,0.9953449130057859
deberta_v3_base_mean_pool,face,223,face::train::063618.jpg,face::test::189858.jpg,0.9953365087384187
deberta_v3_base_mean_pool,face,224,face::train::071174.jpg,face::train::023736.jpg,0.9953359750703367
deberta_v3_base_mean_pool,face,225,face::train::073196.jpg,face::train::123459.jpg,0.9953326962777576
deberta_v3_base_mean_pool,face,226,face::train::042973.jpg,face::test::183801.jpg,0.9953266762733113
deberta_v3_base_mean_pool,face,227,face::train::060309.jpg,face::train::032580.jpg,0.9953111758569873
deberta_v3_base_mean_pool,face,228,face::train::170623.jpg,face::train::138886.jpg,0.9952961132519168
deberta_v3_base_mean_pool,face,229,face::train::053065.jpg,face::train::088914.jpg,0.9952891288439438
deberta_v3_base_mean_pool,face,230,face::train::081413.jpg,face::test::185812.jpg,0.9952836717097298
deberta_v3_base_mean_pool,face,231,face::train::025692.jpg,face::test::183801.jpg,0.9952832478600728
deberta_v3_base_mean_pool,face,232,face::train::168471.jpg,face::train::109762.jpg,0.9952812446751174
deberta_v3_base_mean_pool,face,233,face::train::121281.jpg,face::train::149220.jpg,0.9952674598235334
deberta_v3_base_mean_pool,face,234,face::train::101485.jpg,face::train::088914.jpg,0.9952511479127165
deberta_v3_base_mean_pool,face,235,face::train::071174.jpg,face::test::183801.jpg,0.9952366543791823
deberta_v3_base_mean_pool,face,236,face::train::053065.jpg,face::test::183801.jpg,0.9952273562675833
deberta_v3_base_mean_pool,face,237,face::train::063708.jpg,face::train::178129.jpg,0.9952068620540043
deberta_v3_base_mean_pool,face,238,face::train::114832.jpg,face::train::063708.jpg,0.9951948894649902
deberta_v3_base_mean_pool,face,239,face::train::137722.jpg,face::train::178129.jpg,0.995192046570814
deberta_v3_base_mean_pool,face,240,face::train::090489.jpg,face::train::063618.jpg,0.995188357068099
deberta_v3_base_mean_pool,face,241,face::test::183801.jpg,face::test::188858.jpg,0.995175295756773
deberta_v3_base_mean_pool,face,242,face::train::166091.jpg,face::train::150659.jpg,0.9951726052711606
deberta_v3_base_mean_pool,face,243,face::test::189858.jpg,face::test::188858.jpg,0.9951675053160124
deberta_v3_base_mean_pool,face,244,face::train::101485.jpg,face::train::123459.jpg,0.9951671663034987
deberta_v3_base_mean_pool,face,245,face::train::088914.jpg,face::train::032580.jpg,0.995166107503712
deberta_v3_base_mean_pool,face,246,face::train::063618.jpg,face::train::063708.jpg,0.9951547590226236
deberta_v3_base_mean_pool,face,247,face::train::042973.jpg,face::test::196777.jpg,0.9951483114616594
deberta_v3_base_mean_pool,face,248,face::train::121281.jpg,face::test::183801.jpg,0.9951460813488762
deberta_v3_base_mean_pool,face,249,face::train::166091.jpg,face::train::023736.jpg,0.9951392122186176
deberta_v3_base_mean_pool,face,250,face::train::082954.jpg,face::train::092618.jpg,0.9951367993762865
deberta_v3_base_mean_pool,face,251,face::train::137722.jpg,face::train::082954.jpg,0.9951324972448722
deberta_v3_base_mean_pool,face,252,face::train::123459.jpg,face::test::186223.jpg,0.9950894693081287
deberta_v3_base_mean_pool,face,253,face::train::063618.jpg,face::train::168471.jpg,0.995088257346188
deberta_v3_base_mean_pool,face,254,face::train::063708.jpg,face::test::183801.jpg,0.9950868712731644
deberta_v3_base_mean_pool,face,255,face::train::023736.jpg,face::train::026996.jpg,0.9950830569157298
deberta_v3_base_mean_pool,face,256,face::train::121281.jpg,face::test::186223.jpg,0.9950811099095965
deberta_v3_base_mean_pool,face,257,face::train::071174.jpg,face::train::129132.jpg,0.9950765634046932
deberta_v3_base_mean_pool,face,258,face::train::137722.jpg,face::train::109762.jpg,0.9950720486621472
deberta_v3_base_mean_pool,face,259,face::train::157804.jpg,face::train::091980.jpg,0.9950686476665925
deberta_v3_base_mean_pool,face,260,face::train::178182.jpg,face::train::109762.jpg,0.9950672513135878
deberta_v3_base_mean_pool,face,261,face::train::060555.jpg,face::test::196777.jpg,0.9950632969206429
deberta_v3_base_mean_pool,face,262,face::train::168471.jpg,face::test::201409.jpg,0.9950457707440171
deberta_v3_base_mean_pool,face,263,face::train::114832.jpg,face::train::060555.jpg,0.9950456112974155
deberta_v3_base_mean_pool,face,264,face::train::081413.jpg,face::train::149220.jpg,0.9950414358341045
deberta_v3_base_mean_pool,face,265,face::train::129132.jpg,face::train::026996.jpg,0.9950271825910624
deberta_v3_base_mean_pool,face,266,face::train::090489.jpg,face::train::178129.jpg,0.9950260143343617
deberta_v3_base_mean_pool,face,267,face::train::081413.jpg,face::test::183801.jpg,0.9950240113877225
deberta_v3_base_mean_pool,face,268,face::train::166091.jpg,face::train::073196.jpg,0.9950197087708395
deberta_v3_base_mean_pool,face,269,face::train::121281.jpg,face::train::032580.jpg,0.9950126789786226
deberta_v3_base_mean_pool,face,270,face::train::060309.jpg,face::test::196611.jpg,0.9950013371943418
deberta_v3_base_mean_pool,face,271,face::train::114832.jpg,face::train::129132.jpg,0.9949984788325283
deberta_v3_base_mean_pool,face,272,face::train::129132.jpg,face::train::063618.jpg,0.994982170710963
deberta_v3_base_mean_pool,face,273,face::train::042973.jpg,face::test::196611.jpg,0.9949765199790727
deberta_v3_base_mean_pool,face,274,face::train::149220.jpg,face::train::178129.jpg,0.9949543185190028
deberta_v3_base_mean_pool,face,275,face::train::137722.jpg,face::test::196611.jpg,0.9949449652251481
deberta_v3_base_mean_pool,face,276,face::train::178129.jpg,face::test::189858.jpg,0.9949374002997923
deberta_v3_base_mean_pool,face,277,face::train::063708.jpg,face::train::109762.jpg,0.994936061784579
deberta_v3_base_mean_pool,face,278,face::train::121281.jpg,face::test::189858.jpg,0.9949279699197406
deberta_v3_base_mean_pool,face,279,face::train::114832.jpg,face::train::025692.jpg,0.9949268619430222
deberta_v3_base_mean_pool,face,280,face::train::081413.jpg,face::train::166091.jpg,0.9948680246199496
deberta_v3_base_mean_pool,face,281,face::train::129132.jpg,face::test::196611.jpg,0.9948679267565751
deberta_v3_base_mean_pool,face,282,face::train::092618.jpg,face::test::196777.jpg,0.9948671332754836
deberta_v3_base_mean_pool,face,283,face::train::166091.jpg,face::train::032580.jpg,0.9948633699610212
deberta_v3_base_mean_pool,face,284,face::train::081413.jpg,face::train::063618.jpg,0.9948521989319434
deberta_v3_base_mean_pool,face,285,face::train::008309.jpg,face::train::149220.jpg,0.9948396529610052
deberta_v3_base_mean_pool,face,286,face::train::129132.jpg,face::test::188858.jpg,0.9948263092311177
deberta_v3_base_mean_pool,face,287,face::train::082954.jpg,face::test::189858.jpg,0.994820915047532
deberta_v3_base_mean_pool,face,288,face::train::090489.jpg,face::train::082954.jpg,0.9947756349866778
deberta_v3_base_mean_pool,face,289,face::train::001042.jpg,face::test::189858.jpg,0.9947729887167609
deberta_v3_base_mean_pool,face,290,face::train::065762.jpg,face::train::073196.jpg,0.9947696986891786
deberta_v3_base_mean_pool,face,291,face::train::143554.jpg,face::train::123459.jpg,0.9947620765681402
deberta_v3_base_mean_pool,face,292,face::train::137722.jpg,face::test::185812.jpg,0.9947604426165818
deberta_v3_base_mean_pool,face,293,face::train::081413.jpg,face::train::042973.jpg,0.9947565201296912
deberta_v3_base_mean_pool,face,294,face::train::001042.jpg,face::train::109762.jpg,0.9947535265338319
deberta_v3_base_mean_pool,face,295,face::train::141457.jpg,face::test::196611.jpg,0.994743726960692
deberta_v3_base_mean_pool,face,296,face::train::032580.jpg,face::test::188858.jpg,0.9947203822533943
deberta_v3_base_mean_pool,face,297,face::train::071174.jpg,face::test::185812.jpg,0.9947120374978231
deberta_v3_base_mean_pool,face,298,face::train::060309.jpg,face::test::189858.jpg,0.9947117623852683
deberta_v3_base_mean_pool,face,299,face::train::053065.jpg,face::train::089537.jpg,0.9947110731275163
deberta_v3_base_mean_pool,face,300,face::train::166091.jpg,face::train::008309.jpg,0.9946949566392439
deberta_v3_base_mean_pool,face,301,face::train::032580.jpg,face::test::185812.jpg,0.9946898779975871
deberta_v3_base_mean_pool,face,302,face::train::091980.jpg,face::train::001042.jpg,0.9946808384557481
deberta_v3_base_mean_pool,face,303,face::train::168471.jpg,face::test::196777.jpg,0.994679911395565
deberta_v3_base_mean_pool,face,304,face::train::137722.jpg,face::train::060555.jpg,0.994659351567071
deberta_v3_base_mean_pool,face,305,face::train::063708.jpg,face::test::201409.jpg,0.9946519000934265
deberta_v3_base_mean_pool,face,306,face::train::065762.jpg,face::train::023736.jpg,0.9946247004745167
deberta_v3_base_mean_pool,face,307,face::train::137722.jpg,face::train::001042.jpg,0.9946175084644209
deberta_v3_base_mean_pool,face,308,face::train::114832.jpg,face::train::109762.jpg,0.9946100218805662
deberta_v3_base_mean_pool,face,309,face::train::143554.jpg,face::train::149220.jpg,0.9946090091573722
deberta_v3_base_mean_pool,face,310,face::train::090489.jpg,face::train::149220.jpg,0.9946083768560614
deberta_v3_base_mean_pool,face,311,face::train::123459.jpg,face::train::032580.jpg,0.9946014399384406
deberta_v3_base_mean_pool,face,312,face::train::008309.jpg,face::test::189457.jpg,0.9945829799896404
deberta_v3_base_mean_pool,face,313,face::train::023736.jpg,face::test::196777.jpg,0.994568795474606
deberta_v3_base_mean_pool,face,314,face::train::137722.jpg,face::train::178182.jpg,0.9945671447180998
deberta_v3_base_mean_pool,face,315,face::train::023736.jpg,face::test::196611.jpg,0.9945597872186416
deberta_v3_base_mean_pool,face,316,face::train::053065.jpg,face::train::060309.jpg,0.9945590939744803
deberta_v3_base_mean_pool,face,317,face::train::071174.jpg,face::train::063618.jpg,0.9945534353211641
deberta_v3_base_mean_pool,face,318,face::train::129132.jpg,face::test::186223.jpg,0.9945515253404901
deberta_v3_base_mean_pool,face,319,face::train::081413.jpg,face::test::196611.jpg,0.9945447801113951
deberta_v3_base_mean_pool,face,320,face::train::063708.jpg,face::test::189858.jpg,0.994543547833536
deberta_v3_base_mean_pool,face,321,face::train::082954.jpg,face::train::178129.jpg,0.994535237798098
deberta_v3_base_mean_pool,face,322,face::train::008309.jpg,face::test::196777.jpg,0.9945277187884694
deberta_v3_base_mean_pool,face,323,face::train::081413.jpg,face::test::186223.jpg,0.9945198119571876
deberta_v3_base_mean_pool,face,324,face::train::091980.jpg,face::train::114832.jpg,0.9945147592792406
deberta_v3_base_mean_pool,face,325,face::test::183801.jpg,face::test::201409.jpg,0.9945096262376384
deberta_v3_base_mean_pool,face,326,face::train::129132.jpg,face::train::149220.jpg,0.9945056143549531
deberta_v3_base_mean_pool,face,327,face::train::178182.jpg,face::test::196777.jpg,0.9944994786154869
deberta_v3_base_mean_pool,face,328,face::train::025692.jpg,face::test::189858.jpg,0.9944980279933114
deberta_v3_base_mean_pool,face,329,face::train::150659.jpg,face::test::188858.jpg,0.9944980151903478
deberta_v3_base_mean_pool,face,330,face::train::065762.jpg,face::test::189457.jpg,0.9944954358606096
deberta_v3_base_mean_pool,face,331,face::train::137722.jpg,face::train::168471.jpg,0.9944949767886019
deberta_v3_base_mean_pool,face,332,face::train::129132.jpg,face::train::065762.jpg,0.9944901678536869
deberta_v3_base_mean_pool,face,333,face::train::063708.jpg,face::test::196777.jpg,0.9944826127462143
deberta_v3_base_mean_pool,face,334,face::test::189457.jpg,face::test::183801.jpg,0.9944730569409893
deberta_v3_base_mean_pool,face,335,face::train::060309.jpg,face::test::188858.jpg,0.9944716468076363
deberta_v3_base_mean_pool,face,336,face::train::166091.jpg,face::test::185812.jpg,0.9944677612234851
deberta_v3_base_mean_pool,face,337,face::train::065762.jpg,face::train::060555.jpg,0.9944606742648621
deberta_v3_base_mean_pool,face,338,face::train::065762.jpg,face::test::183801.jpg,0.9944595500531864
deberta_v3_base_mean_pool,face,339,face::train::150659.jpg,face::train::088914.jpg,0.9944447098071192
deberta_v3_base_mean_pool,face,340,face::train::071174.jpg,face::train::141457.jpg,0.9944403361006026
deberta_v3_base_mean_pool,face,341,face::train::060555.jpg,face::test::189858.jpg,0.9944387817562772
deberta_v3_base_mean_pool,face,342,face::train::143554.jpg,face::train::032580.jpg,0.9944350011811589
deberta_v3_base_mean_pool,face,343,face::train::166091.jpg,face::train::060309.jpg,0.9944341709809298
deberta_v3_base_mean_pool,face,344,face::train::114832.jpg,face::train::023736.jpg,0.9944314630230828
deberta_v3_base_mean_pool,face,345,face::train::032580.jpg,face::test::186223.jpg,0.9944297464347966
deberta_v3_base_mean_pool,face,346,face::train::143554.jpg,face::train::101485.jpg,0.9944283355625895
deberta_v3_base_mean_pool,face,347,face::train::114832.jpg,face::train::001042.jpg,0.9944254569956077
deberta_v3_base_mean_pool,face,348,face::train::053065.jpg,face::train::150659.jpg,0.9944196189925207
deberta_v3_base_mean_pool,face,349,face::train::109762.jpg,face::test::183801.jpg,0.9944047420401307
deberta_v3_base_mean_pool,face,350,face::train::149220.jpg,face::train::141457.jpg,0.9944044025850878
deberta_v3_base_mean_pool,face,351,face::train::121281.jpg,face::train::023736.jpg,0.9944036102725434
deberta_v3_base_mean_pool,face,352,face::train::143554.jpg,face::train::088914.jpg,0.9943952389319947
deberta_v3_base_mean_pool,face,353,face::train::114832.jpg,face::train::008309.jpg,0.9943887437159921
deberta_v3_base_mean_pool,face,354,face::train::121281.jpg,face::test::196611.jpg,0.9943851597794635
deberta_v3_base_mean_pool,face,355,face::train::053065.jpg,face::train::032580.jpg,0.9943739487472276
deberta_v3_base_mean_pool,face,356,face::train::149220.jpg,face::train::088914.jpg,0.994366700173642
deberta_v3_base_mean_pool,face,357,face::train::121281.jpg,face::train::060309.jpg,0.9943450128329067
deberta_v3_base_mean_pool,face,358,face::train::071174.jpg,face::train::143554.jpg,0.99433158455693
deberta_v3_base_mean_pool,face,359,face::train::082954.jpg,face::test::196611.jpg,0.9943314890585997
deberta_v3_base_mean_pool,face,360,face::train::023736.jpg,face::train::149220.jpg,0.9943254539098957
deberta_v3_base_mean_pool,face,361,face::train::063708.jpg,face::test::196611.jpg,0.9943229749223628
deberta_v3_base_mean_pool,face,362,face::train::063618.jpg,face::train::109762.jpg,0.9943200345664472
deberta_v3_base_mean_pool,face,363,face::train::170623.jpg,face::train::109762.jpg,0.994312780600716
deberta_v3_base_mean_pool,face,364,face::train::143554.jpg,face::test::186223.jpg,0.9943109900390849
deberta_v3_base_mean_pool,face,365,face::train::114832.jpg,face::train::042973.jpg,0.9943103264730178
deberta_v3_base_mean_pool,face,366,face::train::114832.jpg,face::train::092618.jpg,0.9943073611982927
deberta_v3_base_mean_pool,face,367,face::train::063708.jpg,face::test::189457.jpg,0.9942943663331805
deberta_v3_base_mean_pool,face,368,face::train::166091.jpg,face::train::178129.jpg,0.9942875134809672
deberta_v3_base_mean_pool,face,369,face::train::114832.jpg,face::train::178182.jpg,0.9942866327800338
deberta_v3_base_mean_pool,face,370,face::train::168471.jpg,face::train::063708.jpg,0.9942860675253649
deberta_v3_base_mean_pool,face,371,face::train::063618.jpg,face::test::196777.jpg,0.9942843971968842
deberta_v3_base_mean_pool,face,372,face::test::185812.jpg,face::test::189858.jpg,0.9942842756177337
deberta_v3_base_mean_pool,face,373,face::train::170623.jpg,face::train::129132.jpg,0.9942835460455797
deberta_v3_base_mean_pool,face,374,face::train::063618.jpg,face::train::092618.jpg,0.9942605005492832
deberta_v3_base_mean_pool,face,375,face::train::121281.jpg,face::train::008309.jpg,0.9942548120469547
deberta_v3_base_mean_pool,face,376,face::train::149220.jpg,face::test::183801.jpg,0.9942514631711341
deberta_v3_base_mean_pool,face,377,face::train::023736.jpg,face::test::188858.jpg,0.9942443893513888
deberta_v3_base_mean_pool,face,378,face::train::053065.jpg,face::train::023736.jpg,0.9942346141701078
deberta_v3_base_mean_pool,face,379,face::train::071174.jpg,face::train::101485.jpg,0.9942336163436344
deberta_v3_base_mean_pool,face,380,face::train::008309.jpg,face::test::188858.jpg,0.9942319008985508
deberta_v3_base_mean_pool,face,381,face::train::008309.jpg,face::train::141457.jpg,0.9942261372336503
deberta_v3_base_mean_pool,face,382,face::train::060309.jpg,face::train::141457.jpg,0.9942223375984955
deberta_v3_base_mean_pool,face,383,face::train::166091.jpg,face::train::090489.jpg,0.9942208375617678
deberta_v3_base_mean_pool,face,384,face::train::149220.jpg,face::test::196611.jpg,0.9942198311875936
deberta_v3_base_mean_pool,face,385,face::train::092618.jpg,face::train::141457.jpg,0.9942011552086952
deberta_v3_base_mean_pool,face,386,face::train::081413.jpg,face::train::129132.jpg,0.9941909505162888
deberta_v3_base_mean_pool,face,387,face::test::186223.jpg,face::test::183801.jpg,0.9941784286738109
deberta_v3_base_mean_pool,face,388,face::train::081413.jpg,face::train::032580.jpg,0.9941726378363445
deberta_v3_base_mean_pool,face,389,face::train::121281.jpg,face::train::129132.jpg,0.9941638370450211
deberta_v3_base_mean_pool,face,390,face::train::091980.jpg,face::train::025692.jpg,0.994162549450154
deberta_v3_base_mean_pool,face,391,face::train::060309.jpg,face::train::088914.jpg,0.9941588107560236
deberta_v3_base_mean_pool,face,392,face::train::150659.jpg,face::train::032580.jpg,0.9941526185636989
deberta_v3_base_mean_pool,face,393,face::train::081413.jpg,face::train::121281.jpg,0.9941518179306544
deberta_v3_base_mean_pool,face,394,face::train::071174.jpg,face::train::042973.jpg,0.9941492733076465
deberta_v3_base_mean_pool,face,395,face::train::166091.jpg,face::test::189457.jpg,0.9941365014127634
deberta_v3_base_mean_pool,face,396,face::train::166091.jpg,face::test::183801.jpg,0.9941259409668876
deberta_v3_base_mean_pool,face,397,face::test::188858.jpg,face::test::196611.jpg,0.9941198471403075
deberta_v3_base_mean_pool,face,398,face::train::053065.jpg,face::train::073196.jpg,0.9941159121651005
deberta_v3_base_mean_pool,face,399,face::train::023736.jpg,face::test::186223.jpg,0.9941141968467446
deberta_v3_base_mean_pool,face,400,face::train::121281.jpg,face::train::088914.jpg,0.9940930306394373
deberta_v3_base_mean_pool,face,401,face::test::183801.jpg,face::test::196611.jpg,0.9940891759440648
deberta_v3_base_mean_pool,face,402,face::train::129132.jpg,face::test::201409.jpg,0.9940846243727706
deberta_v3_base_mean_pool,face,403,face::train::178182.jpg,face::train::026996.jpg,0.994071811774916
deberta_v3_base_mean_pool,face,404,face::train::166091.jpg,face::test::196611.jpg,0.9940555699143769
deberta_v3_base_mean_pool,face,405,face::train::025692.jpg,face::train::092618.jpg,0.9940273869348454
deberta_v3_base_mean_pool,face,406,face::train::143554.jpg,face::train::150659.jpg,0.9940233294793412
deberta_v3_base_mean_pool,face,407,face::train::137722.jpg,face::train::063708.jpg,0.9940078171006855
deberta_v3_base_mean_pool,face,408,face::train::089537.jpg,face::train::149220.jpg,0.9940044420218561
deberta_v3_base_mean_pool,face,409,face::train::065762.jpg,face::train::149220.jpg,0.9939910548606401
deberta_v3_base_mean_pool,face,410,face::train::170623.jpg,face::test::184003.jpg,0.993989673150192
deberta_v3_base_mean_pool,face,411,face::train::121281.jpg,face::test::185812.jpg,0.9939779159782282
deberta_v3_base_mean_pool,face,412,face::train::178129.jpg,face::test::201409.jpg,0.9939638499659859
deberta_v3_base_mean_pool,face,413,face::train::091980.jpg,face::train::092618.jpg,0.9939597631380674
deberta_v3_base_mean_pool,face,414,face::train::109762.jpg,face::test::201409.jpg,0.993942770749507
deberta_v3_base_mean_pool,face,415,face::train::071174.jpg,face::train::088914.jpg,0.9939325705452419
deberta_v3_base_mean_pool,face,416,face::train::157804.jpg,face::train::001042.jpg,0.9939224605631588
deberta_v3_base_mean_pool,face,417,face::train::157804.jpg,face::train::092618.jpg,0.9939193686333229
deberta_v3_base_mean_pool,face,418,face::train::149220.jpg,face::train::032580.jpg,0.9939105627616087
deberta_v3_base_mean_pool,face,419,face::train::168471.jpg,face::train::042973.jpg,0.9939040615253004
deberta_v3_base_mean_pool,face,420,face::train::053065.jpg,face::train::065762.jpg,0.9938985347501313
deberta_v3_base_mean_pool,face,421,face::train::060555.jpg,face::test::196611.jpg,0.9938912382055443
deberta_v3_base_mean_pool,face,422,face::train::088914.jpg,face::test::188858.jpg,0.9938912127101518
deberta_v3_base_mean_pool,face,423,face::train::042973.jpg,face::train::178129.jpg,0.9938905229454124
deberta_v3_base_mean_pool,face,424,face::train::114832.jpg,face::train::168471.jpg,0.9938875789718579
deberta_v3_base_mean_pool,face,425,face::train::129132.jpg,face::train::053065.jpg,0.9938853575875984
deberta_v3_base_mean_pool,face,426,face::train::001042.jpg,face::test::189457.jpg,0.9938850174752707
deberta_v3_base_mean_pool,face,427,face::train::137722.jpg,face::train::065762.jpg,0.9938683270999538
deberta_v3_base_mean_pool,face,428,face::train::081413.jpg,face::train::060309.jpg,0.9938551380272151
deberta_v3_base_mean_pool,face,429,face::train::026996.jpg,face::train::001042.jpg,0.993834812515465
deberta_v3_base_mean_pool,face,430,face::train::149220.jpg,face::train::060555.jpg,0.9938335584956324
deberta_v3_base_mean_pool,face,431,face::train::008309.jpg,face::train::053065.jpg,0.9938047210947052
deberta_v3_base_mean_pool,face,432,face::train::114832.jpg,face::test::201409.jpg,0.9937960278152734
deberta_v3_base_mean_pool,face,433,face::train::001042.jpg,face::test::196611.jpg,0.9937704157676236
deberta_v3_base_mean_pool,face,434,face::train::060309.jpg,face::test::186223.jpg,0.9937665694322386
deberta_v3_base_mean_pool,face,435,face::train::141457.jpg,face::test::189858.jpg,0.9937428971209968
deberta_v3_base_mean_pool,face,436,face::train::090489.jpg,face::test::186223.jpg,0.9937407190793089
deberta_v3_base_mean_pool,face,437,face::train::170623.jpg,face::train::168471.jpg,0.9937368894681095
deberta_v3_base_mean_pool,face,438,face::train::026996.jpg,face::train::109762.jpg,0.9937219441102949
deberta_v3_base_mean_pool,face,439,face::train::178129.jpg,face::train::109762.jpg,0.9937175614590472
deberta_v3_base_mean_pool,face,440,face::train::149220.jpg,face::train::150659.jpg,0.993708490191198
deberta_v3_base_mean_pool,face,441,face::test::196777.jpg,face::test::184003.jpg,0.9936953246452245
deberta_v3_base_mean_pool,face,442,face::train::060309.jpg,face::test::185812.jpg,0.9936932240807925
deberta_v3_base_mean_pool,face,443,face::train::109762.jpg,face::test::189858.jpg,0.9936825732865957
deberta_v3_base_mean_pool,face,444,face::train::073196.jpg,face::test::188858.jpg,0.993669787453524
deberta_v3_base_mean_pool,face,445,face::train::178182.jpg,face::train::092618.jpg,0.9936560734635225
deberta_v3_base_mean_pool,face,446,face::train::091980.jpg,face::train::042973.jpg,0.9936434893530229
deberta_v3_base_mean_pool,face,447,face::train::178129.jpg,face::train::001042.jpg,0.9936429480525606
deberta_v3_base_mean_pool,face,448,face::train::025692.jpg,face::test::196611.jpg,0.9936333295679605
deberta_v3_base_mean_pool,face,449,face::train::129132.jpg,face::test::196777.jpg,0.9936329399977627
deberta_v3_base_mean_pool,face,450,face::train::090489.jpg,face::train::025692.jpg,0.9936323438513587
deberta_v3_base_mean_pool,face,451,face::test::189457.jpg,face::test::201409.jpg,0.9936317791953385
deberta_v3_base_mean_pool,face,452,face::train::081413.jpg,face::train::141457.jpg,0.9936316817525552
deberta_v3_base_mean_pool,face,453,face::train::157804.jpg,face::train::008309.jpg,0.9936280817672438
deberta_v3_base_mean_pool,face,454,face::train::081413.jpg,face::train::178129.jpg,0.9936106281944611
deberta_v3_base_mean_pool,face,455,face::train::166091.jpg,face::train::089537.jpg,0.9936029828514636
deberta_v3_base_mean_pool,face,456,face::train::092618.jpg,face::test::189858.jpg,0.9935976550527491
deberta_v3_base_mean_pool,face,457,face::train::042973.jpg,face::train::141457.jpg,0.9935938087103383
deberta_v3_base_mean_pool,face,458,face::train::121281.jpg,face::train::063618.jpg,0.9935898679894517
deberta_v3_base_mean_pool,face,459,face::test::185812.jpg,face::test::188858.jpg,0.9935887209641052
deberta_v3_base_mean_pool,face,460,face::train::170623.jpg,face::train::060555.jpg,0.9935539190892481
deberta_v3_base_mean_pool,face,461,face::train::090489.jpg,face::train::141457.jpg,0.9935526376475305
deberta_v3_base_mean_pool,face,462,face::train::092618.jpg,face::test::196611.jpg,0.9935520011994458
deberta_v3_base_mean_pool,face,463,face::train::121281.jpg,face::train::150659.jpg,0.9935470411592526
deberta_v3_base_mean_pool,face,464,face::train::166091.jpg,face::train::065762.jpg,0.993523576061197
deberta_v3_base_mean_pool,face,465,face::train::092618.jpg,face::test::183801.jpg,0.9935223432196806
deberta_v3_base_mean_pool,face,466,face::train::081413.jpg,face::train::092618.jpg,0.9935219092691125
deberta_v3_base_mean_pool,face,467,face::train::178129.jpg,face::train::141457.jpg,0.9935193367360889
deberta_v3_base_mean_pool,face,468,face::train::071174.jpg,face::train::082954.jpg,0.9935058236309552
deberta_v3_base_mean_pool,face,469,face::train::178182.jpg,face::test::189858.jpg,0.9935048449186042
deberta_v3_base_mean_pool,face,470,face::train::166091.jpg,face::train::060555.jpg,0.9935047303405533
deberta_v3_base_mean_pool,face,471,face::train::101485.jpg,face::test::186223.jpg,0.9934896562854012
deberta_v3_base_mean_pool,face,472,face::train::081413.jpg,face::train::053065.jpg,0.9934879577787123
deberta_v3_base_mean_pool,face,473,face::train::071174.jpg,face::train::060555.jpg,0.9934682565930147
deberta_v3_base_mean_pool,face,474,face::train::091980.jpg,face::test::201409.jpg,0.9934557042994482
deberta_v3_base_mean_pool,face,475,face::train::025692.jpg,face::train::178129.jpg,0.9934547485518316
deberta_v3_base_mean_pool,face,476,face::train::101485.jpg,face::test::189858.jpg,0.9934521230385971
deberta_v3_base_mean_pool,face,477,face::train::121281.jpg,face::train::090489.jpg,0.9934367881749132
deberta_v3_base_mean_pool,face,478,face::train::042973.jpg,face::test::201409.jpg,0.9934297063616097
deberta_v3_base_mean_pool,face,479,face::train::137722.jpg,face::train::060309.jpg,0.9934295595836472
deberta_v3_base_mean_pool,face,480,face::train::121281.jpg,face::train::123459.jpg,0.9934150740939334
deberta_v3_base_mean_pool,face,481,face::train::023736.jpg,face::train::141457.jpg,0.9934036785735046
deberta_v3_base_mean_pool,face,482,face::train::178182.jpg,face::test::196611.jpg,0.9933968957778164
deberta_v3_base_mean_pool,face,483,face::train::090489.jpg,face::train::109762.jpg,0.9933958891150448
deberta_v3_base_mean_pool,face,484,face::train::166091.jpg,face::train::123459.jpg,0.9933902881332901
deberta_v3_base_mean_pool,face,485,face::train::178129.jpg,face::test::186223.jpg,0.9933869168706354
deberta_v3_base_mean_pool,face,486,face::train::101485.jpg,face::train::149220.jpg,0.9933715969877587
deberta_v3_base_mean_pool,face,487,face::train::042973.jpg,face::train::109762.jpg,0.993362873145117
deberta_v3_base_mean_pool,face,488,face::train::091980.jpg,face::train::082954.jpg,0.9933578505172255
deberta_v3_base_mean_pool,face,489,face::train::149220.jpg,face::train::001042.jpg,0.9933577424701274
deberta_v3_base_mean_pool,face,490,face::train::065762.jpg,face::train::082954.jpg,0.9933548703604118
deberta_v3_base_mean_pool,face,491,face::train::143554.jpg,face::test::185812.jpg,0.9933336090702046
deberta_v3_base_mean_pool,face,492,face::train::101485.jpg,face::train::060309.jpg,0.9932918780409272
deberta_v3_base_mean_pool,face,493,face::train::008309.jpg,face::train::026996.jpg,0.9932916131662879
deberta_v3_base_mean_pool,face,494,face::train::114832.jpg,face::train::090489.jpg,0.9932899809389985
deberta_v3_base_mean_pool,face,495,face::train::071174.jpg,face::train::063708.jpg,0.9932875460613926
deberta_v3_base_mean_pool,face,496,face::train::166091.jpg,face::train::088914.jpg,0.99327868367763
deberta_v3_base_mean_pool,face,497,face::train::143554.jpg,face::test::188858.jpg,0.993275911708657
deberta_v3_base_mean_pool,face,498,face::train::114832.jpg,face::train::063618.jpg,0.993275240798397
deberta_v3_base_mean_pool,face,499,face::train::065762.jpg,face::train::109762.jpg,0.993272417592368
deberta_v3_base_mean_pool,face,500,face::train::081413.jpg,face::train::063708.jpg,0.9932694905760551
deberta_v3_base_mean_pool,face,501,face::train::065762.jpg,face::test::189858.jpg,0.9932651874991104
deberta_v3_base_mean_pool,face,502,face::train::053065.jpg,face::test::196611.jpg,0.9932456421817806
deberta_v3_base_mean_pool,face,503,face::train::170623.jpg,face::train::178182.jpg,0.9932413865444969
deberta_v3_base_mean_pool,face,504,face::test::189457.jpg,face::test::184003.jpg,0.9932392640996405
deberta_v3_base_mean_pool,face,505,face::train::109762.jpg,face::test::188858.jpg,0.9932315862357739
deberta_v3_base_mean_pool,face,506,face::train::166091.jpg,face::train::063708.jpg,0.9932266025911035
deberta_v3_base_mean_pool,face,507,face::train::109762.jpg,face::test::196611.jpg,0.9932086417540056
deberta_v3_base_mean_pool,face,508,face::train::081413.jpg,face::test::188858.jpg,0.9932042356143962
deberta_v3_base_mean_pool,face,509,face::train::008309.jpg,face::test::186223.jpg,0.9932022461754784
deberta_v3_base_mean_pool,face,510,face::train::138886.jpg,face::test::189457.jpg,0.9931895096126838
deberta_v3_base_mean_pool,face,511,face::train::109762.jpg,face::test::196777.jpg,0.9931831089694022
deberta_v3_base_mean_pool,face,512,face::train::137722.jpg,face::train::123459.jpg,0.9931682156757181
deberta_v3_base_mean_pool,face,513,face::train::143554.jpg,face::train::089537.jpg,0.9931562502029808
deberta_v3_base_mean_pool,face,514,face::train::121281.jpg,face::train::109762.jpg,0.9931490660165742
deberta_v3_base_mean_pool,face,515,face::train::141457.jpg,face::train::001042.jpg,0.993147076343151
deberta_v3_base_mean_pool,face,516,face::train::090489.jpg,face::train::178182.jpg,0.9931461177010634
deberta_v3_base_mean_pool,face,517,face::train::170623.jpg,face::train::082954.jpg,0.9931433468974944
deberta_v3_base_mean_pool,face,518,face::train::137722.jpg,face::test::189457.jpg,0.9931389213501473
deberta_v3_base_mean_pool,face,519,face::train::008309.jpg,face::train::065762.jpg,0.9931388662085083
deberta_v3_base_mean_pool,face,520,face::train::092618.jpg,face::train::178129.jpg,0.9931313985951693
deberta_v3_base_mean_pool,face,521,face::train::071174.jpg,face::train::001042.jpg,0.993130492173566
deberta_v3_base_mean_pool,face,522,face::train::063708.jpg,face::train::141457.jpg,0.9931265816462689
deberta_v3_base_mean_pool,face,523,face::train::090489.jpg,face::train::053065.jpg,0.9931262663297982
deberta_v3_base_mean_pool,face,524,face::test::189457.jpg,face::test::188858.jpg,0.993119133445103
deberta_v3_base_mean_pool,face,525,face::train::060309.jpg,face::train::178129.jpg,0.9931102387577333
deberta_v3_base_mean_pool,face,526,face::train::092618.jpg,face::train::109762.jpg,0.9930927811063043
deberta_v3_base_mean_pool,face,527,face::train::081413.jpg,face::train::088914.jpg,0.9930918667754596
deberta_v3_base_mean_pool,face,528,face::train::178182.jpg,face::test::188858.jpg,0.993082987053042
deberta_v3_base_mean_pool,face,529,face::train::168471.jpg,face::test::189858.jpg,0.993082382945904
deberta_v3_base_mean_pool,face,530,face::train::090489.jpg,face::train::060309.jpg,0.993075520648548
deberta_v3_base_mean_pool,face,531,face::train::090489.jpg,face::train::101485.jpg,0.993034980243303
deberta_v3_base_mean_pool,face,532,face::train::071174.jpg,face::train::089537.jpg,0.9930306874832765
deberta_v3_base_mean_pool,face,533,face::train::143554.jpg,face::train::060309.jpg,0.9930253046985283
deberta_v3_base_mean_pool,face,534,face::train::114832.jpg,face::test::196611.jpg,0.9930178874887037
deberta_v3_base_mean_pool,face,535,face::train::065762.jpg,face::test::185812.jpg,0.993009411852214
deberta_v3_base_mean_pool,face,536,face::train::063618.jpg,face::test::189457.jpg,0.9930041410645308
deberta_v3_base_mean_pool,face,537,face::train::053065.jpg,face::train::123459.jpg,0.9929950693425067
deberta_v3_base_mean_pool,face,538,face::train::063708.jpg,face::train::026996.jpg,0.9929935214534813
deberta_v3_base_mean_pool,face,539,face::train::138886.jpg,face::train::026996.jpg,0.9929845607767289
deberta_v3_base_mean_pool,face,540,face::train::081413.jpg,face::train::123459.jpg,0.9929837647300569
deberta_v3_base_mean_pool,face,541,face::train::071174.jpg,face::train::025692.jpg,0.9929653514187978
deberta_v3_base_mean_pool,face,542,face::train::091980.jpg,face::train::008309.jpg,0.992956102478581
deberta_v3_base_mean_pool,face,543,face::train::121281.jpg,face::train::063708.jpg,0.9929525573250421
deberta_v3_base_mean_pool,face,544,face::train::137722.jpg,face::train::150659.jpg,0.9929491657658439
deberta_v3_base_mean_pool,face,545,face::train::114832.jpg,face::train::178129.jpg,0.9929487774880338
deberta_v3_base_mean_pool,face,546,face::train::137722.jpg,face::train::073196.jpg,0.992946601863127
deberta_v3_base_mean_pool,face,547,face::train::071174.jpg,face::train::150659.jpg,0.9929402558051362
deberta_v3_base_mean_pool,face,548,face::train::088914.jpg,face::test::189858.jpg,0.9929340048994056
deberta_v3_base_mean_pool,face,549,face::train::065762.jpg,face::train::150659.jpg,0.9929254481273263
deberta_v3_base_mean_pool,face,550,face::train::089537.jpg,face::train::065762.jpg,0.9928950813218227
deberta_v3_base_mean_pool,face,551,face::train::032580.jpg,face::test::189858.jpg,0.9928897894365571
deberta_v3_base_mean_pool,face,552,face::train::157804.jpg,face::test::201409.jpg,0.9928809460831663
deberta_v3_base_mean_pool,face,553,face::train::178129.jpg,face::test::189457.jpg,0.9928656725387138
deberta_v3_base_mean_pool,face,554,face::train::121281.jpg,face::train::060555.jpg,0.9928610549969092
deberta_v3_base_mean_pool,face,555,face::train::157804.jpg,face::train::060555.jpg,0.9928529540771488
deberta_v3_base_mean_pool,face,556,face::train::114832.jpg,face::test::184003.jpg,0.9928499191564706
deberta_v3_base_mean_pool,face,557,face::train::091980.jpg,face::train::178182.jpg,0.9928479384189001
deberta_v3_base_mean_pool,face,558,face::train::081413.jpg,face::train::001042.jpg,0.9928471233671865
deberta_v3_base_mean_pool,face,559,face::train::114832.jpg,face::test::189858.jpg,0.9928460865169425
deberta_v3_base_mean_pool,face,560,face::train::071174.jpg,face::train::109762.jpg,0.9928443548309851
deberta_v3_base_mean_pool,face,561,face::train::090489.jpg,face::test::188858.jpg,0.9928382592906166
deberta_v3_base_mean_pool,face,562,face::train::091980.jpg,face::train::060555.jpg,0.9928306726801088
deberta_v3_base_mean_pool,face,563,face::train::063618.jpg,face::test::188858.jpg,0.992817728876449
deberta_v3_base_mean_pool,face,564,face::train::089537.jpg,face::train::123459.jpg,0.9928060812589501
deberta_v3_base_mean_pool,face,565,face::train::149220.jpg,face::train::123459.jpg,0.9928033784338443
deberta_v3_base_mean_pool,face,566,face::train::026996.jpg,face::test::183801.jpg,0.9927966674425485
deberta_v3_base_mean_pool,face,567,face::train::129132.jpg,face::train::141457.jpg,0.9927899779809071
deberta_v3_base_mean_pool,face,568,face::train::109762.jpg,face::test::186223.jpg,0.9927779624079279
deberta_v3_base_mean_pool,face,569,face::train::121281.jpg,face::train::101485.jpg,0.9927678672268048
deberta_v3_base_mean_pool,face,570,face::train::065762.jpg,face::train::001042.jpg,0.9927653652543375
deberta_v3_base_mean_pool,face,571,face::train::178129.jpg,face::train::032580.jpg,0.9927607528886233
deberta_v3_base_mean_pool,face,572,face::train::121281.jpg,face::train::178182.jpg,0.9927540040883561
deberta_v3_base_mean_pool,face,573,face::train::168471.jpg,face::train::092618.jpg,0.992751848867367
deberta_v3_base_mean_pool,face,574,face::train::092618.jpg,face::test::201409.jpg,0.9927510299015392
deberta_v3_base_mean_pool,face,575,face::train::114832.jpg,face::test::183801.jpg,0.9927501469786635
deberta_v3_base_mean_pool,face,576,face::train::081413.jpg,face::train::082954.jpg,0.9927477107370011
deberta_v3_base_mean_pool,face,577,face::train::137722.jpg,face::train::032580.jpg,0.9927470873862264
deberta_v3_base_mean_pool,face,578,face::train::053065.jpg,face::train::060555.jpg,0.9927464618804535
deberta_v3_base_mean_pool,face,579,face::train::166091.jpg,face::train::168471.jpg,0.9927409770414615
deberta_v3_base_mean_pool,face,580,face::train::071174.jpg,face::train::123459.jpg,0.9927382600333934
deberta_v3_base_mean_pool,face,581,face::train::060555.jpg,face::test::188858.jpg,0.992732923516033
deberta_v3_base_mean_pool,face,582,face::train::137722.jpg,face::train::141457.jpg,0.9927276569086915
deberta_v3_base_mean_pool,face,583,face::train::114832.jpg,face::test::189457.jpg,0.9927241521246448
deberta_v3_base_mean_pool,face,584,face::train::149220.jpg,face::train::082954.jpg,0.9927159440841191
deberta_v3_base_mean_pool,face,585,face::train::121281.jpg,face::train::073196.jpg,0.9927059150967048
deberta_v3_base_mean_pool,face,586,face::train::071174.jpg,face::train::178182.jpg,0.992705222709912
deberta_v3_base_mean_pool,face,587,face::train::025692.jpg,face::train::026996.jpg,0.9926898846156137
deberta_v3_base_mean_pool,face,588,face::train::026996.jpg,face::test::201409.jpg,0.9926874156954271
deberta_v3_base_mean_pool,face,589,face::train::089537.jpg,face::train::088914.jpg,0.9926866141505976
deberta_v3_base_mean_pool,face,590,face::train::157804.jpg,face::train::114832.jpg,0.9926816669066166
deberta_v3_base_mean_pool,face,591,face::train::114832.jpg,face::train::138886.jpg,0.9926669768364322
deberta_v3_base_mean_pool,face,592,face::train::149220.jpg,face::train::109762.jpg,0.9926504913132201
deberta_v3_base_mean_pool,face,593,face::train::149220.jpg,face::train::042973.jpg,0.9926502371584073
deberta_v3_base_mean_pool,face,594,face::train::060555.jpg,face::train::141457.jpg,0.9926418746537528
deberta_v3_base_mean_pool,face,595,face::train::170623.jpg,face::train::065762.jpg,0.992610372984527
deberta_v3_base_mean_pool,face,596,face::train::114832.jpg,face::train::026996.jpg,0.9926067072231102
deberta_v3_base_mean_pool,face,597,face::train::157804.jpg,face::train::042973.jpg,0.9926064122536605
deberta_v3_base_mean_pool,face,598,face::train::082954.jpg,face::train::141457.jpg,0.9926017218893073
deberta_v3_base_mean_pool,face,599,face::train::121281.jpg,face::train::089537.jpg,0.9925929027022786
deberta_v3_base_mean_pool,face,600,face::train::166091.jpg,face::train::178182.jpg,0.9925801219583454
deberta_v3_base_mean_pool,face,601,face::train::053065.jpg,face::train::178182.jpg,0.9925701183972041
deberta_v3_base_mean_pool,face,602,face::train::063618.jpg,face::train::149220.jpg,0.9925486853173227
deberta_v3_base_mean_pool,face,603,face::train::089537.jpg,face::test::185812.jpg,0.9925485473291108
deberta_v3_base_mean_pool,face,604,face::train::090489.jpg,face::train::168471.jpg,0.9925237795485482
deberta_v3_base_mean_pool,face,605,face::train::053065.jpg,face::train::143554.jpg,0.9925109013104964
deberta_v3_base_mean_pool,face,606,face::train::166091.jpg,face::train::082954.jpg,0.9925052510514193
deberta_v3_base_mean_pool,face,607,face::train::166091.jpg,face::train::025692.jpg,0.9924952190501599
deberta_v3_base_mean_pool,face,608,face::train::166091.jpg,face::train::141457.jpg,0.9924817068303993
deberta_v3_base_mean_pool,face,609,face::train::008309.jpg,face::train::060309.jpg,0.9924752432925895
deberta_v3_base_mean_pool,face,610,face::test::183801.jpg,face::test::196777.jpg,0.9924544294032703
deberta_v3_base_mean_pool,face,611,face::train::137722.jpg,face::train::092618.jpg,0.9924415436620571
deberta_v3_base_mean_pool,face,612,face::train::178182.jpg,face::train::149220.jpg,0.9924154923535848
deberta_v3_base_mean_pool,face,613,face::train::157804.jpg,face::train::178182.jpg,0.9923854302627724
deberta_v3_base_mean_pool,face,614,face::train::123459.jpg,face::test::189858.jpg,0.992381645172074
deberta_v3_base_mean_pool,face,615,face::train::053065.jpg,face::train::101485.jpg,0.9923495328226529
deberta_v3_base_mean_pool,face,616,face::train::166091.jpg,face::train::042973.jpg,0.9923400416140067
deberta_v3_base_mean_pool,face,617,face::train::157804.jpg,face::train::063708.jpg,0.9923393117785277
deberta_v3_base_mean_pool,face,618,face::train::060555.jpg,face::test::186223.jpg,0.9923232734601175
deberta_v3_base_mean_pool,face,619,face::train::143554.jpg,face::test::189858.jpg,0.9923161291327528
deberta_v3_base_mean_pool,face,620,face::train::137722.jpg,face::train::101485.jpg,0.9923071759689217
deberta_v3_base_mean_pool,face,621,face::train::090489.jpg,face::test::185812.jpg,0.9923043976185477
deberta_v3_base_mean_pool,face,622,face::train::071174.jpg,face::train::065762.jpg,0.9923033558622099
deberta_v3_base_mean_pool,face,623,face::train::138886.jpg,face::test::196777.jpg,0.99230265164314
deberta_v3_base_mean_pool,face,624,face::train::101485.jpg,face::train::150659.jpg,0.9922944710131891
deberta_v3_base_mean_pool,face,625,face::train::063708.jpg,face::train::149220.jpg,0.9922866237887127
deberta_v3_base_mean_pool,face,626,face::train::138886.jpg,face::train::060555.jpg,0.9922663102844507
deberta_v3_base_mean_pool,face,627,face::train::026996.jpg,face::test::184003.jpg,0.9922623614194395
deberta_v3_base_mean_pool,face,628,face::test::189457.jpg,face::test::196777.jpg,0.9922611440209823
deberta_v3_base_mean_pool,face,629,face::train::026996.jpg,face::test::196777.jpg,0.9922608737621077
deberta_v3_base_mean_pool,face,630,face::train::149220.jpg,face::train::073196.jpg,0.9922560449291196
deberta_v3_base_mean_pool,face,631,face::train::090489.jpg,face::train::065762.jpg,0.9922555877814022
deberta_v3_base_mean_pool,face,632,face::train::138886.jpg,face::train::109762.jpg,0.9922546762779128
deberta_v3_base_mean_pool,face,633,face::train::168471.jpg,face::test::186223.jpg,0.9922479131839077
deberta_v3_base_mean_pool,face,634,face::train::032580.jpg,face::test::196611.jpg,0.9922458814933309
deberta_v3_base_mean_pool,face,635,face::train::053065.jpg,face::train::109762.jpg,0.9922447998809789
deberta_v3_base_mean_pool,face,636,face::train::166091.jpg,face::train::143554.jpg,0.9922399161242826
deberta_v3_base_mean_pool,face,637,face::train::178182.jpg,face::train::138886.jpg,0.9922350602139806
deberta_v3_base_mean_pool,face,638,face::train::109762.jpg,face::test::184003.jpg,0.9922258402600111
deberta_v3_base_mean_pool,face,639,face::train::065762.jpg,face::test::188858.jpg,0.992198300611386
deberta_v3_base_mean_pool,face,640,face::train::053065.jpg,face::train::063618.jpg,0.9921958540758248
deberta_v3_base_mean_pool,face,641,face::train::137722.jpg,face::train::114832.jpg,0.9921655730044898
deberta_v3_base_mean_pool,face,642,face::train::090489.jpg,face::test::196777.jpg,0.9921642924889003
deberta_v3_base_mean_pool,face,643,face::train::073196.jpg,face::train::088914.jpg,0.9921594668126403
deberta_v3_base_mean_pool,face,644,face::train::026996.jpg,face::test::186223.jpg,0.9921590297320745
deberta_v3_base_mean_pool,face,645,face::train::138886.jpg,face::train::082954.jpg,0.9921520087428906
deberta_v3_base_mean_pool,face,646,face::train::042973.jpg,face::test::189457.jpg,0.9921381659928848
deberta_v3_base_mean_pool,face,647,face::train::138886.jpg,face::test::201409.jpg,0.9921302408584712
deberta_v3_base_mean_pool,face,648,face::train::121281.jpg,face::train::141457.jpg,0.9921171696500564
deberta_v3_base_mean_pool,face,649,face::train::141457.jpg,face::train::109762.jpg,0.9921008359330609
deberta_v3_base_mean_pool,face,650,face::train::157804.jpg,face::train::063618.jpg,0.9920949781111693
deberta_v3_base_mean_pool,face,651,face::train::166091.jpg,face::train::001042.jpg,0.9920909538227812
deberta_v3_base_mean_pool,face,652,face::train::023736.jpg,face::test::185812.jpg,0.9920723530770552
deberta_v3_base_mean_pool,face,653,face::train::091980.jpg,face::train::063708.jpg,0.9920668297806928
deberta_v3_base_mean_pool,face,654,face::train::089537.jpg,face::train::032580.jpg,0.9920588163017614
deberta_v3_base_mean_pool,face,655,face::test::189457.jpg,face::test::186223.jpg,0.9920423438616857
deberta_v3_base_mean_pool,face,656,face::train::060555.jpg,face::test::184003.jpg,0.9920266502306259
deberta_v3_base_mean_pool,face,657,face::train::081413.jpg,face::train::060555.jpg,0.9920199550261519
deberta_v3_base_mean_pool,face,658,face::train::121281.jpg,face::train::025692.jpg,0.9920111772050432
deberta_v3_base_mean_pool,face,659,face::test::185812.jpg,face::test::183801.jpg,0.9920006613552851
deberta_v3_base_mean_pool,face,660,face::train::053065.jpg,face::train::063708.jpg,0.9919929342961191
deberta_v3_base_mean_pool,face,661,face::train::121281.jpg,face::train::042973.jpg,0.9919889267391183
deberta_v3_base_mean_pool,face,662,face::train::123459.jpg,face::test::188858.jpg,0.9919797516800131
deberta_v3_base_mean_pool,face,663,face::train::168471.jpg,face::train::178129.jpg,0.9919602172007376
deberta_v3_base_mean_pool,face,664,face::train::053065.jpg,face::train::141457.jpg,0.991954135765338
deberta_v3_base_mean_pool,face,665,face::train::065762.jpg,face::train::063708.jpg,0.9919456759515641
deberta_v3_base_mean_pool,face,666,face::test::189457.jpg,face::test::189858.jpg,0.9919372893726761
deberta_v3_base_mean_pool,face,667,face::train::137722.jpg,face::train::088914.jpg,0.9919005278808636
deberta_v3_base_mean_pool,face,668,face::train::121281.jpg,face::train::082954.jpg,0.9918703886303157
deberta_v3_base_mean_pool,face,669,face::train::166091.jpg,face::train::063618.jpg,0.9918631315550716
deberta_v3_base_mean_pool,face,670,face::train::090489.jpg,face::train::032580.jpg,0.9918625713434261
deberta_v3_base_mean_pool,face,671,face::train::060309.jpg,face::train::109762.jpg,0.9918532565346401
deberta_v3_base_mean_pool,face,672,face::train::071174.jpg,face::train::092618.jpg,0.9918527720536046
deberta_v3_base_mean_pool,face,673,face::train::178182.jpg,face::train::065762.jpg,0.9918452263008988
deberta_v3_base_mean_pool,face,674,face::train::137722.jpg,face::train::143554.jpg,0.9918110878187661
deberta_v3_base_mean_pool,face,675,face::train::129132.jpg,face::train::060309.jpg,0.9918084739355496
deberta_v3_base_mean_pool,face,676,face::train::063618.jpg,face::train::141457.jpg,0.991790392180084
deberta_v3_base_mean_pool,face,677,face::train::168471.jpg,face::train::149220.jpg,0.9917705780018532
deberta_v3_base_mean_pool,face,678,face::train::026996.jpg,face::train::042973.jpg,0.9917625903308996
deberta_v3_base_mean_pool,face,679,face::train::090489.jpg,face::test::189457.jpg,0.9917470311716731
deberta_v3_base_mean_pool,face,680,face::train::091980.jpg,face::train::063618.jpg,0.991745931576641
deberta_v3_base_mean_pool,face,681,face::train::053065.jpg,face::train::042973.jpg,0.9917392867901873
deberta_v3_base_mean_pool,face,682,face::train::114832.jpg,face::train::141457.jpg,0.9917378319003526
deberta_v3_base_mean_pool,face,683,face::train::071174.jpg,face::train::168471.jpg,0.9917306833359898
deberta_v3_base_mean_pool,face,684,face::train::081413.jpg,face::train::109762.jpg,0.9917276576139032
deberta_v3_base_mean_pool,face,685,face::train::170623.jpg,face::train::025692.jpg,0.9917267011156125
deberta_v3_base_mean_pool,face,686,face::train::023736.jpg,face::train::060309.jpg,0.9917178684715392
deberta_v3_base_mean_pool,face,687,face::train::178182.jpg,face::test::184003.jpg,0.9916778210455185
deberta_v3_base_mean_pool,face,688,face::train::073196.jpg,face::train::032580.jpg,0.9916771258112487
deberta_v3_base_mean_pool,face,689,face::train::166091.jpg,face::train::026996.jpg,0.9916701660060984
deberta_v3_base_mean_pool,face,690,face::train::157804.jpg,face::train::109762.jpg,0.991666229348536
deberta_v3_base_mean_pool,face,691,face::train::071174.jpg,face::test::189457.jpg,0.9916435119012489
deberta_v3_base_mean_pool,face,692,face::train::071174.jpg,face::train::073196.jpg,0.9916399963493099
deberta_v3_base_mean_pool,face,693,face::train::149220.jpg,face::train::092618.jpg,0.9916382136603784
deberta_v3_base_mean_pool,face,694,face::train::166091.jpg,face::train::101485.jpg,0.9916363763673868
deberta_v3_base_mean_pool,face,695,face::train::082954.jpg,face::test::184003.jpg,0.9916090333391298
deberta_v3_base_mean_pool,face,696,face::train::063708.jpg,face::test::188858.jpg,0.9916018242331976
deberta_v3_base_mean_pool,face,697,face::train::157804.jpg,face::train::025692.jpg,0.9915981031930682
deberta_v3_base_mean_pool,face,698,face::train::149220.jpg,face::train::025692.jpg,0.9915906567199673
deberta_v3_base_mean_pool,face,699,face::train::121281.jpg,face::train::143554.jpg,0.9915902105024335
deberta_v3_base_mean_pool,face,700,face::test::201409.jpg,face::test::196611.jpg,0.9915768832117341
deberta_v3_base_mean_pool,face,701,face::train::141457.jpg,face::test::188858.jpg,0.9915542359146181
deberta_v3_base_mean_pool,face,702,face::train::149220.jpg,face::train::026996.jpg,0.991553095373753
deberta_v3_base_mean_pool,face,703,face::train::157804.jpg,face::train::082954.jpg,0.9915413618226091
deberta_v3_base_mean_pool,face,704,face::train::121281.jpg,face::train::001042.jpg,0.9915406480756954
deberta_v3_base_mean_pool,face,705,face::test::186223.jpg,face::test::196611.jpg,0.9915402160262067
deberta_v3_base_mean_pool,face,706,face::train::042973.jpg,face::test::186223.jpg,0.9915364459042005
deberta_v3_base_mean_pool,face,707,face::train::091980.jpg,face::train::023736.jpg,0.9915197800817708
deberta_v3_base_mean_pool,face,708,face::train::063708.jpg,face::test::186223.jpg,0.9915196786557535
deberta_v3_base_mean_pool,face,709,face::train::150659.jpg,face::test::189858.jpg,0.9915132843047905
deberta_v3_base_mean_pool,face,710,face::train::157804.jpg,face::train::023736.jpg,0.9914996381591026
deberta_v3_base_mean_pool,face,711,face::train::137722.jpg,face::test::201409.jpg,0.9914914951401945
deberta_v3_base_mean_pool,face,712,face::train::121281.jpg,face::test::189457.jpg,0.9914767562538306
deberta_v3_base_mean_pool,face,713,face::train::082954.jpg,face::test::188858.jpg,0.9914577337584083
deberta_v3_base_mean_pool,face,714,face::train::178129.jpg,face::train::088914.jpg,0.9914336247309604
deberta_v3_base_mean_pool,face,715,face::train::101485.jpg,face::test::188858.jpg,0.9914252526025191
deberta_v3_base_mean_pool,face,716,face::train::178182.jpg,face::train::141457.jpg,0.991420665346156
deberta_v3_base_mean_pool,face,717,face::train::081413.jpg,face::train::143554.jpg,0.9914034234439275
deberta_v3_base_mean_pool,face,718,face::train::137722.jpg,face::train::089537.jpg,0.9913921225490471
deberta_v3_base_mean_pool,face,719,face::train::065762.jpg,face::train::025692.jpg,0.9913909154732726
deberta_v3_base_mean_pool,face,720,face::train::170623.jpg,face::train::023736.jpg,0.9913661743432702
deberta_v3_base_mean_pool,face,721,face::train::081413.jpg,face::train::168471.jpg,0.9913569516723814
deberta_v3_base_mean_pool,face,722,face::train::025692.jpg,face::test::184003.jpg,0.991341415280801
deberta_v3_base_mean_pool,face,723,face::test::184003.jpg,face::test::201409.jpg,0.991338744236992
deberta_v3_base_mean_pool,face,724,face::train::081413.jpg,face::train::025692.jpg,0.9913356688319657
deberta_v3_base_mean_pool,face,725,face::train::081413.jpg,face::train::150659.jpg,0.9913283364366356
deberta_v3_base_mean_pool,face,726,face::train::141457.jpg,face::test::186223.jpg,0.9913257960038161
deberta_v3_base_mean_pool,face,727,face::train::157804.jpg,face::test::196611.jpg,0.9913244835655862
deberta_v3_base_mean_pool,face,728,face::train::063618.jpg,face::train::060309.jpg,0.9913237559094247
deberta_v3_base_mean_pool,face,729,face::train::090489.jpg,face::train::026996.jpg,0.9913215024343247
deberta_v3_base_mean_pool,face,730,face::train::001042.jpg,face::test::186223.jpg,0.9913180469384993
deberta_v3_base_mean_pool,face,731,face::train::082954.jpg,face::test::186223.jpg,0.9913121365312902
deberta_v3_base_mean_pool,face,732,face::train::053065.jpg,face::test::189457.jpg,0.991285346035937
deberta_v3_base_mean_pool,face,733,face::train::026996.jpg,face::train::092618.jpg,0.9912843638268826
deberta_v3_base_mean_pool,face,734,face::train::157804.jpg,face::train::129132.jpg,0.9912834088601603
deberta_v3_base_mean_pool,face,735,face::train::053065.jpg,face::train::082954.jpg,0.9912689427061996
deberta_v3_base_mean_pool,face,736,face::train::137722.jpg,face::train::026996.jpg,0.9912489236352244
deberta_v3_base_mean_pool,face,737,face::train::090489.jpg,face::train::088914.jpg,0.9912383763392177
deberta_v3_base_mean_pool,face,738,face::train::025692.jpg,face::train::141457.jpg,0.9912365860198278
deberta_v3_base_mean_pool,face,739,face::train::025692.jpg,face::test::188858.jpg,0.9912268421112026
deberta_v3_base_mean_pool,face,740,face::train::053065.jpg,face::train::168471.jpg,0.9912219769540634
deberta_v3_base_mean_pool,face,741,face::train::170623.jpg,face::train::114832.jpg,0.9912110211463534
deberta_v3_base_mean_pool,face,742,face::train::170623.jpg,face::train::166091.jpg,0.9912017004573244
deberta_v3_base_mean_pool,face,743,face::train::042973.jpg,face::test::188858.jpg,0.9911804430939387
deberta_v3_base_mean_pool,face,744,face::train::157804.jpg,face::test::184003.jpg,0.9911686064992251
deberta_v3_base_mean_pool,face,745,face::train::053065.jpg,face::train::001042.jpg,0.991157792675364
deberta_v3_base_mean_pool,face,746,face::train::143554.jpg,face::train::073196.jpg,0.9911467725016793
deberta_v3_base_mean_pool,face,747,face::train::073196.jpg,face::test::183801.jpg,0.9910887394972847
deberta_v3_base_mean_pool,face,748,face::train::149220.jpg,face::test::189457.jpg,0.9910882668066983
deberta_v3_base_mean_pool,face,749,face::train::063618.jpg,face::train::026996.jpg,0.9910644410067141
deberta_v3_base_mean_pool,face,750,face::train::129132.jpg,face::test::184003.jpg,0.9910513683887294
deberta_v3_base_mean_pool,face,751,face::train::081413.jpg,face::train::065762.jpg,0.9910380877395841
deberta_v3_base_mean_pool,face,752,face::train::138886.jpg,face::train::025692.jpg,0.9910261645410329
deberta_v3_base_mean_pool,face,753,face::train::091980.jpg,face::test::184003.jpg,0.9910165984428583
deberta_v3_base_mean_pool,face,754,face::train::178182.jpg,face::test::186223.jpg,0.990961531059436
deberta_v3_base_mean_pool,face,755,face::train::092618.jpg,face::test::189457.jpg,0.9909513484361622
deberta_v3_base_mean_pool,face,756,face::train::060309.jpg,face::train::123459.jpg,0.9909428523816098
deberta_v3_base_mean_pool,face,757,face::train::026996.jpg,face::test::189858.jpg,0.9909093047499393
deberta_v3_base_mean_pool,face,758,face::train::090489.jpg,face::test::201409.jpg,0.990903038529165
deberta_v3_base_mean_pool,face,759,face::train::129132.jpg,face::test::185812.jpg,0.9909007329146939
deberta_v3_base_mean_pool,face,760,face::train::170623.jpg,face::train::008309.jpg,0.9908978170005964
deberta_v3_base_mean_pool,face,761,face::train::170623.jpg,face::test::183801.jpg,0.9908764899712159
deberta_v3_base_mean_pool,face,762,face::train::071174.jpg,face::train::114832.jpg,0.9908561984494956
deberta_v3_base_mean_pool,face,763,face::train::091980.jpg,face::train::129132.jpg,0.9908502030964575
deberta_v3_base_mean_pool,face,764,face::train::060309.jpg,face::train::150659.jpg,0.9908442180656966
deberta_v3_base_mean_pool,face,765,face::train::060309.jpg,face::train::060555.jpg,0.9908272040502492
deberta_v3_base_mean_pool,face,766,face::train::121281.jpg,face::train::065762.jpg,0.9908156831024755
deberta_v3_base_mean_pool,face,767,face::train::008309.jpg,face::test::185812.jpg,0.9908087494994958
deberta_v3_base_mean_pool,face,768,face::train::089537.jpg,face::test::189858.jpg,0.9908070453729146
deberta_v3_base_mean_pool,face,769,face::test::196777.jpg,face::test::196611.jpg,0.9908027433316311
deberta_v3_base_mean_pool,face,770,face::train::170623.jpg,face::test::201409.jpg,0.9908021955240306
deberta_v3_base_mean_pool,face,771,face::train::168471.jpg,face::train::138886.jpg,0.9907790621896102
deberta_v3_base_mean_pool,face,772,face::train::063618.jpg,face::train::065762.jpg,0.9907781824706586
deberta_v3_base_mean_pool,face,773,face::test::189858.jpg,face::test::201409.jpg,0.990768952861874
deberta_v3_base_mean_pool,face,774,face::train::157804.jpg,face::train::090489.jpg,0.9907474042243221
deberta_v3_base_mean_pool,face,775,face::train::053065.jpg,face::train::026996.jpg,0.9907405352993756
deberta_v3_base_mean_pool,face,776,face::train::089537.jpg,face::train::060309.jpg,0.990739352755432
deberta_v3_base_mean_pool,face,777,face::train::129132.jpg,face::train::138886.jpg,0.9907369489857747
deberta_v3_base_mean_pool,face,778,face::train::121281.jpg,face::train::114832.jpg,0.9907300929893474
deberta_v3_base_mean_pool,face,779,face::train::170623.jpg,face::train::178129.jpg,0.9907216745820934
deberta_v3_base_mean_pool,face,780,face::train::141457.jpg,face::test::183801.jpg,0.9907188781394964
deberta_v3_base_mean_pool,face,781,face::train::026996.jpg,face::train::178129.jpg,0.9907178278489488
deberta_v3_base_mean_pool,face,782,face::train::081413.jpg,face::train::178182.jpg,0.990717508581436
deberta_v3_base_mean_pool,face,783,face::test::189457.jpg,face::test::196611.jpg,0.990699347828864
deberta_v3_base_mean_pool,face,784,face::train::073196.jpg,face::test::189858.jpg,0.9906977702333499
deberta_v3_base_mean_pool,face,785,face::train::168471.jpg,face::test::188858.jpg,0.9906566382307448
deberta_v3_base_mean_pool,face,786,face::train::170623.jpg,face::test::188858.jpg,0.990654333307799
deberta_v3_base_mean_pool,face,787,face::train::081413.jpg,face::train::073196.jpg,0.9906340232350623
deberta_v3_base_mean_pool,face,788,face::train::001042.jpg,face::test::188858.jpg,0.9906270345034072
deberta_v3_base_mean_pool,face,789,face::train::121281.jpg,face::train::168471.jpg,0.9906084008861348
deberta_v3_base_mean_pool,face,790,face::train::121281.jpg,face::train::092618.jpg,0.9905851726327766
deberta_v3_base_mean_pool,face,791,face::train::141457.jpg,face::train::032580.jpg,0.9905380918706339
deberta_v3_base_mean_pool,face,792,face::train::063618.jpg,face::test::186223.jpg,0.9904984282838444
deberta_v3_base_mean_pool,face,793,face::train::053065.jpg,face::train::025692.jpg,0.9904965680692707
deberta_v3_base_mean_pool,face,794,face::train::129132.jpg,face::train::089537.jpg,0.9904887734039414
deberta_v3_base_mean_pool,face,795,face::train::065762.jpg,face::train::178129.jpg,0.9904845998375912
deberta_v3_base_mean_pool,face,796,face::train::063708.jpg,face::train::060309.jpg,0.990472126660048
deberta_v3_base_mean_pool,face,797,face::train::166091.jpg,face::train::092618.jpg,0.9904517063161586
deberta_v3_base_mean_pool,face,798,face::train::129132.jpg,face::train::150659.jpg,0.9904351904522316
deberta_v3_base_mean_pool,face,799,face::train::091980.jpg,face::train::168471.jpg,0.9904288696159913
deberta_v3_base_mean_pool,face,800,face::train::166091.jpg,face::train::114832.jpg,0.990419029200787
deberta_v3_base_mean_pool,face,801,face::train::129132.jpg,face::train::032580.jpg,0.990408139558794
deberta_v3_base_mean_pool,face,802,face::train::121281.jpg,face::test::201409.jpg,0.9903801728772081
deberta_v3_base_mean_pool,face,803,face::train::091980.jpg,face::train::090489.jpg,0.9903614197083392
deberta_v3_base_mean_pool,face,804,face::train::178129.jpg,face::test::185812.jpg,0.9903289371236488
deberta_v3_base_mean_pool,face,805,face::train::091980.jpg,face::train::109762.jpg,0.9903194675941156
deberta_v3_base_mean_pool,face,806,face::train::168471.jpg,face::test::196611.jpg,0.9903157956378742
deberta_v3_base_mean_pool,face,807,face::train::089537.jpg,face::test::189457.jpg,0.9903042439405639
deberta_v3_base_mean_pool,face,808,face::train::071174.jpg,face::test::201409.jpg,0.9902950245980456
deberta_v3_base_mean_pool,face,809,face::train::060309.jpg,face::test::183801.jpg,0.9902932782586034
deberta_v3_base_mean_pool,face,810,face::train::101485.jpg,face::test::196611.jpg,0.9902825753297336
deberta_v3_base_mean_pool,face,811,face::train::170623.jpg,face::train::089537.jpg,0.9902737484427636
deberta_v3_base_mean_pool,face,812,face::train::168471.jpg,face::test::184003.jpg,0.9902686606125778
deberta_v3_base_mean_pool,face,813,face::train::023736.jpg,face::train::073196.jpg,0.9902435416574056
deberta_v3_base_mean_pool,face,814,face::train::114832.jpg,face::train::149220.jpg,0.9902190590663953
deberta_v3_base_mean_pool,face,815,face::train::150659.jpg,face::test::183801.jpg,0.9902148572998287
deberta_v3_base_mean_pool,face,816,face::train::023736.jpg,face::train::032580.jpg,0.9902127362132062
deberta_v3_base_mean_pool,face,817,face::train::170623.jpg,face::train::001042.jpg,0.9902089070110855
deberta_v3_base_mean_pool,face,818,face::train::025692.jpg,face::test::186223.jpg,0.9901930564575712
deberta_v3_base_mean_pool,face,819,face::train::157804.jpg,face::train::138886.jpg,0.9901349020206573
deberta_v3_base_mean_pool,face,820,face::train::065762.jpg,face::train::042973.jpg,0.9901334679123988
deberta_v3_base_mean_pool,face,821,face::test::189858.jpg,face::test::196777.jpg,0.9901300008850095
deberta_v3_base_mean_pool,face,822,face::train::071174.jpg,face::train::026996.jpg,0.990104223826107
deberta_v3_base_mean_pool,face,823,face::train::137722.jpg,face::test::196777.jpg,0.9900873227616195
deberta_v3_base_mean_pool,face,824,face::train::060309.jpg,face::train::042973.jpg,0.9900752806750235
deberta_v3_base_mean_pool,face,825,face::train::157804.jpg,face::train::178129.jpg,0.9900717912461713
deberta_v3_base_mean_pool,face,826,face::train::141457.jpg,face::test::185812.jpg,0.9900608991111002
deberta_v3_base_mean_pool,face,827,face::train::089537.jpg,face::train::178129.jpg,0.9900482816431153
deberta_v3_base_mean_pool,face,828,face::train::101485.jpg,face::train::178129.jpg,0.9900205086584587
deberta_v3_base_mean_pool,face,829,face::test::188858.jpg,face::test::201409.jpg,0.9900089767686626
deberta_v3_base_mean_pool,face,830,face::train::170623.jpg,face::train::137722.jpg,0.9900042234271035
deberta_v3_base_mean_pool,face,831,face::train::060309.jpg,face::train::092618.jpg,0.9899831057357594
deberta_v3_base_mean_pool,face,832,face::train::178129.jpg,face::test::196777.jpg,0.9899715607134507
deberta_v3_base_mean_pool,face,833,face::train::129132.jpg,face::train::073196.jpg,0.9899689878083181
deberta_v3_base_mean_pool,face,834,face::train::091980.jpg,face::test::183801.jpg,0.9899498842463547
deberta_v3_base_mean_pool,face,835,face::train::170623.jpg,face::train::063708.jpg,0.9899393070125708
deberta_v3_base_mean_pool,face,836,face::train::101485.jpg,face::train::073196.jpg,0.9899353200779631
deberta_v3_base_mean_pool,face,837,face::train::170623.jpg,face::test::186223.jpg,0.9899155787253289
deberta_v3_base_mean_pool,face,838,face::train::008309.jpg,face::train::032580.jpg,0.989909046041922
deberta_v3_base_mean_pool,face,839,face::train::088914.jpg,face::test::183801.jpg,0.9899084891104998
deberta_v3_base_mean_pool,face,840,face::train::073196.jpg,face::test::189457.jpg,0.9899073919294012
deberta_v3_base_mean_pool,face,841,face::train::114832.jpg,face::train::053065.jpg,0.9898909221189843
deberta_v3_base_mean_pool,face,842,face::train::026996.jpg,face::test::188858.jpg,0.9898429270387806
deberta_v3_base_mean_pool,face,843,face::train::091980.jpg,face::train::138886.jpg,0.9898368446710649
deberta_v3_base_mean_pool,face,844,face::train::150659.jpg,face::test::189457.jpg,0.98983337159575
deberta_v3_base_mean_pool,face,845,face::train::088914.jpg,face::train::141457.jpg,0.989814652730803
deberta_v3_base_mean_pool,face,846,face::train::060309.jpg,face::train::001042.jpg,0.9897887633047652
deberta_v3_base_mean_pool,face,847,face::train::129132.jpg,face::train::088914.jpg,0.9897625401492566
deberta_v3_base_mean_pool,face,848,face::train::065762.jpg,face::train::123459.jpg,0.9897335367620662
deberta_v3_base_mean_pool,face,849,face::train::008309.jpg,face::train::088914.jpg,0.989727039053436
deberta_v3_base_mean_pool,face,850,face::train::065762.jpg,face::test::201409.jpg,0.9897077223696927
deberta_v3_base_mean_pool,face,851,face::train::091980.jpg,face::test::196611.jpg,0.9896703420145332
deberta_v3_base_mean_pool,face,852,face::train::168471.jpg,face::train::073196.jpg,0.9896473108296387
deberta_v3_base_mean_pool,face,853,face::train::101485.jpg,face::train::141457.jpg,0.9896247617231309
deberta_v3_base_mean_pool,face,854,face::train::001042.jpg,face::test::184003.jpg,0.9896093235709871
deberta_v3_base_mean_pool,face,855,face::train::141457.jpg,face::test::201409.jpg,0.9895930386792509
deberta_v3_base_mean_pool,face,856,face::train::023736.jpg,face::train::088914.jpg,0.9895856960614314
deberta_v3_base_mean_pool,face,857,face::train::157804.jpg,face::train::168471.jpg,0.9895795000680663
deberta_v3_base_mean_pool,face,858,face::train::114832.jpg,face::train::065762.jpg,0.9895714603556338
deberta_v3_base_mean_pool,face,859,face::test::185812.jpg,face::test::196611.jpg,0.9895662660353253
deberta_v3_base_mean_pool,face,860,face::train::088914.jpg,face::test::196611.jpg,0.9895603180365319
deberta_v3_base_mean_pool,face,861,face::train::063708.jpg,face::test::184003.jpg,0.9895369660306373
deberta_v3_base_mean_pool,face,862,face::train::091980.jpg,face::train::178129.jpg,0.9895189557917827
deberta_v3_base_mean_pool,face,863,face::train::081413.jpg,face::train::114832.jpg,0.9895134140877955
deberta_v3_base_mean_pool,face,864,face::train::157804.jpg,face::test::183801.jpg,0.9895008997282508
deberta_v3_base_mean_pool,face,865,face::train::073196.jpg,face::train::109762.jpg,0.9895002208658524
deberta_v3_base_mean_pool,face,866,face::train::149220.jpg,face::test::201409.jpg,0.9894951056383806
deberta_v3_base_mean_pool,face,867,face::train::138886.jpg,face::train::001042.jpg,0.9894827565292766
deberta_v3_base_mean_pool,face,868,face::train::008309.jpg,face::train::138886.jpg,0.9894678793123963
deberta_v3_base_mean_pool,face,869,face::train::065762.jpg,face::train::092618.jpg,0.9894581815637102
deberta_v3_base_mean_pool,face,870,face::train::053065.jpg,face::test::201409.jpg,0.9894502233581122
deberta_v3_base_mean_pool,face,871,face::train::101485.jpg,face::train::023736.jpg,0.9894251867117622
deberta_v3_base_mean_pool,face,872,face::train::023736.jpg,face::train::150659.jpg,0.9894201982702873
deberta_v3_base_mean_pool,face,873,face::train::008309.jpg,face::train::101485.jpg,0.9894128525250447
deberta_v3_base_mean_pool,face,874,face::train::170623.jpg,face::train::053065.jpg,0.9893651307323879
deberta_v3_base_mean_pool,face,875,face::train::170623.jpg,face::train::149220.jpg,0.9893633307907289
deberta_v3_base_mean_pool,face,876,face::train::123459.jpg,face::test::183801.jpg,0.9893562800317435
deberta_v3_base_mean_pool,face,877,face::train::081413.jpg,face::test::189457.jpg,0.9893523522530713
deberta_v3_base_mean_pool,face,878,face::train::065762.jpg,face::train::088914.jpg,0.9893121580010439
deberta_v3_base_mean_pool,face,879,face::train::089537.jpg,face::train::109762.jpg,0.9892802054304187
deberta_v3_base_mean_pool,face,880,face::train::101485.jpg,face::test::183801.jpg,0.9892774047559496
deberta_v3_base_mean_pool,face,881,face::train::042973.jpg,face::test::185812.jpg,0.9892358704647802
deberta_v3_base_mean_pool,face,882,face::train::063708.jpg,face::train::138886.jpg,0.9892344627104164
deberta_v3_base_mean_pool,face,883,face::train::166091.jpg,face::test::201409.jpg,0.9892296476686494
deberta_v3_base_mean_pool,face,884,face::train::170623.jpg,face::test::196777.jpg,0.989215464276801
deberta_v3_base_mean_pool,face,885,face::train::060309.jpg,face::train::082954.jpg,0.9892004696811515
deberta_v3_base_mean_pool,face,886,face::train::090489.jpg,face::train::123459.jpg,0.9891757994257374
deberta_v3_base_mean_pool,face,887,face::train::150659.jpg,face::train::109762.jpg,0.9891583810890519
deberta_v3_base_mean_pool,face,888,face::train::026996.jpg,face::test::196611.jpg,0.9891543393221851
deberta_v3_base_mean_pool,face,889,face::train::150659.jpg,face::train::178129.jpg,0.9891396213262758
deberta_v3_base_mean_pool,face,890,face::train::143554.jpg,face::train::178129.jpg,0.989085027835594
deberta_v3_base_mean_pool,face,891,face::train::168471.jpg,face::train::141457.jpg,0.9890158968142095
deberta_v3_base_mean_pool,face,892,face::train::026996.jpg,face::train::141457.jpg,0.9889995046360831
deberta_v3_base_mean_pool,face,893,face::train::089537.jpg,face::train::026996.jpg,0.9889811361449464
deberta_v3_base_mean_pool,face,894,face::train::032580.jpg,face::test::183801.jpg,0.9889785395102668
deberta_v3_base_mean_pool,face,895,face::train::157804.jpg,face::train::141457.jpg,0.9889712021267885
deberta_v3_base_mean_pool,face,896,face::train::063618.jpg,face::test::185812.jpg,0.9889679632513633
deberta_v3_base_mean_pool,face,897,face::train::092618.jpg,face::test::186223.jpg,0.988956905178351
deberta_v3_base_mean_pool,face,898,face::train::053065.jpg,face::train::092618.jpg,0.9889476657703309
deberta_v3_base_mean_pool,face,899,face::train::170623.jpg,face::test::189858.jpg,0.9889453911458977
deberta_v3_base_mean_pool,face,900,face::train::114832.jpg,face::test::186223.jpg,0.9889153886938189
deberta_v3_base_mean_pool,face,901,face::train::129132.jpg,face::train::101485.jpg,0.9889014263471482
deberta_v3_base_mean_pool,face,902,face::train::060555.jpg,face::test::185812.jpg,0.9888754763099878
deberta_v3_base_mean_pool,face,903,face::train::109762.jpg,face::test::185812.jpg,0.9888526562177771
deberta_v3_base_mean_pool,face,904,face::train::090489.jpg,face::train::143554.jpg,0.9888501110969793
deberta_v3_base_mean_pool,face,905,face::train::063708.jpg,face::test::185812.jpg,0.9888484863641237
deberta_v3_base_mean_pool,face,906,face::train::089537.jpg,face::test::183801.jpg,0.9888233492558571
deberta_v3_base_mean_pool,face,907,face::train::168471.jpg,face::test::185812.jpg,0.9887521670039774
deberta_v3_base_mean_pool,face,908,face::train::060309.jpg,face::train::073196.jpg,0.9887226439799316
deberta_v3_base_mean_pool,face,909,face::train::114832.jpg,face::test::188858.jpg,0.9886862954826445
deberta_v3_base_mean_pool,face,910,face::train::091980.jpg,face::train::141457.jpg,0.9886830370212366
deberta_v3_base_mean_pool,face,911,face::train::023736.jpg,face::train::138886.jpg,0.9886649955930255
deberta_v3_base_mean_pool,face,912,face::train::089537.jpg,face::train::023736.jpg,0.9886606073506623
deberta_v3_base_mean_pool,face,913,face::train::170623.jpg,face::train::063618.jpg,0.9886579650353572
deberta_v3_base_mean_pool,face,914,face::train::065762.jpg,face::train::060309.jpg,0.988644324902626
deberta_v3_base_mean_pool,face,915,face::train::141457.jpg,face::test::196777.jpg,0.9886421879067739
deberta_v3_base_mean_pool,face,916,face::train::170623.jpg,face::train::071174.jpg,0.9886112705629908
deberta_v3_base_mean_pool,face,917,face::train::129132.jpg,face::train::123459.jpg,0.9885792104271969
deberta_v3_base_mean_pool,face,918,face::train::063708.jpg,face::train::088914.jpg,0.9885527311253943
deberta_v3_base_mean_pool,face,919,face::train::023736.jpg,face::test::184003.jpg,0.988467326055614
deberta_v3_base_mean_pool,face,920,face::train::178182.jpg,face::train::060309.jpg,0.9884648677656693
deberta_v3_base_mean_pool,face,921,face::train::008309.jpg,face::test::184003.jpg,0.9884359742442348
deberta_v3_base_mean_pool,face,922,face::train::138886.jpg,face::train::178129.jpg,0.9884192334282748
deberta_v3_base_mean_pool,face,923,face::train::170623.jpg,face::test::196611.jpg,0.9883857929069251
deberta_v3_base_mean_pool,face,924,face::train::157804.jpg,face::test::189457.jpg,0.9883021899724083
deberta_v3_base_mean_pool,face,925,face::train::090489.jpg,face::train::150659.jpg,0.9883010618059695
deberta_v3_base_mean_pool,face,926,face::train::143554.jpg,face::test::196611.jpg,0.9882917225636894
deberta_v3_base_mean_pool,face,927,face::train::170623.jpg,face::train::090489.jpg,0.9882380851766337
deberta_v3_base_mean_pool,face,928,face::train::141457.jpg,face::test::189457.jpg,0.9882346250267534
deberta_v3_base_mean_pool,face,929,face::train::114832.jpg,face::train::060309.jpg,0.988217514764693
deberta_v3_base_mean_pool,face,930,face::train::092618.jpg,face::test::188858.jpg,0.9881991349431325
deberta_v3_base_mean_pool,face,931,face::train::129132.jpg,face::train::143554.jpg,0.988196425422738
deberta_v3_base_mean_pool,face,932,face::train::081413.jpg,face::train::026996.jpg,0.9881855020134671
deberta_v3_base_mean_pool,face,933,face::train::091980.jpg,face::test::189457.jpg,0.9881246953122952
deberta_v3_base_mean_pool,face,934,face::train::063618.jpg,face::train::032580.jpg,0.9881218689654393
deberta_v3_base_mean_pool,face,935,face::train::063618.jpg,face::train::101485.jpg,0.9881216870964168
deberta_v3_base_mean_pool,face,936,face::train::023736.jpg,face::train::123459.jpg,0.9881127667801061
deberta_v3_base_mean_pool,face,937,face::train::073196.jpg,face::train::178129.jpg,0.9881085503647713
deberta_v3_base_mean_pool,face,938,face::train::026996.jpg,face::train::073196.jpg,0.9881035254635661
deberta_v3_base_mean_pool,face,939,face::train::081413.jpg,face::test::196777.jpg,0.9881003747744284
deberta_v3_base_mean_pool,face,940,face::train::001042.jpg,face::test::185812.jpg,0.98809944660085
deberta_v3_base_mean_pool,face,941,face::train::032580.jpg,face::train::109762.jpg,0.9880887817438107
deberta_v3_base_mean_pool,face,942,face::train::121281.jpg,face::train::026996.jpg,0.9880681323517005
deberta_v3_base_mean_pool,face,943,face::train::178129.jpg,face::train::123459.jpg,0.9880564499609751
deberta_v3_base_mean_pool,face,944,face::train::143554.jpg,face::train::141457.jpg,0.9880560331906463
deberta_v3_base_mean_pool,face,945,face::train::092618.jpg,face::test::184003.jpg,0.9879841184328639
deberta_v3_base_mean_pool,face,946,face::train::157804.jpg,face::train::026996.jpg,0.9879760953883215
deberta_v3_base_mean_pool,face,947,face::train::137722.jpg,face::train::091980.jpg,0.9879714354077328
deberta_v3_base_mean_pool,face,948,face::train::063708.jpg,face::train::032580.jpg,0.9879657662581803
deberta_v3_base_mean_pool,face,949,face::train::008309.jpg,face::train::073196.jpg,0.9879574373682518
deberta_v3_base_mean_pool,face,950,face::train::170623.jpg,face::train::042973.jpg,0.9879460518271121
deberta_v3_base_mean_pool,face,951,face::train::090489.jpg,face::train::073196.jpg,0.9879274389660495
deberta_v3_base_mean_pool,face,952,face::train::170623.jpg,face::train::121281.jpg,0.9879271494477364
deberta_v3_base_mean_pool,face,953,face::train::008309.jpg,face::train::150659.jpg,0.9879155171006433
deberta_v3_base_mean_pool,face,954,face::train::168471.jpg,face::train::150659.jpg,0.9878657042874186
deberta_v3_base_mean_pool,face,955,face::train::089537.jpg,face::train::060555.jpg,0.9878284233302784
deberta_v3_base_mean_pool,face,956,face::train::091980.jpg,face::train::026996.jpg,0.9878090826042675
deberta_v3_base_mean_pool,face,957,face::train::089537.jpg,face::train::101485.jpg,0.9877405883893624
deberta_v3_base_mean_pool,face,958,face::train::060309.jpg,face::train::025692.jpg,0.9877211447107995
deberta_v3_base_mean_pool,face,959,face::train::091980.jpg,face::test::189858.jpg,0.9877146584185699
deberta_v3_base_mean_pool,face,960,face::train::137722.jpg,face::train::157804.jpg,0.9877073127167583
deberta_v3_base_mean_pool,face,961,face::train::081413.jpg,face::test::201409.jpg,0.9876797471730302
deberta_v3_base_mean_pool,face,962,face::train::065762.jpg,face::test::196611.jpg,0.9876629460250855
deberta_v3_base_mean_pool,face,963,face::train::157804.jpg,face::test::189858.jpg,0.9876500023920163
deberta_v3_base_mean_pool,face,964,face::train::065762.jpg,face::test::196777.jpg,0.9875462844913567
deberta_v3_base_mean_pool,face,965,face::train::082954.jpg,face::test::185812.jpg,0.9874613312234385
deberta_v3_base_mean_pool,face,966,face::train::089537.jpg,face::train::168471.jpg,0.9874553331528765
deberta_v3_base_mean_pool,face,967,face::train::063618.jpg,face::train::138886.jpg,0.9874216314586226
deberta_v3_base_mean_pool,face,968,face::train::092618.jpg,face::test::185812.jpg,0.9873914391871219
deberta_v3_base_mean_pool,face,969,face::train::008309.jpg,face::train::123459.jpg,0.9873483645318513
deberta_v3_base_mean_pool,face,970,face::train::042973.jpg,face::test::184003.jpg,0.9873332416489811
deberta_v3_base_mean_pool,face,971,face::train::101485.jpg,face::train::063708.jpg,0.9873257685854806
deberta_v3_base_mean_pool,face,972,face::train::060555.jpg,face::train::073196.jpg,0.9872922656410635
deberta_v3_base_mean_pool,face,973,face::train::101485.jpg,face::train::042973.jpg,0.9872716151371582
deberta_v3_base_mean_pool,face,974,face::train::081413.jpg,face::train::089537.jpg,0.9872674736226034
deberta_v3_base_mean_pool,face,975,face::train::071174.jpg,face::test::196777.jpg,0.9872488485463218
deberta_v3_base_mean_pool,face,976,face::train::008309.jpg,face::train::143554.jpg,0.9872450526537466
deberta_v3_base_mean_pool,face,977,face::train::123459.jpg,face::train::109762.jpg,0.9872014534733337
deberta_v3_base_mean_pool,face,978,face::train::143554.jpg,face::train::065762.jpg,0.9871775677866994
deberta_v3_base_mean_pool,face,979,face::train::170623.jpg,face::train::092618.jpg,0.9871688312505505
deberta_v3_base_mean_pool,face,980,face::train::042973.jpg,face::train::032580.jpg,0.9871226055890169
deberta_v3_base_mean_pool,face,981,face::train::060309.jpg,face::test::189457.jpg,0.9871040702008905
deberta_v3_base_mean_pool,face,982,face::train::138886.jpg,face::test::183801.jpg,0.9870941991822905
deberta_v3_base_mean_pool,face,983,face::train::008309.jpg,face::train::089537.jpg,0.9870452979575763
deberta_v3_base_mean_pool,face,984,face::train::042973.jpg,face::train::088914.jpg,0.9870174991802615
deberta_v3_base_mean_pool,face,985,face::test::186223.jpg,face::test::201409.jpg,0.9869727727809692
deberta_v3_base_mean_pool,face,986,face::train::138886.jpg,face::test::196611.jpg,0.986957675633091
deberta_v3_base_mean_pool,face,987,face::train::143554.jpg,face::test::183801.jpg,0.9869225172588103
deberta_v3_base_mean_pool,face,988,face::train::065762.jpg,face::train::141457.jpg,0.9869116224971201
deberta_v3_base_mean_pool,face,989,face::train::088914.jpg,face::train::109762.jpg,0.9868996678533148
deberta_v3_base_mean_pool,face,990,face::train::123459.jpg,face::test::196611.jpg,0.9868914575944358
deberta_v3_base_mean_pool,face,991,face::test::189457.jpg,face::test::185812.jpg,0.9868773040458194
deberta_v3_base_mean_pool,face,992,face::train::150659.jpg,face::train::026996.jpg,0.9868333250836993
deberta_v3_base_mean_pool,face,993,face::train::170623.jpg,face::train::073196.jpg,0.9868266434623516
deberta_v3_base_mean_pool,face,994,face::train::060555.jpg,face::train::032580.jpg,0.986813211479805
deberta_v3_base_mean_pool,face,995,face::train::166091.jpg,face::test::196777.jpg,0.9867993389200589
deberta_v3_base_mean_pool,face,996,face::train::168471.jpg,face::train::060309.jpg,0.98679514971055
deberta_v3_base_mean_pool,face,997,face::train::060555.jpg,face::train::150659.jpg,0.9867921540736984
deberta_v3_base_mean_pool,face,998,face::train::170623.jpg,face::train::150659.jpg,0.9867770670612167
deberta_v3_base_mean_pool,face,999,face::train::101485.jpg,face::train::092618.jpg,0.9867663735463309
deberta_v3_base_mean_pool,face,1000,face::train::063618.jpg,face::train::088914.jpg,0.9867533032950166
deberta_v3_base_mean_pool,face,1001,face::train::089537.jpg,face::train::082954.jpg,0.9867406781050474
deberta_v3_base_mean_pool,face,1002,face::train::026996.jpg,face::test::185812.jpg,0.9867379230459501
deberta_v3_base_mean_pool,face,1003,face::train::090489.jpg,face::train::089537.jpg,0.9866822621818526
deberta_v3_base_mean_pool,face,1004,face::train::150659.jpg,face::test::196611.jpg,0.9866689104902601
deberta_v3_base_mean_pool,face,1005,face::train::065762.jpg,face::train::138886.jpg,0.9866055811682808
deberta_v3_base_mean_pool,face,1006,face::train::089537.jpg,face::test::196611.jpg,0.986600000164608
deberta_v3_base_mean_pool,face,1007,face::train::178182.jpg,face::train::089537.jpg,0.9865960096565675
deberta_v3_base_mean_pool,face,1008,face::train::065762.jpg,face::train::101485.jpg,0.9865577081730721
deberta_v3_base_mean_pool,face,1009,face::train::060555.jpg,face::train::088914.jpg,0.9865564494977822
deberta_v3_base_mean_pool,face,1010,face::train::088914.jpg,face::train::001042.jpg,0.9865406479458175
deberta_v3_base_mean_pool,face,1011,face::train::081413.jpg,face::train::157804.jpg,0.9865172332419134
deberta_v3_base_mean_pool,face,1012,face::train::065762.jpg,face::train::032580.jpg,0.986502405686619
deberta_v3_base_mean_pool,face,1013,face::train::060309.jpg,face::test::201409.jpg,0.9864209370134263
deberta_v3_base_mean_pool,face,1014,face::train::063618.jpg,face::test::184003.jpg,0.9863263468777306
deberta_v3_base_mean_pool,face,1015,face::train::138886.jpg,face::train::042973.jpg,0.9863055527839016
deberta_v3_base_mean_pool,face,1016,face::train::060309.jpg,face::train::026996.jpg,0.9863049169222895
deberta_v3_base_mean_pool,face,1017,face::train::178129.jpg,face::test::184003.jpg,0.9862805595330191
deberta_v3_base_mean_pool,face,1018,face::train::178182.jpg,face::test::185812.jpg,0.9862605571977283
deberta_v3_base_mean_pool,face,1019,face::train::123459.jpg,face::train::141457.jpg,0.9862504619689538
deberta_v3_base_mean_pool,face,1020,face::train::166091.jpg,face::train::157804.jpg,0.9862203660227347
deberta_v3_base_mean_pool,face,1021,face::train::138886.jpg,face::train::092618.jpg,0.9861522281333874
deberta_v3_base_mean_pool,face,1022,face::train::025692.jpg,face::test::185812.jpg,0.9861371241624773
deberta_v3_base_mean_pool,face,1023,face::train::081413.jpg,face::train::091980.jpg,0.9861265195041149
deberta_v3_base_mean_pool,face,1024,face::test::183801.jpg,face::test::184003.jpg,0.9860585668258287
deberta_v3_base_mean_pool,face,1025,face::train::092618.jpg,face::train::088914.jpg,0.986025806472426
deberta_v3_base_mean_pool,face,1026,face::train::082954.jpg,face::train::073196.jpg,0.9860003540257057
deberta_v3_base_mean_pool,face,1027,face::train::149220.jpg,face::test::196777.jpg,0.9859938446516898
deberta_v3_base_mean_pool,face,1028,face::train::178182.jpg,face::train::088914.jpg,0.9859626669808953
deberta_v3_base_mean_pool,face,1029,face::train::063708.jpg,face::train::073196.jpg,0.985955845134088
deberta_v3_base_mean_pool,face,1030,face::train::063618.jpg,face::train::073196.jpg,0.9859449298934254
deberta_v3_base_mean_pool,face,1031,face::train::150659.jpg,face::train::082954.jpg,0.9859259359324168
deberta_v3_base_mean_pool,face,1032,face::train::143554.jpg,face::train::023736.jpg,0.9859003527424415
deberta_v3_base_mean_pool,face,1033,face::train::063708.jpg,face::train::150659.jpg,0.985894822167772
deberta_v3_base_mean_pool,face,1034,face::train::143554.jpg,face::train::109762.jpg,0.9857870504354579
deberta_v3_base_mean_pool,face,1035,face::train::032580.jpg,face::test::189457.jpg,0.9857810264476945
deberta_v3_base_mean_pool,face,1036,face::test::184003.jpg,face::test::196611.jpg,0.9857715164770786
deberta_v3_base_mean_pool,face,1037,face::train::082954.jpg,face::train::088914.jpg,0.9857310993978307
deberta_v3_base_mean_pool,face,1038,face::train::082954.jpg,face::train::032580.jpg,0.98568332132819
deberta_v3_base_mean_pool,face,1039,face::train::063618.jpg,face::train::150659.jpg,0.9856513711460736
deberta_v3_base_mean_pool,face,1040,face::train::089537.jpg,face::train::141457.jpg,0.9856482393611546
deberta_v3_base_mean_pool,face,1041,face::train::121281.jpg,face::test::196777.jpg,0.9856273480150551
deberta_v3_base_mean_pool,face,1042,face::train::178182.jpg,face::train::073196.jpg,0.9855671130400707
deberta_v3_base_mean_pool,face,1043,face::train::071174.jpg,face::train::157804.jpg,0.9855536205582826
deberta_v3_base_mean_pool,face,1044,face::train::089537.jpg,face::train::063708.jpg,0.9855295745815068
deberta_v3_base_mean_pool,face,1045,face::train::150659.jpg,face::train::141457.jpg,0.9855046095723189
deberta_v3_base_mean_pool,face,1046,face::train::063708.jpg,face::train::123459.jpg,0.9855014795189223
deberta_v3_base_mean_pool,face,1047,face::train::123459.jpg,face::test::189457.jpg,0.9854979736236484
deberta_v3_base_mean_pool,face,1048,face::train::170623.jpg,face::train::157804.jpg,0.9854553837411606
deberta_v3_base_mean_pool,face,1049,face::train::063618.jpg,face::train::123459.jpg,0.9854457801013349
deberta_v3_base_mean_pool,face,1050,face::train::157804.jpg,face::train::149220.jpg,0.9854361300125548
deberta_v3_base_mean_pool,face,1051,face::train::166091.jpg,face::train::138886.jpg,0.9853871166340334
deberta_v3_base_mean_pool,face,1052,face::train::157804.jpg,face::train::121281.jpg,0.9853849304658759
deberta_v3_base_mean_pool,face,1053,face::train::101485.jpg,face::train::109762.jpg,0.9853264683127425
deberta_v3_base_mean_pool,face,1054,face::train::101485.jpg,face::train::082954.jpg,0.9852931977021009
deberta_v3_base_mean_pool,face,1055,face::train::170623.jpg,face::train::141457.jpg,0.9852447418717778
deberta_v3_base_mean_pool,face,1056,face::train::101485.jpg,face::train::060555.jpg,0.9852396371341137
deberta_v3_base_mean_pool,face,1057,face::train::168471.jpg,face::train::123459.jpg,0.9852173279621439
deberta_v3_base_mean_pool,face,1058,face::train::071174.jpg,face::train::091980.jpg,0.9851745307221876
deberta_v3_base_mean_pool,face,1059,face::train::178182.jpg,face::train::150659.jpg,0.9851658553785784
deberta_v3_base_mean_pool,face,1060,face::train::092618.jpg,face::train::032580.jpg,0.9851572519786564
deberta_v3_base_mean_pool,face,1061,face::train::082954.jpg,face::train::123459.jpg,0.9850814468795441
deberta_v3_base_mean_pool,face,1062,face::train::073196.jpg,face::test::196611.jpg,0.9850526736949266
deberta_v3_base_mean_pool,face,1063,face::train::025692.jpg,face::train::073196.jpg,0.9850333157504865
deberta_v3_base_mean_pool,face,1064,face::train::170623.jpg,face::train::091980.jpg,0.9850150801682025
deberta_v3_base_mean_pool,face,1065,face::train::091980.jpg,face::train::149220.jpg,0.9849575102223381
deberta_v3_base_mean_pool,face,1066,face::train::101485.jpg,face::train::001042.jpg,0.984947358332486
deberta_v3_base_mean_pool,face,1067,face::train::178182.jpg,face::train::032580.jpg,0.9849357350277356
deberta_v3_base_mean_pool,face,1068,face::train::091980.jpg,face::train::121281.jpg,0.9849243858904669
deberta_v3_base_mean_pool,face,1069,face::train::088914.jpg,face::test::189457.jpg,0.984891733483614
deberta_v3_base_mean_pool,face,1070,face::train::090489.jpg,face::test::184003.jpg,0.984885090319761
deberta_v3_base_mean_pool,face,1071,face::train::089537.jpg,face::train::025692.jpg,0.9848825572917913
deberta_v3_base_mean_pool,face,1072,face::train::090489.jpg,face::train::138886.jpg,0.9848496569621488
deberta_v3_base_mean_pool,face,1073,face::train::001042.jpg,face::train::032580.jpg,0.9848205116227065
deberta_v3_base_mean_pool,face,1074,face::train::137722.jpg,face::train::138886.jpg,0.9847848843305078
deberta_v3_base_mean_pool,face,1075,face::train::063618.jpg,face::train::089537.jpg,0.9847691536464743
deberta_v3_base_mean_pool,face,1076,face::train::157804.jpg,face::train::060309.jpg,0.9847328275083864
deberta_v3_base_mean_pool,face,1077,face::train::042973.jpg,face::train::123459.jpg,0.9846606286510947
deberta_v3_base_mean_pool,face,1078,face::train::065762.jpg,face::test::184003.jpg,0.9846451522386954
deberta_v3_base_mean_pool,face,1079,face::train::060555.jpg,face::train::123459.jpg,0.9846257945264382
deberta_v3_base_mean_pool,face,1080,face::train::114832.jpg,face::train::032580.jpg,0.9846130078430396
deberta_v3_base_mean_pool,face,1081,face::train::025692.jpg,face::train::150659.jpg,0.9845633492795297
deberta_v3_base_mean_pool,face,1082,face::train::138886.jpg,face::test::188858.jpg,0.9845042114531105
deberta_v3_base_mean_pool,face,1083,face::train::170623.jpg,face::train::060309.jpg,0.9844774688429733
deberta_v3_base_mean_pool,face,1084,face::train::053065.jpg,face::test::196777.jpg,0.9844470026169434
deberta_v3_base_mean_pool,face,1085,face::train::150659.jpg,face::train::001042.jpg,0.9844426522594096
deberta_v3_base_mean_pool,face,1086,face::train::168471.jpg,face::train::088914.jpg,0.9843701652433833
deberta_v3_base_mean_pool,face,1087,face::train::138886.jpg,face::test::189858.jpg,0.9843404300676921
deberta_v3_base_mean_pool,face,1088,face::train::166091.jpg,face::test::184003.jpg,0.9843307044923236
deberta_v3_base_mean_pool,face,1089,face::train::073196.jpg,face::train::001042.jpg,0.9843199791729513
deberta_v3_base_mean_pool,face,1090,face::train::114832.jpg,face::test::185812.jpg,0.9842992785689506
deberta_v3_base_mean_pool,face,1091,face::train::150659.jpg,face::train::042973.jpg,0.9842651369196995
deberta_v3_base_mean_pool,face,1092,face::test::188858.jpg,face::test::196777.jpg,0.9842184425473524
deberta_v3_base_mean_pool,face,1093,face::train::042973.jpg,face::train::073196.jpg,0.9842094511892626
deberta_v3_base_mean_pool,face,1094,face::train::025692.jpg,face::train::032580.jpg,0.9839935839904084
deberta_v3_base_mean_pool,face,1095,face::train::170623.jpg,face::train::081413.jpg,0.9839813621501663
deberta_v3_base_mean_pool,face,1096,face::train::143554.jpg,face::train::063618.jpg,0.9839524410766785
deberta_v3_base_mean_pool,face,1097,face::train::026996.jpg,face::train::088914.jpg,0.9839345727943936
deberta_v3_base_mean_pool,face,1098,face::train::089537.jpg,face::train::001042.jpg,0.9838876073299879
deberta_v3_base_mean_pool,face,1099,face::train::138886.jpg,face::train::149220.jpg,0.9838844157266298
deberta_v3_base_mean_pool,face,1100,face::train::157804.jpg,face::test::188858.jpg,0.9838576277273483
deberta_v3_base_mean_pool,face,1101,face::train::143554.jpg,face::train::060555.jpg,0.9838105384048438
deberta_v3_base_mean_pool,face,1102,face::train::166091.jpg,face::train::091980.jpg,0.983803211813541
deberta_v3_base_mean_pool,face,1103,face::train::114832.jpg,face::train::089537.jpg,0.9837956175089041
deberta_v3_base_mean_pool,face,1104,face::test::186223.jpg,face::test::196777.jpg,0.9837393955039235
deberta_v3_base_mean_pool,face,1105,face::train::168471.jpg,face::train::032580.jpg,0.9836936039469062
deberta_v3_base_mean_pool,face,1106,face::train::114832.jpg,face::train::088914.jpg,0.9836788646409649
deberta_v3_base_mean_pool,face,1107,face::train::025692.jpg,face::train::123459.jpg,0.983660393896748
deberta_v3_base_mean_pool,face,1108,face::train::025692.jpg,face::train::088914.jpg,0.9836468414888746
deberta_v3_base_mean_pool,face,1109,face::train::123459.jpg,face::train::001042.jpg,0.9836434126420103
deberta_v3_base_mean_pool,face,1110,face::train::138886.jpg,face::train::141457.jpg,0.9835771098190003
deberta_v3_base_mean_pool,face,1111,face::train::157804.jpg,face::train::065762.jpg,0.983534152979392
deberta_v3_base_mean_pool,face,1112,face::train::137722.jpg,face::test::184003.jpg,0.9834691284354767
deberta_v3_base_mean_pool,face,1113,face::train::157804.jpg,face::train::053065.jpg,0.9833982847072174
deberta_v3_base_mean_pool,face,1114,face::train::071174.jpg,face::train::138886.jpg,0.9833907877744597
deberta_v3_base_mean_pool,face,1115,face::train::092618.jpg,face::train::123459.jpg,0.9833879340188225
deberta_v3_base_mean_pool,face,1116,face::train::089537.jpg,face::train::042973.jpg,0.983374756593789
deberta_v3_base_mean_pool,face,1117,face::train::073196.jpg,face::train::141457.jpg,0.9833213526624205
deberta_v3_base_mean_pool,face,1118,face::train::053065.jpg,face::train::138886.jpg,0.9833181177706996
deberta_v3_base_mean_pool,face,1119,face::train::143554.jpg,face::train::082954.jpg,0.9833163265797215
deberta_v3_base_mean_pool,face,1120,face::train::143554.jpg,face::train::063708.jpg,0.9831577856806004
deberta_v3_base_mean_pool,face,1121,face::train::143554.jpg,face::train::042973.jpg,0.983059016707888
deberta_v3_base_mean_pool,face,1122,face::train::101485.jpg,face::train::025692.jpg,0.9830555194073598
deberta_v3_base_mean_pool,face,1123,face::train::141457.jpg,face::test::184003.jpg,0.9830090857878204
deberta_v3_base_mean_pool,face,1124,face::train::026996.jpg,face::train::032580.jpg,0.983006100536976
deberta_v3_base_mean_pool,face,1125,face::train::143554.jpg,face::test::189457.jpg,0.983003640944093
deberta_v3_base_mean_pool,face,1126,face::train::114832.jpg,face::train::123459.jpg,0.9829998566958473
deberta_v3_base_mean_pool,face,1127,face::train::091980.jpg,face::train::065762.jpg,0.9829350969502072
deberta_v3_base_mean_pool,face,1128,face::train::178182.jpg,face::train::123459.jpg,0.9829244724965415
deberta_v3_base_mean_pool,face,1129,face::train::143554.jpg,face::train::001042.jpg,0.982778387140489
deberta_v3_base_mean_pool,face,1130,face::test::189858.jpg,face::test::184003.jpg,0.9827766536785886
deberta_v3_base_mean_pool,face,1131,face::train::091980.jpg,face::train::053065.jpg,0.9827403445247669
deberta_v3_base_mean_pool,face,1132,face::train::121281.jpg,face::train::138886.jpg,0.9827290482867198
deberta_v3_base_mean_pool,face,1133,face::train::178182.jpg,face::train::101485.jpg,0.9827194047288258
deberta_v3_base_mean_pool,face,1134,face::train::060309.jpg,face::test::196777.jpg,0.9826944199952393
deberta_v3_base_mean_pool,face,1135,face::train::114832.jpg,face::train::150659.jpg,0.9826726465817877
deberta_v3_base_mean_pool,face,1136,face::train::143554.jpg,face::train::092618.jpg,0.9826720651302592
deberta_v3_base_mean_pool,face,1137,face::train::168471.jpg,face::train::101485.jpg,0.9826537707064633
deberta_v3_base_mean_pool,face,1138,face::train::170623.jpg,face::test::185812.jpg,0.9824878041378369
deberta_v3_base_mean_pool,face,1139,face::train::170623.jpg,face::train::032580.jpg,0.982485217321131
deberta_v3_base_mean_pool,face,1140,face::train::026996.jpg,face::train::123459.jpg,0.9823638865296969
deberta_v3_base_mean_pool,face,1141,face::train::150659.jpg,face::train::092618.jpg,0.9823340014703597
deberta_v3_base_mean_pool,face,1142,face::train::089537.jpg,face::test::201409.jpg,0.9823179018680328
deberta_v3_base_mean_pool,face,1143,face::train::101485.jpg,face::test::189457.jpg,0.982228642356474
deberta_v3_base_mean_pool,face,1144,face::test::185812.jpg,face::test::201409.jpg,0.9822126998531089
deberta_v3_base_mean_pool,face,1145,face::train::138886.jpg,face::test::186223.jpg,0.9822026962355919
deberta_v3_base_mean_pool,face,1146,face::train::091980.jpg,face::test::188858.jpg,0.9821998437530112
deberta_v3_base_mean_pool,face,1147,face::train::143554.jpg,face::train::178182.jpg,0.98204272567207
deberta_v3_base_mean_pool,face,1148,face::train::114832.jpg,face::train::101485.jpg,0.9820049742370539
deberta_v3_base_mean_pool,face,1149,face::train::157804.jpg,face::test::186223.jpg,0.9818879922254131
deberta_v3_base_mean_pool,face,1150,face::test::188858.jpg,face::test::184003.jpg,0.9818590823149281
deberta_v3_base_mean_pool,face,1151,face::train::092618.jpg,face::train::073196.jpg,0.9817064957302524
deberta_v3_base_mean_pool,face,1152,face::train::114832.jpg,face::train::073196.jpg,0.9816857435182574
deberta_v3_base_mean_pool,face,1153,face::train::170623.jpg,face::train::143554.jpg,0.9816206573321211
deberta_v3_base_mean_pool,face,1154,face::train::143554.jpg,face::train::025692.jpg,0.9815780482819728
deberta_v3_base_mean_pool,face,1155,face::train::143554.jpg,face::train::026996.jpg,0.9812837657857693
deberta_v3_base_mean_pool,face,1156,face::train::143554.jpg,face::train::168471.jpg,0.981233768654315
deberta_v3_base_mean_pool,face,1157,face::train::091980.jpg,face::test::186223.jpg,0.9811971943962481
deberta_v3_base_mean_pool,face,1158,face::train::170623.jpg,face::train::123459.jpg,0.9811761011870561
deberta_v3_base_mean_pool,face,1159,face::train::073196.jpg,face::test::201409.jpg,0.9811487039581552
deberta_v3_base_mean_pool,face,1160,face::train::170623.jpg,face::train::088914.jpg,0.981061774382558
deberta_v3_base_mean_pool,face,1161,face::train::032580.jpg,face::test::201409.jpg,0.9810574601163544
deberta_v3_base_mean_pool,face,1162,face::train::089537.jpg,face::train::092618.jpg,0.9810015910720262
deberta_v3_base_mean_pool,face,1163,face::train::149220.jpg,face::test::184003.jpg,0.9809873632266063
deberta_v3_base_mean_pool,face,1164,face::train::071174.jpg,face::test::184003.jpg,0.9809224367987089
deberta_v3_base_mean_pool,face,1165,face::train::121281.jpg,face::test::184003.jpg,0.9809193561223337
deberta_v3_base_mean_pool,face,1166,face::train::089537.jpg,face::train::138886.jpg,0.9808437072706179
deberta_v3_base_mean_pool,face,1167,face::train::091980.jpg,face::train::060309.jpg,0.9807271968996438
deberta_v3_base_mean_pool,face,1168,face::train::114832.jpg,face::train::143554.jpg,0.9806208905186811
deberta_v3_base_mean_pool,face,1169,face::train::053065.jpg,face::test::184003.jpg,0.9802907085739359
deberta_v3_base_mean_pool,face,1170,face::train::088914.jpg,face::test::201409.jpg,0.9800687346882455
deberta_v3_base_mean_pool,face,1171,face::train::138886.jpg,face::train::060309.jpg,0.9800064161400387
deberta_v3_base_mean_pool,face,1172,face::test::186223.jpg,face::test::184003.jpg,0.9798940650483489
deberta_v3_base_mean_pool,face,1173,face::train::101485.jpg,face::train::026996.jpg,0.9797349536763088
deberta_v3_base_mean_pool,face,1174,face::train::150659.jpg,face::test::201409.jpg,0.9795204921041161
deberta_v3_base_mean_pool,face,1175,face::test::185812.jpg,face::test::196777.jpg,0.9791849443276635
deberta_v3_base_mean_pool,face,1176,face::train::157804.jpg,face::test::185812.jpg,0.9785813556766014
deberta_v3_base_mean_pool,face,1177,face::train::081413.jpg,face::train::138886.jpg,0.9784519740785378
deberta_v3_base_mean_pool,face,1178,face::train::157804.jpg,face::train::032580.jpg,0.9782209667073418
deberta_v3_base_mean_pool,face,1179,face::train::101485.jpg,face::test::201409.jpg,0.9781419825013808
deberta_v3_base_mean_pool,face,1180,face::train::081413.jpg,face::test::184003.jpg,0.9780113532792023
deberta_v3_base_mean_pool,face,1181,face::train::032580.jpg,face::test::196777.jpg,0.9775346370025368
deberta_v3_base_mean_pool,face,1182,face::train::060309.jpg,face::test::184003.jpg,0.9773013559389524
deberta_v3_base_mean_pool,face,1183,face::train::143554.jpg,face::test::201409.jpg,0.9772110602473758
deberta_v3_base_mean_pool,face,1184,face::train::123459.jpg,face::test::201409.jpg,0.9770286518492949
deberta_v3_base_mean_pool,face,1185,face::train::089537.jpg,face::test::184003.jpg,0.9768842470081417
deberta_v3_base_mean_pool,face,1186,face::train::157804.jpg,face::train::088914.jpg,0.9766424183819656
deberta_v3_base_mean_pool,face,1187,face::train::101485.jpg,face::test::196777.jpg,0.9766378168139512
deberta_v3_base_mean_pool,face,1188,face::train::157804.jpg,face::train::101485.jpg,0.9766051810128333
deberta_v3_base_mean_pool,face,1189,face::train::170623.jpg,face::train::101485.jpg,0.9764518418469037
deberta_v3_base_mean_pool,face,1190,face::train::073196.jpg,face::test::196777.jpg,0.9763730238178444
deberta_v3_base_mean_pool,face,1191,face::train::088914.jpg,face::test::196777.jpg,0.9761649957718346
deberta_v3_base_mean_pool,face,1192,face::train::091980.jpg,face::test::185812.jpg,0.9760878533986257
deberta_v3_base_mean_pool,face,1193,face::train::138886.jpg,face::train::073196.jpg,0.9758789846356788
deberta_v3_base_mean_pool,face,1194,face::train::138886.jpg,face::train::150659.jpg,0.9756978900727178
deberta_v3_base_mean_pool,face,1195,face::train::091980.jpg,face::train::101485.jpg,0.9756081368073867
deberta_v3_base_mean_pool,face,1196,face::train::091980.jpg,face::train::032580.jpg,0.9755182928518813
deberta_v3_base_mean_pool,face,1197,face::train::150659.jpg,face::test::196777.jpg,0.9755163592646021
deberta_v3_base_mean_pool,face,1198,face::train::089537.jpg,face::test::196777.jpg,0.9755098891652237
deberta_v3_base_mean_pool,face,1199,face::train::138886.jpg,face::train::032580.jpg,0.975228711825819
deberta_v3_base_mean_pool,face,1200,face::train::123459.jpg,face::test::196777.jpg,0.9749176817618489
deberta_v3_base_mean_pool,face,1201,face::train::091980.jpg,face::train::088914.jpg,0.9744467898076784
deberta_v3_base_mean_pool,face,1202,face::train::073196.jpg,face::test::184003.jpg,0.9737792127451889
deberta_v3_base_mean_pool,face,1203,face::train::157804.jpg,face::train::150659.jpg,0.9735518072569158
deberta_v3_base_mean_pool,face,1204,face::train::157804.jpg,face::train::073196.jpg,0.9735130963838721
deberta_v3_base_mean_pool,face,1205,face::train::150659.jpg,face::test::184003.jpg,0.9734761188492935
deberta_v3_base_mean_pool,face,1206,face::train::138886.jpg,face::test::185812.jpg,0.9734149114745502
deberta_v3_base_mean_pool,face,1207,face::train::138886.jpg,face::train::088914.jpg,0.9731158658713451
deberta_v3_base_mean_pool,face,1208,face::train::143554.jpg,face::test::196777.jpg,0.9729170950231065
deberta_v3_base_mean_pool,face,1209,face::train::157804.jpg,face::train::089537.jpg,0.9727880521856995
deberta_v3_base_mean_pool,face,1210,face::train::157804.jpg,face::train::123459.jpg,0.9726386220810835
deberta_v3_base_mean_pool,face,1211,face::train::157804.jpg,face::train::143554.jpg,0.9725977938858743
deberta_v3_base_mean_pool,face,1212,face::train::032580.jpg,face::test::184003.jpg,0.9723981012295293
deberta_v3_base_mean_pool,face,1213,face::train::091980.jpg,face::train::123459.jpg,0.9722417668430456
deberta_v3_base_mean_pool,face,1214,face::train::143554.jpg,face::train::138886.jpg,0.972232559686193
deberta_v3_base_mean_pool,face,1215,face::test::185812.jpg,face::test::184003.jpg,0.9718244064396107
deberta_v3_base_mean_pool,face,1216,face::train::091980.jpg,face::train::073196.jpg,0.971408609465055
deberta_v3_base_mean_pool,face,1217,face::train::091980.jpg,face::train::089537.jpg,0.9714047431080521
deberta_v3_base_mean_pool,face,1218,face::train::091980.jpg,face::train::150659.jpg,0.9712787205146002
deberta_v3_base_mean_pool,face,1219,face::train::091980.jpg,face::train::143554.jpg,0.9710913359980543
deberta_v3_base_mean_pool,face,1220,face::train::138886.jpg,face::train::123459.jpg,0.9709329348276068
deberta_v3_base_mean_pool,face,1221,face::train::088914.jpg,face::test::184003.jpg,0.9704847208115022
deberta_v3_base_mean_pool,face,1222,face::train::123459.jpg,face::test::184003.jpg,0.9690254633044326
deberta_v3_base_mean_pool,face,1223,face::train::101485.jpg,face::train::138886.jpg,0.9688834080382669
deberta_v3_base_mean_pool,face,1224,face::train::143554.jpg,face::test::184003.jpg,0.968495300379225
deberta_v3_base_mean_pool,face,1225,face::train::101485.jpg,face::test::184003.jpg,0.9663162622932091
bge_m3,face,1,face::train::023736.jpg,face::train::060555.jpg,0.9754628962015249
bge_m3,face,2,face::train::129132.jpg,face::train::060555.jpg,0.9713425893240233
bge_m3,face,3,face::train::071174.jpg,face::train::089537.jpg,0.9679428038382045
bge_m3,face,4,face::train::123459.jpg,face::train::032580.jpg,0.9667803628634258
bge_m3,face,5,face::train::089537.jpg,face::train::168471.jpg,0.9667655934215377
bge_m3,face,6,face::train::121281.jpg,face::train::150659.jpg,0.9645654613078017
bge_m3,face,7,face::train::063708.jpg,face::train::060555.jpg,0.9644490113723776
bge_m3,face,8,face::train::089537.jpg,face::train::150659.jpg,0.9638026361563309
bge_m3,face,9,face::train::129132.jpg,face::train::023736.jpg,0.9634096101172019
bge_m3,face,10,face::train::123459.jpg,face::test::185812.jpg,0.9633932209733825
bge_m3,face,11,face::train::053065.jpg,face::train::178129.jpg,0.9622834275172598
bge_m3,face,12,face::train::121281.jpg,face::train::089537.jpg,0.9610745910112155
bge_m3,face,13,face::train::114832.jpg,face::train::092618.jpg,0.9594676365681034
bge_m3,face,14,face::train::170623.jpg,face::train::109762.jpg,0.9594304620392069
bge_m3,face,15,face::train::091980.jpg,face::train::053065.jpg,0.9585877727233465
bge_m3,face,16,face::train::121281.jpg,face::train::168471.jpg,0.957885827115633
bge_m3,face,17,face::train::089537.jpg,face::train::082954.jpg,0.9577171973999589
bge_m3,face,18,face::train::089537.jpg,face::test::186223.jpg,0.9568713894834873
bge_m3,face,19,face::train::121281.jpg,face::train::178129.jpg,0.9563472692035397
bge_m3,face,20,face::train::168471.jpg,face::test::186223.jpg,0.956196882592891
bge_m3,face,21,face::train::114832.jpg,face::test::196777.jpg,0.9553328680558828
bge_m3,face,22,face::train::090489.jpg,face::train::101485.jpg,0.9552568963158343
bge_m3,face,23,face::train::032580.jpg,face::test::185812.jpg,0.9549229876958926
bge_m3,face,24,face::train::168471.jpg,face::train::150659.jpg,0.9547103743012987
bge_m3,face,25,face::train::063708.jpg,face::train::073196.jpg,0.9546091092246981
bge_m3,face,26,face::train::065762.jpg,face::train::001042.jpg,0.9541969203870074
bge_m3,face,27,face::train::166091.jpg,face::train::060555.jpg,0.9541583572352142
bge_m3,face,28,face::train::114832.jpg,face::train::129132.jpg,0.9529478856252059
bge_m3,face,29,face::train::060555.jpg,face::train::073196.jpg,0.9529202630689257
bge_m3,face,30,face::train::090489.jpg,face::train::089537.jpg,0.9528733777819924
bge_m3,face,31,face::train::089537.jpg,face::train::042973.jpg,0.952457162293191
bge_m3,face,32,face::train::060555.jpg,face::train::092618.jpg,0.9522085834101126
bge_m3,face,33,face::train::114832.jpg,face::train::060555.jpg,0.9521448212356807
bge_m3,face,34,face::train::150659.jpg,face::train::082954.jpg,0.952096549363465
bge_m3,face,35,face::train::137722.jpg,face::train::089537.jpg,0.9520126060509079
bge_m3,face,36,face::train::166091.jpg,face::train::063708.jpg,0.9519254437610458
bge_m3,face,37,face::train::071174.jpg,face::train::121281.jpg,0.9519212417191433
bge_m3,face,38,face::test::189457.jpg,face::test::184003.jpg,0.9512762155877101
bge_m3,face,39,face::train::166091.jpg,face::train::129132.jpg,0.9512387373696776
bge_m3,face,40,face::train::092618.jpg,face::train::088914.jpg,0.9512072369758151
bge_m3,face,41,face::train::073196.jpg,face::test::185812.jpg,0.9511797243670329
bge_m3,face,42,face::train::091980.jpg,face::train::178129.jpg,0.951157889628576
bge_m3,face,43,face::train::073196.jpg,face::train::032580.jpg,0.9510813163158217
bge_m3,face,44,face::train::071174.jpg,face::train::101485.jpg,0.9503457693363384
bge_m3,face,45,face::train::090489.jpg,face::train::042973.jpg,0.949822487634675
bge_m3,face,46,face::train::071174.jpg,face::train::090489.jpg,0.9498025743275105
bge_m3,face,47,face::train::081413.jpg,face::train::063618.jpg,0.9495756947162753
bge_m3,face,48,face::train::101485.jpg,face::train::082954.jpg,0.9495200297626983
bge_m3,face,49,face::train::065762.jpg,face::train::168471.jpg,0.9494966295120407
bge_m3,face,50,face::train::149220.jpg,face::train::123459.jpg,0.9492629337757517
bge_m3,face,51,face::train::178182.jpg,face::train::042973.jpg,0.9492579593712023
bge_m3,face,52,face::train::149220.jpg,face::train::088914.jpg,0.9491130289600266
bge_m3,face,53,face::train::090489.jpg,face::train::168471.jpg,0.9487810264942708
bge_m3,face,54,face::train::168471.jpg,face::train::082954.jpg,0.9481938023101262
bge_m3,face,55,face::train::090489.jpg,face::train::082954.jpg,0.9481319015973859
bge_m3,face,56,face::train::129132.jpg,face::test::196777.jpg,0.9472353616071405
bge_m3,face,57,face::train::023736.jpg,face::train::092618.jpg,0.9471172593469406
bge_m3,face,58,face::train::123459.jpg,face::test::196777.jpg,0.946964803189834
bge_m3,face,59,face::train::121281.jpg,face::train::082954.jpg,0.9468718144163664
bge_m3,face,60,face::train::121281.jpg,face::train::090489.jpg,0.9468077840715576
bge_m3,face,61,face::train::089537.jpg,face::train::001042.jpg,0.9466890693831291
bge_m3,face,62,face::train::071174.jpg,face::train::168471.jpg,0.9463707196570809
bge_m3,face,63,face::train::092618.jpg,face::test::196777.jpg,0.9463608853592292
bge_m3,face,64,face::train::166091.jpg,face::train::023736.jpg,0.9461934537526326
bge_m3,face,65,face::train::166091.jpg,face::train::114832.jpg,0.9461115360792101
bge_m3,face,66,face::train::089537.jpg,face::train::026996.jpg,0.9459193171882398
bge_m3,face,67,face::train::168471.jpg,face::train::001042.jpg,0.9456889258969025
bge_m3,face,68,face::train::129132.jpg,face::train::092618.jpg,0.9456207092400155
bge_m3,face,69,face::train::166091.jpg,face::train::073196.jpg,0.9455240457482814
bge_m3,face,70,face::test::189457.jpg,face::test::196777.jpg,0.9453041660241024
bge_m3,face,71,face::train::150659.jpg,face::train::026996.jpg,0.9452981065739364
bge_m3,face,72,face::train::170623.jpg,face::train::129132.jpg,0.9452513938096435
bge_m3,face,73,face::train::071174.jpg,face::train::082954.jpg,0.9448205653645164
bge_m3,face,74,face::train::071174.jpg,face::train::042973.jpg,0.9447172950375231
bge_m3,face,75,face::train::168471.jpg,face::train::178129.jpg,0.9444946534422812
bge_m3,face,76,face::train::090489.jpg,face::train::026996.jpg,0.9443984601122516
bge_m3,face,77,face::train::168471.jpg,face::train::026996.jpg,0.9443978932844032
bge_m3,face,78,face::train::071174.jpg,face::test::186223.jpg,0.9443774139196356
bge_m3,face,79,face::train::060555.jpg,face::test::185812.jpg,0.9442925849220063
bge_m3,face,80,face::test::185812.jpg,face::test::196777.jpg,0.9441777486103061
bge_m3,face,81,face::train::137722.jpg,face::train::071174.jpg,0.9440403769763059
bge_m3,face,82,face::train::063708.jpg,face::train::092618.jpg,0.9439554539538398
bge_m3,face,83,face::train::123459.jpg,face::test::201409.jpg,0.9437373358236623
bge_m3,face,84,face::test::196777.jpg,face::test::201409.jpg,0.9436894094705397
bge_m3,face,85,face::train::081413.jpg,face::train::123459.jpg,0.9434031408384985
bge_m3,face,86,face::train::137722.jpg,face::train::168471.jpg,0.9433461455721109
bge_m3,face,87,face::train::149220.jpg,face::train::032580.jpg,0.943318605820755
bge_m3,face,88,face::train::121281.jpg,face::train::101485.jpg,0.943256110051701
bge_m3,face,89,face::train::114832.jpg,face::test::185812.jpg,0.9431895795983685
bge_m3,face,90,face::train::071174.jpg,face::train::178182.jpg,0.9431820248284801
bge_m3,face,91,face::train::023736.jpg,face::test::196777.jpg,0.9430974435097829
bge_m3,face,92,face::train::129132.jpg,face::train::063708.jpg,0.9430834107121435
bge_m3,face,93,face::train::026996.jpg,face::test::186223.jpg,0.9429238705349765
bge_m3,face,94,face::train::089537.jpg,face::train::065762.jpg,0.9428121707890611
bge_m3,face,95,face::train::071174.jpg,face::train::150659.jpg,0.9425403777375152
bge_m3,face,96,face::train::073196.jpg,face::train::123459.jpg,0.9424075427361895
bge_m3,face,97,face::train::166091.jpg,face::test::185812.jpg,0.9420399183609993
bge_m3,face,98,face::train::023736.jpg,face::train::063708.jpg,0.941831475415747
bge_m3,face,99,face::train::137722.jpg,face::train::121281.jpg,0.9417770961594449
bge_m3,face,100,face::train::114832.jpg,face::train::123459.jpg,0.9415888333836099
bge_m3,face,101,face::train::114832.jpg,face::train::023736.jpg,0.9415096263991315
bge_m3,face,102,face::train::129132.jpg,face::train::088914.jpg,0.9413445946684103
bge_m3,face,103,face::train::170623.jpg,face::train::060555.jpg,0.9411881787258549
bge_m3,face,104,face::train::150659.jpg,face::test::186223.jpg,0.9411690159407368
bge_m3,face,105,face::train::101485.jpg,face::test::186223.jpg,0.9410328121485119
bge_m3,face,106,face::train::082954.jpg,face::test::186223.jpg,0.940949386293116
bge_m3,face,107,face::train::082954.jpg,face::train::042973.jpg,0.9408602399863748
bge_m3,face,108,face::train::089537.jpg,face::train::101485.jpg,0.9405301904824652
bge_m3,face,109,face::train::121281.jpg,face::test::186223.jpg,0.9404478420500775
bge_m3,face,110,face::train::129132.jpg,face::test::185812.jpg,0.9403055962595716
bge_m3,face,111,face::train::060555.jpg,face::train::088914.jpg,0.9400391623621042
bge_m3,face,112,face::train::090489.jpg,face::train::150659.jpg,0.9398759429866157
bge_m3,face,113,face::train::168471.jpg,face::train::101485.jpg,0.939855828405315
bge_m3,face,114,face::train::090489.jpg,face::test::186223.jpg,0.9396138460150804
bge_m3,face,115,face::train::149220.jpg,face::test::189457.jpg,0.9394320195735992
bge_m3,face,116,face::train::178182.jpg,face::train::089537.jpg,0.9390512707985726
bge_m3,face,117,face::train::023736.jpg,face::train::088914.jpg,0.9389688878297393
bge_m3,face,118,face::train::032580.jpg,face::test::201409.jpg,0.9388368362440151
bge_m3,face,119,face::train::081413.jpg,face::train::032580.jpg,0.9388080033072437
bge_m3,face,120,face::train::026996.jpg,face::train::042973.jpg,0.9387506194066005
bge_m3,face,121,face::train::114832.jpg,face::train::063708.jpg,0.9386171925123262
bge_m3,face,122,face::train::166091.jpg,face::train::092618.jpg,0.9382957776796789
bge_m3,face,123,face::train::149220.jpg,face::train::092618.jpg,0.9381774388313507
bge_m3,face,124,face::train::063708.jpg,face::test::185812.jpg,0.9380593944227388
bge_m3,face,125,face::train::129132.jpg,face::train::109762.jpg,0.9378624656314084
bge_m3,face,126,face::train::023736.jpg,face::train::123459.jpg,0.9377869794601291
bge_m3,face,127,face::train::143554.jpg,face::train::042973.jpg,0.9377320668761827
bge_m3,face,128,face::train::042973.jpg,face::test::186223.jpg,0.9375918371809083
bge_m3,face,129,face::train::149220.jpg,face::test::185812.jpg,0.9373297766735064
bge_m3,face,130,face::train::060555.jpg,face::test::196777.jpg,0.9372418707858878
bge_m3,face,131,face::train::060555.jpg,face::train::123459.jpg,0.9368626948309773
bge_m3,face,132,face::train::114832.jpg,face::test::201409.jpg,0.9364532638663992
bge_m3,face,133,face::train::032580.jpg,face::test::196777.jpg,0.9364428783749459
bge_m3,face,134,face::train::137722.jpg,face::train::150659.jpg,0.9364396748259284
bge_m3,face,135,face::train::170623.jpg,face::train::166091.jpg,0.9362143553309641
bge_m3,face,136,face::train::092618.jpg,face::train::123459.jpg,0.9360830617666023
bge_m3,face,137,face::train::089537.jpg,face::train::025692.jpg,0.9360111801768691
bge_m3,face,138,face::train::137722.jpg,face::train::001042.jpg,0.9359909248281678
bge_m3,face,139,face::train::023736.jpg,face::train::073196.jpg,0.9359097089272826
bge_m3,face,140,face::train::071174.jpg,face::train::001042.jpg,0.9356764106071902
bge_m3,face,141,face::train::053065.jpg,face::train::001042.jpg,0.9354673810520129
bge_m3,face,142,face::train::092618.jpg,face::test::185812.jpg,0.935423549316209
bge_m3,face,143,face::train::143554.jpg,face::train::101485.jpg,0.9353434451367953
bge_m3,face,144,face::train::101485.jpg,face::train::150659.jpg,0.9352389634753071
bge_m3,face,145,face::train::073196.jpg,face::test::189457.jpg,0.9351898506495508
bge_m3,face,146,face::train::063618.jpg,face::train::032580.jpg,0.9346036847527125
bge_m3,face,147,face::train::170623.jpg,face::train::023736.jpg,0.9345460421935197
bge_m3,face,148,face::train::065762.jpg,face::train::026996.jpg,0.9345448486423612
bge_m3,face,149,face::train::053065.jpg,face::test::188858.jpg,0.934105142789542
bge_m3,face,150,face::train::137722.jpg,face::test::186223.jpg,0.9340497403814001
bge_m3,face,151,face::train::168471.jpg,face::train::025692.jpg,0.9340184286644897
bge_m3,face,152,face::train::166091.jpg,face::train::123459.jpg,0.9338300600687502
bge_m3,face,153,face::train::053065.jpg,face::train::025692.jpg,0.9337094712844971
bge_m3,face,154,face::train::121281.jpg,face::train::001042.jpg,0.9336577684777414
bge_m3,face,155,face::train::091980.jpg,face::train::121281.jpg,0.9336546341410346
bge_m3,face,156,face::train::081413.jpg,face::train::073196.jpg,0.9334683704822613
bge_m3,face,157,face::train::060555.jpg,face::train::141457.jpg,0.9334122859349125
bge_m3,face,158,face::train::060555.jpg,face::train::109762.jpg,0.9333735532221622
bge_m3,face,159,face::train::023736.jpg,face::test::201409.jpg,0.9333000400454128
bge_m3,face,160,face::train::071174.jpg,face::train::025692.jpg,0.9331538528824151
bge_m3,face,161,face::train::053065.jpg,face::train::089537.jpg,0.9331144012394603
bge_m3,face,162,face::train::166091.jpg,face::test::196777.jpg,0.9330205294192028
bge_m3,face,163,face::test::188858.jpg,face::test::196611.jpg,0.9329532286072026
bge_m3,face,164,face::train::023736.jpg,face::train::141457.jpg,0.9328016188460302
bge_m3,face,165,face::train::001042.jpg,face::test::186223.jpg,0.9327686820770857
bge_m3,face,166,face::train::090489.jpg,face::train::143554.jpg,0.93271063565958
bge_m3,face,167,face::train::023736.jpg,face::train::032580.jpg,0.9326839520140239
bge_m3,face,168,face::train::129132.jpg,face::train::123459.jpg,0.9325602551563421
bge_m3,face,169,face::train::121281.jpg,face::train::042973.jpg,0.9325178508186893
bge_m3,face,170,face::train::081413.jpg,face::test::185812.jpg,0.9324785299218863
bge_m3,face,171,face::train::150659.jpg,face::train::042973.jpg,0.9323209842669119
bge_m3,face,172,face::train::081413.jpg,face::test::196777.jpg,0.9321830711093928
bge_m3,face,173,face::train::065762.jpg,face::test::186223.jpg,0.9321821395520858
bge_m3,face,174,face::train::121281.jpg,face::train::178182.jpg,0.932099291401374
bge_m3,face,175,face::train::060555.jpg,face::test::189457.jpg,0.9319741888188334
bge_m3,face,176,face::train::073196.jpg,face::train::109762.jpg,0.9318516960646579
bge_m3,face,177,face::train::008309.jpg,face::train::109762.jpg,0.9318515713420604
bge_m3,face,178,face::train::129132.jpg,face::train::141457.jpg,0.9318436716261181
bge_m3,face,179,face::train::042973.jpg,face::train::001042.jpg,0.9317725622734166
bge_m3,face,180,face::train::023736.jpg,face::test::189457.jpg,0.931711614349418
bge_m3,face,181,face::train::121281.jpg,face::train::053065.jpg,0.9316431275153335
bge_m3,face,182,face::train::088914.jpg,face::train::032580.jpg,0.9314201545254132
bge_m3,face,183,face::train::101485.jpg,face::train::042973.jpg,0.931393226230842
bge_m3,face,184,face::train::123459.jpg,face::train::088914.jpg,0.9312982781677233
bge_m3,face,185,face::train::060555.jpg,face::train::032580.jpg,0.9312530615365364
bge_m3,face,186,face::train::166091.jpg,face::train::060309.jpg,0.9312416683776248
bge_m3,face,187,face::train::026996.jpg,face::train::082954.jpg,0.931190700659012
bge_m3,face,188,face::train::073196.jpg,face::test::196777.jpg,0.9311221665607609
bge_m3,face,189,face::train::123459.jpg,face::test::189457.jpg,0.930772598622827
bge_m3,face,190,face::train::053065.jpg,face::test::183801.jpg,0.9307370815454319
bge_m3,face,191,face::train::023736.jpg,face::test::185812.jpg,0.9306959101698428
bge_m3,face,192,face::train::060309.jpg,face::test::185812.jpg,0.93068504989814
bge_m3,face,193,face::train::121281.jpg,face::train::026996.jpg,0.9306602720214172
bge_m3,face,194,face::test::196777.jpg,face::test::184003.jpg,0.9305495658423357
bge_m3,face,195,face::train::141457.jpg,face::test::201409.jpg,0.9304799081200656
bge_m3,face,196,face::train::092618.jpg,face::test::189457.jpg,0.9304426769497819
bge_m3,face,197,face::train::129132.jpg,face::train::060309.jpg,0.9304302010177401
bge_m3,face,198,face::train::091980.jpg,face::train::001042.jpg,0.9302050876184992
bge_m3,face,199,face::train::137722.jpg,face::train::025692.jpg,0.930145390104663
bge_m3,face,200,face::train::121281.jpg,face::train::065762.jpg,0.9301407813209084
bge_m3,face,201,face::train::170623.jpg,face::test::196777.jpg,0.9301399949455493
bge_m3,face,202,face::train::149220.jpg,face::test::196777.jpg,0.930107751153486
bge_m3,face,203,face::test::189858.jpg,face::test::188858.jpg,0.9300847367164181
bge_m3,face,204,face::train::089537.jpg,face::train::178129.jpg,0.929746017455094
bge_m3,face,205,face::train::026996.jpg,face::train::178129.jpg,0.9296353694241212
bge_m3,face,206,face::test::189457.jpg,face::test::201409.jpg,0.9296320506514679
bge_m3,face,207,face::train::137722.jpg,face::train::026996.jpg,0.929581034681518
bge_m3,face,208,face::train::071174.jpg,face::train::053065.jpg,0.9293686611328362
bge_m3,face,209,face::test::189457.jpg,face::test::185812.jpg,0.9293478281332199
bge_m3,face,210,face::train::168471.jpg,face::train::042973.jpg,0.9292728636555043
bge_m3,face,211,face::train::114832.jpg,face::test::189457.jpg,0.9292311067081727
bge_m3,face,212,face::train::109762.jpg,face::test::196777.jpg,0.92916100483123
bge_m3,face,213,face::train::071174.jpg,face::train::143554.jpg,0.9291471775392964
bge_m3,face,214,face::train::114832.jpg,face::test::184003.jpg,0.9289139320545154
bge_m3,face,215,face::train::129132.jpg,face::train::073196.jpg,0.9289112441429972
bge_m3,face,216,face::train::150659.jpg,face::train::178129.jpg,0.9287224935963272
bge_m3,face,217,face::train::091980.jpg,face::train::025692.jpg,0.9286839303284466
bge_m3,face,218,face::test::183801.jpg,face::test::188858.jpg,0.9286476826961851
bge_m3,face,219,face::train::088914.jpg,face::test::185812.jpg,0.9286204360888419
bge_m3,face,220,face::train::081413.jpg,face::train::060555.jpg,0.9284691417851757
bge_m3,face,221,face::train::063708.jpg,face::train::060309.jpg,0.9282049752123218
bge_m3,face,222,face::train::063708.jpg,face::train::088914.jpg,0.9281525558283759
bge_m3,face,223,face::train::053065.jpg,face::test::186223.jpg,0.9280059023859766
bge_m3,face,224,face::train::166091.jpg,face::test::184003.jpg,0.9278806173164521
bge_m3,face,225,face::train::166091.jpg,face::test::189457.jpg,0.9276160318708818
bge_m3,face,226,face::train::092618.jpg,face::test::201409.jpg,0.9276015891522822
bge_m3,face,227,face::train::025692.jpg,face::train::001042.jpg,0.9275761217612223
bge_m3,face,228,face::train::092618.jpg,face::train::073196.jpg,0.9274013429718546
bge_m3,face,229,face::train::178129.jpg,face::test::186223.jpg,0.9273839701120488
bge_m3,face,230,face::train::137722.jpg,face::train::082954.jpg,0.9273550141883864
bge_m3,face,231,face::train::170623.jpg,face::test::184003.jpg,0.9272183170484021
bge_m3,face,232,face::train::091980.jpg,face::train::026996.jpg,0.9272157479686342
bge_m3,face,233,face::train::053065.jpg,face::train::168471.jpg,0.927161584714957
bge_m3,face,234,face::train::137722.jpg,face::train::042973.jpg,0.927132577157704
bge_m3,face,235,face::train::149220.jpg,face::train::073196.jpg,0.9270842586780326
bge_m3,face,236,face::train::129132.jpg,face::train::032580.jpg,0.9270223232015223
bge_m3,face,237,face::train::063618.jpg,face::train::123459.jpg,0.9269577288821034
bge_m3,face,238,face::train::071174.jpg,face::train::178129.jpg,0.9266019743835666
bge_m3,face,239,face::train::137722.jpg,face::train::090489.jpg,0.9264519273334837
bge_m3,face,240,face::train::063708.jpg,face::train::123459.jpg,0.9260652508860746
bge_m3,face,241,face::train::129132.jpg,face::test::189457.jpg,0.9259188208010353
bge_m3,face,242,face::train::091980.jpg,face::train::168471.jpg,0.9258885054275937
bge_m3,face,243,face::train::114832.jpg,face::train::032580.jpg,0.9258613604850634
bge_m3,face,244,face::train::143554.jpg,face::train::089537.jpg,0.9256762379691679
bge_m3,face,245,face::train::025692.jpg,face::test::186223.jpg,0.925672838438843
bge_m3,face,246,face::train::170623.jpg,face::test::185812.jpg,0.9255191141412143
bge_m3,face,247,face::train::023736.jpg,face::train::109762.jpg,0.9254534145122865
bge_m3,face,248,face::train::092618.jpg,face::train::032580.jpg,0.9252444876029616
bge_m3,face,249,face::train::063708.jpg,face::test::196777.jpg,0.9250839564547851
bge_m3,face,250,face::train::129132.jpg,face::train::149220.jpg,0.9249936469813502
bge_m3,face,251,face::train::008309.jpg,face::train::060555.jpg,0.9249483702143936
bge_m3,face,252,face::train::178129.jpg,face::test::183801.jpg,0.9248795470159102
bge_m3,face,253,face::train::137722.jpg,face::train::053065.jpg,0.9247682236530812
bge_m3,face,254,face::train::114832.jpg,face::train::088914.jpg,0.9247540903737496
bge_m3,face,255,face::train::121281.jpg,face::train::025692.jpg,0.9246267655424569
bge_m3,face,256,face::train::149220.jpg,face::test::201409.jpg,0.9244190082905616
bge_m3,face,257,face::test::185812.jpg,face::test::201409.jpg,0.9243200885386745
bge_m3,face,258,face::train::053065.jpg,face::train::026996.jpg,0.924170439218613
bge_m3,face,259,face::train::170623.jpg,face::train::141457.jpg,0.9241014976147807
bge_m3,face,260,face::train::101485.jpg,face::train::178129.jpg,0.9240420815182867
bge_m3,face,261,face::train::123459.jpg,face::train::141457.jpg,0.9239907859034632
bge_m3,face,262,face::train::109762.jpg,face::test::185812.jpg,0.9239369099410788
bge_m3,face,263,face::train::149220.jpg,face::train::060555.jpg,0.923886757917801
bge_m3,face,264,face::train::025692.jpg,face::train::178129.jpg,0.9238698848121618
bge_m3,face,265,face::train::032580.jpg,face::test::189457.jpg,0.9237816822278535
bge_m3,face,266,face::train::129132.jpg,face::test::201409.jpg,0.9237800322019228
bge_m3,face,267,face::train::137722.jpg,face::train::178129.jpg,0.9235372201537835
bge_m3,face,268,face::train::166091.jpg,face::train::032580.jpg,0.923467836921981
bge_m3,face,269,face::train::063618.jpg,face::test::196777.jpg,0.9226838862508077
bge_m3,face,270,face::train::081413.jpg,face::train::109762.jpg,0.9224055723575133
bge_m3,face,271,face::train::088914.jpg,face::test::196777.jpg,0.9223070060260683
bge_m3,face,272,face::train::042973.jpg,face::test::189858.jpg,0.922177323417365
bge_m3,face,273,face::train::091980.jpg,face::train::089537.jpg,0.9219223924176437
bge_m3,face,274,face::train::090489.jpg,face::train::178129.jpg,0.9219204070860578
bge_m3,face,275,face::train::026996.jpg,face::train::001042.jpg,0.9218800490648289
bge_m3,face,276,face::train::090489.jpg,face::train::025692.jpg,0.9218176248572894
bge_m3,face,277,face::train::008309.jpg,face::train::073196.jpg,0.9215295865429968
bge_m3,face,278,face::train::081413.jpg,face::train::141457.jpg,0.9215286335325061
bge_m3,face,279,face::train::114832.jpg,face::train::073196.jpg,0.9214239951671339
bge_m3,face,280,face::train::063708.jpg,face::test::189457.jpg,0.921409087499245
bge_m3,face,281,face::train::090489.jpg,face::train::065762.jpg,0.921354966545555
bge_m3,face,282,face::train::170623.jpg,face::train::008309.jpg,0.9213443133617735
bge_m3,face,283,face::train::060555.jpg,face::test::201409.jpg,0.9212496807896405
bge_m3,face,284,face::train::157804.jpg,face::train::114832.jpg,0.9211975570410026
bge_m3,face,285,face::train::025692.jpg,face::train::082954.jpg,0.921131992048573
bge_m3,face,286,face::train::170623.jpg,face::train::114832.jpg,0.9211134185844212
bge_m3,face,287,face::train::143554.jpg,face::train::082954.jpg,0.9209948602441449
bge_m3,face,288,face::train::168471.jpg,face::test::183801.jpg,0.9209279621166574
bge_m3,face,289,face::train::063708.jpg,face::train::032580.jpg,0.9208432224733565
bge_m3,face,290,face::train::141457.jpg,face::test::185812.jpg,0.9208126772245194
bge_m3,face,291,face::train::053065.jpg,face::train::178182.jpg,0.9207078659191534
bge_m3,face,292,face::train::166091.jpg,face::train::109762.jpg,0.9206821889695458
bge_m3,face,293,face::train::060309.jpg,face::train::109762.jpg,0.9206275791254408
bge_m3,face,294,face::train::071174.jpg,face::test::188858.jpg,0.9205775594726303
bge_m3,face,295,face::train::081413.jpg,face::train::129132.jpg,0.9204330271465373
bge_m3,face,296,face::train::090489.jpg,face::train::001042.jpg,0.9203062945468501
bge_m3,face,297,face::train::138886.jpg,face::test::189858.jpg,0.9199761319618054
bge_m3,face,298,face::train::082954.jpg,face::train::178129.jpg,0.9196641841662316
bge_m3,face,299,face::train::178129.jpg,face::train::001042.jpg,0.9195954559455428
bge_m3,face,300,face::train::053065.jpg,face::train::065762.jpg,0.9195478505538117
bge_m3,face,301,face::train::063708.jpg,face::train::149220.jpg,0.9194751066593363
bge_m3,face,302,face::train::178182.jpg,face::test::186223.jpg,0.9194348803909099
bge_m3,face,303,face::train::025692.jpg,face::train::150659.jpg,0.9194308886157236
bge_m3,face,304,face::train::166091.jpg,face::train::088914.jpg,0.9193800564071678
bge_m3,face,305,face::train::082954.jpg,face::train::001042.jpg,0.9193372548185015
bge_m3,face,306,face::train::063618.jpg,face::test::201409.jpg,0.9193218351432414
bge_m3,face,307,face::train::081413.jpg,face::test::201409.jpg,0.9193045466039292
bge_m3,face,308,face::train::141457.jpg,face::test::196777.jpg,0.9192959521629913
bge_m3,face,309,face::train::170623.jpg,face::test::189457.jpg,0.9192931583080161
bge_m3,face,310,face::train::089537.jpg,face::test::189858.jpg,0.9191668160003724
bge_m3,face,311,face::train::114832.jpg,face::train::149220.jpg,0.9191464359756415
bge_m3,face,312,face::train::137722.jpg,face::train::065762.jpg,0.9191087075866873
bge_m3,face,313,face::train::091980.jpg,face::test::183801.jpg,0.9189827348332885
bge_m3,face,314,face::train::170623.jpg,face::train::073196.jpg,0.918949306398148
bge_m3,face,315,face::train::089537.jpg,face::test::183801.jpg,0.9186586583005265
bge_m3,face,316,face::train::023736.jpg,face::train::149220.jpg,0.9186063199665598
bge_m3,face,317,face::train::137722.jpg,face::train::178182.jpg,0.918561437590088
bge_m3,face,318,face::train::114832.jpg,face::train::060309.jpg,0.9185603477902388
bge_m3,face,319,face::train::008309.jpg,face::test::189457.jpg,0.9184731832157074
bge_m3,face,320,face::train::166091.jpg,face::train::149220.jpg,0.9182978144199705
bge_m3,face,321,face::train::025692.jpg,face::train::026996.jpg,0.9181473198136267
bge_m3,face,322,face::train::091980.jpg,face::train::065762.jpg,0.9180578192684528
bge_m3,face,323,face::train::065762.jpg,face::train::150659.jpg,0.9180016833288236
bge_m3,face,324,face::train::081413.jpg,face::train::149220.jpg,0.9178618878132094
bge_m3,face,325,face::train::071174.jpg,face::train::026996.jpg,0.9178409705271988
bge_m3,face,326,face::train::109762.jpg,face::test::184003.jpg,0.9178358528496541
bge_m3,face,327,face::train::065762.jpg,face::train::042973.jpg,0.9172798956699512
bge_m3,face,328,face::train::060309.jpg,face::train::060555.jpg,0.9170525447881623
bge_m3,face,329,face::train::060555.jpg,face::test::184003.jpg,0.9170035623009503
bge_m3,face,330,face::train::101485.jpg,face::train::026996.jpg,0.9168977414568775
bge_m3,face,331,face::train::060309.jpg,face::train::092618.jpg,0.9164269148713428
bge_m3,face,332,face::train::065762.jpg,face::train::025692.jpg,0.9163585835726229
bge_m3,face,333,face::train::008309.jpg,face::train::032580.jpg,0.9162933158751425
bge_m3,face,334,face::train::178182.jpg,face::train::001042.jpg,0.9162845143858412
bge_m3,face,335,face::train::073196.jpg,face::train::088914.jpg,0.916283277225728
bge_m3,face,336,face::train::157804.jpg,face::train::060309.jpg,0.9161383411012617
bge_m3,face,337,face::train::071174.jpg,face::test::189858.jpg,0.9161002740098552
bge_m3,face,338,face::train::008309.jpg,face::train::129132.jpg,0.9159076602014912
bge_m3,face,339,face::test::185812.jpg,face::test::184003.jpg,0.9156751180825938
bge_m3,face,340,face::train::060309.jpg,face::test::196777.jpg,0.9155199534044831
bge_m3,face,341,face::train::071174.jpg,face::train::065762.jpg,0.9154618848234541
bge_m3,face,342,face::train::090489.jpg,face::train::178182.jpg,0.9154440436408746
bge_m3,face,343,face::train::091980.jpg,face::test::188858.jpg,0.9153588872879124
bge_m3,face,344,face::train::137722.jpg,face::train::091980.jpg,0.9151903190034987
bge_m3,face,345,face::test::183801.jpg,face::test::196611.jpg,0.9151449152844628
bge_m3,face,346,face::train::081413.jpg,face::train::023736.jpg,0.9150827255079047
bge_m3,face,347,face::train::053065.jpg,face::test::196611.jpg,0.9149971559766701
bge_m3,face,348,face::train::141457.jpg,face::train::109762.jpg,0.9146515396630065
bge_m3,face,349,face::train::157804.jpg,face::train::129132.jpg,0.9146236583124432
bge_m3,face,350,face::train::063618.jpg,face::train::088914.jpg,0.9143090925320756
bge_m3,face,351,face::train::121281.jpg,face::test::183801.jpg,0.914253721202209
bge_m3,face,352,face::train::065762.jpg,face::train::178129.jpg,0.9141302151000135
bge_m3,face,353,face::train::073196.jpg,face::test::184003.jpg,0.914125825844745
bge_m3,face,354,face::train::178182.jpg,face::train::168471.jpg,0.9140319764863135
bge_m3,face,355,face::train::114832.jpg,face::train::109762.jpg,0.9139198558950727
bge_m3,face,356,face::train::178182.jpg,face::train::150659.jpg,0.9139008347236444
bge_m3,face,357,face::train::008309.jpg,face::train::023736.jpg,0.9138932892432894
bge_m3,face,358,face::train::063618.jpg,face::train::149220.jpg,0.9136899408633553
bge_m3,face,359,face::train::001042.jpg,face::test::183801.jpg,0.9136499789182224
bge_m3,face,360,face::train::053065.jpg,face::train::042973.jpg,0.9134474991376206
bge_m3,face,361,face::train::129132.jpg,face::test::184003.jpg,0.913347086924136
bge_m3,face,362,face::train::001042.jpg,face::test::188858.jpg,0.9132061548254606
bge_m3,face,363,face::train::138886.jpg,face::train::042973.jpg,0.9131896820384902
bge_m3,face,364,face::train::065762.jpg,face::train::082954.jpg,0.9131554674118136
bge_m3,face,365,face::train::008309.jpg,face::train::141457.jpg,0.9130140922521117
bge_m3,face,366,face::train::089537.jpg,face::test::188858.jpg,0.9129077600175749
bge_m3,face,367,face::train::157804.jpg,face::test::196777.jpg,0.9127721121675317
bge_m3,face,368,face::train::053065.jpg,face::train::150659.jpg,0.9126995282502186
bge_m3,face,369,face::train::143554.jpg,face::test::186223.jpg,0.9125972725878675
bge_m3,face,370,face::train::001042.jpg,face::test::189858.jpg,0.9124476887083726
bge_m3,face,371,face::train::137722.jpg,face::train::101485.jpg,0.9124474992887232
bge_m3,face,372,face::train::060309.jpg,face::train::073196.jpg,0.9124289488044823
bge_m3,face,373,face::train::088914.jpg,face::test::189457.jpg,0.9121971510346164
bge_m3,face,374,face::train::025692.jpg,face::test::188858.jpg,0.912055736271225
bge_m3,face,375,face::train::150659.jpg,face::train::001042.jpg,0.91187359866327
bge_m3,face,376,face::train::071174.jpg,face::train::091980.jpg,0.9118053228153123
bge_m3,face,377,face::train::170623.jpg,face::train::123459.jpg,0.9115736360852256
bge_m3,face,378,face::train::081413.jpg,face::train::063708.jpg,0.9115047582285528
bge_m3,face,379,face::train::081413.jpg,face::train::008309.jpg,0.911413749451123
bge_m3,face,380,face::train::063618.jpg,face::test::185812.jpg,0.9111478824925696
bge_m3,face,381,face::train::178182.jpg,face::train::082954.jpg,0.9110030786813474
bge_m3,face,382,face::train::081413.jpg,face::train::114832.jpg,0.9108903572136052
bge_m3,face,383,face::train::114832.jpg,face::train::141457.jpg,0.9108450648054291
bge_m3,face,384,face::train::109762.jpg,face::test::189457.jpg,0.9106651302747729
bge_m3,face,385,face::train::178129.jpg,face::test::188858.jpg,0.9106283600034019
bge_m3,face,386,face::train::081413.jpg,face::train::157804.jpg,0.9105581995720455
bge_m3,face,387,face::train::091980.jpg,face::test::186223.jpg,0.9105409469710316
bge_m3,face,388,face::train::143554.jpg,face::train::150659.jpg,0.9103652728504623
bge_m3,face,389,face::train::123459.jpg,face::train::109762.jpg,0.9102757575319638
bge_m3,face,390,face::train::081413.jpg,face::train::092618.jpg,0.9101759319172782
bge_m3,face,391,face::train::008309.jpg,face::train::123459.jpg,0.909954439818272
bge_m3,face,392,face::train::008309.jpg,face::test::185812.jpg,0.9098115791983756
bge_m3,face,393,face::train::091980.jpg,face::train::150659.jpg,0.9097957632449044
bge_m3,face,394,face::train::091980.jpg,face::train::090489.jpg,0.9096588906311144
bge_m3,face,395,face::train::032580.jpg,face::train::109762.jpg,0.9096170944234845
bge_m3,face,396,face::train::121281.jpg,face::train::143554.jpg,0.9091978760414596
bge_m3,face,397,face::train::121281.jpg,face::test::188858.jpg,0.9090672569902092
bge_m3,face,398,face::train::025692.jpg,face::test::196611.jpg,0.9088148043278736
bge_m3,face,399,face::train::101485.jpg,face::train::025692.jpg,0.9087780922574282
bge_m3,face,400,face::train::141457.jpg,face::train::032580.jpg,0.9084281964113655
bge_m3,face,401,face::train::071174.jpg,face::test::183801.jpg,0.9081445921821776
bge_m3,face,402,face::train::091980.jpg,face::train::082954.jpg,0.9077139148423219
bge_m3,face,403,face::train::025692.jpg,face::test::183801.jpg,0.907604059888069
bge_m3,face,404,face::train::088914.jpg,face::test::201409.jpg,0.9075961646342733
bge_m3,face,405,face::train::170623.jpg,face::train::060309.jpg,0.9074807910555656
bge_m3,face,406,face::train::053065.jpg,face::train::082954.jpg,0.9072922915439386
bge_m3,face,407,face::train::157804.jpg,face::test::185812.jpg,0.9069297147283188
bge_m3,face,408,face::train::149220.jpg,face::train::141457.jpg,0.906878298722442
bge_m3,face,409,face::train::053065.jpg,face::test::189858.jpg,0.9068623453006955
bge_m3,face,410,face::train::129132.jpg,face::train::063618.jpg,0.9068560372288281
bge_m3,face,411,face::train::081413.jpg,face::train::088914.jpg,0.9066483049834281
bge_m3,face,412,face::train::090489.jpg,face::train::053065.jpg,0.9064882218030662
bge_m3,face,413,face::train::101485.jpg,face::train::001042.jpg,0.9064064402443348
bge_m3,face,414,face::train::157804.jpg,face::train::060555.jpg,0.9063985698568034
bge_m3,face,415,face::test::186223.jpg,face::test::183801.jpg,0.9062129558573644
bge_m3,face,416,face::train::073196.jpg,face::test::201409.jpg,0.9061872903149716
bge_m3,face,417,face::train::166091.jpg,face::train::157804.jpg,0.9061645170629135
bge_m3,face,418,face::train::063618.jpg,face::train::023736.jpg,0.9059084396926065
bge_m3,face,419,face::train::053065.jpg,face::train::101485.jpg,0.9059072227025078
bge_m3,face,420,face::train::081413.jpg,face::train::060309.jpg,0.9058052698679943
bge_m3,face,421,face::train::063618.jpg,face::train::092618.jpg,0.9055949581724264
bge_m3,face,422,face::train::178182.jpg,face::train::101485.jpg,0.9054762330551182
bge_m3,face,423,face::test::189858.jpg,face::test::196611.jpg,0.9054705934165852
bge_m3,face,424,face::train::091980.jpg,face::train::042973.jpg,0.9053715294483874
bge_m3,face,425,face::train::063618.jpg,face::train::141457.jpg,0.9046819043761676
bge_m3,face,426,face::train::178182.jpg,face::train::065762.jpg,0.9046060378688854
bge_m3,face,427,face::train::178182.jpg,face::train::178129.jpg,0.9044515534956145
bge_m3,face,428,face::train::157804.jpg,face::train::123459.jpg,0.903979968880355
bge_m3,face,429,face::train::063708.jpg,face::train::109762.jpg,0.9038450596632828
bge_m3,face,430,face::train::092618.jpg,face::test::184003.jpg,0.9035850917668738
bge_m3,face,431,face::train::092618.jpg,face::train::141457.jpg,0.9035522445590718
bge_m3,face,432,face::train::143554.jpg,face::train::026996.jpg,0.9035296733463313
bge_m3,face,433,face::train::166091.jpg,face::test::201409.jpg,0.9032222810573942
bge_m3,face,434,face::train::008309.jpg,face::train::063708.jpg,0.9031852525960478
bge_m3,face,435,face::train::178182.jpg,face::test::189858.jpg,0.9030772941668046
bge_m3,face,436,face::train::091980.jpg,face::test::196611.jpg,0.9030568604605445
bge_m3,face,437,face::train::170623.jpg,face::train::063708.jpg,0.9029947486478368
bge_m3,face,438,face::test::189858.jpg,face::test::183801.jpg,0.9029738338656429
bge_m3,face,439,face::train::137722.jpg,face::test::188858.jpg,0.9026801773626814
bge_m3,face,440,face::train::001042.jpg,face::test::196611.jpg,0.9025591372585542
bge_m3,face,441,face::train::023736.jpg,face::test::184003.jpg,0.9022739859113047
bge_m3,face,442,face::train::157804.jpg,face::train::109762.jpg,0.9022700470174752
bge_m3,face,443,face::train::091980.jpg,face::train::101485.jpg,0.902050758071119
bge_m3,face,444,face::train::063618.jpg,face::train::073196.jpg,0.9020295698796517
bge_m3,face,445,face::train::081413.jpg,face::train::166091.jpg,0.901943011755372
bge_m3,face,446,face::train::060309.jpg,face::train::123459.jpg,0.9018890613904492
bge_m3,face,447,face::train::170623.jpg,face::train::092618.jpg,0.9018363016425188
bge_m3,face,448,face::train::088914.jpg,face::train::141457.jpg,0.9018294060096492
bge_m3,face,449,face::train::065762.jpg,face::test::183801.jpg,0.9017991991623112
bge_m3,face,450,face::train::170623.jpg,face::train::157804.jpg,0.9014987727492506
bge_m3,face,451,face::train::081413.jpg,face::test::189457.jpg,0.9014024377892106
bge_m3,face,452,face::train::143554.jpg,face::train::178182.jpg,0.9013807998208938
bge_m3,face,453,face::train::143554.jpg,face::train::168471.jpg,0.9013243523521961
bge_m3,face,454,face::train::008309.jpg,face::test::196777.jpg,0.901218546823015
bge_m3,face,455,face::train::166091.jpg,face::train::008309.jpg,0.9010982318421588
bge_m3,face,456,face::train::063708.jpg,face::test::184003.jpg,0.9009641869071626
bge_m3,face,457,face::train::170623.jpg,face::train::032580.jpg,0.9007009328514907
bge_m3,face,458,face::train::042973.jpg,face::train::178129.jpg,0.9005420978713667
bge_m3,face,459,face::train::025692.jpg,face::test::189858.jpg,0.900511572631962
bge_m3,face,460,face::train::060309.jpg,face::train::088914.jpg,0.9004091786233399
bge_m3,face,461,face::train::063618.jpg,face::train::060555.jpg,0.9003666485163402
bge_m3,face,462,face::train::137722.jpg,face::test::183801.jpg,0.90017041936567
bge_m3,face,463,face::train::178182.jpg,face::test::188858.jpg,0.8995827769252767
bge_m3,face,464,face::train::008309.jpg,face::train::149220.jpg,0.8993036141609546
bge_m3,face,465,face::train::170623.jpg,face::train::081413.jpg,0.8989781051371075
bge_m3,face,466,face::train::025692.jpg,face::train::042973.jpg,0.898901746805416
bge_m3,face,467,face::train::063618.jpg,face::test::189457.jpg,0.8986880287844707
bge_m3,face,468,face::train::170623.jpg,face::train::149220.jpg,0.8984594381640473
bge_m3,face,469,face::train::141457.jpg,face::test::189457.jpg,0.8983114732102163
bge_m3,face,470,face::train::138886.jpg,face::test::183801.jpg,0.8982914444487973
bge_m3,face,471,face::train::090489.jpg,face::test::189858.jpg,0.8980023318775956
bge_m3,face,472,face::train::023736.jpg,face::train::060309.jpg,0.897907826647825
bge_m3,face,473,face::train::063708.jpg,face::test::201409.jpg,0.8978049949696644
bge_m3,face,474,face::train::138886.jpg,face::test::196611.jpg,0.8976043464764352
bge_m3,face,475,face::train::060555.jpg,face::train::026996.jpg,0.897415567306398
bge_m3,face,476,face::train::065762.jpg,face::test::189858.jpg,0.8972985499723078
bge_m3,face,477,face::train::170623.jpg,face::test::201409.jpg,0.8969572252990167
bge_m3,face,478,face::train::143554.jpg,face::train::001042.jpg,0.8969232611144985
bge_m3,face,479,face::train::143554.jpg,face::test::189858.jpg,0.8966974887944514
bge_m3,face,480,face::train::157804.jpg,face::train::063618.jpg,0.8966750142283882
bge_m3,face,481,face::train::071174.jpg,face::test::196611.jpg,0.8965985417462307
bge_m3,face,482,face::train::114832.jpg,face::train::063618.jpg,0.8965089879985628
bge_m3,face,483,face::train::101485.jpg,face::test::183801.jpg,0.8962917322849439
bge_m3,face,484,face::train::114832.jpg,face::train::090489.jpg,0.896239059449216
bge_m3,face,485,face::train::157804.jpg,face::train::023736.jpg,0.896075805617682
bge_m3,face,486,face::train::166091.jpg,face::train::141457.jpg,0.8960714981793119
bge_m3,face,487,face::train::091980.jpg,face::test::189858.jpg,0.8959686032916246
bge_m3,face,488,face::train::090489.jpg,face::test::183801.jpg,0.8958691160865552
bge_m3,face,489,face::train::089537.jpg,face::train::138886.jpg,0.895829597040475
bge_m3,face,490,face::train::149220.jpg,face::test::184003.jpg,0.8956390748801739
bge_m3,face,491,face::train::065762.jpg,face::train::101485.jpg,0.8955864424299087
bge_m3,face,492,face::train::137722.jpg,face::test::189858.jpg,0.8953251405216665
bge_m3,face,493,face::train::090489.jpg,face::train::138886.jpg,0.8952544306302852
bge_m3,face,494,face::train::149220.jpg,face::train::060309.jpg,0.8951983616271562
bge_m3,face,495,face::train::091980.jpg,face::train::178182.jpg,0.8947912882756699
bge_m3,face,496,face::train::023736.jpg,face::train::026996.jpg,0.8945960606086468
bge_m3,face,497,face::train::060309.jpg,face::test::189457.jpg,0.8944760670506622
bge_m3,face,498,face::train::008309.jpg,face::test::184003.jpg,0.8944254372202863
bge_m3,face,499,face::train::168471.jpg,face::test::188858.jpg,0.8942815744480658
bge_m3,face,500,face::train::157804.jpg,face::train::092618.jpg,0.89410625363435
bge_m3,face,501,face::train::063618.jpg,face::train::109762.jpg,0.8940076210458217
bge_m3,face,502,face::train::082954.jpg,face::test::189858.jpg,0.8937117159412591
bge_m3,face,503,face::train::114832.jpg,face::train::008309.jpg,0.893667537742422
bge_m3,face,504,face::train::026996.jpg,face::test::183801.jpg,0.8936199592255135
bge_m3,face,505,face::train::060309.jpg,face::test::184003.jpg,0.8935569906968839
bge_m3,face,506,face::train::137722.jpg,face::train::143554.jpg,0.8934675132826905
bge_m3,face,507,face::train::008309.jpg,face::test::201409.jpg,0.8932436480235355
bge_m3,face,508,face::train::073196.jpg,face::train::141457.jpg,0.8930757336189721
bge_m3,face,509,face::train::157804.jpg,face::train::032580.jpg,0.8928604769959078
bge_m3,face,510,face::test::186223.jpg,face::test::189858.jpg,0.8927155602313676
bge_m3,face,511,face::train::157804.jpg,face::train::141457.jpg,0.8926419911637764
bge_m3,face,512,face::train::063618.jpg,face::train::060309.jpg,0.8926244429701202
bge_m3,face,513,face::train::123459.jpg,face::test::184003.jpg,0.8926116518858656
bge_m3,face,514,face::train::157804.jpg,face::test::201409.jpg,0.8925016620996054
bge_m3,face,515,face::train::090489.jpg,face::train::092618.jpg,0.8921063424175469
bge_m3,face,516,face::train::109762.jpg,face::test::201409.jpg,0.891817184616644
bge_m3,face,517,face::train::178182.jpg,face::train::026996.jpg,0.8916673068287297
bge_m3,face,518,face::train::060309.jpg,face::train::032580.jpg,0.8915110505239304
bge_m3,face,519,face::train::157804.jpg,face::test::184003.jpg,0.8912444578858326
bge_m3,face,520,face::train::063708.jpg,face::train::141457.jpg,0.8911338333048832
bge_m3,face,521,face::train::150659.jpg,face::test::183801.jpg,0.8907643283897688
bge_m3,face,522,face::train::178129.jpg,face::test::196611.jpg,0.8906979747778546
bge_m3,face,523,face::train::065762.jpg,face::test::188858.jpg,0.8900192173377622
bge_m3,face,524,face::train::137722.jpg,face::test::196611.jpg,0.8897573319586332
bge_m3,face,525,face::train::143554.jpg,face::train::138886.jpg,0.8894416423176639
bge_m3,face,526,face::train::168471.jpg,face::train::123459.jpg,0.8891741608824436
bge_m3,face,527,face::train::168471.jpg,face::train::032580.jpg,0.8890379878157261
bge_m3,face,528,face::train::090489.jpg,face::train::060555.jpg,0.8886767394149482
bge_m3,face,529,face::test::184003.jpg,face::test::201409.jpg,0.8886547098084976
bge_m3,face,530,face::train::032580.jpg,face::test::184003.jpg,0.8885581043815606
bge_m3,face,531,face::train::168471.jpg,face::train::023736.jpg,0.8885112552284959
bge_m3,face,532,face::train::138886.jpg,face::test::188858.jpg,0.8880245131634867
bge_m3,face,533,face::train::008309.jpg,face::train::063618.jpg,0.8877474890898456
bge_m3,face,534,face::train::090489.jpg,face::test::188858.jpg,0.8874252611659967
bge_m3,face,535,face::test::186223.jpg,face::test::188858.jpg,0.8874084958587989
bge_m3,face,536,face::train::168471.jpg,face::train::060555.jpg,0.8873743948025228
bge_m3,face,537,face::train::114832.jpg,face::train::042973.jpg,0.8873685906886247
bge_m3,face,538,face::train::178182.jpg,face::train::025692.jpg,0.8873155269022952
bge_m3,face,539,face::train::138886.jpg,face::train::026996.jpg,0.8872712663896926
bge_m3,face,540,face::train::092618.jpg,face::train::109762.jpg,0.8871125629402462
bge_m3,face,541,face::train::082954.jpg,face::test::183801.jpg,0.886957711597091
bge_m3,face,542,face::train::129132.jpg,face::train::026996.jpg,0.8866461870269815
bge_m3,face,543,face::train::149220.jpg,face::train::109762.jpg,0.886528543450865
bge_m3,face,544,face::train::168471.jpg,face::test::196611.jpg,0.8864436932570828
bge_m3,face,545,face::train::071174.jpg,face::train::138886.jpg,0.8864110410899378
bge_m3,face,546,face::train::089537.jpg,face::test::196611.jpg,0.8862573330164419
bge_m3,face,547,face::test::186223.jpg,face::test::196611.jpg,0.8856165176780406
bge_m3,face,548,face::train::121281.jpg,face::test::189858.jpg,0.8854233406085708
bge_m3,face,549,face::train::168471.jpg,face::test::189858.jpg,0.8851405551518171
bge_m3,face,550,face::train::026996.jpg,face::test::189858.jpg,0.8847780375633629
bge_m3,face,551,face::train::090489.jpg,face::test::196611.jpg,0.8844495341664312
bge_m3,face,552,face::train::042973.jpg,face::test::188858.jpg,0.8843979577002381
bge_m3,face,553,face::train::178182.jpg,face::test::183801.jpg,0.88432628721116
bge_m3,face,554,face::train::060309.jpg,face::train::141457.jpg,0.8842974279263779
bge_m3,face,555,face::train::042973.jpg,face::test::183801.jpg,0.8840931319468806
bge_m3,face,556,face::train::090489.jpg,face::train::063708.jpg,0.8832627446908868
bge_m3,face,557,face::train::063618.jpg,face::train::063708.jpg,0.8830298613903358
bge_m3,face,558,face::train::157804.jpg,face::train::073196.jpg,0.8830096594157565
bge_m3,face,559,face::train::143554.jpg,face::train::065762.jpg,0.8826339176557021
bge_m3,face,560,face::train::101485.jpg,face::test::188858.jpg,0.8819449715265476
bge_m3,face,561,face::train::170623.jpg,face::train::088914.jpg,0.881826519123218
bge_m3,face,562,face::train::168471.jpg,face::train::088914.jpg,0.8817852425146867
bge_m3,face,563,face::train::114832.jpg,face::train::089537.jpg,0.881555838947474
bge_m3,face,564,face::train::053065.jpg,face::train::143554.jpg,0.8813056956114377
bge_m3,face,565,face::train::157804.jpg,face::train::088914.jpg,0.8812665324971216
bge_m3,face,566,face::train::121281.jpg,face::train::123459.jpg,0.8812488605988549
bge_m3,face,567,face::train::081413.jpg,face::test::184003.jpg,0.880966542263689
bge_m3,face,568,face::train::150659.jpg,face::test::188858.jpg,0.8809533285781006
bge_m3,face,569,face::train::042973.jpg,face::test::196777.jpg,0.8808446603681652
bge_m3,face,570,face::train::008309.jpg,face::train::060309.jpg,0.8806600806541538
bge_m3,face,571,face::train::090489.jpg,face::test::196777.jpg,0.8802398980033254
bge_m3,face,572,face::train::178129.jpg,face::train::032580.jpg,0.8801510671114279
bge_m3,face,573,face::train::157804.jpg,face::train::063708.jpg,0.8801436665879273
bge_m3,face,574,face::train::101485.jpg,face::test::189858.jpg,0.8799517346486385
bge_m3,face,575,face::train::060309.jpg,face::test::201409.jpg,0.8797589174647917
bge_m3,face,576,face::train::008309.jpg,face::train::092618.jpg,0.8795679010213701
bge_m3,face,577,face::train::168471.jpg,face::train::092618.jpg,0.8794949168292793
bge_m3,face,578,face::train::166091.jpg,face::train::063618.jpg,0.8794495806399406
bge_m3,face,579,face::train::138886.jpg,face::train::025692.jpg,0.8792291126252471
bge_m3,face,580,face::train::157804.jpg,face::train::149220.jpg,0.8792195797821833
bge_m3,face,581,face::train::123459.jpg,face::train::001042.jpg,0.8791292949206012
bge_m3,face,582,face::train::060555.jpg,face::test::186223.jpg,0.8789527866030534
bge_m3,face,583,face::train::150659.jpg,face::test::189858.jpg,0.878809258632723
bge_m3,face,584,face::train::101485.jpg,face::train::138886.jpg,0.8786547748557159
bge_m3,face,585,face::train::090489.jpg,face::train::023736.jpg,0.8784340880102255
bge_m3,face,586,face::train::091980.jpg,face::train::143554.jpg,0.8782020845242866
bge_m3,face,587,face::train::114832.jpg,face::train::150659.jpg,0.8781905286878475
bge_m3,face,588,face::train::168471.jpg,face::test::185812.jpg,0.8781206835676659
bge_m3,face,589,face::train::089537.jpg,face::test::196777.jpg,0.8780095899164647
bge_m3,face,590,face::train::170623.jpg,face::train::026996.jpg,0.8779706951544751
bge_m3,face,591,face::train::143554.jpg,face::train::025692.jpg,0.8776499035433146
bge_m3,face,592,face::train::001042.jpg,face::train::032580.jpg,0.8776148998911191
bge_m3,face,593,face::train::082954.jpg,face::test::188858.jpg,0.8773236675184002
bge_m3,face,594,face::train::008309.jpg,face::train::088914.jpg,0.8772264849903073
bge_m3,face,595,face::train::114832.jpg,face::train::168471.jpg,0.8771296079170079
bge_m3,face,596,face::train::141457.jpg,face::test::184003.jpg,0.8770872664209849
bge_m3,face,597,face::train::065762.jpg,face::test::196611.jpg,0.8768694710704524
bge_m3,face,598,face::train::143554.jpg,face::train::178129.jpg,0.876690717965468
bge_m3,face,599,face::train::138886.jpg,face::train::082954.jpg,0.8766023576715267
bge_m3,face,600,face::train::170623.jpg,face::train::063618.jpg,0.8765505487844116
bge_m3,face,601,face::train::088914.jpg,face::test::184003.jpg,0.876407236222257
bge_m3,face,602,face::train::001042.jpg,face::test::201409.jpg,0.8762814581273908
bge_m3,face,603,face::train::114832.jpg,face::train::082954.jpg,0.8761701927595483
bge_m3,face,604,face::train::121281.jpg,face::train::032580.jpg,0.8760761082966435
bge_m3,face,605,face::train::121281.jpg,face::train::092618.jpg,0.8760466442224889
bge_m3,face,606,face::train::129132.jpg,face::train::042973.jpg,0.8760308890314649
bge_m3,face,607,face::train::121281.jpg,face::train::114832.jpg,0.8759324510788505
bge_m3,face,608,face::train::023736.jpg,face::train::178129.jpg,0.8756087371156043
bge_m3,face,609,face::train::157804.jpg,face::test::189457.jpg,0.8755113396028644
bge_m3,face,610,face::train::071174.jpg,face::train::114832.jpg,0.8753061054022019
bge_m3,face,611,face::train::089537.jpg,face::train::092618.jpg,0.8750848276065774
bge_m3,face,612,face::train::121281.jpg,face::test::196611.jpg,0.8748889445471963
bge_m3,face,613,face::train::071174.jpg,face::test::196777.jpg,0.8745675856364986
bge_m3,face,614,face::train::149220.jpg,face::train::001042.jpg,0.874392655781577
bge_m3,face,615,face::train::053065.jpg,face::train::138886.jpg,0.874154609182444
bge_m3,face,616,face::train::023736.jpg,face::test::186223.jpg,0.8739840157422603
bge_m3,face,617,face::train::060555.jpg,face::train::178129.jpg,0.873781057574108
bge_m3,face,618,face::train::082954.jpg,face::train::092618.jpg,0.8735009147964615
bge_m3,face,619,face::train::071174.jpg,face::train::092618.jpg,0.873453555414087
bge_m3,face,620,face::train::089537.jpg,face::train::123459.jpg,0.8732611066276592
bge_m3,face,621,face::train::089537.jpg,face::train::023736.jpg,0.8731604679361527
bge_m3,face,622,face::train::001042.jpg,face::test::196777.jpg,0.873136896282448
bge_m3,face,623,face::train::060555.jpg,face::train::082954.jpg,0.8730434382731007
bge_m3,face,624,face::train::090489.jpg,face::train::129132.jpg,0.8729668904814498
bge_m3,face,625,face::train::138886.jpg,face::test::186223.jpg,0.8726628037958482
bge_m3,face,626,face::train::026996.jpg,face::test::188858.jpg,0.87256704618433
bge_m3,face,627,face::train::138886.jpg,face::train::150659.jpg,0.872155938720693
bge_m3,face,628,face::train::168471.jpg,face::train::073196.jpg,0.8721057704512869
bge_m3,face,629,face::train::089537.jpg,face::test::189457.jpg,0.8720984556590422
bge_m3,face,630,face::train::114832.jpg,face::train::026996.jpg,0.8718113758642386
bge_m3,face,631,face::train::042973.jpg,face::train::092618.jpg,0.8716499137000987
bge_m3,face,632,face::train::089537.jpg,face::train::060555.jpg,0.87147728343991
bge_m3,face,633,face::train::150659.jpg,face::train::092618.jpg,0.8713136252437076
bge_m3,face,634,face::train::166091.jpg,face::train::090489.jpg,0.8712896747027199
bge_m3,face,635,face::train::138886.jpg,face::train::001042.jpg,0.8712259984435076
bge_m3,face,636,face::train::101485.jpg,face::test::196611.jpg,0.8708809607998947
bge_m3,face,637,face::train::026996.jpg,face::test::196611.jpg,0.870732575461865
bge_m3,face,638,face::train::082954.jpg,face::test::196777.jpg,0.8705985140394463
bge_m3,face,639,face::train::060555.jpg,face::train::042973.jpg,0.8705183250345977
bge_m3,face,640,face::train::060555.jpg,face::train::150659.jpg,0.8704536956199398
bge_m3,face,641,face::train::091980.jpg,face::train::138886.jpg,0.870342377112312
bge_m3,face,642,face::train::026996.jpg,face::test::196777.jpg,0.8702849009404499
bge_m3,face,643,face::train::150659.jpg,face::test::196777.jpg,0.870239384359341
bge_m3,face,644,face::train::168471.jpg,face::train::149220.jpg,0.8700837465565765
bge_m3,face,645,face::train::166091.jpg,face::train::026996.jpg,0.8700359218838909
bge_m3,face,646,face::train::166091.jpg,face::train::168471.jpg,0.869935370954708
bge_m3,face,647,face::train::178182.jpg,face::train::138886.jpg,0.8698425528213073
bge_m3,face,648,face::train::088914.jpg,face::train::109762.jpg,0.8698256726803031
bge_m3,face,649,face::train::121281.jpg,face::test::196777.jpg,0.8696606733052576
bge_m3,face,650,face::train::082954.jpg,face::train::032580.jpg,0.8696126830481518
bge_m3,face,651,face::train::137722.jpg,face::train::138886.jpg,0.8695614757967014
bge_m3,face,652,face::train::023736.jpg,face::train::001042.jpg,0.869465682845874
bge_m3,face,653,face::train::090489.jpg,face::test::185812.jpg,0.8692564793546192
bge_m3,face,654,face::train::023736.jpg,face::train::150659.jpg,0.8690750622898628
bge_m3,face,655,face::train::089537.jpg,face::test::201409.jpg,0.8689965955722979
bge_m3,face,656,face::train::168471.jpg,face::train::063708.jpg,0.8685766978760601
bge_m3,face,657,face::train::089537.jpg,face::train::032580.jpg,0.868341616405919
bge_m3,face,658,face::train::143554.jpg,face::test::183801.jpg,0.868157960479105
bge_m3,face,659,face::train::168471.jpg,face::test::196777.jpg,0.868091162244752
bge_m3,face,660,face::train::082954.jpg,face::test::185812.jpg,0.8679988245252794
bge_m3,face,661,face::train::121281.jpg,face::train::023736.jpg,0.867809666977789
bge_m3,face,662,face::train::088914.jpg,face::test::186223.jpg,0.8676377777493638
bge_m3,face,663,face::train::089537.jpg,face::train::149220.jpg,0.8675817555772165
bge_m3,face,664,face::train::178129.jpg,face::train::088914.jpg,0.8674158477435634
bge_m3,face,665,face::train::178129.jpg,face::train::123459.jpg,0.8672829704238929
bge_m3,face,666,face::train::166091.jpg,face::test::186223.jpg,0.8672060917086655
bge_m3,face,667,face::train::065762.jpg,face::train::123459.jpg,0.8671390371444087
bge_m3,face,668,face::train::129132.jpg,face::train::168471.jpg,0.8671218361912467
bge_m3,face,669,face::train::114832.jpg,face::train::143554.jpg,0.8670983898750784
bge_m3,face,670,face::train::114832.jpg,face::test::186223.jpg,0.8669783506101307
bge_m3,face,671,face::train::129132.jpg,face::test::186223.jpg,0.8669430722936585
bge_m3,face,672,face::train::089537.jpg,face::train::088914.jpg,0.8668667640470515
bge_m3,face,673,face::train::065762.jpg,face::train::138886.jpg,0.8667811340956455
bge_m3,face,674,face::train::121281.jpg,face::train::138886.jpg,0.8667539097565086
bge_m3,face,675,face::train::149220.jpg,face::train::178129.jpg,0.866716557616949
bge_m3,face,676,face::train::065762.jpg,face::test::196777.jpg,0.8663145687951035
bge_m3,face,677,face::train::023736.jpg,face::train::082954.jpg,0.8662680242049569
bge_m3,face,678,face::train::089537.jpg,face::test::185812.jpg,0.8662063698931008
bge_m3,face,679,face::train::137722.jpg,face::train::123459.jpg,0.8661594356172377
bge_m3,face,680,face::train::063708.jpg,face::test::186223.jpg,0.8657550459955559
bge_m3,face,681,face::train::071174.jpg,face::train::088914.jpg,0.8656674495930214
bge_m3,face,682,face::train::042973.jpg,face::test::196611.jpg,0.8654877278728405
bge_m3,face,683,face::train::143554.jpg,face::test::196611.jpg,0.8654355559546008
bge_m3,face,684,face::train::168471.jpg,face::train::138886.jpg,0.8652147616573282
bge_m3,face,685,face::train::071174.jpg,face::train::123459.jpg,0.8650890176499975
bge_m3,face,686,face::train::101485.jpg,face::train::092618.jpg,0.8649125436451166
bge_m3,face,687,face::train::082954.jpg,face::train::123459.jpg,0.8649005017413276
bge_m3,face,688,face::train::101485.jpg,face::train::060555.jpg,0.8648570953326544
bge_m3,face,689,face::train::053065.jpg,face::train::023736.jpg,0.8643926176958762
bge_m3,face,690,face::train::150659.jpg,face::train::123459.jpg,0.8642731566551061
bge_m3,face,691,face::train::092618.jpg,face::test::186223.jpg,0.8642362588091778
bge_m3,face,692,face::train::129132.jpg,face::train::178129.jpg,0.8641085279079721
bge_m3,face,693,face::train::023736.jpg,face::train::042973.jpg,0.8640598010805701
bge_m3,face,694,face::train::091980.jpg,face::train::023736.jpg,0.8640445373467629
bge_m3,face,695,face::train::114832.jpg,face::train::101485.jpg,0.86399872964529
bge_m3,face,696,face::train::026996.jpg,face::train::092618.jpg,0.8637516230795974
bge_m3,face,697,face::train::065762.jpg,face::train::023736.jpg,0.8636236233085604
bge_m3,face,698,face::train::129132.jpg,face::train::082954.jpg,0.863596438949079
bge_m3,face,699,face::train::088914.jpg,face::train::001042.jpg,0.8635725482780812
bge_m3,face,700,face::train::129132.jpg,face::train::089537.jpg,0.8635272274729815
bge_m3,face,701,face::train::166091.jpg,face::train::042973.jpg,0.8633009604682242
bge_m3,face,702,face::train::114832.jpg,face::train::001042.jpg,0.863142290605347
bge_m3,face,703,face::train::121281.jpg,face::train::060555.jpg,0.8630623502335588
bge_m3,face,704,face::train::121281.jpg,face::test::185812.jpg,0.8629902495312066
bge_m3,face,705,face::train::137722.jpg,face::test::196777.jpg,0.8629524545229309
bge_m3,face,706,face::train::071174.jpg,face::train::023736.jpg,0.8628843950091156
bge_m3,face,707,face::train::143554.jpg,face::test::188858.jpg,0.8628640824414247
bge_m3,face,708,face::train::149220.jpg,face::test::186223.jpg,0.8626804938158955
bge_m3,face,709,face::train::092618.jpg,face::train::178129.jpg,0.8626246848618746
bge_m3,face,710,face::train::168471.jpg,face::test::189457.jpg,0.862591976816749
bge_m3,face,711,face::train::071174.jpg,face::test::201409.jpg,0.8625064504475902
bge_m3,face,712,face::train::090489.jpg,face::train::073196.jpg,0.8624735758890094
bge_m3,face,713,face::train::071174.jpg,face::test::189457.jpg,0.8623571812451547
bge_m3,face,714,face::train::065762.jpg,face::train::032580.jpg,0.8623303097426458
bge_m3,face,715,face::train::121281.jpg,face::test::201409.jpg,0.8622332367613039
bge_m3,face,716,face::train::082954.jpg,face::train::073196.jpg,0.8622095521106424
bge_m3,face,717,face::train::137722.jpg,face::train::114832.jpg,0.8622029170243194
bge_m3,face,718,face::train::137722.jpg,face::train::149220.jpg,0.8619295335889003
bge_m3,face,719,face::train::053065.jpg,face::train::149220.jpg,0.8615155004839742
bge_m3,face,720,face::train::168471.jpg,face::test::201409.jpg,0.8612902741793245
bge_m3,face,721,face::train::001042.jpg,face::test::189457.jpg,0.8612376792258424
bge_m3,face,722,face::train::137722.jpg,face::train::088914.jpg,0.8612162084135055
bge_m3,face,723,face::test::186223.jpg,face::test::185812.jpg,0.860916645508516
bge_m3,face,724,face::train::150659.jpg,face::train::032580.jpg,0.860760335684966
bge_m3,face,725,face::train::123459.jpg,face::test::186223.jpg,0.8606310143150913
bge_m3,face,726,face::train::150659.jpg,face::test::185812.jpg,0.8604988791895821
bge_m3,face,727,face::train::065762.jpg,face::test::189457.jpg,0.8604320085611282
bge_m3,face,728,face::train::053065.jpg,face::train::032580.jpg,0.860372960883721
bge_m3,face,729,face::train::178129.jpg,face::test::189858.jpg,0.860300534416942
bge_m3,face,730,face::train::063708.jpg,face::train::082954.jpg,0.860212425729406
bge_m3,face,731,face::train::166091.jpg,face::train::089537.jpg,0.8601191750218038
bge_m3,face,732,face::train::001042.jpg,face::test::185812.jpg,0.8600370821094826
bge_m3,face,733,face::train::091980.jpg,face::train::032580.jpg,0.859971201374357
bge_m3,face,734,face::train::026996.jpg,face::train::073196.jpg,0.8598114085397608
bge_m3,face,735,face::train::137722.jpg,face::train::023736.jpg,0.8597999639108984
bge_m3,face,736,face::train::137722.jpg,face::train::129132.jpg,0.8597431001780556
bge_m3,face,737,face::train::063708.jpg,face::train::026996.jpg,0.8597254344125541
bge_m3,face,738,face::train::090489.jpg,face::train::123459.jpg,0.8594576845967721
bge_m3,face,739,face::train::065762.jpg,face::train::149220.jpg,0.859452063237429
bge_m3,face,740,face::train::071174.jpg,face::train::149220.jpg,0.8594292759975766
bge_m3,face,741,face::train::090489.jpg,face::test::189457.jpg,0.859282315786714
bge_m3,face,742,face::train::150659.jpg,face::test::196611.jpg,0.8590383194774822
bge_m3,face,743,face::train::042973.jpg,face::test::185812.jpg,0.8589505061160781
bge_m3,face,744,face::train::178129.jpg,face::test::185812.jpg,0.8587546754351335
bge_m3,face,745,face::train::101485.jpg,face::test::185812.jpg,0.8586823069484181
bge_m3,face,746,face::train::150659.jpg,face::test::201409.jpg,0.8586557432638724
bge_m3,face,747,face::train::137722.jpg,face::train::032580.jpg,0.8584643604125413
bge_m3,face,748,face::train::129132.jpg,face::train::053065.jpg,0.8584426384814434
bge_m3,face,749,face::train::101485.jpg,face::train::063708.jpg,0.858322651346696
bge_m3,face,750,face::train::090489.jpg,face::train::032580.jpg,0.8581242690931681
bge_m3,face,751,face::train::071174.jpg,face::test::185812.jpg,0.8580219833903316
bge_m3,face,752,face::train::071174.jpg,face::train::129132.jpg,0.8579724358277359
bge_m3,face,753,face::train::073196.jpg,face::test::186223.jpg,0.8577294284596025
bge_m3,face,754,face::train::129132.jpg,face::train::150659.jpg,0.8576194325865671
bge_m3,face,755,face::train::032580.jpg,face::test::186223.jpg,0.8572931087051728
bge_m3,face,756,face::train::178182.jpg,face::test::196611.jpg,0.8572930448163549
bge_m3,face,757,face::train::090489.jpg,face::test::201409.jpg,0.8572882610380692
bge_m3,face,758,face::train::091980.jpg,face::train::141457.jpg,0.857220787128234
bge_m3,face,759,face::train::178129.jpg,face::train::141457.jpg,0.8571726222113047
bge_m3,face,760,face::train::042973.jpg,face::test::189457.jpg,0.8571443901034504
bge_m3,face,761,face::test::186223.jpg,face::test::196777.jpg,0.8570263029034652
bge_m3,face,762,face::train::082954.jpg,face::test::196611.jpg,0.8569067919282309
bge_m3,face,763,face::train::071174.jpg,face::train::060555.jpg,0.8567828331872932
bge_m3,face,764,face::train::008309.jpg,face::train::178129.jpg,0.8566587733377726
bge_m3,face,765,face::train::063618.jpg,face::test::184003.jpg,0.8565614172884949
bge_m3,face,766,face::train::091980.jpg,face::test::196777.jpg,0.8565192631098796
bge_m3,face,767,face::train::129132.jpg,face::train::001042.jpg,0.8564449678094439
bge_m3,face,768,face::train::166091.jpg,face::train::121281.jpg,0.8561072649057683
bge_m3,face,769,face::train::157804.jpg,face::train::008309.jpg,0.8560412485627575
bge_m3,face,770,face::train::137722.jpg,face::train::092618.jpg,0.8560338313983897
bge_m3,face,771,face::train::082954.jpg,face::test::201409.jpg,0.8559475638652685
bge_m3,face,772,face::train::166091.jpg,face::train::082954.jpg,0.855854905417538
bge_m3,face,773,face::train::143554.jpg,face::test::196777.jpg,0.8557345295619049
bge_m3,face,774,face::train::071174.jpg,face::train::032580.jpg,0.8556353274073238
bge_m3,face,775,face::train::042973.jpg,face::test::201409.jpg,0.8555785228694862
bge_m3,face,776,face::train::090489.jpg,face::train::088914.jpg,0.8554504351496935
bge_m3,face,777,face::train::137722.jpg,face::train::060555.jpg,0.8551104317416626
bge_m3,face,778,face::train::060555.jpg,face::train::001042.jpg,0.8550750245873178
bge_m3,face,779,face::train::026996.jpg,face::test::185812.jpg,0.8549969042022281
bge_m3,face,780,face::train::121281.jpg,face::train::088914.jpg,0.8548751756645523
bge_m3,face,781,face::train::053065.jpg,face::test::196777.jpg,0.8548690974663313
bge_m3,face,782,face::train::166091.jpg,face::train::150659.jpg,0.8544433405728183
bge_m3,face,783,face::train::121281.jpg,face::train::149220.jpg,0.8542848503021889
bge_m3,face,784,face::train::053065.jpg,face::train::060555.jpg,0.854132527517765
bge_m3,face,785,face::train::053065.jpg,face::train::123459.jpg,0.8538669279845488
bge_m3,face,786,face::train::121281.jpg,face::train::129132.jpg,0.8536537434061656
bge_m3,face,787,face::train::089537.jpg,face::train::073196.jpg,0.8535590474747289
bge_m3,face,788,face::test::189858.jpg,face::test::196777.jpg,0.8534874662301177
bge_m3,face,789,face::train::137722.jpg,face::test::185812.jpg,0.8534589369033855
bge_m3,face,790,face::train::026996.jpg,face::train::123459.jpg,0.8534310097635193
bge_m3,face,791,face::train::026996.jpg,face::train::032580.jpg,0.8534131717300432
bge_m3,face,792,face::train::065762.jpg,face::test::201409.jpg,0.8534055603732054
bge_m3,face,793,face::test::189457.jpg,face::test::183801.jpg,0.8533373683095926
bge_m3,face,794,face::train::053065.jpg,face::train::088914.jpg,0.8533173260434674
bge_m3,face,795,face::train::053065.jpg,face::train::141457.jpg,0.8532917830998116
bge_m3,face,796,face::train::042973.jpg,face::train::088914.jpg,0.8532865295702747
bge_m3,face,797,face::test::189457.jpg,face::test::189858.jpg,0.8532187387732271
bge_m3,face,798,face::train::023736.jpg,face::train::025692.jpg,0.8531437813424089
bge_m3,face,799,face::train::063708.jpg,face::train::042973.jpg,0.8530483014338707
bge_m3,face,800,face::train::042973.jpg,face::train::123459.jpg,0.8529625189847652
bge_m3,face,801,face::train::082954.jpg,face::train::088914.jpg,0.8528609795547722
bge_m3,face,802,face::train::026996.jpg,face::test::201409.jpg,0.8527137709579754
bge_m3,face,803,face::train::101485.jpg,face::test::196777.jpg,0.8525520762717756
bge_m3,face,804,face::train::101485.jpg,face::train::073196.jpg,0.852294548770619
bge_m3,face,805,face::train::026996.jpg,face::test::189457.jpg,0.8522112597045574
bge_m3,face,806,face::train::065762.jpg,face::train::060555.jpg,0.8521815904512335
bge_m3,face,807,face::train::025692.jpg,face::test::201409.jpg,0.8520066452730644
bge_m3,face,808,face::train::121281.jpg,face::test::189457.jpg,0.851879606135763
bge_m3,face,809,face::train::178182.jpg,face::train::088914.jpg,0.8517333612554848
bge_m3,face,810,face::train::008309.jpg,face::train::053065.jpg,0.8517152411046202
bge_m3,face,811,face::train::157804.jpg,face::train::042973.jpg,0.8516804445522362
bge_m3,face,812,face::train::137722.jpg,face::test::201409.jpg,0.851602981818967
bge_m3,face,813,face::train::114832.jpg,face::train::178129.jpg,0.8515838595804289
bge_m3,face,814,face::train::026996.jpg,face::train::109762.jpg,0.8515628259814962
bge_m3,face,815,face::test::189457.jpg,face::test::186223.jpg,0.851520491149075
bge_m3,face,816,face::train::026996.jpg,face::train::141457.jpg,0.8514984351849048
bge_m3,face,817,face::train::178129.jpg,face::test::201409.jpg,0.8514512892448602
bge_m3,face,818,face::train::101485.jpg,face::train::023736.jpg,0.8511462357885882
bge_m3,face,819,face::train::091980.jpg,face::test::201409.jpg,0.851138308429413
bge_m3,face,820,face::train::073196.jpg,face::train::178129.jpg,0.8508947055652106
bge_m3,face,821,face::train::082954.jpg,face::test::189457.jpg,0.850814418958608
bge_m3,face,822,face::train::071174.jpg,face::train::166091.jpg,0.8506912826611073
bge_m3,face,823,face::train::091980.jpg,face::train::123459.jpg,0.8506697117248045
bge_m3,face,824,face::train::053065.jpg,face::test::201409.jpg,0.8504666230443574
bge_m3,face,825,face::train::065762.jpg,face::train::073196.jpg,0.8502372960679729
bge_m3,face,826,face::train::150659.jpg,face::test::189457.jpg,0.8502067581476878
bge_m3,face,827,face::train::121281.jpg,face::train::073196.jpg,0.8500325769518354
bge_m3,face,828,face::train::121281.jpg,face::train::063708.jpg,0.8498525434924048
bge_m3,face,829,face::train::141457.jpg,face::train::001042.jpg,0.8498409687092097
bge_m3,face,830,face::train::129132.jpg,face::train::065762.jpg,0.8495762383813599
bge_m3,face,831,face::test::185812.jpg,face::test::183801.jpg,0.8494422552977675
bge_m3,face,832,face::train::149220.jpg,face::train::042973.jpg,0.8494175755591227
bge_m3,face,833,face::train::092618.jpg,face::train::001042.jpg,0.849257929474963
bge_m3,face,834,face::train::063618.jpg,face::train::178129.jpg,0.8488377816384829
bge_m3,face,835,face::train::081413.jpg,face::train::168471.jpg,0.8487090354016221
bge_m3,face,836,face::train::149220.jpg,face::test::183801.jpg,0.8486983025175464
bge_m3,face,837,face::train::091980.jpg,face::train::129132.jpg,0.8484894960786277
bge_m3,face,838,face::train::114832.jpg,face::train::178182.jpg,0.848456758240236
bge_m3,face,839,face::train::042973.jpg,face::train::073196.jpg,0.8483703561738763
bge_m3,face,840,face::train::025692.jpg,face::train::032580.jpg,0.8481471837526897
bge_m3,face,841,face::train::101485.jpg,face::train::123459.jpg,0.8480747143099774
bge_m3,face,842,face::train::032580.jpg,face::test::183801.jpg,0.8480160199827628
bge_m3,face,843,face::train::150659.jpg,face::train::073196.jpg,0.8480154713041741
bge_m3,face,844,face::train::149220.jpg,face::train::082954.jpg,0.8479793902737718
bge_m3,face,845,face::train::091980.jpg,face::train::060555.jpg,0.8478856506794609
bge_m3,face,846,face::train::114832.jpg,face::train::065762.jpg,0.8477563968262084
bge_m3,face,847,face::train::065762.jpg,face::test::185812.jpg,0.8476093307647858
bge_m3,face,848,face::train::053065.jpg,face::train::063618.jpg,0.8473916996585802
bge_m3,face,849,face::train::063708.jpg,face::train::150659.jpg,0.8473724432804236
bge_m3,face,850,face::train::008309.jpg,face::test::183801.jpg,0.8473263934308584
bge_m3,face,851,face::train::178182.jpg,face::train::149220.jpg,0.847059153727723
bge_m3,face,852,face::train::178129.jpg,face::test::196777.jpg,0.847001702520914
bge_m3,face,853,face::train::065762.jpg,face::train::092618.jpg,0.8468921361465012
bge_m3,face,854,face::train::026996.jpg,face::train::088914.jpg,0.8466850418290071
bge_m3,face,855,face::train::089537.jpg,face::train::063708.jpg,0.8466062959703721
bge_m3,face,856,face::train::137722.jpg,face::train::166091.jpg,0.8464050518779815
bge_m3,face,857,face::train::166091.jpg,face::train::001042.jpg,0.8459515361256709
bge_m3,face,858,face::train::025692.jpg,face::train::123459.jpg,0.845924662146347
bge_m3,face,859,face::train::150659.jpg,face::train::088914.jpg,0.8458941249422353
bge_m3,face,860,face::train::129132.jpg,face::train::101485.jpg,0.8458566634039343
bge_m3,face,861,face::train::166091.jpg,face::train::101485.jpg,0.8458414664612838
bge_m3,face,862,face::train::090489.jpg,face::train::149220.jpg,0.8457910422184991
bge_m3,face,863,face::train::042973.jpg,face::train::032580.jpg,0.8457171062841875
bge_m3,face,864,face::train::143554.jpg,face::train::092618.jpg,0.8453631182392609
bge_m3,face,865,face::train::138886.jpg,face::test::184003.jpg,0.8450707286133229
bge_m3,face,866,face::train::170623.jpg,face::train::053065.jpg,0.844902117885272
bge_m3,face,867,face::train::060309.jpg,face::train::042973.jpg,0.844759876203909
bge_m3,face,868,face::train::166091.jpg,face::train::065762.jpg,0.8440830405783066
bge_m3,face,869,face::train::025692.jpg,face::test::196777.jpg,0.8437984520384747
bge_m3,face,870,face::train::073196.jpg,face::train::001042.jpg,0.8437432278792022
bge_m3,face,871,face::train::101485.jpg,face::train::088914.jpg,0.8436917417581431
bge_m3,face,872,face::train::166091.jpg,face::train::178129.jpg,0.8436027760993356
bge_m3,face,873,face::train::123459.jpg,face::test::183801.jpg,0.8435394364954164
bge_m3,face,874,face::train::170623.jpg,face::train::042973.jpg,0.8435350669450015
bge_m3,face,875,face::train::143554.jpg,face::train::060555.jpg,0.8433290841560783
bge_m3,face,876,face::train::178182.jpg,face::test::196777.jpg,0.8433260529846329
bge_m3,face,877,face::train::178182.jpg,face::train::092618.jpg,0.8432818093051704
bge_m3,face,878,face::train::025692.jpg,face::train::092618.jpg,0.8431975807720878
bge_m3,face,879,face::train::149220.jpg,face::train::026996.jpg,0.8429156810856152
bge_m3,face,880,face::train::065762.jpg,face::train::088914.jpg,0.8427137299533916
bge_m3,face,881,face::train::149220.jpg,face::train::150659.jpg,0.8424529421062642
bge_m3,face,882,face::train::137722.jpg,face::train::063618.jpg,0.8423342627005647
bge_m3,face,883,face::train::053065.jpg,face::test::189457.jpg,0.84200050706835
bge_m3,face,884,face::train::170623.jpg,face::train::091980.jpg,0.8419850188430578
bge_m3,face,885,face::train::042973.jpg,face::test::184003.jpg,0.8419225752224866
bge_m3,face,886,face::train::157804.jpg,face::train::082954.jpg,0.8418661613318619
bge_m3,face,887,face::train::025692.jpg,face::train::060555.jpg,0.8414618694318581
bge_m3,face,888,face::train::170623.jpg,face::train::178129.jpg,0.8413923677712711
bge_m3,face,889,face::train::063708.jpg,face::train::178129.jpg,0.8413775649009442
bge_m3,face,890,face::train::053065.jpg,face::test::185812.jpg,0.8412472275619138
bge_m3,face,891,face::train::063618.jpg,face::train::168471.jpg,0.8411873335189611
bge_m3,face,892,face::train::081413.jpg,face::train::082954.jpg,0.8411747314170284
bge_m3,face,893,face::train::168471.jpg,face::train::141457.jpg,0.8407933581072274
bge_m3,face,894,face::train::091980.jpg,face::train::008309.jpg,0.840431884013713
bge_m3,face,895,face::train::137722.jpg,face::test::189457.jpg,0.8403903740450456
bge_m3,face,896,face::train::157804.jpg,face::train::001042.jpg,0.8402736512821731
bge_m3,face,897,face::train::178129.jpg,face::test::189457.jpg,0.8402578933039889
bge_m3,face,898,face::train::081413.jpg,face::train::090489.jpg,0.84017762320405
bge_m3,face,899,face::test::186223.jpg,face::test::201409.jpg,0.8400951329672321
bge_m3,face,900,face::train::091980.jpg,face::train::149220.jpg,0.8399645370743748
bge_m3,face,901,face::train::053065.jpg,face::train::092618.jpg,0.8399504113972164
bge_m3,face,902,face::train::170623.jpg,face::train::090489.jpg,0.8397389226592958
bge_m3,face,903,face::train::071174.jpg,face::train::157804.jpg,0.8397325597497274
bge_m3,face,904,face::train::101485.jpg,face::train::032580.jpg,0.8393588897948989
bge_m3,face,905,face::train::157804.jpg,face::train::090489.jpg,0.8391082544474728
bge_m3,face,906,face::train::178182.jpg,face::train::123459.jpg,0.8389953077667165
bge_m3,face,907,face::train::137722.jpg,face::train::157804.jpg,0.8389560410562766
bge_m3,face,908,face::train::091980.jpg,face::train::109762.jpg,0.8389268143942261
bge_m3,face,909,face::train::081413.jpg,face::train::001042.jpg,0.8387277960816016
bge_m3,face,910,face::train::081413.jpg,face::train::137722.jpg,0.8385712155153796
bge_m3,face,911,face::train::138886.jpg,face::train::178129.jpg,0.8384770654476472
bge_m3,face,912,face::train::137722.jpg,face::train::141457.jpg,0.8384617602172191
bge_m3,face,913,face::train::129132.jpg,face::train::143554.jpg,0.8382172071505029
bge_m3,face,914,face::train::149220.jpg,face::train::025692.jpg,0.8380733930048715
bge_m3,face,915,face::train::114832.jpg,face::train::025692.jpg,0.8380191603137299
bge_m3,face,916,face::train::071174.jpg,face::train::063708.jpg,0.83784268099035
bge_m3,face,917,face::train::090489.jpg,face::train::060309.jpg,0.8375704728848232
bge_m3,face,918,face::test::189457.jpg,face::test::188858.jpg,0.8374998969969076
bge_m3,face,919,face::train::091980.jpg,face::train::063618.jpg,0.8373343542795044
bge_m3,face,920,face::train::063708.jpg,face::train::001042.jpg,0.8373183174443413
bge_m3,face,921,face::train::143554.jpg,face::test::185812.jpg,0.8372996663976574
bge_m3,face,922,face::train::065762.jpg,face::train::063708.jpg,0.8372940166117184
bge_m3,face,923,face::train::063618.jpg,face::train::025692.jpg,0.8370369076202836
bge_m3,face,924,face::train::089537.jpg,face::test::184003.jpg,0.8370055873163575
bge_m3,face,925,face::train::081413.jpg,face::train::101485.jpg,0.8369358227102244
bge_m3,face,926,face::train::178182.jpg,face::test::201409.jpg,0.8368719134296003
bge_m3,face,927,face::train::090489.jpg,face::test::184003.jpg,0.836792762439819
bge_m3,face,928,face::train::042973.jpg,face::train::109762.jpg,0.8366685917563026
bge_m3,face,929,face::train::121281.jpg,face::train::008309.jpg,0.8361405564050415
bge_m3,face,930,face::train::137722.jpg,face::train::063708.jpg,0.8357442840886089
bge_m3,face,931,face::train::091980.jpg,face::train::114832.jpg,0.8357398755305743
bge_m3,face,932,face::train::081413.jpg,face::train::071174.jpg,0.8357123362855762
bge_m3,face,933,face::train::178182.jpg,face::train::032580.jpg,0.8356620095894163
bge_m3,face,934,face::train::071174.jpg,face::train::073196.jpg,0.8355083760072766
bge_m3,face,935,face::train::025692.jpg,face::test::185812.jpg,0.8353163493249885
bge_m3,face,936,face::train::053065.jpg,face::train::109762.jpg,0.8351570890803719
bge_m3,face,937,face::train::129132.jpg,face::train::025692.jpg,0.8351317780175139
bge_m3,face,938,face::train::053065.jpg,face::train::073196.jpg,0.8351216791289204
bge_m3,face,939,face::train::157804.jpg,face::train::143554.jpg,0.835092788282315
bge_m3,face,940,face::train::091980.jpg,face::test::185812.jpg,0.8349790812107868
bge_m3,face,941,face::train::071174.jpg,face::train::063618.jpg,0.8348468096687399
bge_m3,face,942,face::train::060309.jpg,face::test::186223.jpg,0.8346009684608207
bge_m3,face,943,face::train::170623.jpg,face::train::168471.jpg,0.834496960715876
bge_m3,face,944,face::train::157804.jpg,face::train::026996.jpg,0.8344650043980987
bge_m3,face,945,face::train::143554.jpg,face::train::023736.jpg,0.8344270769349686
bge_m3,face,946,face::train::008309.jpg,face::train::026996.jpg,0.8342168985793547
bge_m3,face,947,face::train::114832.jpg,face::train::053065.jpg,0.8341904551531953
bge_m3,face,948,face::train::178182.jpg,face::test::189457.jpg,0.8341510302171962
bge_m3,face,949,face::train::063618.jpg,face::train::001042.jpg,0.8341159736616668
bge_m3,face,950,face::train::121281.jpg,face::train::141457.jpg,0.8338989130423948
bge_m3,face,951,face::train::081413.jpg,face::train::178129.jpg,0.8338411826004712
bge_m3,face,952,face::train::025692.jpg,face::train::088914.jpg,0.8338208260152433
bge_m3,face,953,face::train::129132.jpg,face::train::178182.jpg,0.8337573680991337
bge_m3,face,954,face::train::101485.jpg,face::test::189457.jpg,0.8337409956266992
bge_m3,face,955,face::train::170623.jpg,face::train::089537.jpg,0.8336077688394337
bge_m3,face,956,face::train::089537.jpg,face::train::141457.jpg,0.833408521909069
bge_m3,face,957,face::train::081413.jpg,face::train::089537.jpg,0.833356701518368
bge_m3,face,958,face::train::101485.jpg,face::train::060309.jpg,0.8333396067434482
bge_m3,face,959,face::train::101485.jpg,face::test::201409.jpg,0.8333086005283068
bge_m3,face,960,face::train::170623.jpg,face::train::150659.jpg,0.8330555091051643
bge_m3,face,961,face::train::170623.jpg,face::test::186223.jpg,0.8328173893007695
bge_m3,face,962,face::train::121281.jpg,face::train::063618.jpg,0.8324657894482893
bge_m3,face,963,face::train::157804.jpg,face::train::089537.jpg,0.8322070903436124
bge_m3,face,964,face::train::143554.jpg,face::train::088914.jpg,0.832200414107208
bge_m3,face,965,face::train::082954.jpg,face::train::141457.jpg,0.8320510015414786
bge_m3,face,966,face::train::090489.jpg,face::train::109762.jpg,0.8319972453796878
bge_m3,face,967,face::train::150659.jpg,face::train::141457.jpg,0.8318256488798077
bge_m3,face,968,face::train::178182.jpg,face::train::023736.jpg,0.8317946949543166
bge_m3,face,969,face::train::071174.jpg,face::train::141457.jpg,0.8317293270888675
bge_m3,face,970,face::train::178129.jpg,face::train::109762.jpg,0.8316580658097033
bge_m3,face,971,face::test::183801.jpg,face::test::196777.jpg,0.8315357332041564
bge_m3,face,972,face::train::157804.jpg,face::train::168471.jpg,0.8314232143882592
bge_m3,face,973,face::train::157804.jpg,face::test::186223.jpg,0.8314152640525214
bge_m3,face,974,face::train::090489.jpg,face::train::141457.jpg,0.8313669869875009
bge_m3,face,975,face::train::091980.jpg,face::train::088914.jpg,0.831254523397572
bge_m3,face,976,face::train::091980.jpg,face::test::189457.jpg,0.8309981246973865
bge_m3,face,977,face::train::081413.jpg,face::train::026996.jpg,0.8309964135020382
bge_m3,face,978,face::train::073196.jpg,face::test::183801.jpg,0.8309828033577666
bge_m3,face,979,face::train::060309.jpg,face::train::082954.jpg,0.8308196714206874
bge_m3,face,980,face::train::063618.jpg,face::train::089537.jpg,0.830346466557186
bge_m3,face,981,face::train::008309.jpg,face::train::168471.jpg,0.8302921916984694
bge_m3,face,982,face::train::149220.jpg,face::test::188858.jpg,0.8301850024368052
bge_m3,face,983,face::train::081413.jpg,face::train::042973.jpg,0.8300146691054625
bge_m3,face,984,face::train::157804.jpg,face::train::101485.jpg,0.8299343775668588
bge_m3,face,985,face::train::063618.jpg,face::train::065762.jpg,0.8297916848352258
bge_m3,face,986,face::train::081413.jpg,face::train::053065.jpg,0.8295888536361473
bge_m3,face,987,face::train::166091.jpg,face::test::183801.jpg,0.8295147913139619
bge_m3,face,988,face::train::138886.jpg,face::train::109762.jpg,0.8294864042793846
bge_m3,face,989,face::train::065762.jpg,face::train::141457.jpg,0.8290398637421071
bge_m3,face,990,face::train::071174.jpg,face::train::060309.jpg,0.8290029876425224
bge_m3,face,991,face::train::141457.jpg,face::test::186223.jpg,0.8288747287908765
bge_m3,face,992,face::train::170623.jpg,face::train::082954.jpg,0.8285432470036787
bge_m3,face,993,face::train::026996.jpg,face::test::184003.jpg,0.8284943721784326
bge_m3,face,994,face::train::143554.jpg,face::train::123459.jpg,0.8284129875342555
bge_m3,face,995,face::train::149220.jpg,face::test::189858.jpg,0.8283801269885991
bge_m3,face,996,face::train::101485.jpg,face::train::149220.jpg,0.8283749175261206
bge_m3,face,997,face::train::101485.jpg,face::train::141457.jpg,0.8283300243147289
bge_m3,face,998,face::train::082954.jpg,face::train::109762.jpg,0.828308796516549
bge_m3,face,999,face::train::023736.jpg,face::test::183801.jpg,0.8280470861799298
bge_m3,face,1000,face::train::138886.jpg,face::test::196777.jpg,0.8280322704100394
bge_m3,face,1001,face::train::008309.jpg,face::train::001042.jpg,0.8280190672910694
bge_m3,face,1002,face::train::081413.jpg,face::test::186223.jpg,0.8280000419071021
bge_m3,face,1003,face::train::170623.jpg,face::train::001042.jpg,0.8279870341899958
bge_m3,face,1004,face::train::170623.jpg,face::train::138886.jpg,0.8279409894109756
bge_m3,face,1005,face::train::081413.jpg,face::train::121281.jpg,0.8278313158070257
bge_m3,face,1006,face::train::025692.jpg,face::train::141457.jpg,0.827780987631702
bge_m3,face,1007,face::train::168471.jpg,face::test::184003.jpg,0.8276982021351521
bge_m3,face,1008,face::train::025692.jpg,face::train::073196.jpg,0.8276082014467113
bge_m3,face,1009,face::train::025692.jpg,face::test::189457.jpg,0.8275938401723173
bge_m3,face,1010,face::train::090489.jpg,face::train::063618.jpg,0.8274746442433445
bge_m3,face,1011,face::train::138886.jpg,face::test::189457.jpg,0.827302986080742
bge_m3,face,1012,face::train::170623.jpg,face::train::065762.jpg,0.8269350122707066
bge_m3,face,1013,face::train::091980.jpg,face::train::092618.jpg,0.8267449124195395
bge_m3,face,1014,face::train::081413.jpg,face::train::025692.jpg,0.8267331874046108
bge_m3,face,1015,face::train::178182.jpg,face::test::185812.jpg,0.8263998346057141
bge_m3,face,1016,face::train::143554.jpg,face::train::060309.jpg,0.8263506929748141
bge_m3,face,1017,face::test::188858.jpg,face::test::201409.jpg,0.8262277476307883
bge_m3,face,1018,face::train::166091.jpg,face::train::053065.jpg,0.8259635909895869
bge_m3,face,1019,face::train::157804.jpg,face::train::025692.jpg,0.8259002225107722
bge_m3,face,1020,face::train::060555.jpg,face::test::183801.jpg,0.8258145018585168
bge_m3,face,1021,face::train::166091.jpg,face::train::143554.jpg,0.8257962287356954
bge_m3,face,1022,face::test::189858.jpg,face::test::201409.jpg,0.8256290806937246
bge_m3,face,1023,face::train::042973.jpg,face::train::141457.jpg,0.8255050815546074
bge_m3,face,1024,face::train::060309.jpg,face::train::026996.jpg,0.8250768950740751
bge_m3,face,1025,face::train::168471.jpg,face::train::109762.jpg,0.8250189980997711
bge_m3,face,1026,face::train::091980.jpg,face::train::073196.jpg,0.8250159175529962
bge_m3,face,1027,face::train::143554.jpg,face::train::063708.jpg,0.8249928580777025
bge_m3,face,1028,face::train::168471.jpg,face::train::060309.jpg,0.8249717221330948
bge_m3,face,1029,face::train::082954.jpg,face::test::184003.jpg,0.8248096040505999
bge_m3,face,1030,face::train::081413.jpg,face::train::091980.jpg,0.8246686106458502
bge_m3,face,1031,face::train::081413.jpg,face::train::150659.jpg,0.8244001689394016
bge_m3,face,1032,face::train::001042.jpg,face::train::109762.jpg,0.8242522437449074
bge_m3,face,1033,face::train::178182.jpg,face::train::060555.jpg,0.8242040382322033
bge_m3,face,1034,face::train::114832.jpg,face::test::183801.jpg,0.8240404575145319
bge_m3,face,1035,face::train::114832.jpg,face::test::189858.jpg,0.8228724030157591
bge_m3,face,1036,face::train::143554.jpg,face::test::189457.jpg,0.8228493290588761
bge_m3,face,1037,face::train::143554.jpg,face::test::201409.jpg,0.8227978081921448
bge_m3,face,1038,face::train::129132.jpg,face::test::183801.jpg,0.8227609788733307
bge_m3,face,1039,face::train::081413.jpg,face::train::143554.jpg,0.8225485863750124
bge_m3,face,1040,face::train::109762.jpg,face::test::186223.jpg,0.8224651762273403
bge_m3,face,1041,face::train::157804.jpg,face::train::121281.jpg,0.8223183277419692
bge_m3,face,1042,face::train::170623.jpg,face::test::183801.jpg,0.8220216698018008
bge_m3,face,1043,face::train::008309.jpg,face::test::186223.jpg,0.8219201730328863
bge_m3,face,1044,face::train::088914.jpg,face::test::183801.jpg,0.8218392169569084
bge_m3,face,1045,face::train::170623.jpg,face::train::137722.jpg,0.8218305058720591
bge_m3,face,1046,face::train::137722.jpg,face::train::073196.jpg,0.8218053724701146
bge_m3,face,1047,face::train::063618.jpg,face::train::082954.jpg,0.8215943969163233
bge_m3,face,1048,face::train::166091.jpg,face::train::025692.jpg,0.8215847900788167
bge_m3,face,1049,face::test::188858.jpg,face::test::196777.jpg,0.8215210240389423
bge_m3,face,1050,face::train::001042.jpg,face::test::184003.jpg,0.821130837640794
bge_m3,face,1051,face::train::157804.jpg,face::train::150659.jpg,0.8210797475005641
bge_m3,face,1052,face::train::071174.jpg,face::test::184003.jpg,0.820870316355122
bge_m3,face,1053,face::train::166091.jpg,face::train::178182.jpg,0.8207296110192601
bge_m3,face,1054,face::train::157804.jpg,face::train::053065.jpg,0.8207277622080735
bge_m3,face,1055,face::train::114832.jpg,face::train::138886.jpg,0.8206555916982297
bge_m3,face,1056,face::train::081413.jpg,face::train::065762.jpg,0.8206412249924583
bge_m3,face,1057,face::train::089537.jpg,face::train::109762.jpg,0.8205009996287111
bge_m3,face,1058,face::train::150659.jpg,face::test::184003.jpg,0.8201696988924215
bge_m3,face,1059,face::test::183801.jpg,face::test::201409.jpg,0.8198762312331312
bge_m3,face,1060,face::train::063708.jpg,face::train::025692.jpg,0.8197266491196352
bge_m3,face,1061,face::train::089537.jpg,face::train::060309.jpg,0.8191435154259976
bge_m3,face,1062,face::test::189858.jpg,face::test::184003.jpg,0.8189663751526116
bge_m3,face,1063,face::train::063618.jpg,face::test::186223.jpg,0.8188265751620163
bge_m3,face,1064,face::train::023736.jpg,face::test::189858.jpg,0.8185347529016557
bge_m3,face,1065,face::train::170623.jpg,face::train::121281.jpg,0.8181997703932149
bge_m3,face,1066,face::test::189457.jpg,face::test::196611.jpg,0.8174239837430314
bge_m3,face,1067,face::train::178182.jpg,face::train::063618.jpg,0.8172660335364282
bge_m3,face,1068,face::train::008309.jpg,face::train::082954.jpg,0.8171729557657792
bge_m3,face,1069,face::test::183801.jpg,face::test::184003.jpg,0.8171707268094602
bge_m3,face,1070,face::train::137722.jpg,face::train::060309.jpg,0.8169873336392481
bge_m3,face,1071,face::train::065762.jpg,face::train::109762.jpg,0.8167690421587719
bge_m3,face,1072,face::train::063618.jpg,face::train::150659.jpg,0.8167407958749029
bge_m3,face,1073,face::train::143554.jpg,face::train::073196.jpg,0.8167187600039659
bge_m3,face,1074,face::train::121281.jpg,face::train::060309.jpg,0.816650690654857
bge_m3,face,1075,face::train::101485.jpg,face::train::109762.jpg,0.8165234458232744
bge_m3,face,1076,face::train::143554.jpg,face::train::141457.jpg,0.8160635797085307
bge_m3,face,1077,face::train::150659.jpg,face::train::109762.jpg,0.8159713948840988
bge_m3,face,1078,face::train::143554.jpg,face::train::032580.jpg,0.8156314178565942
bge_m3,face,1079,face::train::092618.jpg,face::test::189858.jpg,0.8155118545081184
bge_m3,face,1080,face::train::129132.jpg,face::test::189858.jpg,0.8153624647913039
bge_m3,face,1081,face::train::149220.jpg,face::test::196611.jpg,0.8153367527680923
bge_m3,face,1082,face::train::090489.jpg,face::train::008309.jpg,0.8153154480426845
bge_m3,face,1083,face::train::060309.jpg,face::train::001042.jpg,0.8149954538345594
bge_m3,face,1084,face::train::063708.jpg,face::test::183801.jpg,0.8148672513522771
bge_m3,face,1085,face::train::170623.jpg,face::train::143554.jpg,0.8147643039232623
bge_m3,face,1086,face::test::196777.jpg,face::test::196611.jpg,0.814751599682628
bge_m3,face,1087,face::train::166091.jpg,face::train::091980.jpg,0.8146145924668836
bge_m3,face,1088,face::train::008309.jpg,face::train::150659.jpg,0.8145909876422949
bge_m3,face,1089,face::train::121281.jpg,face::train::109762.jpg,0.8144951754592437
bge_m3,face,1090,face::train::008309.jpg,face::train::089537.jpg,0.8142762024653646
bge_m3,face,1091,face::train::170623.jpg,face::train::025692.jpg,0.8141817970198634
bge_m3,face,1092,face::train::032580.jpg,face::test::188858.jpg,0.8141757700246389
bge_m3,face,1093,face::train::063618.jpg,face::train::026996.jpg,0.8139911906743228
bge_m3,face,1094,face::train::063618.jpg,face::test::183801.jpg,0.8134465975545896
bge_m3,face,1095,face::train::157804.jpg,face::train::091980.jpg,0.8134363577091844
bge_m3,face,1096,face::train::157804.jpg,face::train::065762.jpg,0.81319097706753
bge_m3,face,1097,face::train::092618.jpg,face::test::183801.jpg,0.8131406638595936
bge_m3,face,1098,face::train::157804.jpg,face::train::178129.jpg,0.8130666066048348
bge_m3,face,1099,face::train::109762.jpg,face::test::183801.jpg,0.8127457012767093
bge_m3,face,1100,face::train::123459.jpg,face::test::188858.jpg,0.8126939826045507
bge_m3,face,1101,face::train::063618.jpg,face::train::101485.jpg,0.8126123753965272
bge_m3,face,1102,face::test::186223.jpg,face::test::184003.jpg,0.8125532636575892
bge_m3,face,1103,face::train::170623.jpg,face::train::071174.jpg,0.8122166332336488
bge_m3,face,1104,face::train::091980.jpg,face::train::063708.jpg,0.8121808423216519
bge_m3,face,1105,face::train::088914.jpg,face::test::188858.jpg,0.8118373191359
bge_m3,face,1106,face::train::143554.jpg,face::train::109762.jpg,0.8117162640473213
bge_m3,face,1107,face::train::060309.jpg,face::train::150659.jpg,0.8116943830877958
bge_m3,face,1108,face::train::053065.jpg,face::train::063708.jpg,0.8115430413382391
bge_m3,face,1109,face::train::008309.jpg,face::train::101485.jpg,0.8115342409627323
bge_m3,face,1110,face::train::143554.jpg,face::train::149220.jpg,0.8112842659757534
bge_m3,face,1111,face::train::071174.jpg,face::train::008309.jpg,0.8111662908960967
bge_m3,face,1112,face::train::121281.jpg,face::test::184003.jpg,0.8109387929190368
bge_m3,face,1113,face::train::008309.jpg,face::train::042973.jpg,0.8102480282962004
bge_m3,face,1114,face::train::123459.jpg,face::test::189858.jpg,0.8101039649335482
bge_m3,face,1115,face::train::141457.jpg,face::test::183801.jpg,0.8100083887305551
bge_m3,face,1116,face::train::063618.jpg,face::train::042973.jpg,0.8095883451995862
bge_m3,face,1117,face::train::137722.jpg,face::train::008309.jpg,0.8095009704860724
bge_m3,face,1118,face::train::071174.jpg,face::train::109762.jpg,0.8093087845644246
bge_m3,face,1119,face::train::137722.jpg,face::test::184003.jpg,0.8091775731887807
bge_m3,face,1120,face::train::101485.jpg,face::test::184003.jpg,0.8085813494595061
bge_m3,face,1121,face::train::114832.jpg,face::test::196611.jpg,0.8085220786701002
bge_m3,face,1122,face::train::178182.jpg,face::train::063708.jpg,0.8085185020489578
bge_m3,face,1123,face::train::060309.jpg,face::train::178129.jpg,0.8083520855032638
bge_m3,face,1124,face::train::178182.jpg,face::train::073196.jpg,0.8080268755882201
bge_m3,face,1125,face::train::063618.jpg,face::test::188858.jpg,0.8079336376247575
bge_m3,face,1126,face::train::170623.jpg,face::train::101485.jpg,0.8079260168516047
bge_m3,face,1127,face::train::065762.jpg,face::test::184003.jpg,0.8077826527903093
bge_m3,face,1128,face::train::166091.jpg,face::train::138886.jpg,0.807593737752925
bge_m3,face,1129,face::train::092618.jpg,face::test::188858.jpg,0.8072322431777299
bge_m3,face,1130,face::test::185812.jpg,face::test::196611.jpg,0.80694151697738
bge_m3,face,1131,face::train::008309.jpg,face::train::065762.jpg,0.8067931672166612
bge_m3,face,1132,face::train::129132.jpg,face::train::138886.jpg,0.8067105193531809
bge_m3,face,1133,face::train::129132.jpg,face::test::196611.jpg,0.8064770623314632
bge_m3,face,1134,face::train::081413.jpg,face::test::183801.jpg,0.8063547471082362
bge_m3,face,1135,face::test::185812.jpg,face::test::189858.jpg,0.8063235504678695
bge_m3,face,1136,face::train::157804.jpg,face::train::178182.jpg,0.8058563812247508
bge_m3,face,1137,face::train::032580.jpg,face::test::189858.jpg,0.8055543253280427
bge_m3,face,1138,face::train::032580.jpg,face::test::196611.jpg,0.8050857070358834
bge_m3,face,1139,face::train::088914.jpg,face::test::189858.jpg,0.8050736161680015
bge_m3,face,1140,face::train::141457.jpg,face::test::196611.jpg,0.8050488642379371
bge_m3,face,1141,face::train::065762.jpg,face::train::060309.jpg,0.8049785401896069
bge_m3,face,1142,face::train::143554.jpg,face::test::184003.jpg,0.8049497983039727
bge_m3,face,1143,face::train::170623.jpg,face::test::189858.jpg,0.8049430610145695
bge_m3,face,1144,face::train::138886.jpg,face::train::060309.jpg,0.8047891635176125
bge_m3,face,1145,face::train::023736.jpg,face::test::196611.jpg,0.8043519903828544
bge_m3,face,1146,face::train::137722.jpg,face::train::109762.jpg,0.8041930775099452
bge_m3,face,1147,face::train::063618.jpg,face::test::196611.jpg,0.8041918669900864
bge_m3,face,1148,face::train::088914.jpg,face::test::196611.jpg,0.803873239869493
bge_m3,face,1149,face::train::060555.jpg,face::test::189858.jpg,0.803688841118262
bge_m3,face,1150,face::train::170623.jpg,face::test::196611.jpg,0.8035027189048305
bge_m3,face,1151,face::train::123459.jpg,face::test::196611.jpg,0.8026408665041805
bge_m3,face,1152,face::train::138886.jpg,face::test::185812.jpg,0.8025343714222201
bge_m3,face,1153,face::train::053065.jpg,face::train::060309.jpg,0.8025245139125724
bge_m3,face,1154,face::train::025692.jpg,face::train::109762.jpg,0.8025221042197335
bge_m3,face,1155,face::train::023736.jpg,face::test::188858.jpg,0.8022875070849383
bge_m3,face,1156,face::train::157804.jpg,face::train::138886.jpg,0.8021198587562016
bge_m3,face,1157,face::test::201409.jpg,face::test::196611.jpg,0.8014936966693846
bge_m3,face,1158,face::train::114832.jpg,face::test::188858.jpg,0.8013453361272096
bge_m3,face,1159,face::train::141457.jpg,face::test::188858.jpg,0.8012479388557081
bge_m3,face,1160,face::train::157804.jpg,face::test::196611.jpg,0.8006990140679743
bge_m3,face,1161,face::train::138886.jpg,face::train::060555.jpg,0.8004999466316457
bge_m3,face,1162,face::train::008309.jpg,face::test::188858.jpg,0.7991692666525507
bge_m3,face,1163,face::train::143554.jpg,face::train::063618.jpg,0.7988485478492218
bge_m3,face,1164,face::train::092618.jpg,face::test::196611.jpg,0.7985051229513873
bge_m3,face,1165,face::train::008309.jpg,face::train::025692.jpg,0.7982005466990468
bge_m3,face,1166,face::train::109762.jpg,face::test::189858.jpg,0.7981027919219844
bge_m3,face,1167,face::test::185812.jpg,face::test::188858.jpg,0.798042436685847
bge_m3,face,1168,face::train::178182.jpg,face::train::060309.jpg,0.7979449296351863
bge_m3,face,1169,face::train::053065.jpg,face::test::184003.jpg,0.7968190206197368
bge_m3,face,1170,face::train::166091.jpg,face::test::189858.jpg,0.7964157850533057
bge_m3,face,1171,face::train::157804.jpg,face::test::189858.jpg,0.7963708396630594
bge_m3,face,1172,face::train::138886.jpg,face::train::073196.jpg,0.7959985789710211
bge_m3,face,1173,face::train::060555.jpg,face::test::196611.jpg,0.7958187480606954
bge_m3,face,1174,face::train::008309.jpg,face::train::138886.jpg,0.7950419439320059
bge_m3,face,1175,face::train::081413.jpg,face::train::178182.jpg,0.7944637973028239
bge_m3,face,1176,face::train::129132.jpg,face::test::188858.jpg,0.7942953510890814
bge_m3,face,1177,face::train::141457.jpg,face::test::189858.jpg,0.7941361366780303
bge_m3,face,1178,face::train::138886.jpg,face::test::201409.jpg,0.7935449494199655
bge_m3,face,1179,face::train::109762.jpg,face::test::196611.jpg,0.7934007735196437
bge_m3,face,1180,face::test::184003.jpg,face::test::196611.jpg,0.793003761451081
bge_m3,face,1181,face::train::060309.jpg,face::test::183801.jpg,0.7929200827039039
bge_m3,face,1182,face::train::008309.jpg,face::test::189858.jpg,0.792530616420161
bge_m3,face,1183,face::train::178129.jpg,face::test::184003.jpg,0.7925026527933393
bge_m3,face,1184,face::train::178182.jpg,face::train::141457.jpg,0.7921746061439537
bge_m3,face,1185,face::train::091980.jpg,face::test::184003.jpg,0.7920151537057133
bge_m3,face,1186,face::train::060309.jpg,face::test::189858.jpg,0.7916195348146692
bge_m3,face,1187,face::train::073196.jpg,face::test::189858.jpg,0.7909084198850778
bge_m3,face,1188,face::train::091980.jpg,face::train::060309.jpg,0.7898841078370731
bge_m3,face,1189,face::train::063708.jpg,face::test::189858.jpg,0.7887601705934043
bge_m3,face,1190,face::train::063618.jpg,face::test::189858.jpg,0.7887501226639339
bge_m3,face,1191,face::train::023736.jpg,face::train::138886.jpg,0.7886041344169025
bge_m3,face,1192,face::train::060309.jpg,face::train::025692.jpg,0.7882501655138887
bge_m3,face,1193,face::train::025692.jpg,face::test::184003.jpg,0.7880910724957965
bge_m3,face,1194,face::train::081413.jpg,face::test::189858.jpg,0.7874766095120733
bge_m3,face,1195,face::train::178182.jpg,face::test::184003.jpg,0.7873863159903166
bge_m3,face,1196,face::train::081413.jpg,face::test::196611.jpg,0.7862140265845633
bge_m3,face,1197,face::train::008309.jpg,face::train::178182.jpg,0.7858269123794924
bge_m3,face,1198,face::train::170623.jpg,face::train::178182.jpg,0.7856240397031456
bge_m3,face,1199,face::train::060555.jpg,face::test::188858.jpg,0.7848198672981651
bge_m3,face,1200,face::train::063708.jpg,face::train::138886.jpg,0.7847840802590581
bge_m3,face,1201,face::train::157804.jpg,face::test::183801.jpg,0.7842470219830937
bge_m3,face,1202,face::train::008309.jpg,face::test::196611.jpg,0.7837322262080743
bge_m3,face,1203,face::train::170623.jpg,face::test::188858.jpg,0.7827993672730285
bge_m3,face,1204,face::train::138886.jpg,face::train::123459.jpg,0.7823844752758901
bge_m3,face,1205,face::train::166091.jpg,face::test::196611.jpg,0.781695167012572
bge_m3,face,1206,face::test::188858.jpg,face::test::184003.jpg,0.7811497796942681
bge_m3,face,1207,face::train::157804.jpg,face::test::188858.jpg,0.7808826818876974
bge_m3,face,1208,face::train::060309.jpg,face::test::196611.jpg,0.7795787077505284
bge_m3,face,1209,face::train::138886.jpg,face::train::141457.jpg,0.7785230909674017
bge_m3,face,1210,face::train::166091.jpg,face::test::188858.jpg,0.7782761460908824
bge_m3,face,1211,face::train::008309.jpg,face::train::143554.jpg,0.7781579408364147
bge_m3,face,1212,face::train::081413.jpg,face::train::138886.jpg,0.7780348958396993
bge_m3,face,1213,face::train::138886.jpg,face::train::092618.jpg,0.7778538025661168
bge_m3,face,1214,face::train::081413.jpg,face::test::188858.jpg,0.777453507153704
bge_m3,face,1215,face::train::178182.jpg,face::train::109762.jpg,0.7772237894712614
bge_m3,face,1216,face::train::138886.jpg,face::train::032580.jpg,0.7764178130957443
bge_m3,face,1217,face::train::073196.jpg,face::test::188858.jpg,0.7764065944144687
bge_m3,face,1218,face::train::138886.jpg,face::train::149220.jpg,0.7739951785854571
bge_m3,face,1219,face::train::073196.jpg,face::test::196611.jpg,0.7710296125284405
bge_m3,face,1220,face::train::109762.jpg,face::test::188858.jpg,0.7703313819965786
bge_m3,face,1221,face::train::060309.jpg,face::test::188858.jpg,0.7689643206829877
bge_m3,face,1222,face::train::063708.jpg,face::test::196611.jpg,0.7641549770329009
bge_m3,face,1223,face::train::063708.jpg,face::test::188858.jpg,0.7632556918905059
bge_m3,face,1224,face::train::063618.jpg,face::train::138886.jpg,0.7623984976357552
bge_m3,face,1225,face::train::138886.jpg,face::train::088914.jpg,0.7541369635317051
mamba3_siso_187m_last_token,face,1,face::train::089537.jpg,face::test::189457.jpg,0.997912196512771
mamba3_siso_187m_last_token,face,2,face::train::129132.jpg,face::test::189457.jpg,0.9976936423641024
mamba3_siso_187m_last_token,face,3,face::train::137722.jpg,face::train::178129.jpg,0.9974830228347945
mamba3_siso_187m_last_token,face,4,face::train::060555.jpg,face::test::185812.jpg,0.9971129775930793
mamba3_siso_187m_last_token,face,5,face::train::137722.jpg,face::train::121281.jpg,0.9969355604700445
mamba3_siso_187m_last_token,face,6,face::train::137722.jpg,face::train::129132.jpg,0.9969112491898002
mamba3_siso_187m_last_token,face,7,face::train::121281.jpg,face::train::178129.jpg,0.9968412174438751
mamba3_siso_187m_last_token,face,8,face::train::071174.jpg,face::train::089537.jpg,0.9967790983190395
mamba3_siso_187m_last_token,face,9,face::train::137722.jpg,face::train::089537.jpg,0.9967482554845262
mamba3_siso_187m_last_token,face,10,face::train::071174.jpg,face::train::001042.jpg,0.9967115043083605
mamba3_siso_187m_last_token,face,11,face::train::082954.jpg,face::test::185812.jpg,0.9966923659703921
mamba3_siso_187m_last_token,face,12,face::train::089537.jpg,face::train::001042.jpg,0.9966307958925118
mamba3_siso_187m_last_token,face,13,face::train::026996.jpg,face::train::042973.jpg,0.9965905754725527
mamba3_siso_187m_last_token,face,14,face::train::137722.jpg,face::train::071174.jpg,0.9964333986473717
mamba3_siso_187m_last_token,face,15,face::train::137722.jpg,face::train::001042.jpg,0.9964329497498096
mamba3_siso_187m_last_token,face,16,face::train::121281.jpg,face::train::123459.jpg,0.9963973263792719
mamba3_siso_187m_last_token,face,17,face::train::149220.jpg,face::test::189858.jpg,0.9963885209326766
mamba3_siso_187m_last_token,face,18,face::train::137722.jpg,face::train::150659.jpg,0.9963380338248037
mamba3_siso_187m_last_token,face,19,face::train::150659.jpg,face::train::178129.jpg,0.9962934204362818
mamba3_siso_187m_last_token,face,20,face::train::129132.jpg,face::train::089537.jpg,0.9962587468594375
mamba3_siso_187m_last_token,face,21,face::train::121281.jpg,face::train::168471.jpg,0.9962564752920728
mamba3_siso_187m_last_token,face,22,face::train::008309.jpg,face::train::042973.jpg,0.9962151049162887
mamba3_siso_187m_last_token,face,23,face::train::008309.jpg,face::train::053065.jpg,0.9962054083670814
mamba3_siso_187m_last_token,face,24,face::train::071174.jpg,face::train::082954.jpg,0.9962009597688628
mamba3_siso_187m_last_token,face,25,face::train::063708.jpg,face::train::060555.jpg,0.9961305872563792
mamba3_siso_187m_last_token,face,26,face::train::121281.jpg,face::train::150659.jpg,0.9960268782083164
mamba3_siso_187m_last_token,face,27,face::train::114832.jpg,face::test::196777.jpg,0.9960046428416471
mamba3_siso_187m_last_token,face,28,face::train::032580.jpg,face::test::185812.jpg,0.9959585259927531
mamba3_siso_187m_last_token,face,29,face::train::137722.jpg,face::test::189457.jpg,0.9959339965976512
mamba3_siso_187m_last_token,face,30,face::train::053065.jpg,face::train::042973.jpg,0.9958940635868848
mamba3_siso_187m_last_token,face,31,face::train::063618.jpg,face::train::088914.jpg,0.9958420070659666
mamba3_siso_187m_last_token,face,32,face::train::114832.jpg,face::train::042973.jpg,0.9958146636495452
mamba3_siso_187m_last_token,face,33,face::train::071174.jpg,face::train::129132.jpg,0.9957751536710551
mamba3_siso_187m_last_token,face,34,face::train::071174.jpg,face::train::092618.jpg,0.9957121687036482
mamba3_siso_187m_last_token,face,35,face::train::071174.jpg,face::train::121281.jpg,0.9956939307963659
mamba3_siso_187m_last_token,face,36,face::train::129132.jpg,face::train::178129.jpg,0.9956874685788019
mamba3_siso_187m_last_token,face,37,face::train::129132.jpg,face::train::001042.jpg,0.9956779831529936
mamba3_siso_187m_last_token,face,38,face::train::121281.jpg,face::train::089537.jpg,0.9955976970581397
mamba3_siso_187m_last_token,face,39,face::train::001042.jpg,face::test::189457.jpg,0.9955670175032277
mamba3_siso_187m_last_token,face,40,face::train::090489.jpg,face::train::060555.jpg,0.9954810534307152
mamba3_siso_187m_last_token,face,41,face::train::137722.jpg,face::test::183801.jpg,0.9954573724183662
mamba3_siso_187m_last_token,face,42,face::train::089537.jpg,face::test::186223.jpg,0.9954310261166218
mamba3_siso_187m_last_token,face,43,face::train::071174.jpg,face::test::189457.jpg,0.9953157055687065
mamba3_siso_187m_last_token,face,44,face::train::060555.jpg,face::train::082954.jpg,0.9952886828168186
mamba3_siso_187m_last_token,face,45,face::train::149220.jpg,face::train::178129.jpg,0.9952794490649841
mamba3_siso_187m_last_token,face,46,face::train::137722.jpg,face::test::186223.jpg,0.9952793734461721
mamba3_siso_187m_last_token,face,47,face::train::149220.jpg,face::train::088914.jpg,0.9951171796736534
mamba3_siso_187m_last_token,face,48,face::train::023736.jpg,face::test::185812.jpg,0.9950769530144887
mamba3_siso_187m_last_token,face,49,face::train::063618.jpg,face::test::183801.jpg,0.9950767246487038
mamba3_siso_187m_last_token,face,50,face::train::121281.jpg,face::test::183801.jpg,0.9950477320095514
mamba3_siso_187m_last_token,face,51,face::train::063618.jpg,face::train::178129.jpg,0.9950473545508908
mamba3_siso_187m_last_token,face,52,face::test::189457.jpg,face::test::196777.jpg,0.9950281000718636
mamba3_siso_187m_last_token,face,53,face::train::178129.jpg,face::test::183801.jpg,0.9950167361163202
mamba3_siso_187m_last_token,face,54,face::train::090489.jpg,face::train::023736.jpg,0.9950100227338183
mamba3_siso_187m_last_token,face,55,face::train::090489.jpg,face::train::063708.jpg,0.9950063603331154
mamba3_siso_187m_last_token,face,56,face::train::178182.jpg,face::train::088914.jpg,0.9949732234245628
mamba3_siso_187m_last_token,face,57,face::train::129132.jpg,face::test::201409.jpg,0.9949711268502675
mamba3_siso_187m_last_token,face,58,face::train::042973.jpg,face::train::123459.jpg,0.994958477341251
mamba3_siso_187m_last_token,face,59,face::train::178129.jpg,face::train::088914.jpg,0.9949452567340663
mamba3_siso_187m_last_token,face,60,face::train::168471.jpg,face::train::032580.jpg,0.9949386720441625
mamba3_siso_187m_last_token,face,61,face::train::137722.jpg,face::train::168471.jpg,0.9949155491920465
mamba3_siso_187m_last_token,face,62,face::train::121281.jpg,face::train::092618.jpg,0.9949134254169226
mamba3_siso_187m_last_token,face,63,face::train::082954.jpg,face::train::001042.jpg,0.9948895572013957
mamba3_siso_187m_last_token,face,64,face::train::129132.jpg,face::train::092618.jpg,0.9948673464038515
mamba3_siso_187m_last_token,face,65,face::train::042973.jpg,face::test::196777.jpg,0.9948005573196396
mamba3_siso_187m_last_token,face,66,face::train::063618.jpg,face::train::149220.jpg,0.9947722345679281
mamba3_siso_187m_last_token,face,67,face::train::121281.jpg,face::train::001042.jpg,0.9947711231149055
mamba3_siso_187m_last_token,face,68,face::train::090489.jpg,face::test::185812.jpg,0.9946879751344818
mamba3_siso_187m_last_token,face,69,face::train::089537.jpg,face::train::082954.jpg,0.9946744843643143
mamba3_siso_187m_last_token,face,70,face::train::071174.jpg,face::test::185812.jpg,0.9946664276580883
mamba3_siso_187m_last_token,face,71,face::train::143554.jpg,face::train::149220.jpg,0.9946568108398045
mamba3_siso_187m_last_token,face,72,face::test::189858.jpg,face::test::201409.jpg,0.994619206173517
mamba3_siso_187m_last_token,face,73,face::train::092618.jpg,face::test::185812.jpg,0.994603469777454
mamba3_siso_187m_last_token,face,74,face::train::178182.jpg,face::test::188858.jpg,0.9945780110965977
mamba3_siso_187m_last_token,face,75,face::train::166091.jpg,face::train::109762.jpg,0.9945749987446812
mamba3_siso_187m_last_token,face,76,face::train::129132.jpg,face::test::189858.jpg,0.9945469405542029
mamba3_siso_187m_last_token,face,77,face::train::001042.jpg,face::test::201409.jpg,0.9945304576962312
mamba3_siso_187m_last_token,face,78,face::train::063708.jpg,face::test::185812.jpg,0.9945207450676401
mamba3_siso_187m_last_token,face,79,face::train::071174.jpg,face::train::178129.jpg,0.9944942598681814
mamba3_siso_187m_last_token,face,80,face::train::092618.jpg,face::train::123459.jpg,0.9944496841511914
mamba3_siso_187m_last_token,face,81,face::train::168471.jpg,face::train::141457.jpg,0.9944480778767616
mamba3_siso_187m_last_token,face,82,face::train::008309.jpg,face::train::026996.jpg,0.9943659414525704
mamba3_siso_187m_last_token,face,83,face::train::042973.jpg,face::train::073196.jpg,0.9943492857635049
mamba3_siso_187m_last_token,face,84,face::train::089537.jpg,face::train::123459.jpg,0.9943307248540988
mamba3_siso_187m_last_token,face,85,face::train::023736.jpg,face::train::060555.jpg,0.994302494201044
mamba3_siso_187m_last_token,face,86,face::train::001042.jpg,face::test::185812.jpg,0.9942715515698873
mamba3_siso_187m_last_token,face,87,face::train::178129.jpg,face::test::189858.jpg,0.9942632885165464
mamba3_siso_187m_last_token,face,88,face::train::091980.jpg,face::train::053065.jpg,0.9942518187427823
mamba3_siso_187m_last_token,face,89,face::train::121281.jpg,face::test::189858.jpg,0.9942157370111288
mamba3_siso_187m_last_token,face,90,face::train::121281.jpg,face::train::129132.jpg,0.9941858733501078
mamba3_siso_187m_last_token,face,91,face::train::121281.jpg,face::train::063618.jpg,0.99417959564536
mamba3_siso_187m_last_token,face,92,face::train::149220.jpg,face::test::183801.jpg,0.9941547203705355
mamba3_siso_187m_last_token,face,93,face::train::060555.jpg,face::train::092618.jpg,0.9940940136093924
mamba3_siso_187m_last_token,face,94,face::train::121281.jpg,face::train::042973.jpg,0.9940924440733798
mamba3_siso_187m_last_token,face,95,face::train::071174.jpg,face::train::060555.jpg,0.9940922363777878
mamba3_siso_187m_last_token,face,96,face::train::178129.jpg,face::test::186223.jpg,0.9940771967737384
mamba3_siso_187m_last_token,face,97,face::train::114832.jpg,face::train::026996.jpg,0.9940720360895726
mamba3_siso_187m_last_token,face,98,face::train::089537.jpg,face::test::189858.jpg,0.9940118177735129
mamba3_siso_187m_last_token,face,99,face::train::023736.jpg,face::train::032580.jpg,0.9940070177670816
mamba3_siso_187m_last_token,face,100,face::train::088914.jpg,face::test::183801.jpg,0.9939704725365212
mamba3_siso_187m_last_token,face,101,face::train::168471.jpg,face::train::178129.jpg,0.9939652000678869
mamba3_siso_187m_last_token,face,102,face::test::189858.jpg,face::test::183801.jpg,0.9939472057791026
mamba3_siso_187m_last_token,face,103,face::train::137722.jpg,face::train::063618.jpg,0.9939206863488217
mamba3_siso_187m_last_token,face,104,face::train::137722.jpg,face::test::189858.jpg,0.9939117491660986
mamba3_siso_187m_last_token,face,105,face::train::089537.jpg,face::test::185812.jpg,0.993908524771723
mamba3_siso_187m_last_token,face,106,face::train::023736.jpg,face::test::201409.jpg,0.9938803132763983
mamba3_siso_187m_last_token,face,107,face::train::121281.jpg,face::test::189457.jpg,0.9938665115506309
mamba3_siso_187m_last_token,face,108,face::train::053065.jpg,face::train::026996.jpg,0.9937916707088277
mamba3_siso_187m_last_token,face,109,face::train::089537.jpg,face::train::178129.jpg,0.993790481736974
mamba3_siso_187m_last_token,face,110,face::train::089537.jpg,face::train::092618.jpg,0.9937834471814293
mamba3_siso_187m_last_token,face,111,face::train::089537.jpg,face::train::150659.jpg,0.9937778241711348
mamba3_siso_187m_last_token,face,112,face::train::053065.jpg,face::train::065762.jpg,0.9937533264107561
mamba3_siso_187m_last_token,face,113,face::train::091980.jpg,face::train::065762.jpg,0.9937458878520739
mamba3_siso_187m_last_token,face,114,face::train::071174.jpg,face::test::189858.jpg,0.9937170579590624
mamba3_siso_187m_last_token,face,115,face::train::063618.jpg,face::train::168471.jpg,0.9936953615107335
mamba3_siso_187m_last_token,face,116,face::train::168471.jpg,face::test::183801.jpg,0.9936704942820448
mamba3_siso_187m_last_token,face,117,face::train::023736.jpg,face::train::001042.jpg,0.9936588838900706
mamba3_siso_187m_last_token,face,118,face::train::141457.jpg,face::train::032580.jpg,0.9936447561502069
mamba3_siso_187m_last_token,face,119,face::train::178182.jpg,face::train::123459.jpg,0.9935962884570376
mamba3_siso_187m_last_token,face,120,face::train::089537.jpg,face::test::183801.jpg,0.9935720250786111
mamba3_siso_187m_last_token,face,121,face::train::092618.jpg,face::test::189457.jpg,0.9935715012734412
mamba3_siso_187m_last_token,face,122,face::test::189457.jpg,face::test::189858.jpg,0.9935491546988007
mamba3_siso_187m_last_token,face,123,face::train::168471.jpg,face::train::150659.jpg,0.9935448529228721
mamba3_siso_187m_last_token,face,124,face::train::063708.jpg,face::train::082954.jpg,0.9935239140121243
mamba3_siso_187m_last_token,face,125,face::train::150659.jpg,face::train::088914.jpg,0.9935091080131908
mamba3_siso_187m_last_token,face,126,face::train::178129.jpg,face::test::189457.jpg,0.993488242921674
mamba3_siso_187m_last_token,face,127,face::train::071174.jpg,face::test::186223.jpg,0.9934673994574242
mamba3_siso_187m_last_token,face,128,face::train::123459.jpg,face::test::189457.jpg,0.993450989836486
mamba3_siso_187m_last_token,face,129,face::train::150659.jpg,face::test::186223.jpg,0.9934427113257024
mamba3_siso_187m_last_token,face,130,face::train::178182.jpg,face::train::063618.jpg,0.9934331055864225
mamba3_siso_187m_last_token,face,131,face::train::129132.jpg,face::train::150659.jpg,0.9934255553197757
mamba3_siso_187m_last_token,face,132,face::train::060555.jpg,face::train::001042.jpg,0.9933981176841261
mamba3_siso_187m_last_token,face,133,face::train::168471.jpg,face::train::023736.jpg,0.9933931478625871
mamba3_siso_187m_last_token,face,134,face::train::026996.jpg,face::train::073196.jpg,0.9933871225501042
mamba3_siso_187m_last_token,face,135,face::train::150659.jpg,face::train::042973.jpg,0.9933869067191023
mamba3_siso_187m_last_token,face,136,face::train::090489.jpg,face::train::101485.jpg,0.9933243304944146
mamba3_siso_187m_last_token,face,137,face::train::149220.jpg,face::test::186223.jpg,0.9932943004463526
mamba3_siso_187m_last_token,face,138,face::train::092618.jpg,face::train::178129.jpg,0.9932883198934547
mamba3_siso_187m_last_token,face,139,face::train::001042.jpg,face::test::183801.jpg,0.9932799190910329
mamba3_siso_187m_last_token,face,140,face::train::092618.jpg,face::test::189858.jpg,0.9932526048896363
mamba3_siso_187m_last_token,face,141,face::train::001042.jpg,face::test::189858.jpg,0.9932507475033482
mamba3_siso_187m_last_token,face,142,face::train::137722.jpg,face::train::092618.jpg,0.9932481892002564
mamba3_siso_187m_last_token,face,143,face::train::026996.jpg,face::test::196777.jpg,0.9932413381049815
mamba3_siso_187m_last_token,face,144,face::train::101485.jpg,face::test::185812.jpg,0.9932121982381245
mamba3_siso_187m_last_token,face,145,face::train::060555.jpg,face::train::032580.jpg,0.9932090584938318
mamba3_siso_187m_last_token,face,146,face::train::063618.jpg,face::train::150659.jpg,0.9931979898471524
mamba3_siso_187m_last_token,face,147,face::train::121281.jpg,face::train::149220.jpg,0.9931709870254217
mamba3_siso_187m_last_token,face,148,face::train::129132.jpg,face::test::186223.jpg,0.9931702681916414
mamba3_siso_187m_last_token,face,149,face::train::178129.jpg,face::train::001042.jpg,0.9931517197742216
mamba3_siso_187m_last_token,face,150,face::train::063618.jpg,face::test::189858.jpg,0.9931480719178183
mamba3_siso_187m_last_token,face,151,face::train::082954.jpg,face::train::092618.jpg,0.9931434941490704
mamba3_siso_187m_last_token,face,152,face::train::143554.jpg,face::train::141457.jpg,0.9931373000208603
mamba3_siso_187m_last_token,face,153,face::train::137722.jpg,face::test::201409.jpg,0.9931045122502008
mamba3_siso_187m_last_token,face,154,face::train::114832.jpg,face::test::189457.jpg,0.9931018645958049
mamba3_siso_187m_last_token,face,155,face::train::042973.jpg,face::test::189457.jpg,0.9930986718808705
mamba3_siso_187m_last_token,face,156,face::train::150659.jpg,face::train::026996.jpg,0.9930856022836433
mamba3_siso_187m_last_token,face,157,face::train::071174.jpg,face::test::183801.jpg,0.9930720068591975
mamba3_siso_187m_last_token,face,158,face::train::089537.jpg,face::test::196777.jpg,0.9930386060412301
mamba3_siso_187m_last_token,face,159,face::test::189457.jpg,face::test::201409.jpg,0.9930178755520315
mamba3_siso_187m_last_token,face,160,face::train::137722.jpg,face::train::042973.jpg,0.9929520026875354
mamba3_siso_187m_last_token,face,161,face::train::001042.jpg,face::test::186223.jpg,0.992923244291096
mamba3_siso_187m_last_token,face,162,face::train::150659.jpg,face::train::123459.jpg,0.9929165278697757
mamba3_siso_187m_last_token,face,163,face::train::063618.jpg,face::train::123459.jpg,0.9929142825224561
mamba3_siso_187m_last_token,face,164,face::train::137722.jpg,face::train::023736.jpg,0.9929102219579464
mamba3_siso_187m_last_token,face,165,face::train::137722.jpg,face::train::123459.jpg,0.9929088401753812
mamba3_siso_187m_last_token,face,166,face::train::081413.jpg,face::train::141457.jpg,0.9929015641147195
mamba3_siso_187m_last_token,face,167,face::train::073196.jpg,face::train::123459.jpg,0.9928936460685585
mamba3_siso_187m_last_token,face,168,face::train::091980.jpg,face::train::178182.jpg,0.9928844945324578
mamba3_siso_187m_last_token,face,169,face::train::143554.jpg,face::test::189858.jpg,0.9928830921662922
mamba3_siso_187m_last_token,face,170,face::train::090489.jpg,face::train::032580.jpg,0.9928585196900909
mamba3_siso_187m_last_token,face,171,face::train::129132.jpg,face::train::149220.jpg,0.9927955656635747
mamba3_siso_187m_last_token,face,172,face::test::186223.jpg,face::test::189858.jpg,0.9927618213628561
mamba3_siso_187m_last_token,face,173,face::train::089537.jpg,face::test::201409.jpg,0.9927085906105692
mamba3_siso_187m_last_token,face,174,face::train::129132.jpg,face::test::183801.jpg,0.9927077623991514
mamba3_siso_187m_last_token,face,175,face::train::178129.jpg,face::train::123459.jpg,0.992706382322522
mamba3_siso_187m_last_token,face,176,face::train::129132.jpg,face::train::063618.jpg,0.9927018652163374
mamba3_siso_187m_last_token,face,177,face::train::063618.jpg,face::train::032580.jpg,0.9926999724401738
mamba3_siso_187m_last_token,face,178,face::test::186223.jpg,face::test::183801.jpg,0.9926970485089058
mamba3_siso_187m_last_token,face,179,face::train::178182.jpg,face::train::178129.jpg,0.9926948750122119
mamba3_siso_187m_last_token,face,180,face::train::092618.jpg,face::train::032580.jpg,0.9926610524022862
mamba3_siso_187m_last_token,face,181,face::train::071174.jpg,face::train::168471.jpg,0.99265856872249
mamba3_siso_187m_last_token,face,182,face::train::081413.jpg,face::train::168471.jpg,0.9926431641674057
mamba3_siso_187m_last_token,face,183,face::train::121281.jpg,face::train::178182.jpg,0.9926385769413315
mamba3_siso_187m_last_token,face,184,face::train::026996.jpg,face::test::189457.jpg,0.9926223391430988
mamba3_siso_187m_last_token,face,185,face::train::149220.jpg,face::train::092618.jpg,0.9926097694400726
mamba3_siso_187m_last_token,face,186,face::train::129132.jpg,face::train::082954.jpg,0.9926081155141313
mamba3_siso_187m_last_token,face,187,face::train::089537.jpg,face::train::042973.jpg,0.9925692643281565
mamba3_siso_187m_last_token,face,188,face::train::129132.jpg,face::test::196777.jpg,0.9925589287606995
mamba3_siso_187m_last_token,face,189,face::train::129132.jpg,face::train::042973.jpg,0.9925512114453248
mamba3_siso_187m_last_token,face,190,face::train::121281.jpg,face::train::088914.jpg,0.9925400580420836
mamba3_siso_187m_last_token,face,191,face::train::129132.jpg,face::test::185812.jpg,0.9925190494497619
mamba3_siso_187m_last_token,face,192,face::train::178182.jpg,face::test::183801.jpg,0.9924911449125969
mamba3_siso_187m_last_token,face,193,face::train::121281.jpg,face::train::073196.jpg,0.9924582018203266
mamba3_siso_187m_last_token,face,194,face::train::092618.jpg,face::train::001042.jpg,0.9924410972219647
mamba3_siso_187m_last_token,face,195,face::train::089537.jpg,face::train::168471.jpg,0.9924334840458261
mamba3_siso_187m_last_token,face,196,face::train::114832.jpg,face::train::008309.jpg,0.9924228070605688
mamba3_siso_187m_last_token,face,197,face::test::189457.jpg,face::test::186223.jpg,0.9924137947333375
mamba3_siso_187m_last_token,face,198,face::train::109762.jpg,face::test::184003.jpg,0.9924119307766142
mamba3_siso_187m_last_token,face,199,face::train::088914.jpg,face::test::188858.jpg,0.9924008271192325
mamba3_siso_187m_last_token,face,200,face::train::150659.jpg,face::test::183801.jpg,0.9923700848979359
mamba3_siso_187m_last_token,face,201,face::train::137722.jpg,face::test::185812.jpg,0.9923559823294006
mamba3_siso_187m_last_token,face,202,face::train::137722.jpg,face::train::149220.jpg,0.9923472001317328
mamba3_siso_187m_last_token,face,203,face::train::088914.jpg,face::test::189858.jpg,0.992341690079005
mamba3_siso_187m_last_token,face,204,face::train::089537.jpg,face::train::060555.jpg,0.9923276920735435
mamba3_siso_187m_last_token,face,205,face::train::150659.jpg,face::test::189457.jpg,0.9923099796729896
mamba3_siso_187m_last_token,face,206,face::train::042973.jpg,face::train::178129.jpg,0.9922994521468067
mamba3_siso_187m_last_token,face,207,face::train::150659.jpg,face::train::073196.jpg,0.9922987094371912
mamba3_siso_187m_last_token,face,208,face::train::143554.jpg,face::train::168471.jpg,0.9922866706272901
mamba3_siso_187m_last_token,face,209,face::train::082954.jpg,face::test::189457.jpg,0.9922485389059061
mamba3_siso_187m_last_token,face,210,face::train::178129.jpg,face::test::188858.jpg,0.9922427628426118
mamba3_siso_187m_last_token,face,211,face::train::042973.jpg,face::train::092618.jpg,0.9922287571434174
mamba3_siso_187m_last_token,face,212,face::train::063618.jpg,face::train::023736.jpg,0.9922248409375988
mamba3_siso_187m_last_token,face,213,face::train::123459.jpg,face::test::196777.jpg,0.992223871639958
mamba3_siso_187m_last_token,face,214,face::train::168471.jpg,face::test::189858.jpg,0.9922039571584483
mamba3_siso_187m_last_token,face,215,face::test::185812.jpg,face::test::201409.jpg,0.9921730380040917
mamba3_siso_187m_last_token,face,216,face::train::121281.jpg,face::train::032580.jpg,0.9921608140409582
mamba3_siso_187m_last_token,face,217,face::train::114832.jpg,face::train::053065.jpg,0.9921530765446773
mamba3_siso_187m_last_token,face,218,face::train::114832.jpg,face::train::123459.jpg,0.992150821164694
mamba3_siso_187m_last_token,face,219,face::train::168471.jpg,face::train::123459.jpg,0.9921460418551211
mamba3_siso_187m_last_token,face,220,face::train::081413.jpg,face::train::032580.jpg,0.9921401792068166
mamba3_siso_187m_last_token,face,221,face::train::114832.jpg,face::train::073196.jpg,0.9921373710499128
mamba3_siso_187m_last_token,face,222,face::train::121281.jpg,face::test::188858.jpg,0.9921233498288633
mamba3_siso_187m_last_token,face,223,face::train::137722.jpg,face::train::088914.jpg,0.9921189415749238
mamba3_siso_187m_last_token,face,224,face::train::023736.jpg,face::train::141457.jpg,0.9920749809514147
mamba3_siso_187m_last_token,face,225,face::train::168471.jpg,face::test::185812.jpg,0.9920549644548456
mamba3_siso_187m_last_token,face,226,face::train::129132.jpg,face::train::123459.jpg,0.9920468778472766
mamba3_siso_187m_last_token,face,227,face::train::081413.jpg,face::train::121281.jpg,0.9920197359349634
mamba3_siso_187m_last_token,face,228,face::train::008309.jpg,face::train::123459.jpg,0.9919949166409961
mamba3_siso_187m_last_token,face,229,face::train::091980.jpg,face::test::188858.jpg,0.99198584040948
mamba3_siso_187m_last_token,face,230,face::train::071174.jpg,face::train::123459.jpg,0.9919309171816688
mamba3_siso_187m_last_token,face,231,face::train::137722.jpg,face::test::196777.jpg,0.9919298222007024
mamba3_siso_187m_last_token,face,232,face::test::186223.jpg,face::test::185812.jpg,0.9918861718267616
mamba3_siso_187m_last_token,face,233,face::train::123459.jpg,face::train::032580.jpg,0.9918823142647434
mamba3_siso_187m_last_token,face,234,face::train::129132.jpg,face::train::023736.jpg,0.9918713367172376
mamba3_siso_187m_last_token,face,235,face::train::026996.jpg,face::train::123459.jpg,0.9918602511028111
mamba3_siso_187m_last_token,face,236,face::train::053065.jpg,face::train::123459.jpg,0.9917857148883858
mamba3_siso_187m_last_token,face,237,face::train::129132.jpg,face::train::060555.jpg,0.9917706825958056
mamba3_siso_187m_last_token,face,238,face::train::121281.jpg,face::test::186223.jpg,0.9917679761933988
mamba3_siso_187m_last_token,face,239,face::train::178182.jpg,face::train::150659.jpg,0.9917657540877894
mamba3_siso_187m_last_token,face,240,face::test::189457.jpg,face::test::183801.jpg,0.9917531118865707
mamba3_siso_187m_last_token,face,241,face::train::121281.jpg,face::train::143554.jpg,0.9917244122692576
mamba3_siso_187m_last_token,face,242,face::train::060309.jpg,face::train::109762.jpg,0.9917033961999372
mamba3_siso_187m_last_token,face,243,face::train::071174.jpg,face::train::149220.jpg,0.9916912103875031
mamba3_siso_187m_last_token,face,244,face::train::168471.jpg,face::train::149220.jpg,0.9916627136607111
mamba3_siso_187m_last_token,face,245,face::train::150659.jpg,face::train::001042.jpg,0.9916468961971006
mamba3_siso_187m_last_token,face,246,face::train::121281.jpg,face::test::185812.jpg,0.9916330394366089
mamba3_siso_187m_last_token,face,247,face::train::089537.jpg,face::train::149220.jpg,0.9916286628321354
mamba3_siso_187m_last_token,face,248,face::train::143554.jpg,face::train::092618.jpg,0.9916211164743203
mamba3_siso_187m_last_token,face,249,face::train::137722.jpg,face::train::026996.jpg,0.9916172724622269
mamba3_siso_187m_last_token,face,250,face::train::065762.jpg,face::train::026996.jpg,0.9916169308896176
mamba3_siso_187m_last_token,face,251,face::train::168471.jpg,face::train::001042.jpg,0.9915877962045172
mamba3_siso_187m_last_token,face,252,face::train::170623.jpg,face::train::138886.jpg,0.9915777058214849
mamba3_siso_187m_last_token,face,253,face::train::023736.jpg,face::test::189858.jpg,0.9915717056690679
mamba3_siso_187m_last_token,face,254,face::train::063618.jpg,face::train::089537.jpg,0.9915698409750894
mamba3_siso_187m_last_token,face,255,face::train::178182.jpg,face::test::189858.jpg,0.9915623569605396
mamba3_siso_187m_last_token,face,256,face::train::168471.jpg,face::train::092618.jpg,0.991541638130672
mamba3_siso_187m_last_token,face,257,face::train::143554.jpg,face::train::178129.jpg,0.9915343481585784
mamba3_siso_187m_last_token,face,258,face::train::137722.jpg,face::train::082954.jpg,0.9915328970048087
mamba3_siso_187m_last_token,face,259,face::train::178129.jpg,face::test::201409.jpg,0.991474192064987
mamba3_siso_187m_last_token,face,260,face::train::141457.jpg,face::test::189858.jpg,0.9914459201422237
mamba3_siso_187m_last_token,face,261,face::train::129132.jpg,face::train::088914.jpg,0.9914182386507441
mamba3_siso_187m_last_token,face,262,face::test::185812.jpg,face::test::189858.jpg,0.9914067185093666
mamba3_siso_187m_last_token,face,263,face::test::189858.jpg,face::test::188858.jpg,0.9913910099924532
mamba3_siso_187m_last_token,face,264,face::train::092618.jpg,face::train::073196.jpg,0.9913725397875601
mamba3_siso_187m_last_token,face,265,face::train::090489.jpg,face::train::168471.jpg,0.9913485850352457
mamba3_siso_187m_last_token,face,266,face::train::170623.jpg,face::train::166091.jpg,0.9913462540456753
mamba3_siso_187m_last_token,face,267,face::train::150659.jpg,face::test::189858.jpg,0.991319879639539
mamba3_siso_187m_last_token,face,268,face::train::032580.jpg,face::test::189858.jpg,0.9913155440877173
mamba3_siso_187m_last_token,face,269,face::train::114832.jpg,face::train::129132.jpg,0.9913082481564218
mamba3_siso_187m_last_token,face,270,face::train::121281.jpg,face::train::141457.jpg,0.9912786014133936
mamba3_siso_187m_last_token,face,271,face::train::168471.jpg,face::test::186223.jpg,0.9912761866566411
mamba3_siso_187m_last_token,face,272,face::train::178182.jpg,face::train::149220.jpg,0.9912751178946235
mamba3_siso_187m_last_token,face,273,face::train::137722.jpg,face::train::060555.jpg,0.9912668990198774
mamba3_siso_187m_last_token,face,274,face::train::089537.jpg,face::train::026996.jpg,0.9912449728849968
mamba3_siso_187m_last_token,face,275,face::train::123459.jpg,face::test::183801.jpg,0.9912407226540227
mamba3_siso_187m_last_token,face,276,face::train::121281.jpg,face::train::026996.jpg,0.991222343986004
mamba3_siso_187m_last_token,face,277,face::train::071174.jpg,face::train::150659.jpg,0.9912216561241017
mamba3_siso_187m_last_token,face,278,face::train::008309.jpg,face::train::073196.jpg,0.991214785718667
mamba3_siso_187m_last_token,face,279,face::train::143554.jpg,face::test::183801.jpg,0.9912081665023297
mamba3_siso_187m_last_token,face,280,face::train::149220.jpg,face::train::032580.jpg,0.9912069474696714
mamba3_siso_187m_last_token,face,281,face::train::137722.jpg,face::train::178182.jpg,0.9912005263417556
mamba3_siso_187m_last_token,face,282,face::train::123459.jpg,face::test::189858.jpg,0.9911905604962036
mamba3_siso_187m_last_token,face,283,face::train::143554.jpg,face::test::185812.jpg,0.9911896657157208
mamba3_siso_187m_last_token,face,284,face::train::149220.jpg,face::train::123459.jpg,0.9911677499695831
mamba3_siso_187m_last_token,face,285,face::train::071174.jpg,face::train::063708.jpg,0.9911612356771655
mamba3_siso_187m_last_token,face,286,face::train::178182.jpg,face::test::189457.jpg,0.9911577030787647
mamba3_siso_187m_last_token,face,287,face::train::121281.jpg,face::test::201409.jpg,0.9911414394923408
mamba3_siso_187m_last_token,face,288,face::train::073196.jpg,face::test::189457.jpg,0.9911031176255998
mamba3_siso_187m_last_token,face,289,face::train::137722.jpg,face::train::073196.jpg,0.9910852998070697
mamba3_siso_187m_last_token,face,290,face::train::121281.jpg,face::train::023736.jpg,0.9910511749299719
mamba3_siso_187m_last_token,face,291,face::train::123459.jpg,face::train::088914.jpg,0.9910344475053828
mamba3_siso_187m_last_token,face,292,face::train::071174.jpg,face::train::143554.jpg,0.9910180875213722
mamba3_siso_187m_last_token,face,293,face::train::089537.jpg,face::train::032580.jpg,0.9910132928187441
mamba3_siso_187m_last_token,face,294,face::train::149220.jpg,face::train::141457.jpg,0.9909976553042369
mamba3_siso_187m_last_token,face,295,face::train::114832.jpg,face::train::089537.jpg,0.9909870431752366
mamba3_siso_187m_last_token,face,296,face::train::166091.jpg,face::train::138886.jpg,0.9909605928303488
mamba3_siso_187m_last_token,face,297,face::train::149220.jpg,face::test::185812.jpg,0.9909473447821672
mamba3_siso_187m_last_token,face,298,face::train::073196.jpg,face::train::178129.jpg,0.9909414961118196
mamba3_siso_187m_last_token,face,299,face::train::168471.jpg,face::train::060555.jpg,0.9908826846457606
mamba3_siso_187m_last_token,face,300,face::test::189457.jpg,face::test::185812.jpg,0.9908759536731127
mamba3_siso_187m_last_token,face,301,face::test::186223.jpg,face::test::201409.jpg,0.9908459926854132
mamba3_siso_187m_last_token,face,302,face::train::071174.jpg,face::test::201409.jpg,0.9908221426656797
mamba3_siso_187m_last_token,face,303,face::train::063618.jpg,face::test::189457.jpg,0.990785710343907
mamba3_siso_187m_last_token,face,304,face::train::026996.jpg,face::train::178129.jpg,0.990776379389123
mamba3_siso_187m_last_token,face,305,face::train::101485.jpg,face::train::023736.jpg,0.9907243980581341
mamba3_siso_187m_last_token,face,306,face::train::123459.jpg,face::test::188858.jpg,0.9907181968366088
mamba3_siso_187m_last_token,face,307,face::train::090489.jpg,face::train::001042.jpg,0.9907162652059507
mamba3_siso_187m_last_token,face,308,face::train::121281.jpg,face::train::060555.jpg,0.9906831576184117
mamba3_siso_187m_last_token,face,309,face::train::071174.jpg,face::train::042973.jpg,0.9906771284099686
mamba3_siso_187m_last_token,face,310,face::train::101485.jpg,face::train::060555.jpg,0.9906748335633082
mamba3_siso_187m_last_token,face,311,face::test::185812.jpg,face::test::183801.jpg,0.9906655419940448
mamba3_siso_187m_last_token,face,312,face::train::149220.jpg,face::train::150659.jpg,0.9906616931439712
mamba3_siso_187m_last_token,face,313,face::train::089537.jpg,face::train::023736.jpg,0.9906536973541917
mamba3_siso_187m_last_token,face,314,face::train::008309.jpg,face::train::065762.jpg,0.9906458040708175
mamba3_siso_187m_last_token,face,315,face::train::101485.jpg,face::train::063708.jpg,0.990623659518669
mamba3_siso_187m_last_token,face,316,face::train::168471.jpg,face::train::073196.jpg,0.9905994115156859
mamba3_siso_187m_last_token,face,317,face::train::082954.jpg,face::train::032580.jpg,0.9905884644759391
mamba3_siso_187m_last_token,face,318,face::train::063618.jpg,face::train::092618.jpg,0.9905867590057884
mamba3_siso_187m_last_token,face,319,face::train::053065.jpg,face::train::178182.jpg,0.9905821097108364
mamba3_siso_187m_last_token,face,320,face::train::063618.jpg,face::test::186223.jpg,0.9905779967648378
mamba3_siso_187m_last_token,face,321,face::train::090489.jpg,face::train::082954.jpg,0.9905682693307523
mamba3_siso_187m_last_token,face,322,face::train::023736.jpg,face::test::183801.jpg,0.9905657229683993
mamba3_siso_187m_last_token,face,323,face::train::023736.jpg,face::train::178129.jpg,0.9905611006989374
mamba3_siso_187m_last_token,face,324,face::train::129132.jpg,face::train::026996.jpg,0.990553473981749
mamba3_siso_187m_last_token,face,325,face::train::032580.jpg,face::test::183801.jpg,0.9905495696296998
mamba3_siso_187m_last_token,face,326,face::train::149220.jpg,face::test::201409.jpg,0.9905418743665447
mamba3_siso_187m_last_token,face,327,face::train::023736.jpg,face::train::063708.jpg,0.9905267705896289
mamba3_siso_187m_last_token,face,328,face::train::149220.jpg,face::test::188858.jpg,0.9905005866991665
mamba3_siso_187m_last_token,face,329,face::train::071174.jpg,face::train::023736.jpg,0.9905004540870261
mamba3_siso_187m_last_token,face,330,face::train::063618.jpg,face::train::141457.jpg,0.9904741229005312
mamba3_siso_187m_last_token,face,331,face::train::008309.jpg,face::test::196777.jpg,0.9904546128686466
mamba3_siso_187m_last_token,face,332,face::train::089537.jpg,face::train::073196.jpg,0.9904542390100632
mamba3_siso_187m_last_token,face,333,face::train::023736.jpg,face::train::092618.jpg,0.9904446761857296
mamba3_siso_187m_last_token,face,334,face::train::088914.jpg,face::test::186223.jpg,0.9904199843286206
mamba3_siso_187m_last_token,face,335,face::train::178182.jpg,face::train::065762.jpg,0.9904174451009281
mamba3_siso_187m_last_token,face,336,face::train::178182.jpg,face::train::089537.jpg,0.9904167083605715
mamba3_siso_187m_last_token,face,337,face::test::183801.jpg,face::test::188858.jpg,0.9903867750669306
mamba3_siso_187m_last_token,face,338,face::train::143554.jpg,face::train::032580.jpg,0.9903737003991661
mamba3_siso_187m_last_token,face,339,face::train::143554.jpg,face::train::101485.jpg,0.9903628999917184
mamba3_siso_187m_last_token,face,340,face::train::150659.jpg,face::test::201409.jpg,0.9903561017929231
mamba3_siso_187m_last_token,face,341,face::train::121281.jpg,face::train::008309.jpg,0.9903505133181985
mamba3_siso_187m_last_token,face,342,face::train::121281.jpg,face::train::082954.jpg,0.9903488870310512
mamba3_siso_187m_last_token,face,343,face::train::149220.jpg,face::test::189457.jpg,0.9903463943494789
mamba3_siso_187m_last_token,face,344,face::train::063708.jpg,face::train::092618.jpg,0.9902947160593829
mamba3_siso_187m_last_token,face,345,face::train::023736.jpg,face::train::082954.jpg,0.9902867415589304
mamba3_siso_187m_last_token,face,346,face::train::092618.jpg,face::test::183801.jpg,0.9902626639386928
mamba3_siso_187m_last_token,face,347,face::train::092618.jpg,face::test::201409.jpg,0.9902542349391146
mamba3_siso_187m_last_token,face,348,face::train::071174.jpg,face::train::032580.jpg,0.9902536673326028
mamba3_siso_187m_last_token,face,349,face::train::063618.jpg,face::train::001042.jpg,0.9902533216700871
mamba3_siso_187m_last_token,face,350,face::train::063708.jpg,face::train::032580.jpg,0.9902524390396192
mamba3_siso_187m_last_token,face,351,face::train::063618.jpg,face::test::201409.jpg,0.9902491006760327
mamba3_siso_187m_last_token,face,352,face::train::053065.jpg,face::train::150659.jpg,0.9902297581660156
mamba3_siso_187m_last_token,face,353,face::test::183801.jpg,face::test::201409.jpg,0.9902277778237091
mamba3_siso_187m_last_token,face,354,face::train::129132.jpg,face::train::073196.jpg,0.9901831600846845
mamba3_siso_187m_last_token,face,355,face::train::121281.jpg,face::test::196777.jpg,0.9901540063870679
mamba3_siso_187m_last_token,face,356,face::train::065762.jpg,face::train::042973.jpg,0.9900657081334306
mamba3_siso_187m_last_token,face,357,face::train::060555.jpg,face::test::189457.jpg,0.9900577182255256
mamba3_siso_187m_last_token,face,358,face::train::137722.jpg,face::train::032580.jpg,0.9900093410547917
mamba3_siso_187m_last_token,face,359,face::train::168471.jpg,face::train::088914.jpg,0.9900026706456833
mamba3_siso_187m_last_token,face,360,face::train::053065.jpg,face::train::073196.jpg,0.9899930708114321
mamba3_siso_187m_last_token,face,361,face::train::081413.jpg,face::train::023736.jpg,0.9899716049745607
mamba3_siso_187m_last_token,face,362,face::train::053065.jpg,face::test::188858.jpg,0.9899176297824187
mamba3_siso_187m_last_token,face,363,face::train::178129.jpg,face::test::185812.jpg,0.9899120553707619
mamba3_siso_187m_last_token,face,364,face::train::060555.jpg,face::test::201409.jpg,0.9898878421051907
mamba3_siso_187m_last_token,face,365,face::train::081413.jpg,face::train::090489.jpg,0.9898846731173067
mamba3_siso_187m_last_token,face,366,face::train::001042.jpg,face::train::032580.jpg,0.9898748937925312
mamba3_siso_187m_last_token,face,367,face::train::123459.jpg,face::train::001042.jpg,0.9898666964580431
mamba3_siso_187m_last_token,face,368,face::train::081413.jpg,face::train::060555.jpg,0.9898494582286477
mamba3_siso_187m_last_token,face,369,face::train::150659.jpg,face::test::196777.jpg,0.9898444500667636
mamba3_siso_187m_last_token,face,370,face::train::129132.jpg,face::train::168471.jpg,0.9898409476585919
mamba3_siso_187m_last_token,face,371,face::train::091980.jpg,face::train::088914.jpg,0.9898272400180516
mamba3_siso_187m_last_token,face,372,face::train::063618.jpg,face::test::185812.jpg,0.9898212533909246
mamba3_siso_187m_last_token,face,373,face::train::082954.jpg,face::test::186223.jpg,0.9898105821032734
mamba3_siso_187m_last_token,face,374,face::train::053065.jpg,face::test::196777.jpg,0.9897810189457551
mamba3_siso_187m_last_token,face,375,face::train::091980.jpg,face::train::042973.jpg,0.989772906208171
mamba3_siso_187m_last_token,face,376,face::train::129132.jpg,face::train::178182.jpg,0.9897603143832113
mamba3_siso_187m_last_token,face,377,face::train::101485.jpg,face::train::032580.jpg,0.9897513356070304
mamba3_siso_187m_last_token,face,378,face::train::081413.jpg,face::train::092618.jpg,0.9897271273511212
mamba3_siso_187m_last_token,face,379,face::train::071174.jpg,face::train::073196.jpg,0.9897231683664715
mamba3_siso_187m_last_token,face,380,face::train::071174.jpg,face::test::196777.jpg,0.9896709911868962
mamba3_siso_187m_last_token,face,381,face::train::071174.jpg,face::train::063618.jpg,0.9896601815973133
mamba3_siso_187m_last_token,face,382,face::train::063708.jpg,face::train::001042.jpg,0.9896573280360234
mamba3_siso_187m_last_token,face,383,face::train::178182.jpg,face::train::042973.jpg,0.9896407523263228
mamba3_siso_187m_last_token,face,384,face::train::149220.jpg,face::train::001042.jpg,0.9896105700946335
mamba3_siso_187m_last_token,face,385,face::train::121281.jpg,face::train::053065.jpg,0.9896034871776797
mamba3_siso_187m_last_token,face,386,face::train::168471.jpg,face::test::189457.jpg,0.989521054112886
mamba3_siso_187m_last_token,face,387,face::train::121281.jpg,face::train::114832.jpg,0.9895059568654226
mamba3_siso_187m_last_token,face,388,face::train::023736.jpg,face::test::186223.jpg,0.9894976310335787
mamba3_siso_187m_last_token,face,389,face::train::091980.jpg,face::train::026996.jpg,0.9894896881333745
mamba3_siso_187m_last_token,face,390,face::train::032580.jpg,face::test::201409.jpg,0.9894752569175357
mamba3_siso_187m_last_token,face,391,face::train::092618.jpg,face::train::141457.jpg,0.9894429565163775
mamba3_siso_187m_last_token,face,392,face::train::001042.jpg,face::test::196777.jpg,0.989438302858962
mamba3_siso_187m_last_token,face,393,face::train::178129.jpg,face::train::141457.jpg,0.9894328792137838
mamba3_siso_187m_last_token,face,394,face::train::091980.jpg,face::test::196777.jpg,0.9894005803391228
mamba3_siso_187m_last_token,face,395,face::train::178182.jpg,face::train::026996.jpg,0.9893995602647603
mamba3_siso_187m_last_token,face,396,face::train::123459.jpg,face::test::185812.jpg,0.9893915857857752
mamba3_siso_187m_last_token,face,397,face::train::060555.jpg,face::train::073196.jpg,0.9893856372118234
mamba3_siso_187m_last_token,face,398,face::train::071174.jpg,face::train::090489.jpg,0.9893798811748203
mamba3_siso_187m_last_token,face,399,face::train::141457.jpg,face::test::185812.jpg,0.9893435539299591
mamba3_siso_187m_last_token,face,400,face::train::137722.jpg,face::train::143554.jpg,0.9893204141089449
mamba3_siso_187m_last_token,face,401,face::train::089537.jpg,face::train::088914.jpg,0.9893050454242474
mamba3_siso_187m_last_token,face,402,face::train::088914.jpg,face::test::189457.jpg,0.9892890863788796
mamba3_siso_187m_last_token,face,403,face::train::168471.jpg,face::train::101485.jpg,0.9892655472685512
mamba3_siso_187m_last_token,face,404,face::train::023736.jpg,face::test::189457.jpg,0.989249524278102
mamba3_siso_187m_last_token,face,405,face::train::143554.jpg,face::train::063618.jpg,0.9892367353916851
mamba3_siso_187m_last_token,face,406,face::train::114832.jpg,face::train::150659.jpg,0.9892248728145094
mamba3_siso_187m_last_token,face,407,face::train::023736.jpg,face::train::149220.jpg,0.989192356296304
mamba3_siso_187m_last_token,face,408,face::train::137722.jpg,face::test::188858.jpg,0.9891855192650703
mamba3_siso_187m_last_token,face,409,face::train::143554.jpg,face::test::186223.jpg,0.9891543108711586
mamba3_siso_187m_last_token,face,410,face::train::082954.jpg,face::test::183801.jpg,0.9891394857309763
mamba3_siso_187m_last_token,face,411,face::train::143554.jpg,face::train::023736.jpg,0.9891245867468496
mamba3_siso_187m_last_token,face,412,face::train::089537.jpg,face::train::063708.jpg,0.9891137763699575
mamba3_siso_187m_last_token,face,413,face::train::023736.jpg,face::train::150659.jpg,0.9891066727587804
mamba3_siso_187m_last_token,face,414,face::train::008309.jpg,face::test::188858.jpg,0.9890884041650488
mamba3_siso_187m_last_token,face,415,face::train::091980.jpg,face::train::008309.jpg,0.9890824113099135
mamba3_siso_187m_last_token,face,416,face::train::042973.jpg,face::train::001042.jpg,0.989044486799239
mamba3_siso_187m_last_token,face,417,face::train::150659.jpg,face::train::092618.jpg,0.9890209983942946
mamba3_siso_187m_last_token,face,418,face::train::053065.jpg,face::train::178129.jpg,0.9889814864034672
mamba3_siso_187m_last_token,face,419,face::train::137722.jpg,face::train::114832.jpg,0.9889605475081139
mamba3_siso_187m_last_token,face,420,face::train::101485.jpg,face::test::186223.jpg,0.9889243540998526
mamba3_siso_187m_last_token,face,421,face::train::082954.jpg,face::test::201409.jpg,0.9889153630903689
mamba3_siso_187m_last_token,face,422,face::train::166091.jpg,face::train::060309.jpg,0.9888968275152257
mamba3_siso_187m_last_token,face,423,face::train::178182.jpg,face::test::196777.jpg,0.9888676974609101
mamba3_siso_187m_last_token,face,424,face::train::081413.jpg,face::test::185812.jpg,0.9888508670323854
mamba3_siso_187m_last_token,face,425,face::train::082954.jpg,face::test::189858.jpg,0.9888508459812864
mamba3_siso_187m_last_token,face,426,face::train::129132.jpg,face::train::032580.jpg,0.9888157798539821
mamba3_siso_187m_last_token,face,427,face::train::073196.jpg,face::test::196777.jpg,0.988815245138498
mamba3_siso_187m_last_token,face,428,face::train::114832.jpg,face::train::065762.jpg,0.9887987090538525
mamba3_siso_187m_last_token,face,429,face::train::178129.jpg,face::train::032580.jpg,0.9887916411245401
mamba3_siso_187m_last_token,face,430,face::train::063618.jpg,face::test::188858.jpg,0.9887872145550212
mamba3_siso_187m_last_token,face,431,face::train::091980.jpg,face::train::114832.jpg,0.9887707939987903
mamba3_siso_187m_last_token,face,432,face::train::081413.jpg,face::train::143554.jpg,0.9885879266244612
mamba3_siso_187m_last_token,face,433,face::train::042973.jpg,face::test::189858.jpg,0.9885859403228481
mamba3_siso_187m_last_token,face,434,face::train::065762.jpg,face::test::196777.jpg,0.9885776613385874
mamba3_siso_187m_last_token,face,435,face::train::081413.jpg,face::train::073196.jpg,0.9885611530673407
mamba3_siso_187m_last_token,face,436,face::train::168471.jpg,face::train::082954.jpg,0.988548812049189
mamba3_siso_187m_last_token,face,437,face::train::129132.jpg,face::train::063708.jpg,0.988536473977408
mamba3_siso_187m_last_token,face,438,face::train::091980.jpg,face::train::123459.jpg,0.9885017334830614
mamba3_siso_187m_last_token,face,439,face::train::114832.jpg,face::train::092618.jpg,0.9884648220135316
mamba3_siso_187m_last_token,face,440,face::train::150659.jpg,face::test::188858.jpg,0.9884109001884299
mamba3_siso_187m_last_token,face,441,face::train::090489.jpg,face::train::141457.jpg,0.98839684854213
mamba3_siso_187m_last_token,face,442,face::train::081413.jpg,face::train::123459.jpg,0.9883962568765707
mamba3_siso_187m_last_token,face,443,face::train::092618.jpg,face::test::186223.jpg,0.9883926775566444
mamba3_siso_187m_last_token,face,444,face::train::060555.jpg,face::test::186223.jpg,0.9883792187687633
mamba3_siso_187m_last_token,face,445,face::train::137722.jpg,face::train::141457.jpg,0.9883367511301218
mamba3_siso_187m_last_token,face,446,face::train::008309.jpg,face::test::189457.jpg,0.9882542274213288
mamba3_siso_187m_last_token,face,447,face::train::042973.jpg,face::test::188858.jpg,0.9882517583122311
mamba3_siso_187m_last_token,face,448,face::train::008309.jpg,face::train::150659.jpg,0.9882233202878886
mamba3_siso_187m_last_token,face,449,face::train::178182.jpg,face::train::168471.jpg,0.9882108695230805
mamba3_siso_187m_last_token,face,450,face::train::178129.jpg,face::test::196777.jpg,0.9881316919001719
mamba3_siso_187m_last_token,face,451,face::train::032580.jpg,face::test::189457.jpg,0.9881078452689764
mamba3_siso_187m_last_token,face,452,face::train::008309.jpg,face::train::092618.jpg,0.988102186321773
mamba3_siso_187m_last_token,face,453,face::train::141457.jpg,face::test::183801.jpg,0.9880958265103336
mamba3_siso_187m_last_token,face,454,face::train::060555.jpg,face::train::178129.jpg,0.9880957375028189
mamba3_siso_187m_last_token,face,455,face::train::060555.jpg,face::test::189858.jpg,0.9880884079802243
mamba3_siso_187m_last_token,face,456,face::train::137722.jpg,face::train::063708.jpg,0.9880781408826693
mamba3_siso_187m_last_token,face,457,face::train::071174.jpg,face::train::114832.jpg,0.9880491366836315
mamba3_siso_187m_last_token,face,458,face::train::090489.jpg,face::train::092618.jpg,0.9880427005736319
mamba3_siso_187m_last_token,face,459,face::train::091980.jpg,face::train::178129.jpg,0.9880302061038111
mamba3_siso_187m_last_token,face,460,face::train::143554.jpg,face::train::001042.jpg,0.9879769241155251
mamba3_siso_187m_last_token,face,461,face::train::168471.jpg,face::test::201409.jpg,0.9879376032144493
mamba3_siso_187m_last_token,face,462,face::train::168471.jpg,face::train::063708.jpg,0.9879294155457837
mamba3_siso_187m_last_token,face,463,face::train::137722.jpg,face::train::090489.jpg,0.987887161522984
mamba3_siso_187m_last_token,face,464,face::train::114832.jpg,face::train::178129.jpg,0.9878803826787441
mamba3_siso_187m_last_token,face,465,face::train::121281.jpg,face::train::090489.jpg,0.9878712610611508
mamba3_siso_187m_last_token,face,466,face::train::090489.jpg,face::train::089537.jpg,0.9878469919610079
mamba3_siso_187m_last_token,face,467,face::train::081413.jpg,face::train::071174.jpg,0.9878391620305309
mamba3_siso_187m_last_token,face,468,face::train::143554.jpg,face::train::088914.jpg,0.9877704849202664
mamba3_siso_187m_last_token,face,469,face::train::091980.jpg,face::train::150659.jpg,0.9877485207977943
mamba3_siso_187m_last_token,face,470,face::train::032580.jpg,face::test::186223.jpg,0.9876925177389931
mamba3_siso_187m_last_token,face,471,face::train::026996.jpg,face::train::092618.jpg,0.9876471258558255
mamba3_siso_187m_last_token,face,472,face::train::063708.jpg,face::train::073196.jpg,0.9876409746793235
mamba3_siso_187m_last_token,face,473,face::train::090489.jpg,face::train::143554.jpg,0.987622650412949
mamba3_siso_187m_last_token,face,474,face::train::060555.jpg,face::train::141457.jpg,0.9876195976417342
mamba3_siso_187m_last_token,face,475,face::train::082954.jpg,face::train::178129.jpg,0.9875739070090582
mamba3_siso_187m_last_token,face,476,face::train::123459.jpg,face::test::186223.jpg,0.9875721923682402
mamba3_siso_187m_last_token,face,477,face::train::073196.jpg,face::train::032580.jpg,0.9875668518320504
mamba3_siso_187m_last_token,face,478,face::train::008309.jpg,face::train::178129.jpg,0.9875654515456185
mamba3_siso_187m_last_token,face,479,face::train::166091.jpg,face::test::184003.jpg,0.9875311022237557
mamba3_siso_187m_last_token,face,480,face::train::101485.jpg,face::train::141457.jpg,0.9875299991231279
mamba3_siso_187m_last_token,face,481,face::train::081413.jpg,face::train::063708.jpg,0.9875214298728343
mamba3_siso_187m_last_token,face,482,face::train::092618.jpg,face::test::196777.jpg,0.9875031963539479
mamba3_siso_187m_last_token,face,483,face::train::082954.jpg,face::train::123459.jpg,0.9874495016290715
mamba3_siso_187m_last_token,face,484,face::train::073196.jpg,face::train::001042.jpg,0.9874478549822596
mamba3_siso_187m_last_token,face,485,face::train::081413.jpg,face::train::063618.jpg,0.9874420792646252
mamba3_siso_187m_last_token,face,486,face::train::123459.jpg,face::test::201409.jpg,0.987415869331192
mamba3_siso_187m_last_token,face,487,face::train::150659.jpg,face::train::141457.jpg,0.9874132501723677
mamba3_siso_187m_last_token,face,488,face::train::060555.jpg,face::train::123459.jpg,0.9873765415054395
mamba3_siso_187m_last_token,face,489,face::train::157804.jpg,face::train::138886.jpg,0.9873680337828228
mamba3_siso_187m_last_token,face,490,face::train::101485.jpg,face::train::082954.jpg,0.9873661932710305
mamba3_siso_187m_last_token,face,491,face::train::143554.jpg,face::train::060555.jpg,0.9873512527809496
mamba3_siso_187m_last_token,face,492,face::train::121281.jpg,face::train::063708.jpg,0.9873493290100477
mamba3_siso_187m_last_token,face,493,face::train::065762.jpg,face::train::123459.jpg,0.987338875661068
mamba3_siso_187m_last_token,face,494,face::train::088914.jpg,face::test::201409.jpg,0.9873233476251285
mamba3_siso_187m_last_token,face,495,face::train::092618.jpg,face::train::088914.jpg,0.987303603748081
mamba3_siso_187m_last_token,face,496,face::train::168471.jpg,face::train::042973.jpg,0.9872928283468669
mamba3_siso_187m_last_token,face,497,face::train::150659.jpg,face::test::185812.jpg,0.9872899280602374
mamba3_siso_187m_last_token,face,498,face::train::053065.jpg,face::test::189457.jpg,0.9872721550957225
mamba3_siso_187m_last_token,face,499,face::train::141457.jpg,face::test::201409.jpg,0.9872545108305048
mamba3_siso_187m_last_token,face,500,face::train::129132.jpg,face::test::188858.jpg,0.9871965759884804
mamba3_siso_187m_last_token,face,501,face::train::063618.jpg,face::train::073196.jpg,0.9871433416312532
mamba3_siso_187m_last_token,face,502,face::train::053065.jpg,face::train::088914.jpg,0.9871287693326192
mamba3_siso_187m_last_token,face,503,face::train::081413.jpg,face::train::137722.jpg,0.9870798110033894
mamba3_siso_187m_last_token,face,504,face::test::189457.jpg,face::test::188858.jpg,0.9870648037010329
mamba3_siso_187m_last_token,face,505,face::train::150659.jpg,face::train::032580.jpg,0.9870420579418537
mamba3_siso_187m_last_token,face,506,face::train::063618.jpg,face::train::042973.jpg,0.9870168097564183
mamba3_siso_187m_last_token,face,507,face::train::008309.jpg,face::train::089537.jpg,0.9869734861698921
mamba3_siso_187m_last_token,face,508,face::train::008309.jpg,face::train::178182.jpg,0.9869713240946597
mamba3_siso_187m_last_token,face,509,face::train::129132.jpg,face::train::143554.jpg,0.9869690080943478
mamba3_siso_187m_last_token,face,510,face::train::092618.jpg,face::test::188858.jpg,0.9869675409427922
mamba3_siso_187m_last_token,face,511,face::train::023736.jpg,face::train::025692.jpg,0.9869144539843588
mamba3_siso_187m_last_token,face,512,face::train::143554.jpg,face::train::089537.jpg,0.9869119144577478
mamba3_siso_187m_last_token,face,513,face::train::063708.jpg,face::test::189457.jpg,0.9867993743456217
mamba3_siso_187m_last_token,face,514,face::train::129132.jpg,face::train::053065.jpg,0.9867918062579636
mamba3_siso_187m_last_token,face,515,face::train::026996.jpg,face::train::088914.jpg,0.9867807455688996
mamba3_siso_187m_last_token,face,516,face::train::042973.jpg,face::train::088914.jpg,0.9867541058273293
mamba3_siso_187m_last_token,face,517,face::train::123459.jpg,face::train::141457.jpg,0.9867488255828314
mamba3_siso_187m_last_token,face,518,face::train::071174.jpg,face::train::026996.jpg,0.9867358478942071
mamba3_siso_187m_last_token,face,519,face::train::091980.jpg,face::train::121281.jpg,0.9867242531843492
mamba3_siso_187m_last_token,face,520,face::train::071174.jpg,face::test::188858.jpg,0.9867164200869327
mamba3_siso_187m_last_token,face,521,face::train::071174.jpg,face::train::088914.jpg,0.986685701586669
mamba3_siso_187m_last_token,face,522,face::train::008309.jpg,face::train::129132.jpg,0.9866726599304281
mamba3_siso_187m_last_token,face,523,face::train::178182.jpg,face::train::092618.jpg,0.9866706939401747
mamba3_siso_187m_last_token,face,524,face::train::090489.jpg,face::train::063618.jpg,0.9866299082996086
mamba3_siso_187m_last_token,face,525,face::train::071174.jpg,face::train::141457.jpg,0.9866007703669317
mamba3_siso_187m_last_token,face,526,face::train::178182.jpg,face::test::201409.jpg,0.9865855778522086
mamba3_siso_187m_last_token,face,527,face::train::090489.jpg,face::test::186223.jpg,0.9865800349913303
mamba3_siso_187m_last_token,face,528,face::train::065762.jpg,face::train::150659.jpg,0.9865603007660811
mamba3_siso_187m_last_token,face,529,face::train::063618.jpg,face::train::060555.jpg,0.9865535592456627
mamba3_siso_187m_last_token,face,530,face::train::088914.jpg,face::train::141457.jpg,0.9865458648203989
mamba3_siso_187m_last_token,face,531,face::train::143554.jpg,face::train::082954.jpg,0.9865044179624896
mamba3_siso_187m_last_token,face,532,face::train::042973.jpg,face::test::201409.jpg,0.9864880561236864
mamba3_siso_187m_last_token,face,533,face::train::071174.jpg,face::train::101485.jpg,0.9864851025648992
mamba3_siso_187m_last_token,face,534,face::train::137722.jpg,face::train::008309.jpg,0.9864715286909288
mamba3_siso_187m_last_token,face,535,face::train::178182.jpg,face::train::001042.jpg,0.9864563380315552
mamba3_siso_187m_last_token,face,536,face::train::071174.jpg,face::train::178182.jpg,0.9863957698606429
mamba3_siso_187m_last_token,face,537,face::train::088914.jpg,face::train::001042.jpg,0.9863802186638108
mamba3_siso_187m_last_token,face,538,face::train::137722.jpg,face::train::053065.jpg,0.9863479195005634
mamba3_siso_187m_last_token,face,539,face::train::081413.jpg,face::train::178129.jpg,0.9863147328443781
mamba3_siso_187m_last_token,face,540,face::train::143554.jpg,face::train::150659.jpg,0.9863070794458276
mamba3_siso_187m_last_token,face,541,face::train::073196.jpg,face::test::189858.jpg,0.9862949130795432
mamba3_siso_187m_last_token,face,542,face::train::073196.jpg,face::test::185812.jpg,0.986291100455648
mamba3_siso_187m_last_token,face,543,face::train::178182.jpg,face::test::186223.jpg,0.9862859473479153
mamba3_siso_187m_last_token,face,544,face::train::025692.jpg,face::test::185812.jpg,0.9862657629994602
mamba3_siso_187m_last_token,face,545,face::train::170623.jpg,face::train::109762.jpg,0.9862590503586984
mamba3_siso_187m_last_token,face,546,face::train::168471.jpg,face::test::188858.jpg,0.9862372091490323
mamba3_siso_187m_last_token,face,547,face::train::081413.jpg,face::train::001042.jpg,0.9862154844849891
mamba3_siso_187m_last_token,face,548,face::train::065762.jpg,face::test::188858.jpg,0.986179733505152
mamba3_siso_187m_last_token,face,549,face::train::026996.jpg,face::train::001042.jpg,0.9861567673005266
mamba3_siso_187m_last_token,face,550,face::train::060555.jpg,face::train::150659.jpg,0.9861498583573337
mamba3_siso_187m_last_token,face,551,face::train::143554.jpg,face::test::188858.jpg,0.9861465426481624
mamba3_siso_187m_last_token,face,552,face::train::157804.jpg,face::train::008309.jpg,0.9861237951529817
mamba3_siso_187m_last_token,face,553,face::train::149220.jpg,face::train::082954.jpg,0.9861079371270819
mamba3_siso_187m_last_token,face,554,face::train::089537.jpg,face::test::188858.jpg,0.9860701939201161
mamba3_siso_187m_last_token,face,555,face::train::023736.jpg,face::train::073196.jpg,0.9860572047354745
mamba3_siso_187m_last_token,face,556,face::train::143554.jpg,face::train::123459.jpg,0.9860540285206434
mamba3_siso_187m_last_token,face,557,face::train::168471.jpg,face::train::026996.jpg,0.986051346634327
mamba3_siso_187m_last_token,face,558,face::test::183801.jpg,face::test::196777.jpg,0.9860333757383163
mamba3_siso_187m_last_token,face,559,face::train::063618.jpg,face::train::026996.jpg,0.9860169262662828
mamba3_siso_187m_last_token,face,560,face::train::060555.jpg,face::test::183801.jpg,0.9860168572165848
mamba3_siso_187m_last_token,face,561,face::train::063708.jpg,face::test::186223.jpg,0.985959973457415
mamba3_siso_187m_last_token,face,562,face::train::026996.jpg,face::test::189858.jpg,0.9859520262802378
mamba3_siso_187m_last_token,face,563,face::train::090489.jpg,face::test::183801.jpg,0.9859475555052613
mamba3_siso_187m_last_token,face,564,face::train::053065.jpg,face::train::089537.jpg,0.9859313248048139
mamba3_siso_187m_last_token,face,565,face::train::101485.jpg,face::train::149220.jpg,0.9858961038060362
mamba3_siso_187m_last_token,face,566,face::train::114832.jpg,face::train::001042.jpg,0.9857723440125252
mamba3_siso_187m_last_token,face,567,face::train::137722.jpg,face::train::101485.jpg,0.9857655896619478
mamba3_siso_187m_last_token,face,568,face::train::149220.jpg,face::train::060555.jpg,0.985744241226652
mamba3_siso_187m_last_token,face,569,face::train::143554.jpg,face::test::201409.jpg,0.98574093964575
mamba3_siso_187m_last_token,face,570,face::train::065762.jpg,face::train::073196.jpg,0.9857151985141382
mamba3_siso_187m_last_token,face,571,face::train::071174.jpg,face::train::008309.jpg,0.9856860129854902
mamba3_siso_187m_last_token,face,572,face::train::023736.jpg,face::train::088914.jpg,0.9856809744597449
mamba3_siso_187m_last_token,face,573,face::train::025692.jpg,face::test::201409.jpg,0.9856486351734048
mamba3_siso_187m_last_token,face,574,face::train::090489.jpg,face::train::129132.jpg,0.985646879429042
mamba3_siso_187m_last_token,face,575,face::train::088914.jpg,face::train::032580.jpg,0.9856332273071633
mamba3_siso_187m_last_token,face,576,face::train::023736.jpg,face::train::123459.jpg,0.9855999877006815
mamba3_siso_187m_last_token,face,577,face::train::090489.jpg,face::test::201409.jpg,0.9855719169219006
mamba3_siso_187m_last_token,face,578,face::train::042973.jpg,face::test::183801.jpg,0.9855544780310626
mamba3_siso_187m_last_token,face,579,face::train::114832.jpg,face::train::178182.jpg,0.9855009249957247
mamba3_siso_187m_last_token,face,580,face::train::091980.jpg,face::test::189457.jpg,0.9854916057461443
mamba3_siso_187m_last_token,face,581,face::train::026996.jpg,face::test::188858.jpg,0.985484341567584
mamba3_siso_187m_last_token,face,582,face::train::090489.jpg,face::test::189858.jpg,0.9854114634274842
mamba3_siso_187m_last_token,face,583,face::train::042973.jpg,face::test::186223.jpg,0.9853929708993694
mamba3_siso_187m_last_token,face,584,face::train::149220.jpg,face::train::042973.jpg,0.9853323086624515
mamba3_siso_187m_last_token,face,585,face::train::060555.jpg,face::train::042973.jpg,0.98529158658294
mamba3_siso_187m_last_token,face,586,face::train::101485.jpg,face::train::178129.jpg,0.9852861595963451
mamba3_siso_187m_last_token,face,587,face::train::082954.jpg,face::test::196777.jpg,0.9852791287374162
mamba3_siso_187m_last_token,face,588,face::train::143554.jpg,face::test::196611.jpg,0.9852698410898495
mamba3_siso_187m_last_token,face,589,face::train::063618.jpg,face::train::082954.jpg,0.9852646745941398
mamba3_siso_187m_last_token,face,590,face::train::073196.jpg,face::train::141457.jpg,0.9852353991972469
mamba3_siso_187m_last_token,face,591,face::train::053065.jpg,face::train::092618.jpg,0.9851895861139286
mamba3_siso_187m_last_token,face,592,face::train::053065.jpg,face::test::189858.jpg,0.9851441226524685
mamba3_siso_187m_last_token,face,593,face::train::137722.jpg,face::train::091980.jpg,0.9851235629418466
mamba3_siso_187m_last_token,face,594,face::train::141457.jpg,face::train::001042.jpg,0.9851146014460782
mamba3_siso_187m_last_token,face,595,face::train::101485.jpg,face::train::001042.jpg,0.985113872690482
mamba3_siso_187m_last_token,face,596,face::train::008309.jpg,face::test::189858.jpg,0.9851000261546781
mamba3_siso_187m_last_token,face,597,face::train::178182.jpg,face::train::073196.jpg,0.9850807022675729
mamba3_siso_187m_last_token,face,598,face::train::073196.jpg,face::test::186223.jpg,0.9850454368770172
mamba3_siso_187m_last_token,face,599,face::train::081413.jpg,face::test::189858.jpg,0.9850231617123679
mamba3_siso_187m_last_token,face,600,face::train::090489.jpg,face::train::149220.jpg,0.9850091240057345
mamba3_siso_187m_last_token,face,601,face::train::081413.jpg,face::train::082954.jpg,0.9850085962532897
mamba3_siso_187m_last_token,face,602,face::train::129132.jpg,face::train::141457.jpg,0.9849775976717439
mamba3_siso_187m_last_token,face,603,face::train::063708.jpg,face::train::178129.jpg,0.9849687949130076
mamba3_siso_187m_last_token,face,604,face::train::091980.jpg,face::train::129132.jpg,0.984963864628855
mamba3_siso_187m_last_token,face,605,face::train::101485.jpg,face::test::183801.jpg,0.9849392768311572
mamba3_siso_187m_last_token,face,606,face::train::063618.jpg,face::test::196777.jpg,0.9849319529511513
mamba3_siso_187m_last_token,face,607,face::train::150659.jpg,face::train::082954.jpg,0.9849150241295843
mamba3_siso_187m_last_token,face,608,face::train::001042.jpg,face::test::188858.jpg,0.9848783572277006
mamba3_siso_187m_last_token,face,609,face::train::081413.jpg,face::test::183801.jpg,0.9848757343341012
mamba3_siso_187m_last_token,face,610,face::train::090489.jpg,face::train::178129.jpg,0.9848697944183435
mamba3_siso_187m_last_token,face,611,face::train::081413.jpg,face::train::101485.jpg,0.984841113192449
mamba3_siso_187m_last_token,face,612,face::train::081413.jpg,face::train::150659.jpg,0.9847793126876778
mamba3_siso_187m_last_token,face,613,face::train::025692.jpg,face::train::001042.jpg,0.9847703290487234
mamba3_siso_187m_last_token,face,614,face::test::189858.jpg,face::test::196777.jpg,0.9847689784902606
mamba3_siso_187m_last_token,face,615,face::train::149220.jpg,face::train::073196.jpg,0.9847447041345848
mamba3_siso_187m_last_token,face,616,face::train::063708.jpg,face::train::123459.jpg,0.9847032604080561
mamba3_siso_187m_last_token,face,617,face::test::196777.jpg,face::test::201409.jpg,0.9846903934795866
mamba3_siso_187m_last_token,face,618,face::test::188858.jpg,face::test::196777.jpg,0.984615665333899
mamba3_siso_187m_last_token,face,619,face::train::026996.jpg,face::test::186223.jpg,0.9846072003645266
mamba3_siso_187m_last_token,face,620,face::train::063618.jpg,face::train::101485.jpg,0.9845793562852588
mamba3_siso_187m_last_token,face,621,face::train::073196.jpg,face::train::088914.jpg,0.9845733104151296
mamba3_siso_187m_last_token,face,622,face::train::026996.jpg,face::test::183801.jpg,0.9845579140714664
mamba3_siso_187m_last_token,face,623,face::train::081413.jpg,face::train::089537.jpg,0.984443622719806
mamba3_siso_187m_last_token,face,624,face::train::141457.jpg,face::test::186223.jpg,0.9844166204326814
mamba3_siso_187m_last_token,face,625,face::test::188858.jpg,face::test::201409.jpg,0.984369269760673
mamba3_siso_187m_last_token,face,626,face::train::089537.jpg,face::train::141457.jpg,0.9843425946628335
mamba3_siso_187m_last_token,face,627,face::train::101485.jpg,face::train::092618.jpg,0.984256387066776
mamba3_siso_187m_last_token,face,628,face::train::088914.jpg,face::test::196777.jpg,0.9842259951401771
mamba3_siso_187m_last_token,face,629,face::train::170623.jpg,face::train::157804.jpg,0.9842041563968078
mamba3_siso_187m_last_token,face,630,face::train::063618.jpg,face::train::063708.jpg,0.9841511864111729
mamba3_siso_187m_last_token,face,631,face::train::082954.jpg,face::train::073196.jpg,0.984139142546864
mamba3_siso_187m_last_token,face,632,face::train::178182.jpg,face::train::032580.jpg,0.9841362408706043
mamba3_siso_187m_last_token,face,633,face::train::025692.jpg,face::train::082954.jpg,0.9840393128353209
mamba3_siso_187m_last_token,face,634,face::train::063708.jpg,face::test::183801.jpg,0.9840378835604321
mamba3_siso_187m_last_token,face,635,face::test::186223.jpg,face::test::196777.jpg,0.9839910351763246
mamba3_siso_187m_last_token,face,636,face::train::091980.jpg,face::train::063618.jpg,0.9839670921017462
mamba3_siso_187m_last_token,face,637,face::train::121281.jpg,face::train::101485.jpg,0.9839471032196331
mamba3_siso_187m_last_token,face,638,face::train::053065.jpg,face::train::063618.jpg,0.9839366721151293
mamba3_siso_187m_last_token,face,639,face::train::081413.jpg,face::train::149220.jpg,0.9839271520831927
mamba3_siso_187m_last_token,face,640,face::train::073196.jpg,face::test::201409.jpg,0.9839265643308783
mamba3_siso_187m_last_token,face,641,face::train::143554.jpg,face::train::063708.jpg,0.9838523073008636
mamba3_siso_187m_last_token,face,642,face::train::121281.jpg,face::train::065762.jpg,0.9837494939900153
mamba3_siso_187m_last_token,face,643,face::train::081413.jpg,face::train::138886.jpg,0.9837342791687377
mamba3_siso_187m_last_token,face,644,face::train::082954.jpg,face::train::042973.jpg,0.9836680309773216
mamba3_siso_187m_last_token,face,645,face::train::141457.jpg,face::test::188858.jpg,0.9836141373650743
mamba3_siso_187m_last_token,face,646,face::train::143554.jpg,face::test::189457.jpg,0.9835548761592482
mamba3_siso_187m_last_token,face,647,face::train::138886.jpg,face::train::109762.jpg,0.9835503848226184
mamba3_siso_187m_last_token,face,648,face::train::090489.jpg,face::test::189457.jpg,0.983508861085862
mamba3_siso_187m_last_token,face,649,face::train::026996.jpg,face::test::201409.jpg,0.9834839646130481
mamba3_siso_187m_last_token,face,650,face::train::090489.jpg,face::train::025692.jpg,0.9834811370557822
mamba3_siso_187m_last_token,face,651,face::train::008309.jpg,face::train::088914.jpg,0.9834779238067092
mamba3_siso_187m_last_token,face,652,face::train::042973.jpg,face::test::185812.jpg,0.9834691017671098
mamba3_siso_187m_last_token,face,653,face::test::186223.jpg,face::test::188858.jpg,0.9834520034128755
mamba3_siso_187m_last_token,face,654,face::train::063708.jpg,face::train::150659.jpg,0.9834467896622011
mamba3_siso_187m_last_token,face,655,face::train::089537.jpg,face::train::101485.jpg,0.9834305775801783
mamba3_siso_187m_last_token,face,656,face::train::081413.jpg,face::train::042973.jpg,0.9834305528059253
mamba3_siso_187m_last_token,face,657,face::train::053065.jpg,face::train::149220.jpg,0.9834259328689227
mamba3_siso_187m_last_token,face,658,face::train::065762.jpg,face::train::088914.jpg,0.9833838356838753
mamba3_siso_187m_last_token,face,659,face::train::090489.jpg,face::train::073196.jpg,0.9833757891531641
mamba3_siso_187m_last_token,face,660,face::train::065762.jpg,face::test::189457.jpg,0.9833634011350983
mamba3_siso_187m_last_token,face,661,face::train::073196.jpg,face::test::183801.jpg,0.983296332419384
mamba3_siso_187m_last_token,face,662,face::train::081413.jpg,face::train::129132.jpg,0.9832493624057793
mamba3_siso_187m_last_token,face,663,face::train::090489.jpg,face::train::150659.jpg,0.9832425638855863
mamba3_siso_187m_last_token,face,664,face::train::042973.jpg,face::train::032580.jpg,0.9831989925904064
mamba3_siso_187m_last_token,face,665,face::train::149220.jpg,face::train::026996.jpg,0.9831793103661343
mamba3_siso_187m_last_token,face,666,face::train::138886.jpg,face::test::188858.jpg,0.9831766800906904
mamba3_siso_187m_last_token,face,667,face::train::063708.jpg,face::train::149220.jpg,0.9831088506113109
mamba3_siso_187m_last_token,face,668,face::train::088914.jpg,face::test::185812.jpg,0.9831017460159399
mamba3_siso_187m_last_token,face,669,face::train::114832.jpg,face::train::088914.jpg,0.9830710972352988
mamba3_siso_187m_last_token,face,670,face::train::101485.jpg,face::train::025692.jpg,0.9830344370137154
mamba3_siso_187m_last_token,face,671,face::train::071174.jpg,face::train::053065.jpg,0.9829966511372337
mamba3_siso_187m_last_token,face,672,face::train::091980.jpg,face::test::183801.jpg,0.9829390609409474
mamba3_siso_187m_last_token,face,673,face::train::114832.jpg,face::train::082954.jpg,0.9829230064011379
mamba3_siso_187m_last_token,face,674,face::train::073196.jpg,face::test::188858.jpg,0.9828706093018429
mamba3_siso_187m_last_token,face,675,face::train::114832.jpg,face::test::189858.jpg,0.9828642400521482
mamba3_siso_187m_last_token,face,676,face::train::143554.jpg,face::train::178182.jpg,0.9828438345047551
mamba3_siso_187m_last_token,face,677,face::train::101485.jpg,face::test::189858.jpg,0.9827855254932493
mamba3_siso_187m_last_token,face,678,face::train::114832.jpg,face::test::186223.jpg,0.9827660122616779
mamba3_siso_187m_last_token,face,679,face::train::065762.jpg,face::train::178129.jpg,0.982741193669844
mamba3_siso_187m_last_token,face,680,face::train::063708.jpg,face::test::201409.jpg,0.9825882522368605
mamba3_siso_187m_last_token,face,681,face::train::008309.jpg,face::train::138886.jpg,0.9825435249818054
mamba3_siso_187m_last_token,face,682,face::train::063708.jpg,face::train::141457.jpg,0.982522593118084
mamba3_siso_187m_last_token,face,683,face::train::063708.jpg,face::test::189858.jpg,0.982513776811231
mamba3_siso_187m_last_token,face,684,face::train::025692.jpg,face::train::060555.jpg,0.9824837251133327
mamba3_siso_187m_last_token,face,685,face::train::114832.jpg,face::test::201409.jpg,0.9824005613996314
mamba3_siso_187m_last_token,face,686,face::train::168471.jpg,face::test::196777.jpg,0.9823857439148621
mamba3_siso_187m_last_token,face,687,face::train::091980.jpg,face::train::149220.jpg,0.9823658569597717
mamba3_siso_187m_last_token,face,688,face::train::091980.jpg,face::test::189858.jpg,0.9823243075883566
mamba3_siso_187m_last_token,face,689,face::train::091980.jpg,face::train::089537.jpg,0.9823096455146745
mamba3_siso_187m_last_token,face,690,face::train::023736.jpg,face::train::042973.jpg,0.9822467141076846
mamba3_siso_187m_last_token,face,691,face::train::091980.jpg,face::train::073196.jpg,0.9821922632141545
mamba3_siso_187m_last_token,face,692,face::train::008309.jpg,face::train::001042.jpg,0.9821546157553457
mamba3_siso_187m_last_token,face,693,face::train::141457.jpg,face::test::196611.jpg,0.9821289999391482
mamba3_siso_187m_last_token,face,694,face::train::090489.jpg,face::train::123459.jpg,0.9821240796388131
mamba3_siso_187m_last_token,face,695,face::train::008309.jpg,face::train::063618.jpg,0.9821213243993722
mamba3_siso_187m_last_token,face,696,face::train::114832.jpg,face::train::060555.jpg,0.9821181512552547
mamba3_siso_187m_last_token,face,697,face::train::178182.jpg,face::train::141457.jpg,0.9820094411724615
mamba3_siso_187m_last_token,face,698,face::train::060555.jpg,face::test::196777.jpg,0.9819907816519586
mamba3_siso_187m_last_token,face,699,face::train::178182.jpg,face::train::023736.jpg,0.9819552229565996
mamba3_siso_187m_last_token,face,700,face::train::114832.jpg,face::test::188858.jpg,0.9818861678983941
mamba3_siso_187m_last_token,face,701,face::train::114832.jpg,face::train::063618.jpg,0.9818722145634482
mamba3_siso_187m_last_token,face,702,face::train::129132.jpg,face::train::101485.jpg,0.9818245962105541
mamba3_siso_187m_last_token,face,703,face::train::082954.jpg,face::train::141457.jpg,0.9818185589423819
mamba3_siso_187m_last_token,face,704,face::train::008309.jpg,face::train::168471.jpg,0.9818116266012824
mamba3_siso_187m_last_token,face,705,face::train::101485.jpg,face::test::201409.jpg,0.981799012545932
mamba3_siso_187m_last_token,face,706,face::train::121281.jpg,face::train::138886.jpg,0.9817939793433275
mamba3_siso_187m_last_token,face,707,face::train::101485.jpg,face::train::150659.jpg,0.981756346016495
mamba3_siso_187m_last_token,face,708,face::train::060309.jpg,face::test::184003.jpg,0.9817010834622838
mamba3_siso_187m_last_token,face,709,face::train::081413.jpg,face::test::189457.jpg,0.9815648156785773
mamba3_siso_187m_last_token,face,710,face::train::141457.jpg,face::test::189457.jpg,0.9815558931876661
mamba3_siso_187m_last_token,face,711,face::train::042973.jpg,face::train::141457.jpg,0.9815115048588263
mamba3_siso_187m_last_token,face,712,face::train::143554.jpg,face::train::073196.jpg,0.9814832634003038
mamba3_siso_187m_last_token,face,713,face::train::137722.jpg,face::train::065762.jpg,0.9813410555517779
mamba3_siso_187m_last_token,face,714,face::test::185812.jpg,face::test::196777.jpg,0.9812183652460414
mamba3_siso_187m_last_token,face,715,face::train::025692.jpg,face::test::189858.jpg,0.9811322938204938
mamba3_siso_187m_last_token,face,716,face::train::138886.jpg,face::train::123459.jpg,0.9810892420902607
mamba3_siso_187m_last_token,face,717,face::train::008309.jpg,face::train::149220.jpg,0.9810780083300886
mamba3_siso_187m_last_token,face,718,face::train::157804.jpg,face::train::053065.jpg,0.9810509078205025
mamba3_siso_187m_last_token,face,719,face::train::114832.jpg,face::test::183801.jpg,0.9810343833818891
mamba3_siso_187m_last_token,face,720,face::train::053065.jpg,face::train::168471.jpg,0.9810304367041437
mamba3_siso_187m_last_token,face,721,face::train::081413.jpg,face::test::201409.jpg,0.9808505145752686
mamba3_siso_187m_last_token,face,722,face::train::114832.jpg,face::train::063708.jpg,0.9807123289956612
mamba3_siso_187m_last_token,face,723,face::train::060555.jpg,face::train::026996.jpg,0.9806689608294517
mamba3_siso_187m_last_token,face,724,face::train::063708.jpg,face::train::042973.jpg,0.9806373489428467
mamba3_siso_187m_last_token,face,725,face::train::114832.jpg,face::train::168471.jpg,0.980619674617351
mamba3_siso_187m_last_token,face,726,face::train::053065.jpg,face::test::201409.jpg,0.9806147247068595
mamba3_siso_187m_last_token,face,727,face::train::071174.jpg,face::train::025692.jpg,0.9805526642987802
mamba3_siso_187m_last_token,face,728,face::train::032580.jpg,face::test::188858.jpg,0.9805173717990121
mamba3_siso_187m_last_token,face,729,face::train::114832.jpg,face::train::149220.jpg,0.980448765044494
mamba3_siso_187m_last_token,face,730,face::train::178182.jpg,face::test::185812.jpg,0.980332232684233
mamba3_siso_187m_last_token,face,731,face::train::149220.jpg,face::test::196777.jpg,0.980255848771524
mamba3_siso_187m_last_token,face,732,face::train::023736.jpg,face::train::026996.jpg,0.9802400382265163
mamba3_siso_187m_last_token,face,733,face::train::053065.jpg,face::train::001042.jpg,0.9802164724817393
mamba3_siso_187m_last_token,face,734,face::train::157804.jpg,face::train::042973.jpg,0.9802164529359148
mamba3_siso_187m_last_token,face,735,face::train::143554.jpg,face::train::042973.jpg,0.9801761018032233
mamba3_siso_187m_last_token,face,736,face::train::129132.jpg,face::train::065762.jpg,0.9801681840787342
mamba3_siso_187m_last_token,face,737,face::train::008309.jpg,face::test::201409.jpg,0.9801087768928805
mamba3_siso_187m_last_token,face,738,face::train::143554.jpg,face::train::025692.jpg,0.9800517237425638
mamba3_siso_187m_last_token,face,739,face::train::008309.jpg,face::test::183801.jpg,0.979971483588517
mamba3_siso_187m_last_token,face,740,face::train::053065.jpg,face::test::183801.jpg,0.9799683126943134
mamba3_siso_187m_last_token,face,741,face::train::114832.jpg,face::test::185812.jpg,0.9799573257029786
mamba3_siso_187m_last_token,face,742,face::train::081413.jpg,face::train::088914.jpg,0.9799094187915848
mamba3_siso_187m_last_token,face,743,face::train::053065.jpg,face::test::186223.jpg,0.9798983390399867
mamba3_siso_187m_last_token,face,744,face::train::089537.jpg,face::train::065762.jpg,0.9798108688594148
mamba3_siso_187m_last_token,face,745,face::train::081413.jpg,face::train::008309.jpg,0.9797476448725015
mamba3_siso_187m_last_token,face,746,face::train::026996.jpg,face::train::032580.jpg,0.979704083395582
mamba3_siso_187m_last_token,face,747,face::train::063618.jpg,face::train::065762.jpg,0.979646415484339
mamba3_siso_187m_last_token,face,748,face::train::025692.jpg,face::test::186223.jpg,0.9795288790212567
mamba3_siso_187m_last_token,face,749,face::train::060555.jpg,face::train::088914.jpg,0.9795167933855059
mamba3_siso_187m_last_token,face,750,face::train::138886.jpg,face::train::042973.jpg,0.9794414535293703
mamba3_siso_187m_last_token,face,751,face::train::091980.jpg,face::train::092618.jpg,0.9793948784532052
mamba3_siso_187m_last_token,face,752,face::train::081413.jpg,face::test::188858.jpg,0.9791538617787604
mamba3_siso_187m_last_token,face,753,face::train::023736.jpg,face::test::196777.jpg,0.9791307748358359
mamba3_siso_187m_last_token,face,754,face::train::138886.jpg,face::train::092618.jpg,0.9790358122174693
mamba3_siso_187m_last_token,face,755,face::train::026996.jpg,face::train::082954.jpg,0.9790289515670406
mamba3_siso_187m_last_token,face,756,face::train::026996.jpg,face::test::185812.jpg,0.978956927059797
mamba3_siso_187m_last_token,face,757,face::train::032580.jpg,face::test::196777.jpg,0.9789413040783687
mamba3_siso_187m_last_token,face,758,face::train::071174.jpg,face::train::091980.jpg,0.9789380539197093
mamba3_siso_187m_last_token,face,759,face::train::081413.jpg,face::test::186223.jpg,0.9789144432761807
mamba3_siso_187m_last_token,face,760,face::train::063708.jpg,face::test::196777.jpg,0.9788899826152648
mamba3_siso_187m_last_token,face,761,face::train::170623.jpg,face::train::060309.jpg,0.9788585978768042
mamba3_siso_187m_last_token,face,762,face::train::170623.jpg,face::test::184003.jpg,0.9788079273759515
mamba3_siso_187m_last_token,face,763,face::train::138886.jpg,face::train::141457.jpg,0.9787790385195619
mamba3_siso_187m_last_token,face,764,face::train::157804.jpg,face::test::188858.jpg,0.9787788850568615
mamba3_siso_187m_last_token,face,765,face::train::081413.jpg,face::train::026996.jpg,0.9787128677204195
mamba3_siso_187m_last_token,face,766,face::train::082954.jpg,face::train::088914.jpg,0.9786771395054994
mamba3_siso_187m_last_token,face,767,face::train::008309.jpg,face::train::141457.jpg,0.9786557564056189
mamba3_siso_187m_last_token,face,768,face::train::091980.jpg,face::test::186223.jpg,0.9785656522216322
mamba3_siso_187m_last_token,face,769,face::train::026996.jpg,face::train::141457.jpg,0.9785506258627125
mamba3_siso_187m_last_token,face,770,face::train::101485.jpg,face::train::073196.jpg,0.9785355939191575
mamba3_siso_187m_last_token,face,771,face::train::138886.jpg,face::train::073196.jpg,0.9785158140498572
mamba3_siso_187m_last_token,face,772,face::train::090489.jpg,face::train::088914.jpg,0.9784711074644697
mamba3_siso_187m_last_token,face,773,face::train::081413.jpg,face::train::178182.jpg,0.9782899915950629
mamba3_siso_187m_last_token,face,774,face::train::025692.jpg,face::train::032580.jpg,0.978285996294416
mamba3_siso_187m_last_token,face,775,face::train::025692.jpg,face::test::183801.jpg,0.9782774851265935
mamba3_siso_187m_last_token,face,776,face::train::032580.jpg,face::test::196611.jpg,0.9782629284876062
mamba3_siso_187m_last_token,face,777,face::train::138886.jpg,face::train::060309.jpg,0.9782586576820749
mamba3_siso_187m_last_token,face,778,face::train::008309.jpg,face::train::060555.jpg,0.978174205851488
mamba3_siso_187m_last_token,face,779,face::train::008309.jpg,face::test::186223.jpg,0.9781184521063835
mamba3_siso_187m_last_token,face,780,face::train::129132.jpg,face::train::025692.jpg,0.9780262997595247
mamba3_siso_187m_last_token,face,781,face::test::185812.jpg,face::test::188858.jpg,0.9779122242221162
mamba3_siso_187m_last_token,face,782,face::train::023736.jpg,face::test::188858.jpg,0.9778293249970076
mamba3_siso_187m_last_token,face,783,face::train::101485.jpg,face::test::189457.jpg,0.9777771559656786
mamba3_siso_187m_last_token,face,784,face::train::168471.jpg,face::train::138886.jpg,0.9777042320301319
mamba3_siso_187m_last_token,face,785,face::train::157804.jpg,face::train::065762.jpg,0.9776812571480534
mamba3_siso_187m_last_token,face,786,face::train::178182.jpg,face::train::082954.jpg,0.9776148953230328
mamba3_siso_187m_last_token,face,787,face::train::101485.jpg,face::train::123459.jpg,0.9774556975324609
mamba3_siso_187m_last_token,face,788,face::train::091980.jpg,face::test::201409.jpg,0.9774372182006648
mamba3_siso_187m_last_token,face,789,face::train::101485.jpg,face::train::088914.jpg,0.9774259671679291
mamba3_siso_187m_last_token,face,790,face::train::114832.jpg,face::train::032580.jpg,0.9773821910793697
mamba3_siso_187m_last_token,face,791,face::train::137722.jpg,face::train::025692.jpg,0.9773601241946915
mamba3_siso_187m_last_token,face,792,face::train::053065.jpg,face::train::138886.jpg,0.9773169399323016
mamba3_siso_187m_last_token,face,793,face::train::063708.jpg,face::train::026996.jpg,0.9773140715182475
mamba3_siso_187m_last_token,face,794,face::train::090489.jpg,face::train::042973.jpg,0.9773005123574615
mamba3_siso_187m_last_token,face,795,face::train::091980.jpg,face::train::001042.jpg,0.9772285965566567
mamba3_siso_187m_last_token,face,796,face::train::063708.jpg,face::train::088914.jpg,0.9771850147841141
mamba3_siso_187m_last_token,face,797,face::train::091980.jpg,face::train::168471.jpg,0.9771763521679872
mamba3_siso_187m_last_token,face,798,face::train::101485.jpg,face::test::196611.jpg,0.9770800789232446
mamba3_siso_187m_last_token,face,799,face::train::008309.jpg,face::train::032580.jpg,0.9770597625208857
mamba3_siso_187m_last_token,face,800,face::train::089537.jpg,face::train::025692.jpg,0.9769051484572305
mamba3_siso_187m_last_token,face,801,face::train::053065.jpg,face::train::141457.jpg,0.9768368543240946
mamba3_siso_187m_last_token,face,802,face::train::060309.jpg,face::test::196611.jpg,0.9766788533216332
mamba3_siso_187m_last_token,face,803,face::train::065762.jpg,face::test::189858.jpg,0.976489987849451
mamba3_siso_187m_last_token,face,804,face::train::149220.jpg,face::train::025692.jpg,0.9764123248497456
mamba3_siso_187m_last_token,face,805,face::train::157804.jpg,face::train::026996.jpg,0.9763788629286553
mamba3_siso_187m_last_token,face,806,face::train::008309.jpg,face::train::082954.jpg,0.9763595049883342
mamba3_siso_187m_last_token,face,807,face::train::114832.jpg,face::train::023736.jpg,0.9763312691341269
mamba3_siso_187m_last_token,face,808,face::train::168471.jpg,face::test::196611.jpg,0.9762262158335511
mamba3_siso_187m_last_token,face,809,face::train::178182.jpg,face::train::060555.jpg,0.976205807227731
mamba3_siso_187m_last_token,face,810,face::train::081413.jpg,face::test::196777.jpg,0.9761276891037225
mamba3_siso_187m_last_token,face,811,face::train::065762.jpg,face::test::183801.jpg,0.9759197818381696
mamba3_siso_187m_last_token,face,812,face::train::008309.jpg,face::train::143554.jpg,0.9758650181278976
mamba3_siso_187m_last_token,face,813,face::train::149220.jpg,face::test::196611.jpg,0.9758308196069811
mamba3_siso_187m_last_token,face,814,face::train::081413.jpg,face::train::114832.jpg,0.975762714192913
mamba3_siso_187m_last_token,face,815,face::train::082954.jpg,face::test::188858.jpg,0.9756569488888511
mamba3_siso_187m_last_token,face,816,face::train::053065.jpg,face::train::032580.jpg,0.9755887062198088
mamba3_siso_187m_last_token,face,817,face::train::157804.jpg,face::train::073196.jpg,0.9755596186294241
mamba3_siso_187m_last_token,face,818,face::train::063708.jpg,face::train::025692.jpg,0.9755163756525885
mamba3_siso_187m_last_token,face,819,face::train::065762.jpg,face::train::092618.jpg,0.9754971496692786
mamba3_siso_187m_last_token,face,820,face::train::008309.jpg,face::test::185812.jpg,0.9754842331535396
mamba3_siso_187m_last_token,face,821,face::train::166091.jpg,face::train::157804.jpg,0.975473799255365
mamba3_siso_187m_last_token,face,822,face::train::025692.jpg,face::train::141457.jpg,0.9754211194000095
mamba3_siso_187m_last_token,face,823,face::train::065762.jpg,face::train::168471.jpg,0.9753739089161906
mamba3_siso_187m_last_token,face,824,face::train::168471.jpg,face::train::025692.jpg,0.9753614080045424
mamba3_siso_187m_last_token,face,825,face::train::081413.jpg,face::train::053065.jpg,0.9752988319375612
mamba3_siso_187m_last_token,face,826,face::train::143554.jpg,face::train::026996.jpg,0.9751648689051918
mamba3_siso_187m_last_token,face,827,face::train::157804.jpg,face::train::123459.jpg,0.9750015614750628
mamba3_siso_187m_last_token,face,828,face::train::157804.jpg,face::train::091980.jpg,0.9748727376590005
mamba3_siso_187m_last_token,face,829,face::train::071174.jpg,face::train::065762.jpg,0.9747130757531839
mamba3_siso_187m_last_token,face,830,face::train::143554.jpg,face::train::138886.jpg,0.9747039360206431
mamba3_siso_187m_last_token,face,831,face::train::060555.jpg,face::test::188858.jpg,0.9746141855894468
mamba3_siso_187m_last_token,face,832,face::train::138886.jpg,face::train::178129.jpg,0.9746125134645104
mamba3_siso_187m_last_token,face,833,face::train::071174.jpg,face::train::138886.jpg,0.9745755937527937
mamba3_siso_187m_last_token,face,834,face::test::185812.jpg,face::test::196611.jpg,0.9745536297599798
mamba3_siso_187m_last_token,face,835,face::train::025692.jpg,face::train::092618.jpg,0.9743329946859344
mamba3_siso_187m_last_token,face,836,face::train::065762.jpg,face::train::001042.jpg,0.9742764314299188
mamba3_siso_187m_last_token,face,837,face::train::053065.jpg,face::train::143554.jpg,0.9742653476850136
mamba3_siso_187m_last_token,face,838,face::train::053065.jpg,face::train::060555.jpg,0.9742499454836915
mamba3_siso_187m_last_token,face,839,face::train::025692.jpg,face::test::189457.jpg,0.9741458703508422
mamba3_siso_187m_last_token,face,840,face::train::065762.jpg,face::train::149220.jpg,0.9741283765848968
mamba3_siso_187m_last_token,face,841,face::train::025692.jpg,face::train::178129.jpg,0.9738792291222927
mamba3_siso_187m_last_token,face,842,face::test::189858.jpg,face::test::196611.jpg,0.9738550432513794
mamba3_siso_187m_last_token,face,843,face::train::081413.jpg,face::test::196611.jpg,0.9738108487756519
mamba3_siso_187m_last_token,face,844,face::test::183801.jpg,face::test::196611.jpg,0.9737675375431292
mamba3_siso_187m_last_token,face,845,face::train::008309.jpg,face::train::023736.jpg,0.9736652619304454
mamba3_siso_187m_last_token,face,846,face::train::178182.jpg,face::train::138886.jpg,0.973645244633449
mamba3_siso_187m_last_token,face,847,face::train::138886.jpg,face::test::189858.jpg,0.9735405504946225
mamba3_siso_187m_last_token,face,848,face::train::090489.jpg,face::train::026996.jpg,0.9734871249579207
mamba3_siso_187m_last_token,face,849,face::train::081413.jpg,face::train::166091.jpg,0.9734524646306504
mamba3_siso_187m_last_token,face,850,face::train::090489.jpg,face::train::178182.jpg,0.9734180555336115
mamba3_siso_187m_last_token,face,851,face::train::157804.jpg,face::train::114832.jpg,0.9733867640880033
mamba3_siso_187m_last_token,face,852,face::train::138886.jpg,face::train::032580.jpg,0.9732421141242258
mamba3_siso_187m_last_token,face,853,face::train::053065.jpg,face::test::185812.jpg,0.9730941994007893
mamba3_siso_187m_last_token,face,854,face::train::121281.jpg,face::train::025692.jpg,0.9728462336724036
mamba3_siso_187m_last_token,face,855,face::train::023736.jpg,face::test::196611.jpg,0.9728081954141286
mamba3_siso_187m_last_token,face,856,face::train::063618.jpg,face::train::025692.jpg,0.9727842075091403
mamba3_siso_187m_last_token,face,857,face::train::137722.jpg,face::train::138886.jpg,0.9727648417811074
mamba3_siso_187m_last_token,face,858,face::train::090489.jpg,face::test::196777.jpg,0.9727436404523018
mamba3_siso_187m_last_token,face,859,face::train::090489.jpg,face::test::196611.jpg,0.9725280944846397
mamba3_siso_187m_last_token,face,860,face::train::157804.jpg,face::train::121281.jpg,0.9725090474448885
mamba3_siso_187m_last_token,face,861,face::train::138886.jpg,face::train::026996.jpg,0.9723931779825442
mamba3_siso_187m_last_token,face,862,face::train::053065.jpg,face::train::023736.jpg,0.9723911964692388
mamba3_siso_187m_last_token,face,863,face::train::170623.jpg,face::test::188858.jpg,0.9723025646001664
mamba3_siso_187m_last_token,face,864,face::train::138886.jpg,face::test::184003.jpg,0.9722995926619722
mamba3_siso_187m_last_token,face,865,face::train::065762.jpg,face::test::201409.jpg,0.9722902824496572
mamba3_siso_187m_last_token,face,866,face::train::178182.jpg,face::train::063708.jpg,0.9722717381652413
mamba3_siso_187m_last_token,face,867,face::train::170623.jpg,face::train::008309.jpg,0.9722693551432847
mamba3_siso_187m_last_token,face,868,face::train::143554.jpg,face::test::196777.jpg,0.9720481152705442
mamba3_siso_187m_last_token,face,869,face::train::114832.jpg,face::train::143554.jpg,0.972043185443263
mamba3_siso_187m_last_token,face,870,face::train::157804.jpg,face::train::092618.jpg,0.9720176953985417
mamba3_siso_187m_last_token,face,871,face::train::053065.jpg,face::train::082954.jpg,0.9719091202621606
mamba3_siso_187m_last_token,face,872,face::train::114832.jpg,face::train::090489.jpg,0.9719005685570731
mamba3_siso_187m_last_token,face,873,face::train::065762.jpg,face::test::186223.jpg,0.9717552503690566
mamba3_siso_187m_last_token,face,874,face::train::141457.jpg,face::test::196777.jpg,0.9717363155793896
mamba3_siso_187m_last_token,face,875,face::train::008309.jpg,face::train::063708.jpg,0.9716117310819032
mamba3_siso_187m_last_token,face,876,face::train::114832.jpg,face::train::141457.jpg,0.971567008658956
mamba3_siso_187m_last_token,face,877,face::train::025692.jpg,face::test::196611.jpg,0.9714813104085609
mamba3_siso_187m_last_token,face,878,face::train::157804.jpg,face::test::196777.jpg,0.9713692558646957
mamba3_siso_187m_last_token,face,879,face::train::091980.jpg,face::train::143554.jpg,0.9711975008166344
mamba3_siso_187m_last_token,face,880,face::train::138886.jpg,face::train::150659.jpg,0.9711162539496516
mamba3_siso_187m_last_token,face,881,face::train::063618.jpg,face::test::196611.jpg,0.9709423863171815
mamba3_siso_187m_last_token,face,882,face::train::060309.jpg,face::train::141457.jpg,0.9709142870264169
mamba3_siso_187m_last_token,face,883,face::train::138886.jpg,face::test::183801.jpg,0.9707972196406176
mamba3_siso_187m_last_token,face,884,face::train::065762.jpg,face::train::138886.jpg,0.9706247404336333
mamba3_siso_187m_last_token,face,885,face::train::101485.jpg,face::train::042973.jpg,0.9705770998972957
mamba3_siso_187m_last_token,face,886,face::train::081413.jpg,face::train::060309.jpg,0.970373989228603
mamba3_siso_187m_last_token,face,887,face::train::063618.jpg,face::train::138886.jpg,0.9702621871265704
mamba3_siso_187m_last_token,face,888,face::train::092618.jpg,face::test::196611.jpg,0.9702067202006808
mamba3_siso_187m_last_token,face,889,face::train::091980.jpg,face::train::138886.jpg,0.9701266232867074
mamba3_siso_187m_last_token,face,890,face::train::091980.jpg,face::train::141457.jpg,0.9700148787455622
mamba3_siso_187m_last_token,face,891,face::train::157804.jpg,face::train::178182.jpg,0.9699776559249185
mamba3_siso_187m_last_token,face,892,face::train::091980.jpg,face::train::032580.jpg,0.9699152044454851
mamba3_siso_187m_last_token,face,893,face::train::138886.jpg,face::train::149220.jpg,0.9698894075424098
mamba3_siso_187m_last_token,face,894,face::train::090489.jpg,face::test::188858.jpg,0.9695981979904342
mamba3_siso_187m_last_token,face,895,face::train::178182.jpg,face::train::101485.jpg,0.9694499676127547
mamba3_siso_187m_last_token,face,896,face::train::170623.jpg,face::train::081413.jpg,0.9694068791134935
mamba3_siso_187m_last_token,face,897,face::train::157804.jpg,face::train::178129.jpg,0.9693466459814615
mamba3_siso_187m_last_token,face,898,face::train::081413.jpg,face::train::025692.jpg,0.9693250034879902
mamba3_siso_187m_last_token,face,899,face::train::138886.jpg,face::train::001042.jpg,0.9692033485298667
mamba3_siso_187m_last_token,face,900,face::train::121281.jpg,face::test::196611.jpg,0.9690685823760936
mamba3_siso_187m_last_token,face,901,face::train::114832.jpg,face::train::138886.jpg,0.9689783428592973
mamba3_siso_187m_last_token,face,902,face::train::089537.jpg,face::train::138886.jpg,0.9688737381809039
mamba3_siso_187m_last_token,face,903,face::train::138886.jpg,face::train::060555.jpg,0.9688647592396272
mamba3_siso_187m_last_token,face,904,face::train::138886.jpg,face::train::088914.jpg,0.968803432775539
mamba3_siso_187m_last_token,face,905,face::train::138886.jpg,face::test::196777.jpg,0.968667703724476
mamba3_siso_187m_last_token,face,906,face::train::071174.jpg,face::test::196611.jpg,0.9686205795603346
mamba3_siso_187m_last_token,face,907,face::train::170623.jpg,face::train::123459.jpg,0.9685913536375146
mamba3_siso_187m_last_token,face,908,face::train::138886.jpg,face::test::189457.jpg,0.9685013974954141
mamba3_siso_187m_last_token,face,909,face::train::053065.jpg,face::train::063708.jpg,0.9683394810030984
mamba3_siso_187m_last_token,face,910,face::train::101485.jpg,face::test::188858.jpg,0.968035557635825
mamba3_siso_187m_last_token,face,911,face::train::025692.jpg,face::train::150659.jpg,0.968015784054216
mamba3_siso_187m_last_token,face,912,face::train::060555.jpg,face::test::196611.jpg,0.9679372540282739
mamba3_siso_187m_last_token,face,913,face::train::166091.jpg,face::train::141457.jpg,0.9679359587217099
mamba3_siso_187m_last_token,face,914,face::train::129132.jpg,face::train::138886.jpg,0.9679124350687704
mamba3_siso_187m_last_token,face,915,face::train::091980.jpg,face::train::023736.jpg,0.9678928025707736
mamba3_siso_187m_last_token,face,916,face::train::063708.jpg,face::test::188858.jpg,0.9678258416571864
mamba3_siso_187m_last_token,face,917,face::train::081413.jpg,face::train::091980.jpg,0.9677618339306059
mamba3_siso_187m_last_token,face,918,face::train::081413.jpg,face::train::065762.jpg,0.9677407209826694
mamba3_siso_187m_last_token,face,919,face::train::091980.jpg,face::test::185812.jpg,0.9674987490427714
mamba3_siso_187m_last_token,face,920,face::train::081413.jpg,face::train::109762.jpg,0.9674939754480302
mamba3_siso_187m_last_token,face,921,face::train::166091.jpg,face::train::092618.jpg,0.9671973509342605
mamba3_siso_187m_last_token,face,922,face::train::090489.jpg,face::train::008309.jpg,0.9671729604406949
mamba3_siso_187m_last_token,face,923,face::train::166091.jpg,face::test::196611.jpg,0.9670958373819125
mamba3_siso_187m_last_token,face,924,face::train::137722.jpg,face::train::157804.jpg,0.9670773528618526
mamba3_siso_187m_last_token,face,925,face::train::091980.jpg,face::train::082954.jpg,0.9670513103711111
mamba3_siso_187m_last_token,face,926,face::train::101485.jpg,face::train::026996.jpg,0.9670336727528759
mamba3_siso_187m_last_token,face,927,face::train::143554.jpg,face::train::060309.jpg,0.9669718715752404
mamba3_siso_187m_last_token,face,928,face::train::178129.jpg,face::test::196611.jpg,0.9669413513382701
mamba3_siso_187m_last_token,face,929,face::train::071174.jpg,face::train::157804.jpg,0.9669309584307179
mamba3_siso_187m_last_token,face,930,face::train::065762.jpg,face::train::032580.jpg,0.9669095891005911
mamba3_siso_187m_last_token,face,931,face::test::188858.jpg,face::test::196611.jpg,0.9668575140939051
mamba3_siso_187m_last_token,face,932,face::train::170623.jpg,face::train::053065.jpg,0.9668196710503721
mamba3_siso_187m_last_token,face,933,face::train::138886.jpg,face::test::185812.jpg,0.9665981524149575
mamba3_siso_187m_last_token,face,934,face::train::166091.jpg,face::test::188858.jpg,0.9665193755668262
mamba3_siso_187m_last_token,face,935,face::train::157804.jpg,face::test::189457.jpg,0.966499026886134
mamba3_siso_187m_last_token,face,936,face::train::065762.jpg,face::train::141457.jpg,0.9663363597600093
mamba3_siso_187m_last_token,face,937,face::train::170623.jpg,face::train::121281.jpg,0.9659852881650719
mamba3_siso_187m_last_token,face,938,face::train::157804.jpg,face::train::109762.jpg,0.9658991482689171
mamba3_siso_187m_last_token,face,939,face::train::023736.jpg,face::train::138886.jpg,0.9655619577145178
mamba3_siso_187m_last_token,face,940,face::train::157804.jpg,face::train::150659.jpg,0.9655575277921986
mamba3_siso_187m_last_token,face,941,face::train::091980.jpg,face::train::060555.jpg,0.9655122217378652
mamba3_siso_187m_last_token,face,942,face::train::090489.jpg,face::train::053065.jpg,0.9654036568676321
mamba3_siso_187m_last_token,face,943,face::train::001042.jpg,face::test::196611.jpg,0.9652991756811314
mamba3_siso_187m_last_token,face,944,face::train::166091.jpg,face::train::143554.jpg,0.9652212096136737
mamba3_siso_187m_last_token,face,945,face::train::088914.jpg,face::test::196611.jpg,0.9652141185664073
mamba3_siso_187m_last_token,face,946,face::test::186223.jpg,face::test::196611.jpg,0.9651846217412773
mamba3_siso_187m_last_token,face,947,face::train::137722.jpg,face::test::196611.jpg,0.9650384084198409
mamba3_siso_187m_last_token,face,948,face::train::025692.jpg,face::train::088914.jpg,0.9649726251274647
mamba3_siso_187m_last_token,face,949,face::train::170623.jpg,face::train::042973.jpg,0.964942663277105
mamba3_siso_187m_last_token,face,950,face::train::082954.jpg,face::test::196611.jpg,0.9648558664685102
mamba3_siso_187m_last_token,face,951,face::train::065762.jpg,face::train::023736.jpg,0.9648451036183081
mamba3_siso_187m_last_token,face,952,face::train::081413.jpg,face::train::157804.jpg,0.9648072869623869
mamba3_siso_187m_last_token,face,953,face::train::157804.jpg,face::train::168471.jpg,0.9647113631577569
mamba3_siso_187m_last_token,face,954,face::train::170623.jpg,face::train::141457.jpg,0.9646967891944475
mamba3_siso_187m_last_token,face,955,face::train::114832.jpg,face::train::101485.jpg,0.9646699879671481
mamba3_siso_187m_last_token,face,956,face::train::101485.jpg,face::test::196777.jpg,0.9646295048402587
mamba3_siso_187m_last_token,face,957,face::train::166091.jpg,face::train::123459.jpg,0.9645488949392841
mamba3_siso_187m_last_token,face,958,face::train::166091.jpg,face::train::121281.jpg,0.9645246718124807
mamba3_siso_187m_last_token,face,959,face::train::138886.jpg,face::test::201409.jpg,0.9644164185554783
mamba3_siso_187m_last_token,face,960,face::train::157804.jpg,face::train::129132.jpg,0.9642934184450782
mamba3_siso_187m_last_token,face,961,face::train::138886.jpg,face::test::196611.jpg,0.9642260759591773
mamba3_siso_187m_last_token,face,962,face::train::157804.jpg,face::train::088914.jpg,0.9641341216239326
mamba3_siso_187m_last_token,face,963,face::test::201409.jpg,face::test::196611.jpg,0.9640643609353363
mamba3_siso_187m_last_token,face,964,face::train::170623.jpg,face::train::092618.jpg,0.9639153131445902
mamba3_siso_187m_last_token,face,965,face::train::170623.jpg,face::train::073196.jpg,0.9637626898791894
mamba3_siso_187m_last_token,face,966,face::train::166091.jpg,face::train::168471.jpg,0.9637165235119748
mamba3_siso_187m_last_token,face,967,face::train::157804.jpg,face::test::189858.jpg,0.963346268410518
mamba3_siso_187m_last_token,face,968,face::train::143554.jpg,face::train::065762.jpg,0.9630331615776941
mamba3_siso_187m_last_token,face,969,face::train::138886.jpg,face::train::082954.jpg,0.9629588894652785
mamba3_siso_187m_last_token,face,970,face::train::166091.jpg,face::train::008309.jpg,0.9629528795252715
mamba3_siso_187m_last_token,face,971,face::train::065762.jpg,face::train::060555.jpg,0.9628591107436939
mamba3_siso_187m_last_token,face,972,face::train::166091.jpg,face::train::032580.jpg,0.9628503280232951
mamba3_siso_187m_last_token,face,973,face::train::157804.jpg,face::train::089537.jpg,0.962843643056863
mamba3_siso_187m_last_token,face,974,face::train::065762.jpg,face::test::185812.jpg,0.9627277532469489
mamba3_siso_187m_last_token,face,975,face::train::170623.jpg,face::train::168471.jpg,0.9626266592420446
mamba3_siso_187m_last_token,face,976,face::train::090489.jpg,face::train::138886.jpg,0.9624591027730474
mamba3_siso_187m_last_token,face,977,face::train::065762.jpg,face::train::082954.jpg,0.9623729149279444
mamba3_siso_187m_last_token,face,978,face::train::109762.jpg,face::test::196611.jpg,0.9623452144298217
mamba3_siso_187m_last_token,face,979,face::train::123459.jpg,face::test::196611.jpg,0.9622047833878145
mamba3_siso_187m_last_token,face,980,face::train::170623.jpg,face::train::178182.jpg,0.9619375138193174
mamba3_siso_187m_last_token,face,981,face::train::091980.jpg,face::train::063708.jpg,0.9617418231417953
mamba3_siso_187m_last_token,face,982,face::train::170623.jpg,face::train::065762.jpg,0.9616381179491547
mamba3_siso_187m_last_token,face,983,face::train::025692.jpg,face::train::123459.jpg,0.961623120373531
mamba3_siso_187m_last_token,face,984,face::train::141457.jpg,face::train::109762.jpg,0.9613128124834831
mamba3_siso_187m_last_token,face,985,face::train::008309.jpg,face::train::101485.jpg,0.961242766749149
mamba3_siso_187m_last_token,face,986,face::train::157804.jpg,face::train::141457.jpg,0.9611140188662027
mamba3_siso_187m_last_token,face,987,face::train::089537.jpg,face::test::196611.jpg,0.9610997219389189
mamba3_siso_187m_last_token,face,988,face::train::063708.jpg,face::train::138886.jpg,0.960922129975807
mamba3_siso_187m_last_token,face,989,face::train::157804.jpg,face::train::063618.jpg,0.9608873955297423
mamba3_siso_187m_last_token,face,990,face::train::025692.jpg,face::test::188858.jpg,0.9606705940528425
mamba3_siso_187m_last_token,face,991,face::train::166091.jpg,face::train::073196.jpg,0.9604896262925913
mamba3_siso_187m_last_token,face,992,face::train::063708.jpg,face::test::196611.jpg,0.9604885773420853
mamba3_siso_187m_last_token,face,993,face::train::178182.jpg,face::train::025692.jpg,0.960312439595191
mamba3_siso_187m_last_token,face,994,face::train::065762.jpg,face::train::063708.jpg,0.9601551803489933
mamba3_siso_187m_last_token,face,995,face::train::157804.jpg,face::train::001042.jpg,0.9600620822413213
mamba3_siso_187m_last_token,face,996,face::train::060309.jpg,face::train::032580.jpg,0.9598393546577897
mamba3_siso_187m_last_token,face,997,face::train::157804.jpg,face::test::183801.jpg,0.9595999366781921
mamba3_siso_187m_last_token,face,998,face::train::053065.jpg,face::train::101485.jpg,0.9595921061706989
mamba3_siso_187m_last_token,face,999,face::train::129132.jpg,face::test::196611.jpg,0.9595615095558874
mamba3_siso_187m_last_token,face,1000,face::train::168471.jpg,face::train::060309.jpg,0.959436598122092
mamba3_siso_187m_last_token,face,1001,face::train::170623.jpg,face::train::143554.jpg,0.9593815560745069
mamba3_siso_187m_last_token,face,1002,face::train::071174.jpg,face::train::166091.jpg,0.9593701225598545
mamba3_siso_187m_last_token,face,1003,face::train::157804.jpg,face::train::149220.jpg,0.959290421782553
mamba3_siso_187m_last_token,face,1004,face::train::025692.jpg,face::train::073196.jpg,0.9592305034098124
mamba3_siso_187m_last_token,face,1005,face::train::060309.jpg,face::train::092618.jpg,0.9592214738547944
mamba3_siso_187m_last_token,face,1006,face::train::178182.jpg,face::test::196611.jpg,0.9591336169834055
mamba3_siso_187m_last_token,face,1007,face::train::138886.jpg,face::test::186223.jpg,0.9591306109012152
mamba3_siso_187m_last_token,face,1008,face::train::092618.jpg,face::train::109762.jpg,0.9591286828355753
mamba3_siso_187m_last_token,face,1009,face::train::170623.jpg,face::train::091980.jpg,0.9591065209632879
mamba3_siso_187m_last_token,face,1010,face::train::143554.jpg,face::train::109762.jpg,0.9583322016549944
mamba3_siso_187m_last_token,face,1011,face::train::170623.jpg,face::train::026996.jpg,0.958254201670333
mamba3_siso_187m_last_token,face,1012,face::train::091980.jpg,face::train::090489.jpg,0.9579307425912679
mamba3_siso_187m_last_token,face,1013,face::train::166091.jpg,face::test::189858.jpg,0.9577878608154671
mamba3_siso_187m_last_token,face,1014,face::train::157804.jpg,face::train::143554.jpg,0.9576946076519498
mamba3_siso_187m_last_token,face,1015,face::train::166091.jpg,face::train::042973.jpg,0.9576752450527033
mamba3_siso_187m_last_token,face,1016,face::train::157804.jpg,face::train::060555.jpg,0.9573269455958235
mamba3_siso_187m_last_token,face,1017,face::train::170623.jpg,face::train::178129.jpg,0.9571327639454605
mamba3_siso_187m_last_token,face,1018,face::train::166091.jpg,face::train::060555.jpg,0.9570753126451437
mamba3_siso_187m_last_token,face,1019,face::train::150659.jpg,face::test::196611.jpg,0.9570473300634063
mamba3_siso_187m_last_token,face,1020,face::train::101485.jpg,face::train::138886.jpg,0.9569096898064543
mamba3_siso_187m_last_token,face,1021,face::train::025692.jpg,face::test::196777.jpg,0.9567030666563441
mamba3_siso_187m_last_token,face,1022,face::train::025692.jpg,face::train::042973.jpg,0.9566487446816135
mamba3_siso_187m_last_token,face,1023,face::train::170623.jpg,face::train::032580.jpg,0.9565421415448181
mamba3_siso_187m_last_token,face,1024,face::train::157804.jpg,face::train::032580.jpg,0.9564538871282376
mamba3_siso_187m_last_token,face,1025,face::train::170623.jpg,face::test::189858.jpg,0.9561020955448833
mamba3_siso_187m_last_token,face,1026,face::train::170623.jpg,face::train::063618.jpg,0.9555507058895788
mamba3_siso_187m_last_token,face,1027,face::test::189457.jpg,face::test::196611.jpg,0.9552503510155161
mamba3_siso_187m_last_token,face,1028,face::train::090489.jpg,face::train::065762.jpg,0.9552284895532552
mamba3_siso_187m_last_token,face,1029,face::train::170623.jpg,face::train::071174.jpg,0.9550179672037228
mamba3_siso_187m_last_token,face,1030,face::train::166091.jpg,face::test::185812.jpg,0.954915598686188
mamba3_siso_187m_last_token,face,1031,face::train::166091.jpg,face::train::178129.jpg,0.9548561264568
mamba3_siso_187m_last_token,face,1032,face::train::121281.jpg,face::train::060309.jpg,0.954751978914781
mamba3_siso_187m_last_token,face,1033,face::train::170623.jpg,face::train::088914.jpg,0.9546115165537759
mamba3_siso_187m_last_token,face,1034,face::train::166091.jpg,face::train::149220.jpg,0.9544823659164475
mamba3_siso_187m_last_token,face,1035,face::train::166091.jpg,face::train::053065.jpg,0.9543252910802219
mamba3_siso_187m_last_token,face,1036,face::train::170623.jpg,face::train::149220.jpg,0.9542913101951437
mamba3_siso_187m_last_token,face,1037,face::train::091980.jpg,face::train::101485.jpg,0.9542794480492902
mamba3_siso_187m_last_token,face,1038,face::train::157804.jpg,face::test::201409.jpg,0.9541738062660615
mamba3_siso_187m_last_token,face,1039,face::train::157804.jpg,face::train::060309.jpg,0.9541359144462122
mamba3_siso_187m_last_token,face,1040,face::train::081413.jpg,face::test::184003.jpg,0.9540539103770816
mamba3_siso_187m_last_token,face,1041,face::train::170623.jpg,face::train::150659.jpg,0.9539051505947042
mamba3_siso_187m_last_token,face,1042,face::train::060309.jpg,face::test::188858.jpg,0.9538250174866346
mamba3_siso_187m_last_token,face,1043,face::train::166091.jpg,face::train::178182.jpg,0.9538024039573575
mamba3_siso_187m_last_token,face,1044,face::train::168471.jpg,face::train::109762.jpg,0.9537312702729662
mamba3_siso_187m_last_token,face,1045,face::train::032580.jpg,face::train::109762.jpg,0.9535324845782206
mamba3_siso_187m_last_token,face,1046,face::train::170623.jpg,face::train::137722.jpg,0.953280091763385
mamba3_siso_187m_last_token,face,1047,face::train::149220.jpg,face::train::060309.jpg,0.9530578904873837
mamba3_siso_187m_last_token,face,1048,face::train::121281.jpg,face::train::109762.jpg,0.952808299807349
mamba3_siso_187m_last_token,face,1049,face::train::170623.jpg,face::test::183801.jpg,0.9526528410314511
mamba3_siso_187m_last_token,face,1050,face::train::137722.jpg,face::train::166091.jpg,0.9526182711361036
mamba3_siso_187m_last_token,face,1051,face::train::060309.jpg,face::test::189858.jpg,0.9524914536364526
mamba3_siso_187m_last_token,face,1052,face::train::166091.jpg,face::train::063618.jpg,0.9524599747968309
mamba3_siso_187m_last_token,face,1053,face::train::109762.jpg,face::test::188858.jpg,0.952388945132657
mamba3_siso_187m_last_token,face,1054,face::train::166091.jpg,face::test::183801.jpg,0.9523606961908386
mamba3_siso_187m_last_token,face,1055,face::train::123459.jpg,face::train::109762.jpg,0.9521857019059196
mamba3_siso_187m_last_token,face,1056,face::train::157804.jpg,face::test::186223.jpg,0.9519137858797415
mamba3_siso_187m_last_token,face,1057,face::train::025692.jpg,face::train::026996.jpg,0.9518699603869587
mamba3_siso_187m_last_token,face,1058,face::train::008309.jpg,face::train::109762.jpg,0.9516011248611512
mamba3_siso_187m_last_token,face,1059,face::train::060309.jpg,face::train::123459.jpg,0.951593788577963
mamba3_siso_187m_last_token,face,1060,face::train::170623.jpg,face::test::196611.jpg,0.9515548047175707
mamba3_siso_187m_last_token,face,1061,face::train::157804.jpg,face::test::185812.jpg,0.9514474558303744
mamba3_siso_187m_last_token,face,1062,face::train::166091.jpg,face::train::001042.jpg,0.9513848634122298
mamba3_siso_187m_last_token,face,1063,face::train::170623.jpg,face::train::114832.jpg,0.9513345351638224
mamba3_siso_187m_last_token,face,1064,face::train::090489.jpg,face::train::060309.jpg,0.9512154119738504
mamba3_siso_187m_last_token,face,1065,face::train::073196.jpg,face::test::196611.jpg,0.9511366077607744
mamba3_siso_187m_last_token,face,1066,face::train::157804.jpg,face::test::184003.jpg,0.9509596385103083
mamba3_siso_187m_last_token,face,1067,face::train::060309.jpg,face::train::060555.jpg,0.9509036241446479
mamba3_siso_187m_last_token,face,1068,face::train::073196.jpg,face::train::109762.jpg,0.9508756819560469
mamba3_siso_187m_last_token,face,1069,face::train::170623.jpg,face::test::196777.jpg,0.9508375052229452
mamba3_siso_187m_last_token,face,1070,face::train::114832.jpg,face::train::025692.jpg,0.9506479281067846
mamba3_siso_187m_last_token,face,1071,face::train::157804.jpg,face::train::082954.jpg,0.9506471875824188
mamba3_siso_187m_last_token,face,1072,face::train::060309.jpg,face::test::185812.jpg,0.9505017690323277
mamba3_siso_187m_last_token,face,1073,face::train::166091.jpg,face::train::090489.jpg,0.9504890494864986
mamba3_siso_187m_last_token,face,1074,face::train::166091.jpg,face::train::023736.jpg,0.9504816590132007
mamba3_siso_187m_last_token,face,1075,face::train::060555.jpg,face::train::109762.jpg,0.9500424135685079
mamba3_siso_187m_last_token,face,1076,face::train::166091.jpg,face::train::089537.jpg,0.9498455703907438
mamba3_siso_187m_last_token,face,1077,face::train::023736.jpg,face::train::060309.jpg,0.9496572503261147
mamba3_siso_187m_last_token,face,1078,face::train::157804.jpg,face::train::023736.jpg,0.949654417039703
mamba3_siso_187m_last_token,face,1079,face::train::170623.jpg,face::train::089537.jpg,0.9494231758304588
mamba3_siso_187m_last_token,face,1080,face::train::071174.jpg,face::train::109762.jpg,0.9492449463330781
mamba3_siso_187m_last_token,face,1081,face::train::166091.jpg,face::train::082954.jpg,0.949229933980587
mamba3_siso_187m_last_token,face,1082,face::train::101485.jpg,face::train::060309.jpg,0.9491029643241438
mamba3_siso_187m_last_token,face,1083,face::train::063618.jpg,face::train::060309.jpg,0.9490656077492607
mamba3_siso_187m_last_token,face,1084,face::train::170623.jpg,face::test::189457.jpg,0.9490118578630669
mamba3_siso_187m_last_token,face,1085,face::train::060309.jpg,face::train::073196.jpg,0.9488171133056088
mamba3_siso_187m_last_token,face,1086,face::train::071174.jpg,face::train::060309.jpg,0.9488026126887555
mamba3_siso_187m_last_token,face,1087,face::test::184003.jpg,face::test::196611.jpg,0.9486291812604004
mamba3_siso_187m_last_token,face,1088,face::train::157804.jpg,face::train::063708.jpg,0.9485240144814447
mamba3_siso_187m_last_token,face,1089,face::train::166091.jpg,face::test::189457.jpg,0.9484861229570278
mamba3_siso_187m_last_token,face,1090,face::train::166091.jpg,face::train::088914.jpg,0.9479771699049803
mamba3_siso_187m_last_token,face,1091,face::train::065762.jpg,face::train::101485.jpg,0.9477322861377447
mamba3_siso_187m_last_token,face,1092,face::train::166091.jpg,face::train::150659.jpg,0.9477232489927934
mamba3_siso_187m_last_token,face,1093,face::train::170623.jpg,face::train::060555.jpg,0.9475857388439446
mamba3_siso_187m_last_token,face,1094,face::train::166091.jpg,face::train::026996.jpg,0.9475539113143548
mamba3_siso_187m_last_token,face,1095,face::train::060309.jpg,face::train::178129.jpg,0.9475030985326074
mamba3_siso_187m_last_token,face,1096,face::train::042973.jpg,face::test::196611.jpg,0.9474915579477432
mamba3_siso_187m_last_token,face,1097,face::train::166091.jpg,face::train::129132.jpg,0.9474639316439764
mamba3_siso_187m_last_token,face,1098,face::train::170623.jpg,face::train::129132.jpg,0.9471087323328973
mamba3_siso_187m_last_token,face,1099,face::train::109762.jpg,face::test::189858.jpg,0.9467790501774427
mamba3_siso_187m_last_token,face,1100,face::train::170623.jpg,face::train::001042.jpg,0.9465075447523487
mamba3_siso_187m_last_token,face,1101,face::train::008309.jpg,face::train::025692.jpg,0.9464628393944239
mamba3_siso_187m_last_token,face,1102,face::train::166091.jpg,face::train::063708.jpg,0.9463972927685748
mamba3_siso_187m_last_token,face,1103,face::train::109762.jpg,face::test::185812.jpg,0.9461714941558302
mamba3_siso_187m_last_token,face,1104,face::train::166091.jpg,face::test::201409.jpg,0.9460392287594761
mamba3_siso_187m_last_token,face,1105,face::train::042973.jpg,face::train::109762.jpg,0.9458773543055562
mamba3_siso_187m_last_token,face,1106,face::train::141457.jpg,face::test::184003.jpg,0.9458376583580751
mamba3_siso_187m_last_token,face,1107,face::train::008309.jpg,face::train::060309.jpg,0.945737954288921
mamba3_siso_187m_last_token,face,1108,face::train::060309.jpg,face::test::183801.jpg,0.9454592514662078
mamba3_siso_187m_last_token,face,1109,face::train::170623.jpg,face::test::185812.jpg,0.9454499793330882
mamba3_siso_187m_last_token,face,1110,face::train::166091.jpg,face::train::101485.jpg,0.945447374554699
mamba3_siso_187m_last_token,face,1111,face::train::157804.jpg,face::train::090489.jpg,0.9445530143092891
mamba3_siso_187m_last_token,face,1112,face::train::166091.jpg,face::train::065762.jpg,0.9445458034194726
mamba3_siso_187m_last_token,face,1113,face::train::166091.jpg,face::train::114832.jpg,0.9442892029669273
mamba3_siso_187m_last_token,face,1114,face::train::053065.jpg,face::train::025692.jpg,0.9441574219260822
mamba3_siso_187m_last_token,face,1115,face::train::008309.jpg,face::test::196611.jpg,0.9441530248269252
mamba3_siso_187m_last_token,face,1116,face::train::166091.jpg,face::test::196777.jpg,0.9440225621464099
mamba3_siso_187m_last_token,face,1117,face::train::166091.jpg,face::train::091980.jpg,0.9439530594176486
mamba3_siso_187m_last_token,face,1118,face::train::149220.jpg,face::train::109762.jpg,0.943795592462654
mamba3_siso_187m_last_token,face,1119,face::train::090489.jpg,face::train::109762.jpg,0.9437385712801408
mamba3_siso_187m_last_token,face,1120,face::train::170623.jpg,face::train::023736.jpg,0.9435593214692847
mamba3_siso_187m_last_token,face,1121,face::train::178129.jpg,face::train::109762.jpg,0.9432581047854951
mamba3_siso_187m_last_token,face,1122,face::train::137722.jpg,face::train::060309.jpg,0.9426099049450285
mamba3_siso_187m_last_token,face,1123,face::train::060309.jpg,face::train::088914.jpg,0.9425657023630301
mamba3_siso_187m_last_token,face,1124,face::train::092618.jpg,face::test::184003.jpg,0.9421203343743869
mamba3_siso_187m_last_token,face,1125,face::train::060309.jpg,face::train::042973.jpg,0.9420236624556106
mamba3_siso_187m_last_token,face,1126,face::train::170623.jpg,face::test::201409.jpg,0.9415694356688803
mamba3_siso_187m_last_token,face,1127,face::train::178182.jpg,face::train::060309.jpg,0.9415640148521722
mamba3_siso_187m_last_token,face,1128,face::train::063708.jpg,face::train::060309.jpg,0.9413821786261184
mamba3_siso_187m_last_token,face,1129,face::train::023736.jpg,face::train::109762.jpg,0.9412744137276094
mamba3_siso_187m_last_token,face,1130,face::train::063618.jpg,face::train::109762.jpg,0.9411314000797073
mamba3_siso_187m_last_token,face,1131,face::train::060309.jpg,face::train::001042.jpg,0.9410355344621854
mamba3_siso_187m_last_token,face,1132,face::train::091980.jpg,face::train::025692.jpg,0.9407552310387739
mamba3_siso_187m_last_token,face,1133,face::train::143554.jpg,face::test::184003.jpg,0.94073987981085
mamba3_siso_187m_last_token,face,1134,face::train::053065.jpg,face::train::109762.jpg,0.9406142304219314
mamba3_siso_187m_last_token,face,1135,face::train::170623.jpg,face::train::090489.jpg,0.94061031610711
mamba3_siso_187m_last_token,face,1136,face::train::138886.jpg,face::train::025692.jpg,0.9405687373403555
mamba3_siso_187m_last_token,face,1137,face::train::082954.jpg,face::train::109762.jpg,0.940319398345049
mamba3_siso_187m_last_token,face,1138,face::train::026996.jpg,face::test::196611.jpg,0.9402990220707341
mamba3_siso_187m_last_token,face,1139,face::train::137722.jpg,face::train::109762.jpg,0.9402452102179855
mamba3_siso_187m_last_token,face,1140,face::train::170623.jpg,face::train::082954.jpg,0.9402314798299694
mamba3_siso_187m_last_token,face,1141,face::train::053065.jpg,face::test::196611.jpg,0.939980860680363
mamba3_siso_187m_last_token,face,1142,face::train::060309.jpg,face::train::082954.jpg,0.9396913390905807
mamba3_siso_187m_last_token,face,1143,face::train::109762.jpg,face::test::183801.jpg,0.9393961262097371
mamba3_siso_187m_last_token,face,1144,face::train::063708.jpg,face::train::109762.jpg,0.9393587618972372
mamba3_siso_187m_last_token,face,1145,face::train::168471.jpg,face::test::184003.jpg,0.9393402288200284
mamba3_siso_187m_last_token,face,1146,face::train::101485.jpg,face::train::109762.jpg,0.9391471071353917
mamba3_siso_187m_last_token,face,1147,face::train::001042.jpg,face::train::109762.jpg,0.9390122197607186
mamba3_siso_187m_last_token,face,1148,face::train::166091.jpg,face::test::186223.jpg,0.9388476176370829
mamba3_siso_187m_last_token,face,1149,face::train::032580.jpg,face::test::184003.jpg,0.9388371457993662
mamba3_siso_187m_last_token,face,1150,face::train::060309.jpg,face::test::201409.jpg,0.9382437583302704
mamba3_siso_187m_last_token,face,1151,face::test::196777.jpg,face::test::196611.jpg,0.9381173725419385
mamba3_siso_187m_last_token,face,1152,face::train::089537.jpg,face::train::060309.jpg,0.9380941605517619
mamba3_siso_187m_last_token,face,1153,face::train::060309.jpg,face::train::150659.jpg,0.937898604906449
mamba3_siso_187m_last_token,face,1154,face::train::178182.jpg,face::train::109762.jpg,0.9378877514696542
mamba3_siso_187m_last_token,face,1155,face::train::170623.jpg,face::train::063708.jpg,0.9376792553242734
mamba3_siso_187m_last_token,face,1156,face::train::170623.jpg,face::test::186223.jpg,0.9375938210797229
mamba3_siso_187m_last_token,face,1157,face::train::053065.jpg,face::train::060309.jpg,0.9375662065838517
mamba3_siso_187m_last_token,face,1158,face::train::129132.jpg,face::train::060309.jpg,0.9374149212576358
mamba3_siso_187m_last_token,face,1159,face::train::121281.jpg,face::test::184003.jpg,0.937237861853007
mamba3_siso_187m_last_token,face,1160,face::train::089537.jpg,face::train::109762.jpg,0.9372250585017651
mamba3_siso_187m_last_token,face,1161,face::train::091980.jpg,face::test::196611.jpg,0.9372125854771837
mamba3_siso_187m_last_token,face,1162,face::train::157804.jpg,face::train::101485.jpg,0.9371086808697328
mamba3_siso_187m_last_token,face,1163,face::train::123459.jpg,face::test::184003.jpg,0.9367839467378618
mamba3_siso_187m_last_token,face,1164,face::train::157804.jpg,face::test::196611.jpg,0.9364465355352115
mamba3_siso_187m_last_token,face,1165,face::train::129132.jpg,face::train::109762.jpg,0.9356545748689501
mamba3_siso_187m_last_token,face,1166,face::train::109762.jpg,face::test::189457.jpg,0.9352630015526426
mamba3_siso_187m_last_token,face,1167,face::train::008309.jpg,face::test::184003.jpg,0.9350451048857743
mamba3_siso_187m_last_token,face,1168,face::train::060309.jpg,face::test::189457.jpg,0.9346032529618018
mamba3_siso_187m_last_token,face,1169,face::train::026996.jpg,face::train::109762.jpg,0.9344180772066084
mamba3_siso_187m_last_token,face,1170,face::train::150659.jpg,face::train::109762.jpg,0.9343660182572089
mamba3_siso_187m_last_token,face,1171,face::test::188858.jpg,face::test::184003.jpg,0.9343536881090101
mamba3_siso_187m_last_token,face,1172,face::train::088914.jpg,face::train::109762.jpg,0.9343443060407247
mamba3_siso_187m_last_token,face,1173,face::train::170623.jpg,face::train::101485.jpg,0.9339095821354632
mamba3_siso_187m_last_token,face,1174,face::train::073196.jpg,face::test::184003.jpg,0.9336460852149804
mamba3_siso_187m_last_token,face,1175,face::train::114832.jpg,face::test::196611.jpg,0.933157526783771
mamba3_siso_187m_last_token,face,1176,face::train::060555.jpg,face::test::184003.jpg,0.9331333541173996
mamba3_siso_187m_last_token,face,1177,face::train::109762.jpg,face::test::201409.jpg,0.9326288489342078
mamba3_siso_187m_last_token,face,1178,face::train::060309.jpg,face::train::026996.jpg,0.9326179150235301
mamba3_siso_187m_last_token,face,1179,face::train::060309.jpg,face::train::025692.jpg,0.9324198414882751
mamba3_siso_187m_last_token,face,1180,face::train::060309.jpg,face::test::186223.jpg,0.9322692258586732
mamba3_siso_187m_last_token,face,1181,face::train::071174.jpg,face::test::184003.jpg,0.9319903320910333
mamba3_siso_187m_last_token,face,1182,face::train::114832.jpg,face::train::109762.jpg,0.9312524863814376
mamba3_siso_187m_last_token,face,1183,face::train::065762.jpg,face::train::025692.jpg,0.9307743139436994
mamba3_siso_187m_last_token,face,1184,face::train::166091.jpg,face::train::025692.jpg,0.9307272655475449
mamba3_siso_187m_last_token,face,1185,face::train::109762.jpg,face::test::196777.jpg,0.9291704001066647
mamba3_siso_187m_last_token,face,1186,face::test::185812.jpg,face::test::184003.jpg,0.9290832024302177
mamba3_siso_187m_last_token,face,1187,face::test::189858.jpg,face::test::184003.jpg,0.9281582220128334
mamba3_siso_187m_last_token,face,1188,face::train::042973.jpg,face::test::184003.jpg,0.9275660024665271
mamba3_siso_187m_last_token,face,1189,face::train::091980.jpg,face::train::109762.jpg,0.9274315735754819
mamba3_siso_187m_last_token,face,1190,face::train::065762.jpg,face::train::109762.jpg,0.926971815762319
mamba3_siso_187m_last_token,face,1191,face::train::090489.jpg,face::test::184003.jpg,0.9268139823482137
mamba3_siso_187m_last_token,face,1192,face::train::109762.jpg,face::test::186223.jpg,0.9263067531646337
mamba3_siso_187m_last_token,face,1193,face::train::065762.jpg,face::test::196611.jpg,0.9260561953702271
mamba3_siso_187m_last_token,face,1194,face::train::082954.jpg,face::test::184003.jpg,0.9248000887750685
mamba3_siso_187m_last_token,face,1195,face::train::091980.jpg,face::train::060309.jpg,0.924538641001444
mamba3_siso_187m_last_token,face,1196,face::train::149220.jpg,face::test::184003.jpg,0.9245007069291602
mamba3_siso_187m_last_token,face,1197,face::train::114832.jpg,face::train::060309.jpg,0.9243156914238059
mamba3_siso_187m_last_token,face,1198,face::train::065762.jpg,face::train::060309.jpg,0.9232313646980084
mamba3_siso_187m_last_token,face,1199,face::train::178129.jpg,face::test::184003.jpg,0.9232204131652307
mamba3_siso_187m_last_token,face,1200,face::train::063708.jpg,face::test::184003.jpg,0.9231696941442071
mamba3_siso_187m_last_token,face,1201,face::test::183801.jpg,face::test::184003.jpg,0.9227872242152881
mamba3_siso_187m_last_token,face,1202,face::train::023736.jpg,face::test::184003.jpg,0.921848420103494
mamba3_siso_187m_last_token,face,1203,face::train::060309.jpg,face::test::196777.jpg,0.9217846731412248
mamba3_siso_187m_last_token,face,1204,face::train::025692.jpg,face::train::109762.jpg,0.9216684931164121
mamba3_siso_187m_last_token,face,1205,face::train::063618.jpg,face::test::184003.jpg,0.921627739381368
mamba3_siso_187m_last_token,face,1206,face::train::053065.jpg,face::test::184003.jpg,0.9215765467539948
mamba3_siso_187m_last_token,face,1207,face::train::137722.jpg,face::test::184003.jpg,0.9213115629414619
mamba3_siso_187m_last_token,face,1208,face::train::101485.jpg,face::test::184003.jpg,0.9209190365673252
mamba3_siso_187m_last_token,face,1209,face::train::089537.jpg,face::test::184003.jpg,0.9200947480518205
mamba3_siso_187m_last_token,face,1210,face::train::001042.jpg,face::test::184003.jpg,0.9200250174379856
mamba3_siso_187m_last_token,face,1211,face::train::178182.jpg,face::test::184003.jpg,0.9190686388986834
mamba3_siso_187m_last_token,face,1212,face::train::157804.jpg,face::train::025692.jpg,0.9172994947821299
mamba3_siso_187m_last_token,face,1213,face::test::189457.jpg,face::test::184003.jpg,0.916681127717754
mamba3_siso_187m_last_token,face,1214,face::train::026996.jpg,face::test::184003.jpg,0.9165172795508674
mamba3_siso_187m_last_token,face,1215,face::train::150659.jpg,face::test::184003.jpg,0.9159353777973449
mamba3_siso_187m_last_token,face,1216,face::train::088914.jpg,face::test::184003.jpg,0.915044679137747
mamba3_siso_187m_last_token,face,1217,face::train::129132.jpg,face::test::184003.jpg,0.9148382236769363
mamba3_siso_187m_last_token,face,1218,face::train::114832.jpg,face::test::184003.jpg,0.9139347165058812
mamba3_siso_187m_last_token,face,1219,face::test::184003.jpg,face::test::201409.jpg,0.9120088111906809
mamba3_siso_187m_last_token,face,1220,face::train::170623.jpg,face::train::025692.jpg,0.9115230974836387
mamba3_siso_187m_last_token,face,1221,face::test::196777.jpg,face::test::184003.jpg,0.9114652804344205
mamba3_siso_187m_last_token,face,1222,face::train::065762.jpg,face::test::184003.jpg,0.9082470024831758
mamba3_siso_187m_last_token,face,1223,face::train::091980.jpg,face::test::184003.jpg,0.9078355108352658
mamba3_siso_187m_last_token,face,1224,face::test::186223.jpg,face::test::184003.jpg,0.9065325269925784
mamba3_siso_187m_last_token,face,1225,face::train::025692.jpg,face::test::184003.jpg,0.9022956231919846
