model,domain,sample_id,variant_type,relation,cosine,rank,negative_count,hard_negative_count,hard_set_margin,hard_negative_win_rate,hardest_sample_id,hardest_cosine,negative_percentile,negative_median,negative_p95,median_margin,hardest_margin,recall_at_1,reciprocal_rank
deberta_v3_base_mean_pool,person,person::train::00197_4.png,llm_brief,information_reduced,0.992851668315271,1,49,5,0.0028837015159390855,1.0,person::gallery::26789_1.jpg,0.989967966799332,1.0,0.9734784681761735,0.9822139927960067,0.0193732001390976,0.0028837015159390855,1.0,1.0
deberta_v3_base_mean_pool,person,person::train::00197_4.png,llm_balanced,information_reduced,0.9999999999999997,1,49,5,0.011507176823364884,1.0,person::gallery::26789_1.jpg,0.9884928231766348,1.0,0.9731152765683155,0.9850770753781493,0.026884723431684132,0.011507176823364884,1.0,1.0
deberta_v3_base_mean_pool,person,person::train::00197_4.png,llm_detailed,information_reduced,0.9913657738163713,1,49,5,0.01319361480093062,1.0,person::gallery::26789_1.jpg,0.9781721590154406,1.0,0.962953094035808,0.9733094474787599,0.028412679780563277,0.01319361480093062,1.0,1.0
deberta_v3_base_mean_pool,person,person::train::00197_4.png,llm_human_description,information_reduced,0.9710919325212486,1,49,5,0.0022956751530393005,1.0,person::query::27008_3.jpg,0.9687962573682093,1.0,0.9468667132673583,0.968051133464296,0.024225219253890318,0.0022956751530393005,1.0,1.0
deberta_v3_base_mean_pool,person,person::query::26685_1.jpg,llm_brief,information_reduced,0.9722877808394372,4,49,5,-0.0005689421831425179,0.8,person::gallery::26789_1.jpg,0.9825562636745497,0.9387755102040817,0.9546922977682059,0.972333148735934,0.017595483071231377,-0.010268482835112502,0.0,0.25
deberta_v3_base_mean_pool,person,person::query::26685_1.jpg,llm_balanced,information_reduced,0.9749101350229195,8,49,5,-0.004261608119232818,0.8,person::train::06597_2.jpg,0.9863252769449753,0.8571428571428571,0.9539085466378405,0.9810828508442698,0.02100158838507893,-0.011415141922055838,0.0,0.125
deberta_v3_base_mean_pool,person,person::query::26685_1.jpg,llm_detailed,information_reduced,0.9684661353212486,12,49,5,-0.00636126379985702,0.8,person::train::06597_2.jpg,0.9830040098513764,0.7755102040816326,0.9542823724763012,0.9792912638579087,0.014183762844947378,-0.014537874530127781,0.0,0.08333333333333333
deberta_v3_base_mean_pool,person,person::query::26685_1.jpg,llm_human_description,information_reduced,0.9702198219305009,20,49,5,-0.006753429412536982,0.8,person::train::00197_4.png,0.9853091081442149,0.6122448979591837,0.9666660239653049,0.9847913774892108,0.0035537979651960594,-0.01508928621371397,0.0,0.05
deberta_v3_base_mean_pool,person,person::gallery::26474_5.jpg,llm_brief,information_reduced,0.9761025208398229,8,49,5,0.0023664350180079285,1.0,person::train::00197_4.png,0.9810474613077708,0.8571428571428571,0.9708487604415105,0.9782485343923679,0.005253760398312379,-0.004944940467947911,0.0,0.125
deberta_v3_base_mean_pool,person,person::gallery::26474_5.jpg,llm_balanced,information_reduced,0.9757106271767987,16,49,5,-0.003947178299977261,0.8,person::train::00197_4.png,0.9879484807905364,0.6938775510204082,0.9669843225091665,0.9860307162142221,0.008726304667632134,-0.012237853613737748,0.0,0.0625
deberta_v3_base_mean_pool,person,person::gallery::26474_5.jpg,llm_detailed,information_reduced,0.9827482106912855,6,49,5,4.3736135397765e-06,1.0,person::train::10977_1.jpg,0.989932371269605,0.8979591836734694,0.9726996899480381,0.9843999833408702,0.010048520743247358,-0.007184160578319498,0.0,0.16666666666666666
deberta_v3_base_mean_pool,person,person::gallery::26474_5.jpg,llm_human_description,information_reduced,0.9389791001150203,21,49,5,-0.012717004011554622,0.6,person::train::09634_1.jpg,0.9712444663225196,0.5918367346938775,0.9310382855792726,0.9640025559411265,0.007940814535747687,-0.03226536620749931,0.0,0.047619047619047616
deberta_v3_base_mean_pool,person,person::train::03736_1.jpg,llm_brief,information_reduced,0.9730907703143519,24,49,5,-0.0038453893538676898,0.6,person::train::00197_4.png,0.9847910807734201,0.5306122448979592,0.9725911843956727,0.9807841394347055,0.0004995859186791574,-0.011700310459068275,0.0,0.041666666666666664
deberta_v3_base_mean_pool,person,person::train::03736_1.jpg,llm_balanced,information_reduced,0.9826250665640294,18,49,5,-0.0025496874077400866,0.8,person::train::06597_2.jpg,0.9907736318608547,0.6530612244897959,0.9753025891891897,0.9888546053313902,0.007322477374839709,-0.008148565296825283,0.0,0.05555555555555555
deberta_v3_base_mean_pool,person,person::train::03736_1.jpg,llm_detailed,information_reduced,0.9812952273168245,3,49,5,0.005074384698267376,1.0,person::train::10977_1.jpg,0.9864061850799316,0.9591836734693877,0.9636193352278115,0.9810463295597184,0.01767589208901299,-0.005110957763107105,0.0,0.3333333333333333
deberta_v3_base_mean_pool,person,person::train::03736_1.jpg,llm_human_description,information_reduced,0.9566536860608884,15,49,5,-0.0008777557716158624,0.8,person::train::09634_1.jpg,0.9744971613925666,0.7142857142857143,0.9441423281958015,0.9715577642778582,0.012511357865086947,-0.017843475331678182,0.0,0.06666666666666667
deberta_v3_base_mean_pool,person,person::query::14604_1.png,llm_brief,information_reduced,0.9868347359388467,4,49,5,0.0078086977074522945,1.0,person::train::00197_4.png,0.9912804567922036,0.9387755102040817,0.974542498880849,0.9877649748661339,0.012292237057997757,-0.004445720853356816,0.0,0.25
deberta_v3_base_mean_pool,person,person::query::14604_1.png,llm_balanced,information_reduced,0.9961952032505909,1,49,5,0.0077725566073143515,1.0,person::gallery::26474_5.jpg,0.9884226466432765,1.0,0.9804683286778468,0.9866811469969506,0.01572687457274402,0.0077725566073143515,1.0,1.0
deberta_v3_base_mean_pool,person,person::query::14604_1.png,llm_detailed,information_reduced,0.9949853207119629,1,49,5,0.005681481476180639,1.0,person::train::08529_4.jpg,0.9893038392357822,1.0,0.9786603523330935,0.9855041161407261,0.01632496837886943,0.005681481476180639,1.0,1.0
deberta_v3_base_mean_pool,person,person::query::14604_1.png,llm_human_description,information_reduced,0.962733392498887,15,49,5,0.0016845787641739385,1.0,person::query::27008_3.jpg,0.9782919506938144,0.7142857142857143,0.9515727783297343,0.9772776801294428,0.011160614169152705,-0.015558558194927352,0.0,0.06666666666666667
deberta_v3_base_mean_pool,vehicle,vehicle::train_images::19666_c077_02.jpg,llm_brief,information_reduced,0.9532026572703847,2,49,5,0.0011521894540346134,1.0,vehicle::gallery_images::20535_c170_02.jpg,0.9561359399745317,0.9795918367346939,0.9243344100816457,0.9465433388374036,0.028868247188738927,-0.0029332827041470555,0.0,0.5
deberta_v3_base_mean_pool,vehicle,vehicle::train_images::19666_c077_02.jpg,llm_balanced,information_reduced,0.9804896832407619,2,49,5,-0.0025370777738616956,0.8,vehicle::gallery_images::20762_c156_00.jpg,0.9830267610146236,0.9795918367346939,0.9577345770043202,0.9719473063190478,0.022755106236441724,-0.0025370777738616956,0.0,0.5
deberta_v3_base_mean_pool,vehicle,vehicle::train_images::19666_c077_02.jpg,llm_detailed,information_reduced,0.9796766229843329,2,49,5,0.001610656612038519,1.0,vehicle::train_images::13608_c139_04.jpg,0.9803803096546231,0.9795918367346939,0.9652088402728219,0.9765169962436565,0.014467782711510946,-0.0007036866702901934,0.0,0.5
deberta_v3_base_mean_pool,vehicle,vehicle::train_images::19666_c077_02.jpg,llm_human_description,information_reduced,0.95000866035162,25,49,5,-0.009043160065371647,0.4,vehicle::train_images::09221_c139_03.jpg,0.9786548353783531,0.5102040816326531,0.9481792109262162,0.9649810850803231,0.0018294494254038618,-0.028646175026733056,0.0,0.04
deberta_v3_base_mean_pool,vehicle,vehicle::query_images::20204_c041_01.jpg,llm_brief,information_reduced,0.952133633044637,7,49,5,-0.007963039227499413,0.6,vehicle::train_images::16253_c139_00.jpg,0.973790157927156,0.8775510204081632,0.9397395276516481,0.9600641353299303,0.012394105392988908,-0.0216565248825189,0.0,0.14285714285714285
deberta_v3_base_mean_pool,vehicle,vehicle::query_images::20204_c041_01.jpg,llm_balanced,information_reduced,0.9765097352275542,2,49,5,-0.0009983761538872038,0.8,vehicle::train_images::06987_c051_04.jpg,0.9775081113814414,0.9795918367346939,0.9534741408632288,0.973930443026684,0.02303559436432545,-0.0009983761538872038,0.0,0.5
deberta_v3_base_mean_pool,vehicle,vehicle::query_images::20204_c041_01.jpg,llm_detailed,information_reduced,0.983124558181998,1,49,5,0.00509003196669533,1.0,vehicle::train_images::19057_c170_04.jpg,0.9797487472534565,1.0,0.9641745508176881,0.9778521492516162,0.01895000736430985,0.003375810928541445,1.0,1.0
deberta_v3_base_mean_pool,vehicle,vehicle::query_images::20204_c041_01.jpg,llm_human_description,information_reduced,0.9614017312360296,16,49,5,0.0030896138478792023,1.0,vehicle::train_images::19057_c170_04.jpg,0.9809520130776588,0.6938775510204082,0.9510469275953795,0.977907236648428,0.010354803640650112,-0.019550281841629213,0.0,0.0625
deberta_v3_base_mean_pool,vehicle,vehicle::gallery_images::20591_c110_03.jpg,llm_brief,information_reduced,0.9703338722697401,2,49,5,0.0015810045285628016,1.0,vehicle::gallery_images::20535_c170_02.jpg,0.9719383210311772,0.9795918367346939,0.9535392421357812,0.9662897186322188,0.016794630133958877,-0.0016044487614370606,0.0,0.5
deberta_v3_base_mean_pool,vehicle,vehicle::gallery_images::20591_c110_03.jpg,llm_balanced,information_reduced,0.9792523168061976,1,49,5,0.0021393439699303185,1.0,vehicle::gallery_images::20401_c023_03.jpg,0.9775960821067909,1.0,0.9587384415328306,0.9758029143101626,0.02051387527336701,0.0016562346994066779,1.0,1.0
deberta_v3_base_mean_pool,vehicle,vehicle::gallery_images::20591_c110_03.jpg,llm_detailed,information_reduced,0.9834622019026354,1,49,5,0.0016828644364969003,1.0,vehicle::train_images::08361_c094_04.jpg,0.9817793374661385,1.0,0.9591655362790202,0.9812353766578135,0.02429666562361521,0.0016828644364969003,1.0,1.0
deberta_v3_base_mean_pool,vehicle,vehicle::gallery_images::20591_c110_03.jpg,llm_human_description,information_reduced,0.9554087536141301,9,49,5,-0.0029667872642188398,0.6,vehicle::train_images::09221_c139_03.jpg,0.970634839682263,0.8367346938775511,0.9349190494537698,0.9639686190484302,0.020489704160360334,-0.015226086068132916,0.0,0.1111111111111111
deberta_v3_base_mean_pool,vehicle,vehicle::train_images::13184_c012_02.jpg,llm_brief,information_reduced,0.9604191414181986,10,49,5,-0.008512270268516753,0.8,vehicle::train_images::04455_c078_00.jpg,0.9700263508952246,0.8163265306122449,0.9492123441468846,0.9647696998178343,0.011206797271314017,-0.00960720947702598,0.0,0.1
deberta_v3_base_mean_pool,vehicle,vehicle::train_images::13184_c012_02.jpg,llm_balanced,information_reduced,0.9847316738944091,1,49,5,0.000709046008069536,1.0,vehicle::query_images::20949_c003_01.jpg,0.9840226278863395,1.0,0.9616521178765065,0.9815730069490571,0.02307955601790257,0.000709046008069536,1.0,1.0
deberta_v3_base_mean_pool,vehicle,vehicle::train_images::13184_c012_02.jpg,llm_detailed,information_reduced,0.9836248717621568,2,49,5,-0.0024362048723105545,0.8,vehicle::query_images::20949_c003_01.jpg,0.9860610766344674,0.9795918367346939,0.9636346378886077,0.9819868994509179,0.019990233873549146,-0.0024362048723105545,0.0,0.5
deberta_v3_base_mean_pool,vehicle,vehicle::train_images::13184_c012_02.jpg,llm_human_description,information_reduced,0.9734553658025716,6,49,5,-0.0052120159782022,0.6,vehicle::train_images::07345_c110_03.jpg,0.9786673817807738,0.8979591836734694,0.9499507259592483,0.9765844524190083,0.023504639843323294,-0.0052120159782022,0.0,0.16666666666666666
deberta_v3_base_mean_pool,vehicle,vehicle::query_images::21022_c078_01.jpg,llm_brief,information_reduced,0.9493584892137248,14,49,5,-0.013872588670335806,0.0,vehicle::train_images::16253_c139_00.jpg,0.9734307052878239,0.7346938775510204,0.93691201436841,0.9628523146787071,0.012446474845314803,-0.02407221607409915,0.0,0.07142857142857142
deberta_v3_base_mean_pool,vehicle,vehicle::query_images::21022_c078_01.jpg,llm_balanced,information_reduced,0.9652456254498655,31,49,5,-0.006293066745061471,0.2,vehicle::train_images::07345_c110_03.jpg,0.9782102296926009,0.3877551020408163,0.9668228338267558,0.9746455514687585,-0.0015772083768903489,-0.012964604242735378,0.0,0.03225806451612903
deberta_v3_base_mean_pool,vehicle,vehicle::query_images::21022_c078_01.jpg,llm_detailed,information_reduced,0.9556498577656238,38,49,5,-0.006983746975053329,0.2,vehicle::train_images::03678_c014_03.jpg,0.9771204886471909,0.24489795918367346,0.9626336047406772,0.9743385212174557,-0.006983746975053329,-0.021470630881567088,0.0,0.02631578947368421
deberta_v3_base_mean_pool,vehicle,vehicle::query_images::21022_c078_01.jpg,llm_human_description,information_reduced,0.9558497368084209,25,49,5,-0.0016777765520087362,0.6,vehicle::train_images::05685_c100_04.jpg,0.9767492892004404,0.5102040816326531,0.9555528412156533,0.9722206314909703,0.0002968955927675765,-0.02089955239201946,0.0,0.04
deberta_v3_base_mean_pool,face,face::train::170623.jpg,llm_brief,information_reduced,0.9146788218059546,29,49,5,-0.01044935568946348,0.4,face::train::091980.jpg,0.9367218860141551,0.42857142857142855,0.9167225370494931,0.9316288001073169,-0.002043715243538524,-0.022043064208200458,0.0,0.034482758620689655
deberta_v3_base_mean_pool,face,face::train::170623.jpg,llm_balanced,information_reduced,0.9560000835080984,35,49,5,-0.008438044715656012,0.0,face::train::091980.jpg,0.9742361314012635,0.30612244897959184,0.9601882003110669,0.9703181121704102,-0.004188116802968489,-0.01823604789316513,0.0,0.02857142857142857
deberta_v3_base_mean_pool,face,face::train::170623.jpg,llm_detailed,information_reduced,0.9920894853502704,8,49,5,-0.0011917471005611358,0.6,face::train::138886.jpg,0.9932812324508316,0.8571428571428571,0.9891375589825622,0.9926969680025026,0.0029519263677082463,-0.0011917471005611358,0.0,0.125
deberta_v3_base_mean_pool,face,face::train::170623.jpg,llm_human_description,information_reduced,0.9306711145808771,32,49,5,-0.014330992003989573,0.0,face::train::091980.jpg,0.9612714489035936,0.3673469387755102,0.9347962371724902,0.9538859198406734,-0.004125122591613017,-0.03060033432271647,0.0,0.03125
deberta_v3_base_mean_pool,face,face::test::189457.jpg,llm_brief,information_reduced,0.9313521403228456,43,49,5,-0.01163595597239031,0.2,face::train::141457.jpg,0.9576881095956333,0.14285714285714285,0.9420333259904492,0.953772401769253,-0.010681185667603565,-0.026335969272787696,0.0,0.023255813953488372
deberta_v3_base_mean_pool,face,face::test::189457.jpg,llm_balanced,information_reduced,0.9640498794078326,38,49,5,-0.00777805911880336,0.2,face::train::141457.jpg,0.9796332409976923,0.24489795918367346,0.9696302525432311,0.9780582437819629,-0.0055803731353984976,-0.015583361589859734,0.0,0.02631578947368421
deberta_v3_base_mean_pool,face,face::test::189457.jpg,llm_detailed,information_reduced,0.9749070262942403,35,49,5,-0.006617909255661525,0.2,face::train::091980.jpg,0.9879462995029629,0.30612244897959184,0.9786018498107014,0.9861419714547707,-0.00369482351646111,-0.013039273208722557,0.0,0.02857142857142857
deberta_v3_base_mean_pool,face,face::test::189457.jpg,llm_human_description,information_reduced,0.8834031264955722,29,49,5,-0.010671461101437907,0.2,face::train::157804.jpg,0.9227854384277746,0.42857142857142855,0.8887150103249066,0.9139573327471272,-0.005311883829334452,-0.03938231193220243,0.0,0.034482758620689655
deberta_v3_base_mean_pool,face,face::train::081413.jpg,llm_brief,information_reduced,0.9298025655143696,3,49,5,-0.0063908296209183035,0.8,face::train::143554.jpg,0.9369901270122913,0.9591836734693877,0.9149264706148021,0.9267257980632495,0.014876094899567427,-0.007187561497921768,0.0,0.3333333333333333
deberta_v3_base_mean_pool,face,face::train::081413.jpg,llm_balanced,information_reduced,0.9506838814339713,7,49,5,-0.001960923814605664,0.8,face::train::141457.jpg,0.9565852826837233,0.8775510204081632,0.9410164491574511,0.9535078610807037,0.009667432276520227,-0.005901401249752025,0.0,0.14285714285714285
deberta_v3_base_mean_pool,face,face::train::081413.jpg,llm_detailed,information_reduced,0.9833157470755349,15,49,5,-0.00134875704115478,0.8,face::train::141457.jpg,0.9885220333564713,0.7142857142857143,0.9804338717838842,0.987761683906502,0.0028818752916507373,-0.005206286280936334,0.0,0.06666666666666667
deberta_v3_base_mean_pool,face,face::train::081413.jpg,llm_human_description,information_reduced,0.9461482662170233,14,49,5,-0.0031604303339942685,0.8,face::train::091980.jpg,0.9593020678205355,0.7346938775510204,0.9382580237278391,0.9549872225704823,0.00789024248918424,-0.013153801603512205,0.0,0.07142857142857142
deberta_v3_base_mean_pool,face,face::test::186223.jpg,llm_brief,information_reduced,0.9254997379820893,38,49,5,-0.010333853335949827,0.4,face::train::091980.jpg,0.9510997730923023,0.24489795918367346,0.9341538413623949,0.9481722247956011,-0.008654103380305589,-0.025600035110213026,0.0,0.02631578947368421
deberta_v3_base_mean_pool,face,face::test::186223.jpg,llm_balanced,information_reduced,0.917339424429748,39,49,5,-0.012553850089477181,0.6,face::train::091980.jpg,0.9544847816123117,0.22448979591836735,0.9301499552681429,0.947176821138284,-0.012810530838394896,-0.03714535718256362,0.0,0.02564102564102564
deberta_v3_base_mean_pool,face,face::test::186223.jpg,llm_detailed,information_reduced,0.9551585038187695,41,49,5,-0.00870887963792133,0.4,face::train::091980.jpg,0.9845455083621328,0.1836734693877551,0.9668540534200587,0.9789309036717113,-0.011695549601289157,-0.029387004543363293,0.0,0.024390243902439025
deberta_v3_base_mean_pool,face,face::test::186223.jpg,llm_human_description,information_reduced,0.9224803707527075,37,49,5,-0.009901620801941458,0.6,face::train::091980.jpg,0.9516001625945368,0.2653061224489796,0.9316471003499027,0.9486996413525525,-0.009166729597195222,-0.029119791841829334,0.0,0.02702702702702703
deberta_v3_base_mean_pool,face,face::train::137722.jpg,llm_brief,information_reduced,0.9519919525339184,11,49,5,-0.006445800028259674,0.4,face::train::101485.jpg,0.9584529404309154,0.7959183673469388,0.9438258903244839,0.9562355522084888,0.0081660622094345,-0.006460987896997006,0.0,0.09090909090909091
deberta_v3_base_mean_pool,face,face::train::137722.jpg,llm_balanced,information_reduced,0.9574889092587877,14,49,5,-0.0030167251946813245,0.6,face::train::141457.jpg,0.9634633327660728,0.7346938775510204,0.9532870884265522,0.9607659694909924,0.0042018208322355255,-0.005974423507285054,0.0,0.07142857142857142
deberta_v3_base_mean_pool,face,face::train::137722.jpg,llm_detailed,information_reduced,0.9859165527908298,8,49,5,0.00032908962885069837,1.0,face::train::092618.jpg,0.9872479807121338,0.8571428571428571,0.981703775132065,0.9867830900591223,0.004212777658764821,-0.0013314279213040292,0.0,0.125
deberta_v3_base_mean_pool,face,face::train::137722.jpg,llm_human_description,information_reduced,0.937714253644862,25,49,5,-0.0027223283026682754,0.6,face::train::091980.jpg,0.9600286243988126,0.5102040816326531,0.9374224910042016,0.9532417295311376,0.00029176264066044233,-0.022314370753950596,0.0,0.04
deberta_v3_base_mean_pool,person,person::train::06597_2.jpg,llm_brief,information_reduced,0.9851083347094185,4,49,5,-0.0007138151152542571,0.8,person::train::00197_4.png,0.9870845969301791,0.9387755102040817,0.9648076366605483,0.9849196461313919,0.020300698048870247,-0.0019762622207606384,0.0,0.25
deberta_v3_base_mean_pool,person,person::train::06597_2.jpg,llm_balanced,information_reduced,0.9969098656319233,1,49,5,0.00535288527230271,1.0,person::query::26943_3.jpg,0.9915569803596206,1.0,0.9598798271208654,0.9837068839063514,0.037030038511057906,0.00535288527230271,1.0,1.0
deberta_v3_base_mean_pool,person,person::train::06597_2.jpg,llm_detailed,information_reduced,0.9969098656319233,1,49,5,0.00535288527230271,1.0,person::query::26943_3.jpg,0.9915569803596206,1.0,0.9598798271208654,0.9837068839063514,0.037030038511057906,0.00535288527230271,1.0,1.0
deberta_v3_base_mean_pool,person,person::train::06597_2.jpg,llm_human_description,information_reduced,0.9652038015719843,1,49,5,0.004853151327147698,1.0,person::query::14459_1.png,0.9608025178842754,1.0,0.9233060705331259,0.9579663186895113,0.04189773103885841,0.004401283687708868,1.0,1.0
deberta_v3_base_mean_pool,person,person::train::10977_1.jpg,llm_brief,information_reduced,0.9824548712857288,4,49,5,-0.0003719718576220554,0.8,person::train::00197_4.png,0.9882323050347185,0.9387755102040817,0.973158161294603,0.9813356116405233,0.009296709991125862,-0.005777433748989647,0.0,0.25
deberta_v3_base_mean_pool,person,person::train::10977_1.jpg,llm_balanced,information_reduced,0.9905387754176569,2,49,5,0.002629421524946385,1.0,person::train::00197_4.png,0.9917048163279485,0.9795918367346939,0.9735631987946186,0.9885059023738791,0.01697557662303828,-0.0011660409102915992,0.0,0.5
deberta_v3_base_mean_pool,person,person::train::10977_1.jpg,llm_detailed,information_reduced,0.999999999999985,1,49,5,0.010562037732488205,1.0,person::train::01742_4.jpg,0.9894379622674968,1.0,0.9741568861651938,0.9862500284994796,0.02584311383479121,0.010562037732488205,1.0,1.0
deberta_v3_base_mean_pool,person,person::train::10977_1.jpg,llm_human_description,information_reduced,0.9691284805471981,2,49,5,-0.0003529900923072704,0.8,person::train::09634_1.jpg,0.9694814706395054,0.9795918367346939,0.9315668513193798,0.9658068866615973,0.03756162922781836,-0.0003529900923072704,0.0,0.5
deberta_v3_base_mean_pool,person,person::train::12050_5.jpg,llm_brief,information_reduced,0.9589556167573174,36,49,5,-0.00945102613295945,0.4,person::train::00197_4.png,0.9817620471103048,0.2857142857142857,0.9623344154377035,0.9731472875715313,-0.0033787986803860415,-0.02280643035298735,0.0,0.027777777777777776
deberta_v3_base_mean_pool,person,person::train::12050_5.jpg,llm_balanced,information_reduced,0.9781193755356952,12,49,5,-0.002543777080885601,0.8,person::train::00197_4.png,0.9893549802415507,0.7755102040816326,0.9644272899972248,0.9867005193908712,0.013692085538470344,-0.011235604705855495,0.0,0.08333333333333333
deberta_v3_base_mean_pool,person,person::train::12050_5.jpg,llm_detailed,information_reduced,0.9736785870718548,15,49,5,-0.0007583448607116905,0.8,person::train::06597_2.jpg,0.9849458402212383,0.7142857142857143,0.9659601986151304,0.9833148258484976,0.0077183884567244565,-0.011267253149383483,0.0,0.06666666666666667
deberta_v3_base_mean_pool,person,person::train::12050_5.jpg,llm_human_description,information_reduced,0.9446394221125753,36,49,5,-0.007233039450678991,0.0,person::train::06597_2.jpg,0.9757514238998101,0.2857142857142857,0.951973616884114,0.9726846853761437,-0.007334194771538627,-0.031112001787234722,0.0,0.027777777777777776
deberta_v3_base_mean_pool,person,person::train::08529_4.jpg,llm_brief,information_reduced,0.9855495765316868,1,49,5,0.0005156525513158039,1.0,person::query::14604_1.png,0.985033923980371,1.0,0.9705163757063733,0.980859154180911,0.015033200825313564,0.0005156525513158039,1.0,1.0
deberta_v3_base_mean_pool,person,person::train::08529_4.jpg,llm_balanced,information_reduced,0.983614960172505,8,49,5,-0.00020231677001691928,0.8,person::train::00197_4.png,0.9908750155477101,0.8571428571428571,0.9760180702500373,0.9860692521247573,0.007596889922467764,-0.007260055375205021,0.0,0.125
deberta_v3_base_mean_pool,person,person::train::08529_4.jpg,llm_detailed,information_reduced,0.9936060644762627,1,49,5,0.005061401663755016,1.0,person::query::14604_1.png,0.9885446628125076,1.0,0.9783941560884836,0.9840815003434711,0.015211908387779083,0.005061401663755016,1.0,1.0
deberta_v3_base_mean_pool,person,person::train::08529_4.jpg,llm_human_description,information_reduced,0.9799323117182183,8,49,5,-0.0008276058545834131,0.6,person::train::00197_4.png,0.9872472465756192,0.8571428571428571,0.9750034653307839,0.9818821925131043,0.004928846387434405,-0.007314934857400979,0.0,0.125
deberta_v3_base_mean_pool,person,person::train::01742_4.jpg,llm_brief,information_reduced,0.982749935811488,6,49,5,0.0015784284680895322,1.0,person::train::00837_3.png,0.9891304630039041,0.8979591836734694,0.9753939172358552,0.9852773361420675,0.007356018575632728,-0.006380527192416108,0.0,0.16666666666666666
deberta_v3_base_mean_pool,person,person::train::01742_4.jpg,llm_balanced,information_reduced,0.9829335412114871,8,49,5,-0.0002059885753725732,0.8,person::train::00197_4.png,0.9894802890991488,0.8571428571428571,0.9731762027073445,0.9854849404354694,0.00975733850414262,-0.00654674788766163,0.0,0.125
deberta_v3_base_mean_pool,person,person::train::01742_4.jpg,llm_detailed,information_reduced,0.9843732506540785,1,49,5,0.0007057507399845786,1.0,person::train::10977_1.jpg,0.983667499914094,1.0,0.9568735596132993,0.9789313668713999,0.027499691040779206,0.0007057507399845786,1.0,1.0
deberta_v3_base_mean_pool,person,person::train::01742_4.jpg,llm_human_description,information_reduced,0.9723753979461405,4,49,5,-0.0014007782398129942,0.6,person::train::10977_1.jpg,0.9737761761859535,0.9387755102040817,0.9485912280258684,0.9724915909145347,0.023784169920272102,-0.0014007782398129942,0.0,0.25
deberta_v3_base_mean_pool,person,person::train::05158_3.jpg,llm_brief,information_reduced,0.96497427255903,2,49,5,0.0014719645368950207,1.0,person::train::01924_2.jpg,0.9674273512863771,0.9795918367346939,0.9457175701525466,0.9634630370094154,0.01925670240648336,-0.0024530787273471244,0.0,0.5
deberta_v3_base_mean_pool,person,person::train::05158_3.jpg,llm_balanced,information_reduced,0.9774814041286229,3,49,5,0.006706457864203763,1.0,person::train::08529_4.jpg,0.9806604057612915,0.9591836734693877,0.9621602335286936,0.9756006762826744,0.015321170599929324,-0.003179001632668599,0.0,0.3333333333333333
deberta_v3_base_mean_pool,person,person::train::05158_3.jpg,llm_detailed,information_reduced,0.9656679375654729,13,49,5,-0.008483120645392694,0.8,person::train::08529_4.jpg,0.977123958600076,0.7551020408163265,0.9596974585767158,0.9746532521685041,0.005970478988757022,-0.011456021034603081,0.0,0.07692307692307693
deberta_v3_base_mean_pool,person,person::train::05158_3.jpg,llm_human_description,information_reduced,0.965230144949717,8,49,5,-0.00037155157873447475,0.8,person::train::12462_1.jpg,0.973165111838223,0.8571428571428571,0.9544735401620861,0.9702377141726622,0.010756604787630963,-0.007934966888505923,0.0,0.125
deberta_v3_base_mean_pool,person,person::train::02167_1.jpg,llm_brief,information_reduced,0.9754371174281175,11,49,5,-0.0031023918995164435,0.8,person::train::09715_3.jpg,0.9819959943028284,0.7959183673469388,0.9712600473236688,0.9799595951003065,0.004177070104448677,-0.006558876874710906,0.0,0.09090909090909091
deberta_v3_base_mean_pool,person,person::train::02167_1.jpg,llm_balanced,information_reduced,0.9817588069546664,13,49,5,-0.003035878715156204,0.4,person::query::14604_1.png,0.9871028093956211,0.7551020408163265,0.9772152111863274,0.9857853447759576,0.00454359576833907,-0.005344002440954676,0.0,0.07692307692307693
deberta_v3_base_mean_pool,person,person::train::02167_1.jpg,llm_detailed,information_reduced,0.9805480912305709,1,49,5,0.0014444640019157795,1.0,person::train::03736_1.jpg,0.9791036272286551,1.0,0.9688942540453556,0.9779265091184423,0.011653837185215288,0.0014444640019157795,1.0,1.0
deberta_v3_base_mean_pool,person,person::train::02167_1.jpg,llm_human_description,information_reduced,0.962586048548354,20,49,5,-0.0031721746966213438,0.6,person::train::09634_1.jpg,0.9772302575705951,0.6122448979591837,0.959085610629184,0.9745775019878188,0.0035004379191699853,-0.014644209022241172,0.0,0.05
deberta_v3_base_mean_pool,person,person::train::00233_10.png,llm_brief,information_reduced,0.9820225777520213,3,49,5,0.0006430542113580184,1.0,person::train::09715_3.jpg,0.9852722186899922,0.9591836734693877,0.9671334474620408,0.9806817854869304,0.014889130289980512,-0.0032496409379708657,0.0,0.3333333333333333
deberta_v3_base_mean_pool,person,person::train::00233_10.png,llm_balanced,information_reduced,0.990201166131437,1,49,5,0.0005317811640896952,1.0,person::train::06597_2.jpg,0.9896693849673474,1.0,0.9606786124835265,0.9838965185223675,0.029522553647910565,0.0005317811640896952,1.0,1.0
deberta_v3_base_mean_pool,person,person::train::00233_10.png,llm_detailed,information_reduced,0.9761561731172684,3,49,5,-0.008861185756385392,0.8,person::train::06597_2.jpg,0.9850173588736538,0.9591836734693877,0.9408416761062879,0.9728988553345974,0.03531449701098055,-0.008861185756385392,0.0,0.3333333333333333
deberta_v3_base_mean_pool,person,person::train::00233_10.png,llm_human_description,information_reduced,0.9776121511549721,7,49,5,-0.009727873151736621,0.6,person::train::00197_4.png,0.9873400243067088,0.8775510204081632,0.9591622512572168,0.9835994142326682,0.018449899897755362,-0.009727873151736621,0.0,0.14285714285714285
deberta_v3_base_mean_pool,person,person::train::01108_7.png,llm_brief,information_reduced,0.9766146525178987,15,49,5,0.0036685778372127498,1.0,person::train::00233_10.png,0.9899228174931747,0.7142857142857143,0.9682356410232656,0.9877437369076701,0.008379011494633049,-0.013308164975275982,0.0,0.06666666666666667
deberta_v3_base_mean_pool,person,person::train::01108_7.png,llm_balanced,information_reduced,0.9818805401116948,14,49,5,0.006116155755977237,1.0,person::train::00197_4.png,0.9913171790857505,0.7346938775510204,0.9755629809187554,0.9897958418951811,0.006317559192939415,-0.009436638974055667,0.0,0.07142857142857142
deberta_v3_base_mean_pool,person,person::train::01108_7.png,llm_detailed,information_reduced,0.9740597157927949,18,49,5,0.0021220395813931203,1.0,person::train::06597_2.jpg,0.993765140338698,0.6530612244897959,0.9700255094871475,0.9874983578849335,0.004034206305647436,-0.019705424545903072,0.0,0.05555555555555555
deberta_v3_base_mean_pool,person,person::train::01108_7.png,llm_human_description,information_reduced,0.9508469764849035,23,49,5,0.0004177311932866967,1.0,person::query::26943_3.jpg,0.9834149269108716,0.5510204081632653,0.9479894105227693,0.9755508995388303,0.0028575659621341565,-0.03256795042596816,0.0,0.043478260869565216
deberta_v3_base_mean_pool,person,person::train::06085_7.jpg,llm_brief,information_reduced,0.9625616797890582,27,49,5,-0.004491878714773301,0.4,person::gallery::26789_1.jpg,0.9870072026554351,0.46938775510204084,0.9631362753637717,0.9807490218117321,-0.0005745955747135101,-0.024445522866376912,0.0,0.037037037037037035
deberta_v3_base_mean_pool,person,person::train::06085_7.jpg,llm_balanced,information_reduced,0.9675891262327242,21,49,5,7.790108893690473e-05,1.0,person::train::00197_4.png,0.9880925095463837,0.5918367346938775,0.9641577979333632,0.9870006580368758,0.0034313282993609917,-0.02050338331365953,0.0,0.047619047619047616
deberta_v3_base_mean_pool,person,person::train::06085_7.jpg,llm_detailed,information_reduced,0.9538123075438504,27,49,5,-0.006271400467428023,0.8,person::query::26943_3.jpg,0.9859576276317115,0.46938775510204084,0.9552108508431103,0.9818745100053375,-0.0013985432992599245,-0.032145320087861085,0.0,0.037037037037037035
deberta_v3_base_mean_pool,person,person::train::06085_7.jpg,llm_human_description,information_reduced,0.9494254156161281,30,49,5,-0.005507646364893648,0.6,person::query::26943_3.jpg,0.9748335201665321,0.40816326530612246,0.9527318949731818,0.9727464366837423,-0.0033064793570536377,-0.025408104550403987,0.0,0.03333333333333333
deberta_v3_base_mean_pool,person,person::train::12462_1.jpg,llm_brief,information_reduced,0.984742986753718,1,49,5,0.00010601617685523923,1.0,person::train::09715_3.jpg,0.9846369705768627,1.0,0.96971293256801,0.9797906642748131,0.015030054185707908,0.00010601617685523923,1.0,1.0
deberta_v3_base_mean_pool,person,person::train::12462_1.jpg,llm_balanced,information_reduced,0.9982045879099015,1,49,5,0.010369689380521963,1.0,person::gallery::27153_5.jpg,0.9878348985293796,1.0,0.9716978792686755,0.9869936121596433,0.026506708641226062,0.010369689380521963,1.0,1.0
deberta_v3_base_mean_pool,person,person::train::12462_1.jpg,llm_detailed,information_reduced,0.9916511295209951,1,49,5,0.0017530978670177166,1.0,person::gallery::15309_3.png,0.9898980316539774,1.0,0.9745414580963567,0.9845058964654176,0.017109671424638373,0.0017530978670177166,1.0,1.0
deberta_v3_base_mean_pool,person,person::train::12462_1.jpg,llm_human_description,information_reduced,0.9717663889395473,5,49,5,-0.0025199273572725778,0.8,person::train::06597_2.jpg,0.9787788802630673,0.9183673469387755,0.9504107818913106,0.974042970500336,0.02135560704823669,-0.007012491323519998,0.0,0.2
deberta_v3_base_mean_pool,person,person::train::01924_2.jpg,llm_brief,information_reduced,0.9779769606614989,7,49,5,4.286768151517961e-05,1.0,person::train::00197_4.png,0.9864855836286367,0.8775510204081632,0.9694260094914046,0.979494727890889,0.0085509511700943,-0.008508622967137836,0.0,0.14285714285714285
deberta_v3_base_mean_pool,person,person::train::01924_2.jpg,llm_balanced,information_reduced,0.9847086171271452,2,49,5,0.004413138237937875,1.0,person::train::00197_4.png,0.9912027051824595,0.9795918367346939,0.974458199095119,0.9822330169752697,0.010250418032026198,-0.006494088055314262,0.0,0.5
deberta_v3_base_mean_pool,person,person::train::01924_2.jpg,llm_detailed,information_reduced,0.9828363727518649,3,49,5,-0.0003254866750593832,0.8,person::train::12462_1.jpg,0.9836748461319049,0.9591836734693877,0.9707105907488864,0.9815344657396229,0.012125782002978425,-0.0008384733800400612,0.0,0.3333333333333333
deberta_v3_base_mean_pool,person,person::train::01924_2.jpg,llm_human_description,information_reduced,0.9826555811527309,1,49,5,0.003769720752278216,1.0,person::train::00197_4.png,0.9818374921858612,1.0,0.9677417179791868,0.9784053443081107,0.01491386317354404,0.0008180889668696345,1.0,1.0
deberta_v3_base_mean_pool,person,person::train::00969_2.png,llm_brief,information_reduced,0.9602703054592252,25,49,5,-0.0067303036635290026,0.6,person::query::14604_1.png,0.976938832977173,0.5102040816326531,0.959057260814614,0.97436825885758,0.0012130446446112497,-0.016668527517947784,0.0,0.04
deberta_v3_base_mean_pool,person,person::train::00969_2.png,llm_balanced,information_reduced,0.983814398145151,2,49,5,0.0034246561972044454,1.0,person::train::09634_1.jpg,0.9851472509123351,0.9795918367346939,0.9736968956106012,0.983095589998604,0.010117502534549794,-0.0013328527671840895,0.0,0.5
deberta_v3_base_mean_pool,person,person::train::00969_2.png,llm_detailed,information_reduced,0.9817837533721155,11,49,5,0.003781204048228015,1.0,person::train::08924_1.jpg,0.9865849558147003,0.7959183673469388,0.9716220928553077,0.9856450569492773,0.010161660516807891,-0.004801202442584751,0.0,0.09090909090909091
deberta_v3_base_mean_pool,person,person::train::00969_2.png,llm_human_description,information_reduced,0.9416619119287142,17,49,5,-0.002629982476467063,0.8,person::train::09634_1.jpg,0.9728148242749461,0.673469387755102,0.9320859216012245,0.9579944496433721,0.00957599032748968,-0.031152912346231965,0.0,0.058823529411764705
deberta_v3_base_mean_pool,person,person::train::09634_1.jpg,llm_brief,information_reduced,0.9611430744370286,45,49,5,-0.012783133920217016,0.2,person::gallery::26789_1.jpg,0.9812591256529195,0.10204081632653061,0.968701242126832,0.9782788585965461,-0.00755816768980333,-0.020116051215890884,0.0,0.022222222222222223
deberta_v3_base_mean_pool,person,person::train::09634_1.jpg,llm_balanced,information_reduced,0.9796705474457328,12,49,5,-0.007289010119666095,0.4,person::train::08924_1.jpg,0.9869595575653989,0.7755102040816326,0.9708114396129539,0.9863468765680294,0.008859107832778879,-0.007289010119666095,0.0,0.08333333333333333
deberta_v3_base_mean_pool,person,person::train::09634_1.jpg,llm_detailed,information_reduced,0.9906441754533831,1,49,5,0.003334478684672182,1.0,person::train::08924_1.jpg,0.9873096967687109,1.0,0.9636762984922854,0.9834298051947361,0.026967876961097703,0.003334478684672182,1.0,1.0
deberta_v3_base_mean_pool,person,person::train::09634_1.jpg,llm_human_description,information_reduced,0.9827060217425313,1,49,5,0.011010286623792775,1.0,person::train::10977_1.jpg,0.9716957351187385,1.0,0.9465686927996025,0.9669605504921215,0.03613732894292876,0.011010286623792775,1.0,1.0
deberta_v3_base_mean_pool,person,person::train::11561_6.jpg,llm_brief,information_reduced,0.967627551936908,9,49,5,0.003116311143447792,1.0,person::gallery::26789_1.jpg,0.9843226841031456,0.8367346938775511,0.9601026203070611,0.9718901845890489,0.007524931629846909,-0.016695132166237636,0.0,0.1111111111111111
deberta_v3_base_mean_pool,person,person::train::11561_6.jpg,llm_balanced,information_reduced,0.9857028265983583,2,49,5,0.005751676483620405,1.0,person::train::00197_4.png,0.9879547913858489,0.9795918367346939,0.9650674607047034,0.9790764882536963,0.02063536589365489,-0.002251964787490568,0.0,0.5
deberta_v3_base_mean_pool,person,person::train::11561_6.jpg,llm_detailed,information_reduced,0.99066668758396,1,49,5,0.007069497269043157,1.0,person::train::00197_4.png,0.9852974574680454,1.0,0.9676836247217078,0.9807054334642381,0.022983062862252268,0.005369230115914614,1.0,1.0
deberta_v3_base_mean_pool,person,person::train::11561_6.jpg,llm_human_description,information_reduced,0.9549017938115584,10,49,5,-0.0025358806091443364,0.6,person::train::09634_1.jpg,0.9632589543331709,0.8163265306122449,0.9300332077790121,0.9616953432165246,0.02486858603254627,-0.008357160521612506,0.0,0.1
deberta_v3_base_mean_pool,person,person::train::08528_6.jpg,llm_brief,information_reduced,0.9903789442641845,1,49,5,0.007311277089029233,1.0,person::query::14604_1.png,0.9830903697764277,1.0,0.9736810137177057,0.982296695061414,0.016697930546478834,0.0072885744877567715,1.0,1.0
deberta_v3_base_mean_pool,person,person::train::08528_6.jpg,llm_balanced,information_reduced,0.9844939711922532,2,49,5,0.004473536959893609,1.0,person::train::10977_1.jpg,0.9866945877721884,0.9795918367346939,0.9743651532475811,0.9834442632774347,0.01012881794467213,-0.0022006165799351995,0.0,0.5
deberta_v3_base_mean_pool,person,person::train::08528_6.jpg,llm_detailed,information_reduced,0.9812396651488136,7,49,5,-0.0037136770252099716,0.8,person::train::03736_1.jpg,0.9849533421740235,0.8775510204081632,0.9738746251449064,0.9829303183231953,0.007365040003907142,-0.0037136770252099716,0.0,0.14285714285714285
deberta_v3_base_mean_pool,person,person::train::08528_6.jpg,llm_human_description,information_reduced,0.9674374731075266,13,49,5,-0.00038662416949186706,0.8,person::train::09634_1.jpg,0.9792424080163363,0.7551020408163265,0.9584573377380556,0.9731990117103204,0.008980135369470954,-0.011804934908809739,0.0,0.07692307692307693
deberta_v3_base_mean_pool,person,person::train::01287_5.jpg,llm_brief,information_reduced,0.9690738448720313,5,49,5,0.007709617284009429,1.0,person::train::00197_4.png,0.9778349309188287,0.9183673469387755,0.958744730784273,0.9695963838219462,0.010329114087758273,-0.008761086046797373,0.0,0.2
deberta_v3_base_mean_pool,person,person::train::01287_5.jpg,llm_balanced,information_reduced,0.9846298545532196,2,49,5,0.007746174014133245,1.0,person::train::00197_4.png,0.9846469849350132,0.9795918367346939,0.9725321676219536,0.9812688613829335,0.012097686931266005,-1.713038179362858e-05,0.0,0.5
deberta_v3_base_mean_pool,person,person::train::01287_5.jpg,llm_detailed,information_reduced,0.986435245326751,2,49,5,0.0059295159827409405,1.0,person::train::00197_4.png,0.9873923615554928,0.9795918367346939,0.9738018994147365,0.9833180205454691,0.012633345912014482,-0.0009571162287418389,0.0,0.5
deberta_v3_base_mean_pool,person,person::train::01287_5.jpg,llm_human_description,information_reduced,0.9473752647239284,28,49,5,-0.000737330415682802,0.8,person::train::00197_4.png,0.970267270901767,0.4489795918367347,0.9495401988593505,0.9680505704365662,-0.0021649341354220697,-0.022892006177838597,0.0,0.03571428571428571
deberta_v3_base_mean_pool,person,person::train::10252_1.jpg,llm_brief,information_reduced,0.9724611431049051,29,49,5,-0.004056268004090757,0.6,person::train::00197_4.png,0.9858015324401465,0.42857142857142855,0.9737969202469232,0.9818218860292247,-0.0013357771420181574,-0.013340389335241398,0.0,0.034482758620689655
deberta_v3_base_mean_pool,person,person::train::10252_1.jpg,llm_balanced,information_reduced,0.9694713681962563,35,49,5,-0.008769012901228557,0.4,person::train::10977_1.jpg,0.98814518771582,0.30612244897959184,0.9738742447149089,0.9853561651499767,-0.004402876518652565,-0.018673819519563706,0.0,0.02857142857142857
deberta_v3_base_mean_pool,person,person::train::10252_1.jpg,llm_detailed,information_reduced,0.9817684444482841,14,49,5,-0.00441442686142457,0.8,person::query::14604_1.png,0.9885138141791484,0.7346938775510204,0.9779551576393672,0.9871274515720679,0.0038132868089169047,-0.006745369730864259,0.0,0.07142857142857142
deberta_v3_base_mean_pool,person,person::train::10252_1.jpg,llm_human_description,information_reduced,0.9179252650659664,40,49,5,-0.022332295068354213,0.4,person::train::09634_1.jpg,0.9696940095210996,0.20408163265306123,0.9367682087750776,0.9665753449108974,-0.018842943709111215,-0.05176874445513324,0.0,0.025
deberta_v3_base_mean_pool,person,person::train::08924_1.jpg,llm_brief,information_reduced,0.9753248389807112,10,49,5,-0.007078407006568144,0.2,person::train::00197_4.png,0.9836083947401494,0.8163265306122449,0.9648136269567397,0.983167975359693,0.010511212023971539,-0.008283555759438177,0.0,0.1
deberta_v3_base_mean_pool,person,person::train::08924_1.jpg,llm_balanced,information_reduced,0.9934377190478691,1,49,5,0.002030953208157049,1.0,person::train::06597_2.jpg,0.9914067658397121,1.0,0.966125769587848,0.9886989030766892,0.027311949460021134,0.002030953208157049,1.0,1.0
deberta_v3_base_mean_pool,person,person::train::08924_1.jpg,llm_detailed,information_reduced,0.9809231324750068,1,49,5,0.00635350772225296,1.0,person::train::09634_1.jpg,0.9752174004663072,1.0,0.942115268667506,0.9731561989029774,0.0388078638075009,0.0057057320086996155,1.0,1.0
deberta_v3_base_mean_pool,person,person::train::08924_1.jpg,llm_human_description,information_reduced,0.9596880983112515,2,49,5,0.0009253412828822416,1.0,person::train::09634_1.jpg,0.968639794366785,0.9795918367346939,0.930310150028437,0.957720028560952,0.02937794828281448,-0.008951696055533587,0.0,0.5
deberta_v3_base_mean_pool,person,person::train::02319_1.jpg,llm_brief,information_reduced,0.9792740620051288,13,49,5,0.002529369285451555,1.0,person::train::00197_4.png,0.9893144642278672,0.7551020408163265,0.9746780310483905,0.9853273983860813,0.004596030956738328,-0.010040402222738387,0.0,0.07692307692307693
deberta_v3_base_mean_pool,person,person::train::02319_1.jpg,llm_balanced,information_reduced,0.9734917850490462,32,49,5,-0.0013915098651599012,0.8,person::train::00197_4.png,0.9915199059934129,0.3673469387755102,0.976953684461705,0.9853236958106004,-0.003461899412658842,-0.018028120944366677,0.0,0.03125
deberta_v3_base_mean_pool,person,person::train::02319_1.jpg,llm_detailed,information_reduced,0.988911092417726,2,49,5,0.0015516355429578965,1.0,person::query::14604_1.png,0.9908091884499075,0.9795918367346939,0.9788777505223769,0.9871236875726035,0.010033341895349102,-0.0018980960321814955,0.0,0.5
deberta_v3_base_mean_pool,person,person::train::02319_1.jpg,llm_human_description,information_reduced,0.9469441892233859,40,49,5,-0.002474627261556561,0.6,person::query::27008_3.jpg,0.9730840582721502,0.20408163265306123,0.9575419357427946,0.9705089732175154,-0.010597746519408702,-0.026139869048764308,0.0,0.025
deberta_v3_base_mean_pool,person,person::train::09715_3.jpg,llm_brief,information_reduced,0.9862628270977438,1,49,5,0.003648131798522747,1.0,person::gallery::27153_5.jpg,0.9826146952992211,1.0,0.9629535943079569,0.9816145594030476,0.023309232789786916,0.003648131798522747,1.0,1.0
deberta_v3_base_mean_pool,person,person::train::09715_3.jpg,llm_balanced,information_reduced,0.9904003410082325,1,49,5,0.004867218800699402,1.0,person::train::06597_2.jpg,0.9869955816544083,1.0,0.9698031524156302,0.9851354472976404,0.02059718859260229,0.003404759353824227,1.0,1.0
deberta_v3_base_mean_pool,person,person::train::09715_3.jpg,llm_detailed,information_reduced,0.9859286944056701,1,49,5,0.006139645304875985,1.0,person::train::06597_2.jpg,0.9831835547162412,1.0,0.9605892037594943,0.9797287398955387,0.0253394906461758,0.0027451396894289104,1.0,1.0
deberta_v3_base_mean_pool,person,person::train::09715_3.jpg,llm_human_description,information_reduced,0.9579380273116662,6,49,5,0.0009061747988183821,1.0,person::train::09634_1.jpg,0.9689521231003979,0.8979591836734694,0.9422640491791693,0.9599212548843497,0.015673978132496935,-0.011014095788731693,0.0,0.16666666666666666
deberta_v3_base_mean_pool,person,person::train::13508_2.jpg,llm_brief,information_reduced,0.9712980918642153,16,49,5,-0.008490956012971784,0.6,person::query::26943_3.jpg,0.9871102666743368,0.6938775510204082,0.9627543129629694,0.9835673264635153,0.008543778901245913,-0.015812174810121427,0.0,0.0625
deberta_v3_base_mean_pool,person,person::train::13508_2.jpg,llm_balanced,information_reduced,0.9731658812658384,10,49,5,-0.0014957895886624772,0.8,person::query::26943_3.jpg,0.9789764642198363,0.8163265306122449,0.9580709410946746,0.9770541195540091,0.015094940171163751,-0.005810582953997945,0.0,0.1
deberta_v3_base_mean_pool,person,person::train::13508_2.jpg,llm_detailed,information_reduced,0.9766808093250595,1,49,5,0.007246329379226091,1.0,person::train::00197_4.png,0.9719016467706487,1.0,0.9586390193624239,0.9688144202591035,0.018041789962635613,0.0047791625544107985,1.0,1.0
deberta_v3_base_mean_pool,person,person::train::13508_2.jpg,llm_human_description,information_reduced,0.9374504759849136,18,49,5,-0.00881008510626824,0.6,person::train::09634_1.jpg,0.9621096867942086,0.6530612244897959,0.9312935660539008,0.9586081646708742,0.006156909931012811,-0.024659210809295007,0.0,0.05555555555555555
deberta_v3_base_mean_pool,person,person::train::09751_6.jpg,llm_brief,information_reduced,0.9608009844223782,13,49,5,-0.0009548670834841344,0.8,person::train::12462_1.jpg,0.9736058826846916,0.7551020408163265,0.953481561549615,0.9693506733764662,0.007319422872763104,-0.012804898262313458,0.0,0.07692307692307693
deberta_v3_base_mean_pool,person,person::train::09751_6.jpg,llm_balanced,information_reduced,0.9680629787986287,19,49,5,0.002429613698665123,1.0,person::query::26943_3.jpg,0.9884183785059991,0.6326530612244898,0.9641916345751922,0.9856728211243558,0.0038713442234364903,-0.020355399707370436,0.0,0.05263157894736842
deberta_v3_base_mean_pool,person,person::train::09751_6.jpg,llm_detailed,information_reduced,0.9558792332214736,32,49,5,-0.001671982425283547,0.6,person::query::26943_3.jpg,0.9822932987955926,0.3673469387755102,0.9588749915102944,0.9794317796534282,-0.0029957582888208156,-0.02641406557411896,0.0,0.03125
deberta_v3_base_mean_pool,person,person::train::09751_6.jpg,llm_human_description,information_reduced,0.9457625706549007,26,49,5,0.0004934115821237928,1.0,person::query::26943_3.jpg,0.9775523077040069,0.4897959183673469,0.9460643401209383,0.9724866069033643,-0.0003017694660376602,-0.03178973704910626,0.0,0.038461538461538464
deberta_v3_base_mean_pool,person,person::train::11903_4.jpg,llm_brief,information_reduced,0.9496622910227145,31,49,5,-0.010384781267734122,0.0,person::train::12462_1.jpg,0.9757584906673531,0.3877551020408163,0.9520283054011802,0.9675145505573461,-0.0023660143784657306,-0.026096199644638607,0.0,0.03225806451612903
deberta_v3_base_mean_pool,person,person::train::11903_4.jpg,llm_balanced,information_reduced,0.9724646362694085,9,49,5,-0.0037675677339873426,0.6,person::query::26943_3.jpg,0.9813893714344315,0.8367346938775511,0.9503051951752441,0.978279618658926,0.022159441094164345,-0.008924735165023012,0.0,0.1111111111111111
deberta_v3_base_mean_pool,person,person::train::11903_4.jpg,llm_detailed,information_reduced,0.9798817306138894,1,49,5,0.013862372120299282,1.0,person::train::09634_1.jpg,0.9667115695758798,1.0,0.9410369502275133,0.9650618498372064,0.038844780386376065,0.013170161038009609,1.0,1.0
deberta_v3_base_mean_pool,person,person::train::11903_4.jpg,llm_human_description,information_reduced,0.9440375056648129,8,49,5,-0.0030396873382750877,0.8,person::train::09634_1.jpg,0.959486678533767,0.8571428571428571,0.9129304291392469,0.950010187669055,0.03110707652556599,-0.015449172868954086,0.0,0.125
deberta_v3_base_mean_pool,person,person::train::03720_4.jpg,llm_brief,information_reduced,0.9732539725897009,8,49,5,-0.005775210367499062,0.8,person::train::01924_2.jpg,0.9819367591326592,0.8571428571428571,0.9603275270214545,0.9758700718495628,0.012926445568246403,-0.008682786542958287,0.0,0.125
deberta_v3_base_mean_pool,person,person::train::03720_4.jpg,llm_balanced,information_reduced,0.9813173751769908,20,49,5,-0.0003358671315746298,0.8,person::train::00197_4.png,0.9919822226508059,0.6122448979591837,0.979093422213785,0.9865431899902183,0.0022239529632057664,-0.010664847473815131,0.0,0.05
deberta_v3_base_mean_pool,person,person::train::03720_4.jpg,llm_detailed,information_reduced,0.9925973800743408,1,49,5,0.0027031511303770017,1.0,person::gallery::14888_1.png,0.9898942289439638,1.0,0.983219466769213,0.9887494099718154,0.009377913305127827,0.0027031511303770017,1.0,1.0
deberta_v3_base_mean_pool,person,person::train::03720_4.jpg,llm_human_description,information_reduced,0.9735632450202488,27,49,5,-0.0012612429955838333,0.8,person::train::00197_4.png,0.9844214192657267,0.46938775510204084,0.9739665056341058,0.9839399894100482,-0.00040326061385698164,-0.010858174245477858,0.0,0.037037037037037035
deberta_v3_base_mean_pool,person,person::train::26249_12.jpg,llm_brief,information_reduced,0.969735281096913,14,49,5,0.006847723232694114,1.0,person::gallery::26789_1.jpg,0.987528435525308,0.7346938775510204,0.9628875578642189,0.9824450619924006,0.006847723232694114,-0.01779315442839502,0.0,0.07142857142857142
deberta_v3_base_mean_pool,person,person::train::26249_12.jpg,llm_balanced,information_reduced,0.9892391332965006,2,49,5,0.007743716483208707,1.0,person::train::00197_4.png,0.9898836828095803,0.9795918367346939,0.9772673927779315,0.9867881499388367,0.011971740518569085,-0.0006445495130796841,0.0,0.5
deberta_v3_base_mean_pool,person,person::train::26249_12.jpg,llm_detailed,information_reduced,0.9877429722574931,1,49,5,0.004970649674125416,1.0,person::query::14459_1.png,0.9860246839629072,1.0,0.9654028653669054,0.9826414277088038,0.02234010689058763,0.001718288294585868,1.0,1.0
deberta_v3_base_mean_pool,person,person::train::26249_12.jpg,llm_human_description,information_reduced,0.9585531430314814,10,49,5,-0.0046411341857565125,0.8,person::train::09634_1.jpg,0.9710725472082002,0.8163265306122449,0.937874767181097,0.9684892725297943,0.020678375850384456,-0.012519404176718818,0.0,0.1
deberta_v3_base_mean_pool,person,person::train::08634_3.jpg,llm_brief,information_reduced,0.9678881666687352,20,49,5,-0.007930013644093181,0.2,person::query::14604_1.png,0.976268316510243,0.6122448979591837,0.9658466368744476,0.9755647630317147,0.002041529794287622,-0.008380149841507811,0.0,0.05
deberta_v3_base_mean_pool,person,person::train::08634_3.jpg,llm_balanced,information_reduced,0.9756647641679207,8,49,5,-0.0010047527900948205,0.8,person::train::09634_1.jpg,0.9884966340062565,0.8571428571428571,0.9670176913375684,0.9791699536939176,0.008647072830352265,-0.012831869838335841,0.0,0.125
deberta_v3_base_mean_pool,person,person::train::08634_3.jpg,llm_detailed,information_reduced,0.9806986896557917,5,49,5,-0.0011186692047415736,0.8,person::train::09634_1.jpg,0.9863485760663335,0.9183673469387755,0.9652357521738357,0.9816379597794938,0.01546293748195593,-0.005649886410541871,0.0,0.2
deberta_v3_base_mean_pool,person,person::train::08634_3.jpg,llm_human_description,information_reduced,0.9358472967642253,10,49,5,0.004928950139106103,1.0,person::train::09634_1.jpg,0.9612460883873787,0.8163265306122449,0.911363636163585,0.9470335079855846,0.024483660600640333,-0.025398791623153394,0.0,0.1
deberta_v3_base_mean_pool,person,person::train::00837_3.png,llm_brief,information_reduced,0.9720644625298466,20,49,5,-0.007962505306957857,0.4,person::train::00197_4.png,0.9851870754091105,0.6122448979591837,0.9705924137751334,0.9793401705578174,0.0014720487547131844,-0.013122612879263973,0.0,0.05
deberta_v3_base_mean_pool,person,person::train::00837_3.png,llm_balanced,information_reduced,0.9824306839809163,6,49,5,-0.003965534118240077,0.8,person::train::00197_4.png,0.9868181313758644,0.8979591836734694,0.971489674099153,0.985421714963618,0.010941009881763275,-0.0043874473949481185,0.0,0.16666666666666666
deberta_v3_base_mean_pool,person,person::train::00837_3.png,llm_detailed,information_reduced,0.9639021121934688,3,49,5,0.0028236744872025543,1.0,person::train::06597_2.jpg,0.9666723172476007,0.9591836734693877,0.9331575172092718,0.9630289428617647,0.030744594984197016,-0.0027702050541319467,0.0,0.3333333333333333
deberta_v3_base_mean_pool,person,person::train::00837_3.png,llm_human_description,information_reduced,0.9591957823443034,6,49,5,-0.001213204719741956,0.8,person::train::09634_1.jpg,0.9677615284575608,0.8979591836734694,0.9312285939920164,0.9621667391930607,0.027967188352286954,-0.008565746113257444,0.0,0.16666666666666666
deberta_v3_base_mean_pool,person,person::query::27008_3.jpg,llm_brief,information_reduced,0.9769935731201362,3,49,5,-0.00036500254164539836,0.8,person::train::09634_1.jpg,0.9776121679222063,0.9591836734693877,0.9609384077998507,0.9753548732471439,0.016055165320285503,-0.0006185948020700494,0.0,0.3333333333333333
deberta_v3_base_mean_pool,person,person::query::27008_3.jpg,llm_balanced,information_reduced,0.9844014282523896,1,49,5,0.00016726901064278987,1.0,person::query::26943_3.jpg,0.9842341592417468,1.0,0.9534342261702855,0.9784409571085257,0.03096720208210413,0.00016726901064278987,1.0,1.0
deberta_v3_base_mean_pool,person,person::query::27008_3.jpg,llm_detailed,information_reduced,0.9776083121154591,2,49,5,-0.0013847707960025213,0.8,person::train::08924_1.jpg,0.9789930829114616,0.9795918367346939,0.9442757139494121,0.9733471902729803,0.033332598166046945,-0.0013847707960025213,0.0,0.5
deberta_v3_base_mean_pool,person,person::query::27008_3.jpg,llm_human_description,information_reduced,0.9749936945514586,1,49,5,0.0008514654333331428,1.0,person::train::09634_1.jpg,0.974663427091101,1.0,0.9452475297269036,0.9721252745085492,0.029746164824554944,0.0003302674603575806,1.0,1.0
deberta_v3_base_mean_pool,person,person::query::14994_1.png,llm_brief,information_reduced,0.9654767128946822,21,49,5,-0.0016099448060860055,0.8,person::train::00197_4.png,0.9855037093525174,0.5918367346938775,0.9639864122277108,0.9778075081991793,0.0014903006669714225,-0.020026996457835233,0.0,0.047619047619047616
deberta_v3_base_mean_pool,person,person::query::14994_1.png,llm_balanced,information_reduced,0.9670329463918679,32,49,5,-0.004845365740853369,0.6,person::train::00197_4.png,0.9908922883891551,0.3673469387755102,0.969898199453147,0.9794393093839562,-0.0028652530612791605,-0.02385934199728723,0.0,0.03125
deberta_v3_base_mean_pool,person,person::query::14994_1.png,llm_detailed,information_reduced,0.9883035119155443,4,49,5,-0.0016039338961103544,0.6,person::train::01287_5.jpg,0.9921347105124836,0.9387755102040817,0.9785404745678188,0.9891163981011667,0.009763037347725545,-0.003831198596939256,0.0,0.25
deberta_v3_base_mean_pool,person,person::query::14994_1.png,llm_human_description,information_reduced,0.9365570333272809,47,49,5,-0.01142108719377144,0.0,person::query::27008_3.jpg,0.980673140903722,0.061224489795918366,0.95685688705289,0.9767817244106306,-0.02029985372560905,-0.04411610757644113,0.0,0.02127659574468085
deberta_v3_base_mean_pool,person,person::query::14459_1.png,llm_brief,information_reduced,0.9781586750246402,12,49,5,-0.0039862186527176435,0.6,person::train::00197_4.png,0.9887546317487025,0.7755102040816326,0.9701727185450348,0.9840389649025949,0.007985956479605316,-0.010595956724062328,0.0,0.08333333333333333
deberta_v3_base_mean_pool,person,person::query::14459_1.png,llm_balanced,information_reduced,0.9835831132189365,2,49,5,-0.0003389193300020743,0.8,person::train::06597_2.jpg,0.9839220325489386,0.9795918367346939,0.9505080627386423,0.9749070982515744,0.033075050480294244,-0.0003389193300020743,0.0,0.5
deberta_v3_base_mean_pool,person,person::query::14459_1.png,llm_detailed,information_reduced,0.9870794052837494,1,49,5,0.001656977590972608,1.0,person::train::06597_2.jpg,0.9854224276927768,1.0,0.9533060698385497,0.9777364253450486,0.03377333544519967,0.001656977590972608,1.0,1.0
deberta_v3_base_mean_pool,person,person::query::14459_1.png,llm_human_description,information_reduced,0.9754482510794245,1,49,5,0.002616110127546367,1.0,person::train::06597_2.jpg,0.9728321409518781,1.0,0.9416026496605128,0.9665696877969655,0.033845601418911686,0.002616110127546367,1.0,1.0
deberta_v3_base_mean_pool,person,person::query::26943_3.jpg,llm_brief,information_reduced,0.9830118920882895,1,49,5,0.002120542806494541,1.0,person::gallery::15309_3.png,0.980891349281795,1.0,0.9623552699191144,0.9804136240944786,0.020656622169175187,0.002120542806494541,1.0,1.0
deberta_v3_base_mean_pool,person,person::query::26943_3.jpg,llm_balanced,information_reduced,1.0000000000000002,1,49,5,0.006451133008821941,1.0,person::train::06597_2.jpg,0.9935488669911783,1.0,0.9657181234975813,0.9897184289663866,0.03428187650241887,0.006451133008821941,1.0,1.0
deberta_v3_base_mean_pool,person,person::query::26943_3.jpg,llm_detailed,information_reduced,1.0000000000000002,1,49,5,0.006451133008821941,1.0,person::train::06597_2.jpg,0.9935488669911783,1.0,0.9657181234975813,0.9897184289663866,0.03428187650241887,0.006451133008821941,1.0,1.0
deberta_v3_base_mean_pool,person,person::query::26943_3.jpg,llm_human_description,information_reduced,0.9818363952849182,1,49,5,0.0042476447281394325,1.0,person::train::06597_2.jpg,0.9775887505567787,1.0,0.9415560370278707,0.9696708111685574,0.040280358257047455,0.0042476447281394325,1.0,1.0
deberta_v3_base_mean_pool,person,person::query::26789_3.jpg,llm_brief,information_reduced,0.9609612372084518,43,49,5,-0.012924337394519925,0.0,person::query::26943_3.jpg,0.9937008293746841,0.14285714285714285,0.9714411954888938,0.9886643684926956,-0.010479958280442014,-0.032739592166232234,0.0,0.023255813953488372
deberta_v3_base_mean_pool,person,person::query::26789_3.jpg,llm_balanced,information_reduced,0.9557460417725916,45,49,5,-0.0161944321141394,0.0,person::query::26943_3.jpg,0.9872526222061959,0.10204081632653061,0.970187848254089,0.985797392504153,-0.014441806481497399,-0.031506580433604325,0.0,0.022222222222222223
deberta_v3_base_mean_pool,person,person::query::26789_3.jpg,llm_detailed,information_reduced,0.9591651414453765,44,49,5,-0.018560108958865507,0.0,person::query::26943_3.jpg,0.9890151174587736,0.12244897959183673,0.9730720515571071,0.9876846065351456,-0.01390691011173062,-0.029849976013397117,0.0,0.022727272727272728
deberta_v3_base_mean_pool,person,person::query::26789_3.jpg,llm_human_description,information_reduced,0.921395268258574,46,49,5,-0.02801007743133921,0.0,person::query::26943_3.jpg,0.972249517753234,0.08163265306122448,0.9428267578363422,0.9699618843844213,-0.021431489577768192,-0.05085424949466,0.0,0.021739130434782608
deberta_v3_base_mean_pool,person,person::query::26935_2.jpg,llm_brief,information_reduced,0.9467721374082685,46,49,5,-0.011684897164354169,0.4,person::query::14604_1.png,0.9765963643885974,0.08163265306122448,0.960406386465144,0.9711454093246732,-0.013634249056875491,-0.02982422698032894,0.0,0.021739130434782608
deberta_v3_base_mean_pool,person,person::query::26935_2.jpg,llm_balanced,information_reduced,0.9632047384957881,40,49,5,-0.011067014565240618,0.6,person::train::00197_4.png,0.9900164310058325,0.20408163265306123,0.9718332349368377,0.985241603286637,-0.008628496441049571,-0.026811692510044338,0.0,0.025
deberta_v3_base_mean_pool,person,person::query::26935_2.jpg,llm_detailed,information_reduced,0.9779166776235401,16,49,5,-0.000474972585660538,0.6,person::train::08529_4.jpg,0.9900872662447429,0.6938775510204082,0.9741126974676251,0.9858318527851895,0.0038039801559149877,-0.012170588621202794,0.0,0.0625
deberta_v3_base_mean_pool,person,person::query::26935_2.jpg,llm_human_description,information_reduced,0.9373699862078484,44,49,5,-0.01723509171251314,0.6,person::train::00837_3.png,0.9796719166838659,0.12244897959183673,0.9542717563373885,0.9735117469678045,-0.016901770129540084,-0.04230193047601749,0.0,0.022727272727272728
deberta_v3_base_mean_pool,person,person::query::27100_1.jpg,llm_brief,information_reduced,0.9662519632203086,27,49,5,-0.005646496649109767,0.2,person::query::26943_3.jpg,0.982560903330417,0.46938775510204084,0.9669524999453354,0.979313111637622,-0.0007005367250267902,-0.016308940110108416,0.0,0.037037037037037035
deberta_v3_base_mean_pool,person,person::query::27100_1.jpg,llm_balanced,information_reduced,0.9763981106502797,21,49,5,-0.004530075090055208,0.4,person::train::10977_1.jpg,0.9914114451879932,0.5918367346938775,0.9745959195925775,0.9858384843775727,0.001802191057702185,-0.015013334537713474,0.0,0.047619047619047616
deberta_v3_base_mean_pool,person,person::query::27100_1.jpg,llm_detailed,information_reduced,0.9999999999999848,1,49,5,0.007589735253741958,1.0,person::query::26789_3.jpg,0.9924102647462428,1.0,0.97361227176868,0.9882709276431927,0.026387728231304752,0.007589735253741958,1.0,1.0
deberta_v3_base_mean_pool,person,person::query::27100_1.jpg,llm_human_description,information_reduced,0.9412896429095655,38,49,5,-0.01874268706373572,0.2,person::query::26943_3.jpg,0.9814419537549691,0.24489795918367346,0.953701130525252,0.9784140539297019,-0.012411487615686445,-0.040152310845403605,0.0,0.02631578947368421
deberta_v3_base_mean_pool,person,person::query::26761_2.jpg,llm_brief,information_reduced,0.9709924820327194,14,49,5,0.00012733869954284494,1.0,person::train::00197_4.png,0.9803862821769889,0.7346938775510204,0.962192038144481,0.9784773021577532,0.008800443888238418,-0.009393800144269493,0.0,0.07142857142857142
deberta_v3_base_mean_pool,person,person::query::26761_2.jpg,llm_balanced,information_reduced,0.9763091958868119,23,49,5,-0.002988512342099736,0.8,person::train::08924_1.jpg,0.9895264980640742,0.5510204081632653,0.9756276207507255,0.9877629749009293,0.0006815751360863542,-0.013217302177262358,0.0,0.043478260869565216
deberta_v3_base_mean_pool,person,person::query::26761_2.jpg,llm_detailed,information_reduced,0.9823849409548824,14,49,5,-0.001806823709279315,0.8,person::gallery::15309_3.png,0.9891723345149865,0.7346938775510204,0.9777872422105096,0.9861303531961545,0.004597698744372769,-0.00678739356010416,0.0,0.07142857142857142
deberta_v3_base_mean_pool,person,person::query::26761_2.jpg,llm_human_description,information_reduced,0.9410412031737128,36,49,5,-0.007667223718128002,0.6,person::train::09634_1.jpg,0.9762939984153662,0.2857142857142857,0.9529801608054453,0.9640263494413344,-0.011938957631732583,-0.03525279524165348,0.0,0.027777777777777776
deberta_v3_base_mean_pool,person,person::gallery::27153_5.jpg,llm_brief,information_reduced,0.9807615204396651,3,49,5,-0.003822780482865995,0.8,person::gallery::26789_1.jpg,0.9845843009225311,0.9591836734693877,0.9601456372725798,0.975795028129609,0.02061588316708529,-0.003822780482865995,0.0,0.3333333333333333
deberta_v3_base_mean_pool,person,person::gallery::27153_5.jpg,llm_balanced,information_reduced,0.987413827048785,2,49,5,-0.00216992335456645,0.8,person::query::26943_3.jpg,0.9895837504033514,0.9795918367346939,0.9566114573970116,0.9821797865276354,0.03080236965177341,-0.00216992335456645,0.0,0.5
deberta_v3_base_mean_pool,person,person::gallery::27153_5.jpg,llm_detailed,information_reduced,0.985812141139468,2,49,5,-0.004184767329630912,0.8,person::query::26943_3.jpg,0.9899969084690989,0.9795918367346939,0.9571096488923775,0.9820482393471839,0.02870249224709054,-0.004184767329630912,0.0,0.5
deberta_v3_base_mean_pool,person,person::gallery::27153_5.jpg,llm_human_description,information_reduced,0.9824461101733022,1,49,5,0.002120915584265859,1.0,person::gallery::26789_1.jpg,0.9803251945890363,1.0,0.9610077063146623,0.9787362199000169,0.02143840385863993,0.002120915584265859,1.0,1.0
deberta_v3_base_mean_pool,person,person::gallery::26789_1.jpg,llm_brief,information_reduced,0.9782141843371704,1,49,5,0.009210067076231732,1.0,person::train::01924_2.jpg,0.9762397408859542,1.0,0.955546555106991,0.9697367533020715,0.022667629230179398,0.0019744434512162234,1.0,1.0
deberta_v3_base_mean_pool,person,person::gallery::26789_1.jpg,llm_balanced,information_reduced,1.0,1,49,5,0.011507176823365217,1.0,person::train::00197_4.png,0.9884928231766348,1.0,0.9713861042610841,0.9853476991573253,0.02861389573891593,0.011507176823365217,1.0,1.0
deberta_v3_base_mean_pool,person,person::gallery::26789_1.jpg,llm_detailed,information_reduced,1.0,1,49,5,0.011507176823365217,1.0,person::train::00197_4.png,0.9884928231766348,1.0,0.9713861042610841,0.9853476991573253,0.02861389573891593,0.011507176823365217,1.0,1.0
deberta_v3_base_mean_pool,person,person::gallery::26789_1.jpg,llm_human_description,information_reduced,0.9842485748556221,1,49,5,0.00206997685748167,1.0,person::gallery::27153_5.jpg,0.9821785979981404,1.0,0.966625834252698,0.9784201296417121,0.017622740602924125,0.00206997685748167,1.0,1.0
deberta_v3_base_mean_pool,person,person::gallery::26721_4.jpg,llm_brief,information_reduced,0.9455381088090544,38,49,5,-0.012872572606894783,0.6,person::train::08924_1.jpg,0.978534050984702,0.24489795918367346,0.9559949175877243,0.9739120035462572,-0.010456808778669835,-0.03299594217564761,0.0,0.02631578947368421
deberta_v3_base_mean_pool,person,person::gallery::26721_4.jpg,llm_balanced,information_reduced,0.9396529020493227,43,49,5,-0.018421393594829194,0.6,person::train::06597_2.jpg,0.9799434945317551,0.14285714285714285,0.9580742956441519,0.9768086908908267,-0.018421393594829194,-0.040290592482432386,0.0,0.023255813953488372
deberta_v3_base_mean_pool,person,person::gallery::26721_4.jpg,llm_detailed,information_reduced,0.9342556731086529,45,49,5,-0.018589148831663183,0.6,person::query::14459_1.png,0.9755694895344287,0.10204081632653061,0.958582811201207,0.9738718904180506,-0.024327138092554157,-0.04131381642577581,0.0,0.022222222222222223
deberta_v3_base_mean_pool,person,person::gallery::26721_4.jpg,llm_human_description,information_reduced,0.9184035005926529,45,49,5,-0.016707071745796775,0.4,person::train::09634_1.jpg,0.9733675099905528,0.10204081632653061,0.9471917838801115,0.9595334243949801,-0.028788283287458638,-0.054964009397899916,0.0,0.022222222222222223
deberta_v3_base_mean_pool,person,person::gallery::26991_3.jpg,llm_brief,information_reduced,0.9694694632955192,21,49,5,-0.003536213570134672,0.4,person::train::00197_4.png,0.9873735096220012,0.5918367346938775,0.9680502744844811,0.9793167700961999,0.0014191888110380857,-0.017904046326482015,0.0,0.047619047619047616
deberta_v3_base_mean_pool,person,person::gallery::26991_3.jpg,llm_balanced,information_reduced,0.9764458762167603,14,49,5,-0.0014128541715343612,0.8,person::train::00197_4.png,0.9879135696991099,0.7346938775510204,0.969973737490593,0.984511450189176,0.006472138726167254,-0.011467693482349661,0.0,0.07142857142857142
deberta_v3_base_mean_pool,person,person::gallery::26991_3.jpg,llm_detailed,information_reduced,0.9619489228444836,18,49,5,-0.0012266750916333224,0.8,person::train::09634_1.jpg,0.9786319340271592,0.6530612244897959,0.9572968660084713,0.9755123075029908,0.0046520568360123304,-0.016683011182675567,0.0,0.05555555555555555
deberta_v3_base_mean_pool,person,person::gallery::26991_3.jpg,llm_human_description,information_reduced,0.9194682544305057,27,49,5,-0.0062685589980118195,0.6,person::train::09634_1.jpg,0.9590052560880675,0.46938775510204084,0.9216185823153066,0.9522442184543803,-0.002150327884800851,-0.0395370016575618,0.0,0.037037037037037035
deberta_v3_base_mean_pool,person,person::gallery::26735_2.jpg,llm_brief,information_reduced,0.9658873794722889,12,49,5,0.005516494176172948,1.0,person::train::00197_4.png,0.9811678105924763,0.7755102040816326,0.9575038451347156,0.9740771064551171,0.008383534337573217,-0.015280431120187399,0.0,0.08333333333333333
deberta_v3_base_mean_pool,person,person::gallery::26735_2.jpg,llm_balanced,information_reduced,0.9738637367667152,15,49,5,0.005400644533898991,1.0,person::train::00197_4.png,0.9861559739467309,0.7142857142857143,0.9617089383604973,0.9851515161008896,0.012154798406217915,-0.012292237180015708,0.0,0.06666666666666667
deberta_v3_base_mean_pool,person,person::gallery::26735_2.jpg,llm_detailed,information_reduced,0.9666572318930275,19,49,5,0.0021994981883941556,1.0,person::train::06597_2.jpg,0.9835956886281068,0.6326530612244898,0.9596677881405075,0.9819939279356517,0.006989443752520086,-0.01693845673507921,0.0,0.05263157894736842
deberta_v3_base_mean_pool,person,person::gallery::26735_2.jpg,llm_human_description,information_reduced,0.9227724170247896,26,49,5,-0.00041166985046359184,0.8,person::train::09634_1.jpg,0.9592470159562698,0.4897959183673469,0.9231840868752532,0.9566224913366002,-0.00041166985046359184,-0.036474598931480195,0.0,0.038461538461538464
deberta_v3_base_mean_pool,person,person::gallery::14888_1.png,llm_brief,information_reduced,0.9808101250388336,5,49,5,0.0008557018879431499,1.0,person::train::09715_3.jpg,0.9873835550508506,0.9183673469387755,0.9729040767928666,0.9829841921693213,0.007906048245966968,-0.006573430012017045,0.0,0.2
deberta_v3_base_mean_pool,person,person::gallery::14888_1.png,llm_balanced,information_reduced,0.9764379039768945,19,49,5,-0.00010750613839882739,0.8,person::train::00197_4.png,0.988821216924657,0.6326530612244898,0.9710218718669139,0.9843557178053212,0.00541603210998054,-0.012383312947762515,0.0,0.05263157894736842
deberta_v3_base_mean_pool,person,person::gallery::14888_1.png,llm_detailed,information_reduced,0.9787377541180743,20,49,5,-0.0006982872612452118,0.8,person::train::00197_4.png,0.9882095990454874,0.6122448979591837,0.9740926698501993,0.9861736013621452,0.0046450842678750215,-0.009471844927413153,0.0,0.05
deberta_v3_base_mean_pool,person,person::gallery::14888_1.png,llm_human_description,information_reduced,0.9175249324938153,38,49,5,-0.015182354260685815,0.6,person::query::26943_3.jpg,0.9641021309347583,0.24489795918367346,0.9275717087216233,0.9611776402649617,-0.01004677622780803,-0.04657719844094299,0.0,0.02631578947368421
deberta_v3_base_mean_pool,person,person::gallery::26774_3.jpg,llm_brief,information_reduced,0.9824525345230386,3,49,5,0.002773500967747422,1.0,person::gallery::26789_1.jpg,0.9825654448585251,0.9591836734693877,0.9744756179805429,0.9819569580187322,0.00797691654249566,-0.00011291033548654905,0.0,0.3333333333333333
deberta_v3_base_mean_pool,person,person::gallery::26774_3.jpg,llm_balanced,information_reduced,0.9690624231617977,28,49,5,-0.006885948193996794,0.6,person::train::00197_4.png,0.9901356869757034,0.4489795918367347,0.9708544332946342,0.9855020903561662,-0.0017920101328364746,-0.02107326381390573,0.0,0.03571428571428571
deberta_v3_base_mean_pool,person,person::gallery::26774_3.jpg,llm_detailed,information_reduced,0.9850797099717035,10,49,5,-0.0030496087854983145,0.6,person::query::14604_1.png,0.9881346243658997,0.8163265306122449,0.9802059848097362,0.9874681740593546,0.004873725161967268,-0.003054914394196251,0.0,0.1
deberta_v3_base_mean_pool,person,person::gallery::26774_3.jpg,llm_human_description,information_reduced,0.9245000482759402,35,49,5,-0.011834811707973403,0.4,person::train::09634_1.jpg,0.968745156714188,0.30612244897959184,0.9326217735634283,0.9624991876890234,-0.008121725287488113,-0.044245108438247804,0.0,0.02857142857142857
deberta_v3_base_mean_pool,person,person::gallery::15309_3.png,llm_brief,information_reduced,0.9825531851950269,2,49,5,0.0029738981472449133,1.0,person::train::12462_1.jpg,0.9852553900765799,0.9795918367346939,0.9624090642475646,0.9794627035040813,0.02014412094746232,-0.0027022048815530386,0.0,0.5
deberta_v3_base_mean_pool,person,person::gallery::15309_3.png,llm_balanced,information_reduced,0.9956304761892485,2,49,5,-0.00033459805630742245,0.8,person::query::26943_3.jpg,0.9959650742455559,0.9795918367346939,0.9691529502639038,0.9892190569001752,0.02647752592534469,-0.00033459805630742245,0.0,0.5
deberta_v3_base_mean_pool,person,person::gallery::15309_3.png,llm_detailed,information_reduced,0.9942269245883996,1,49,5,0.002866210658861834,1.0,person::query::26943_3.jpg,0.9913607139295377,1.0,0.9738670319503686,0.9883930318621577,0.020359892638030952,0.002866210658861834,1.0,1.0
deberta_v3_base_mean_pool,person,person::gallery::15309_3.png,llm_human_description,information_reduced,0.9689923952983379,6,49,5,-0.008567978145035626,0.2,person::train::06597_2.jpg,0.9775603734433735,0.8979591836734694,0.9474214232140152,0.9716589550569017,0.02157097208432268,-0.008567978145035626,0.0,0.16666666666666666
deberta_v3_base_mean_pool,person,person::gallery::15194_3.png,llm_brief,information_reduced,0.9628396623736709,22,49,5,-0.003985930263073034,0.8,person::gallery::26789_1.jpg,0.9822185872512499,0.5714285714285714,0.9612676049490462,0.9806138447870087,0.0015720574246247399,-0.019378924877578974,0.0,0.045454545454545456
deberta_v3_base_mean_pool,person,person::gallery::15194_3.png,llm_balanced,information_reduced,0.980227567171085,13,49,5,5.128953024624572e-05,1.0,person::train::00197_4.png,0.9868200891609525,0.7551020408163265,0.9725615528297775,0.9852470137588095,0.0076660143413074255,-0.006592521989867595,0.0,0.07692307692307693
deberta_v3_base_mean_pool,person,person::gallery::15194_3.png,llm_detailed,information_reduced,0.9732134658552346,23,49,5,-0.005830226648481318,0.8,person::query::27008_3.jpg,0.9863433385510663,0.5510204081632653,0.9717034408720455,0.9852992523604194,0.0015100249831890844,-0.013129872695831657,0.0,0.043478260869565216
deberta_v3_base_mean_pool,person,person::gallery::15194_3.png,llm_human_description,information_reduced,0.9447477141348017,30,49,5,-0.005247070824399458,0.6,person::query::26943_3.jpg,0.9743071259326895,0.40816326530612246,0.9485319171618629,0.9727553579493721,-0.0037842030270611726,-0.02955941179788779,0.0,0.03333333333333333
deberta_v3_base_mean_pool,vehicle,vehicle::train_images::13608_c139_04.jpg,llm_brief,information_reduced,0.9502795285999418,6,49,5,0.004797390140925506,1.0,vehicle::train_images::16253_c139_00.jpg,0.9669845186635198,0.8979591836734694,0.9316693142982336,0.9522482244021974,0.018610214301708172,-0.01670499006357795,0.0,0.16666666666666666
deberta_v3_base_mean_pool,vehicle,vehicle::train_images::13608_c139_04.jpg,llm_balanced,information_reduced,0.9834682282902462,1,49,5,0.015790024469579,1.0,vehicle::train_images::19057_c170_04.jpg,0.9759804854110072,1.0,0.9591057375922998,0.9726458447781517,0.024362490697946382,0.007487742879238923,1.0,1.0
deberta_v3_base_mean_pool,vehicle,vehicle::train_images::13608_c139_04.jpg,llm_detailed,information_reduced,0.9794142564181376,1,49,5,0.017470284870794828,1.0,vehicle::query_images::20949_c003_01.jpg,0.9703668654462605,1.0,0.9498331284139374,0.9642316761952457,0.029581128004200208,0.009047390971877123,1.0,1.0
deberta_v3_base_mean_pool,vehicle,vehicle::train_images::13608_c139_04.jpg,llm_human_description,information_reduced,0.9548668428990501,12,49,5,0.003736078679606125,1.0,vehicle::query_images::20949_c003_01.jpg,0.971207984315039,0.7755102040816326,0.9425213725908134,0.9679516618652646,0.012345470308236739,-0.016341141415988858,0.0,0.08333333333333333
deberta_v3_base_mean_pool,vehicle,vehicle::train_images::12849_c170_02.jpg,llm_brief,information_reduced,0.9307372611231066,17,49,5,-0.017002535553554132,0.4,vehicle::gallery_images::20535_c170_02.jpg,0.951842550836288,0.673469387755102,0.9186158125946484,0.9489277268073962,0.0121214485284582,-0.021105289713181374,0.0,0.058823529411764705
deberta_v3_base_mean_pool,vehicle,vehicle::train_images::12849_c170_02.jpg,llm_balanced,information_reduced,0.972367406400527,13,49,5,-0.0022566496123832547,0.8,vehicle::train_images::13608_c139_04.jpg,0.9792097444589152,0.7551020408163265,0.9685733709114024,0.9776584467468773,0.003794035489124603,-0.0068423380583881865,0.0,0.07692307692307693
deberta_v3_base_mean_pool,vehicle,vehicle::train_images::12849_c170_02.jpg,llm_detailed,information_reduced,0.9690391960912208,2,49,5,0.002280364125267109,1.0,vehicle::train_images::13608_c139_04.jpg,0.9735718883687978,0.9795918367346939,0.9515527167214344,0.9667180613290605,0.017486479369786423,-0.004532692277577022,0.0,0.5
deberta_v3_base_mean_pool,vehicle,vehicle::train_images::12849_c170_02.jpg,llm_human_description,information_reduced,0.9239987821490306,7,49,5,-0.008768459420426145,0.8,vehicle::train_images::09221_c139_03.jpg,0.9621873385148164,0.8775510204081632,0.9028968794435317,0.928801909023752,0.021101902705498943,-0.038188556365785775,0.0,0.14285714285714285
deberta_v3_base_mean_pool,vehicle,vehicle::train_images::10839_c110_00.jpg,llm_brief,information_reduced,0.9170388410063904,19,49,5,-0.007012973164912117,0.8,vehicle::gallery_images::20762_c156_00.jpg,0.9425406617968547,0.6326530612244898,0.9081051200402198,0.9406037191646457,0.008933720966170622,-0.025501820790464258,0.0,0.05263157894736842
deberta_v3_base_mean_pool,vehicle,vehicle::train_images::10839_c110_00.jpg,llm_balanced,information_reduced,0.959938051596169,6,49,5,-0.0009353358058326044,0.8,vehicle::train_images::13608_c139_04.jpg,0.9658483786425334,0.8979591836734694,0.9469742118339397,0.9623069704958472,0.012963839762229257,-0.005910327046364405,0.0,0.16666666666666666
deberta_v3_base_mean_pool,vehicle,vehicle::train_images::10839_c110_00.jpg,llm_detailed,information_reduced,0.982243952816928,1,49,5,0.012717266706593566,1.0,vehicle::query_images::21112_c079_00.jpg,0.9720845646073916,1.0,0.9558963093651806,0.9699581103615801,0.02634764345174745,0.010159388209536435,1.0,1.0
deberta_v3_base_mean_pool,vehicle,vehicle::train_images::10839_c110_00.jpg,llm_human_description,information_reduced,0.9250402041422887,21,49,5,-0.011964278186247013,0.4,vehicle::train_images::09221_c139_03.jpg,0.9649874118231179,0.5918367346938775,0.9185731714834735,0.9495566456348721,0.006467032658815208,-0.039947207680829155,0.0,0.047619047619047616
deberta_v3_base_mean_pool,vehicle,vehicle::train_images::02440_c090_02.jpg,llm_brief,information_reduced,0.9609986199773821,31,49,5,-0.005800820658703687,0.2,vehicle::train_images::19666_c077_02.jpg,0.9745303720341664,0.3877551020408163,0.9641709719317986,0.973001529978804,-0.0031723519544164525,-0.013531752056784252,0.0,0.03225806451612903
deberta_v3_base_mean_pool,vehicle,vehicle::train_images::02440_c090_02.jpg,llm_balanced,information_reduced,0.9693818954477633,20,49,5,-0.004500446145581871,0.4,vehicle::gallery_images::20401_c023_03.jpg,0.9805462643817672,0.6122448979591837,0.9618665878484357,0.9751162895990075,0.007515307599327614,-0.011164368934003854,0.0,0.05
deberta_v3_base_mean_pool,vehicle,vehicle::train_images::02440_c090_02.jpg,llm_detailed,information_reduced,0.9871785303205622,1,49,5,0.0059714062870931395,1.0,vehicle::query_images::20949_c003_01.jpg,0.9813671308017764,1.0,0.9623765269824218,0.9776711598511684,0.02480200333814042,0.0058113995187858425,1.0,1.0
deberta_v3_base_mean_pool,vehicle,vehicle::train_images::02440_c090_02.jpg,llm_human_description,information_reduced,0.9719130578694599,4,49,5,-0.0017684203896093376,0.8,vehicle::query_images::20949_c003_01.jpg,0.9754216215909635,0.9387755102040817,0.9515196030618351,0.9728544295622967,0.020393454807624778,-0.0035085637215035437,0.0,0.25
deberta_v3_base_mean_pool,vehicle,vehicle::train_images::12341_c073_00.jpg,llm_brief,information_reduced,0.9606999354244232,2,49,5,0.004454528280536496,1.0,vehicle::gallery_images::21216_c003_04.jpg,0.9615589187679403,0.9795918367346939,0.9462862939871888,0.9592264241277012,0.014413641437234448,-0.0008589833435170835,0.0,0.5
deberta_v3_base_mean_pool,vehicle,vehicle::train_images::12341_c073_00.jpg,llm_balanced,information_reduced,0.9411890086088461,4,49,5,0.008018735239523234,1.0,vehicle::gallery_images::21216_c003_04.jpg,0.9588213975629821,0.9387755102040817,0.9168880120812056,0.941991686619495,0.024300996527640506,-0.01763238895413599,0.0,0.25
deberta_v3_base_mean_pool,vehicle,vehicle::train_images::12341_c073_00.jpg,llm_detailed,information_reduced,0.9625021363602655,6,49,5,0.00044869256843704797,1.0,vehicle::train_images::09221_c139_03.jpg,0.9662806258311831,0.8979591836734694,0.9446310508579631,0.9635312384969323,0.01787108550230243,-0.003778489470917634,0.0,0.16666666666666666
deberta_v3_base_mean_pool,vehicle,vehicle::train_images::12341_c073_00.jpg,llm_human_description,information_reduced,0.955469687873209,10,49,5,-0.0004298517123164647,0.8,vehicle::train_images::09221_c139_03.jpg,0.9700271333003736,0.8163265306122449,0.9364961693195468,0.9602645559557561,0.01897351855366214,-0.01455744542716464,0.0,0.1
deberta_v3_base_mean_pool,vehicle,vehicle::train_images::18263_c110_02.jpg,llm_brief,information_reduced,0.9028768111647895,1,49,5,0.037158540117893546,1.0,vehicle::gallery_images::21216_c003_04.jpg,0.8768952135604241,1.0,0.8179204205139677,0.8640870548127227,0.08495639065082172,0.02598159760436536,1.0,1.0
deberta_v3_base_mean_pool,vehicle,vehicle::train_images::18263_c110_02.jpg,llm_balanced,information_reduced,0.9628577101915649,1,49,5,0.006000196986919115,1.0,vehicle::train_images::08361_c094_04.jpg,0.9568575132046457,1.0,0.9273018477590673,0.9505108585948625,0.03555586243249753,0.006000196986919115,1.0,1.0
deberta_v3_base_mean_pool,vehicle,vehicle::train_images::18263_c110_02.jpg,llm_detailed,information_reduced,0.9679713200283894,1,49,5,0.013999726842978899,1.0,vehicle::train_images::08361_c094_04.jpg,0.9539715931854105,1.0,0.9223215436976572,0.9505016422990177,0.045649776330732195,0.013999726842978899,1.0,1.0
deberta_v3_base_mean_pool,vehicle,vehicle::train_images::18263_c110_02.jpg,llm_human_description,information_reduced,0.9621280016330516,1,49,5,0.01233144049363799,1.0,vehicle::query_images::21010_c163_01.jpg,0.9543277376332806,1.0,0.9176583617509187,0.9476674669923868,0.044469639882132816,0.007800263999770962,1.0,1.0
deberta_v3_base_mean_pool,vehicle,vehicle::train_images::10529_c003_02.jpg,llm_brief,information_reduced,0.9531896715767012,3,49,5,-0.0027231554528290847,0.6,vehicle::gallery_images::20762_c156_00.jpg,0.9559128270295303,0.9591836734693877,0.9210655793899856,0.9527806736312093,0.032124092186715636,-0.0027231554528290847,0.0,0.3333333333333333
deberta_v3_base_mean_pool,vehicle,vehicle::train_images::10529_c003_02.jpg,llm_balanced,information_reduced,0.9545671159166189,20,49,5,-0.008632540349255535,0.6,vehicle::gallery_images::21216_c003_04.jpg,0.9696106535778847,0.6122448979591837,0.9497020152543499,0.9641504342821994,0.004865100662268973,-0.01504353766126576,0.0,0.05
deberta_v3_base_mean_pool,vehicle,vehicle::train_images::10529_c003_02.jpg,llm_detailed,information_reduced,0.9834260357332829,1,49,5,0.0024538688109652096,1.0,vehicle::gallery_images::20762_c156_00.jpg,0.9809721669223177,1.0,0.9675197313749997,0.9790552957474232,0.01590630435828322,0.0024538688109652096,1.0,1.0
deberta_v3_base_mean_pool,vehicle,vehicle::train_images::10529_c003_02.jpg,llm_human_description,information_reduced,0.935366104399326,41,49,5,-0.011253208714932184,0.6,vehicle::train_images::07345_c110_03.jpg,0.9717063086254626,0.1836734693877551,0.9507266415302673,0.9680129420534519,-0.01536053713094132,-0.036340204226136597,0.0,0.024390243902439025
deberta_v3_base_mean_pool,vehicle,vehicle::train_images::15907_c041_04.jpg,llm_brief,information_reduced,0.928032988025824,7,49,5,-0.015287345241290717,0.4,vehicle::gallery_images::20762_c156_00.jpg,0.9458369169601346,0.8775510204081632,0.906873742826476,0.9396665433147645,0.021159245199347976,-0.017803928934310598,0.0,0.14285714285714285
deberta_v3_base_mean_pool,vehicle,vehicle::train_images::15907_c041_04.jpg,llm_balanced,information_reduced,0.9399361122279125,30,49,5,-0.01962574682562035,0.2,vehicle::gallery_images::20762_c156_00.jpg,0.9626437213516719,0.40816326530612246,0.9409630435928349,0.9558686783137263,-0.0010269313649223788,-0.022707609123759354,0.0,0.03333333333333333
deberta_v3_base_mean_pool,vehicle,vehicle::train_images::15907_c041_04.jpg,llm_detailed,information_reduced,0.935128704952952,28,49,5,-0.021727946875154336,0.2,vehicle::gallery_images::20762_c156_00.jpg,0.960670037823248,0.4489795918367347,0.9365802903460235,0.9537645985054392,-0.0014515853930715528,-0.02554133287029603,0.0,0.03571428571428571
deberta_v3_base_mean_pool,vehicle,vehicle::train_images::15907_c041_04.jpg,llm_human_description,information_reduced,0.9334386123340946,36,49,5,-0.01271730860577347,0.4,vehicle::train_images::04455_c078_00.jpg,0.9563336010874043,0.2857142857142857,0.9424763018879598,0.9529602883519239,-0.009037689553865191,-0.022894988753309642,0.0,0.027777777777777776
deberta_v3_base_mean_pool,vehicle,vehicle::train_images::08854_c110_02.jpg,llm_brief,information_reduced,0.9598725949077054,2,49,5,0.0009690652833015401,1.0,vehicle::train_images::16253_c139_00.jpg,0.970905683256854,0.9795918367346939,0.9384597232942141,0.9570241526536094,0.021412871613491258,-0.011033088349148623,0.0,0.5
deberta_v3_base_mean_pool,vehicle,vehicle::train_images::08854_c110_02.jpg,llm_balanced,information_reduced,0.97892243603333,3,49,5,-0.0019113069178450237,0.6,vehicle::train_images::14133_c170_01.jpg,0.980833742951175,0.9591836734693877,0.9631823258042197,0.9754179254620402,0.01574011022911026,-0.0019113069178450237,0.0,0.3333333333333333
deberta_v3_base_mean_pool,vehicle,vehicle::train_images::08854_c110_02.jpg,llm_detailed,information_reduced,0.9382554683093478,36,49,5,-0.016949396110194748,0.4,vehicle::query_images::20949_c003_01.jpg,0.963507180988048,0.2857142857142857,0.9471161484264916,0.9586493989352373,-0.008860680117143804,-0.02525171267870019,0.0,0.027777777777777776
deberta_v3_base_mean_pool,vehicle,vehicle::train_images::08854_c110_02.jpg,llm_human_description,information_reduced,0.9446149600569318,33,49,5,-0.010974291582328877,0.4,vehicle::query_images::20949_c003_01.jpg,0.9630162113536221,0.3469387755102041,0.9470921072185892,0.9597878053395453,-0.002477147161657367,-0.018401251296690346,0.0,0.030303030303030304
deberta_v3_base_mean_pool,vehicle,vehicle::train_images::04922_c023_01.jpg,llm_brief,information_reduced,0.9607258597895038,1,49,5,0.005010159041099249,1.0,vehicle::train_images::19666_c077_02.jpg,0.9557157007484045,1.0,0.9270840166560061,0.9511702431858308,0.033641843133497606,0.005010159041099249,1.0,1.0
deberta_v3_base_mean_pool,vehicle,vehicle::train_images::04922_c023_01.jpg,llm_balanced,information_reduced,0.9762747177120317,1,49,5,0.0052815292231875866,1.0,vehicle::train_images::19666_c077_02.jpg,0.9709931884888441,1.0,0.953963955264401,0.9672642158417372,0.02231076244763064,0.0052815292231875866,1.0,1.0
deberta_v3_base_mean_pool,vehicle,vehicle::train_images::04922_c023_01.jpg,llm_detailed,information_reduced,0.9719690814415667,1,49,5,0.00023134190363771623,1.0,vehicle::train_images::08361_c094_04.jpg,0.971737739537929,1.0,0.9504327505378366,0.9675996689770252,0.021536330903730083,0.00023134190363771623,1.0,1.0
deberta_v3_base_mean_pool,vehicle,vehicle::train_images::04922_c023_01.jpg,llm_human_description,information_reduced,0.9691287656304886,3,49,5,-0.002946303073273371,0.8,vehicle::train_images::08361_c094_04.jpg,0.9720750687037619,0.9591836734693877,0.9542700857667725,0.9666233302383056,0.014858679863716029,-0.002946303073273371,0.0,0.3333333333333333
deberta_v3_base_mean_pool,vehicle,vehicle::train_images::19263_c030_03.jpg,llm_brief,information_reduced,0.9437463461177287,6,49,5,-0.006607851765919048,0.6,vehicle::gallery_images::20762_c156_00.jpg,0.951027672399443,0.8979591836734694,0.9234326353347985,0.9493948408616423,0.020313710782930205,-0.007281326281714295,0.0,0.16666666666666666
deberta_v3_base_mean_pool,vehicle,vehicle::train_images::19263_c030_03.jpg,llm_balanced,information_reduced,0.9735192627081917,3,49,5,-0.006999261180168137,0.8,vehicle::train_images::13608_c139_04.jpg,0.9805185238883598,0.9591836734693877,0.961050097147885,0.9711386303330346,0.012469165560306639,-0.006999261180168137,0.0,0.3333333333333333
deberta_v3_base_mean_pool,vehicle,vehicle::train_images::19263_c030_03.jpg,llm_detailed,information_reduced,0.9777152832006129,1,49,5,0.00040756799313368397,1.0,vehicle::train_images::13608_c139_04.jpg,0.9773077152074792,1.0,0.9568365415770563,0.9676300831783273,0.020878741623556518,0.00040756799313368397,1.0,1.0
deberta_v3_base_mean_pool,vehicle,vehicle::train_images::19263_c030_03.jpg,llm_human_description,information_reduced,0.9590530600716218,11,49,5,-0.004857828669383779,0.8,vehicle::train_images::09221_c139_03.jpg,0.9720273397443789,0.7959183673469388,0.949442016269029,0.9653174357288508,0.009611043802592811,-0.012974279672757105,0.0,0.09090909090909091
deberta_v3_base_mean_pool,vehicle,vehicle::train_images::07345_c110_03.jpg,llm_brief,information_reduced,0.911449531391769,31,49,5,-0.01144159092495678,0.8,vehicle::gallery_images::20535_c170_02.jpg,0.9485513400979881,0.3877551020408163,0.9202477869944045,0.9414453299691409,-0.008798255602635474,-0.03710180870621915,0.0,0.03225806451612903
deberta_v3_base_mean_pool,vehicle,vehicle::train_images::07345_c110_03.jpg,llm_balanced,information_reduced,0.941412231536299,28,49,5,-0.0132436917913471,0.8,vehicle::gallery_images::21216_c003_04.jpg,0.9683607637465114,0.4489795918367347,0.9417375242853618,0.9565027022011241,-0.0003252927490627888,-0.026948532210212317,0.0,0.03571428571428571
deberta_v3_base_mean_pool,vehicle,vehicle::train_images::07345_c110_03.jpg,llm_detailed,information_reduced,0.9856207414399488,1,49,5,0.00230985590243038,1.0,vehicle::query_images::20949_c003_01.jpg,0.9838514450967836,1.0,0.9639110344499031,0.9779744099197218,0.021709706990045707,0.0017692963431652498,1.0,1.0
deberta_v3_base_mean_pool,vehicle,vehicle::train_images::07345_c110_03.jpg,llm_human_description,information_reduced,0.9667136654316695,3,49,5,-0.0004362740624833661,0.8,vehicle::train_images::09221_c139_03.jpg,0.9705318567164595,0.9591836734693877,0.9448533650688283,0.9640719872291301,0.021860300362841145,-0.0038181912847899957,0.0,0.3333333333333333
deberta_v3_base_mean_pool,vehicle,vehicle::train_images::19520_c034_01.jpg,llm_brief,information_reduced,0.9209632067341442,40,49,5,-0.01799565679379289,0.2,vehicle::train_images::15907_c041_04.jpg,0.9523530076507545,0.20408163265306123,0.9324990622516101,0.9497718943602961,-0.011535855517465832,-0.031389800916610255,0.0,0.025
deberta_v3_base_mean_pool,vehicle,vehicle::train_images::19520_c034_01.jpg,llm_balanced,information_reduced,0.972892835974106,15,49,5,-0.002528157637574191,0.4,vehicle::query_images::20949_c003_01.jpg,0.9784152645340652,0.7142857142857143,0.9662226834849508,0.977191982125867,0.006670152489155257,-0.005522428559959214,0.0,0.06666666666666667
deberta_v3_base_mean_pool,vehicle,vehicle::train_images::19520_c034_01.jpg,llm_detailed,information_reduced,0.9851230647876359,1,49,5,0.007099895540449097,1.0,vehicle::query_images::21112_c079_00.jpg,0.9801944545700388,1.0,0.966085118359274,0.9786040242470775,0.019037946428361874,0.004928610217597051,1.0,1.0
deberta_v3_base_mean_pool,vehicle,vehicle::train_images::19520_c034_01.jpg,llm_human_description,information_reduced,0.9693600154962325,4,49,5,0.002553201932480542,1.0,vehicle::query_images::20949_c003_01.jpg,0.9748312060115956,0.9387755102040817,0.9546096502235438,0.9696455866297105,0.014750365272688692,-0.005471190515363045,0.0,0.25
deberta_v3_base_mean_pool,vehicle,vehicle::train_images::16253_c139_00.jpg,llm_brief,information_reduced,0.9309700090151107,1,49,5,0.022435079591258233,1.0,vehicle::train_images::15907_c041_04.jpg,0.9117691989983697,1.0,0.865145878434281,0.9060267943615242,0.0658241305808297,0.01920081001674101,1.0,1.0
deberta_v3_base_mean_pool,vehicle,vehicle::train_images::16253_c139_00.jpg,llm_balanced,information_reduced,0.9819138279600899,1,49,5,0.021750152000646228,1.0,vehicle::train_images::08854_c110_02.jpg,0.9601636759594436,1.0,0.9273960430945617,0.9549651244818635,0.05451778486552816,0.021750152000646228,1.0,1.0
deberta_v3_base_mean_pool,vehicle,vehicle::train_images::16253_c139_00.jpg,llm_detailed,information_reduced,0.9726064860895071,1,49,5,0.01909420135834239,1.0,vehicle::train_images::16614_c041_04.jpg,0.9535122847311647,1.0,0.9215642661095383,0.9481021251992623,0.05104221997996872,0.01909420135834239,1.0,1.0
deberta_v3_base_mean_pool,vehicle,vehicle::train_images::16253_c139_00.jpg,llm_human_description,information_reduced,0.9584563594508451,1,49,5,0.004627971143597143,1.0,vehicle::train_images::07345_c110_03.jpg,0.9564339966821234,1.0,0.9350610016582948,0.9522070609200816,0.02339535779255031,0.002022362768721697,1.0,1.0
deberta_v3_base_mean_pool,vehicle,vehicle::train_images::06987_c051_04.jpg,llm_brief,information_reduced,0.9684937995162382,2,49,5,-0.0014217758040080408,0.8,vehicle::query_images::20204_c041_01.jpg,0.9699155753202462,0.9795918367346939,0.9490843752337275,0.9657553846790622,0.01940942428251069,-0.0014217758040080408,0.0,0.5
deberta_v3_base_mean_pool,vehicle,vehicle::train_images::06987_c051_04.jpg,llm_balanced,information_reduced,0.9825581257092703,1,49,5,0.004262871332091356,1.0,vehicle::train_images::19057_c170_04.jpg,0.9800804680274718,1.0,0.9598230575081095,0.9779123097885538,0.02273506820116078,0.0024776576817984175,1.0,1.0
deberta_v3_base_mean_pool,vehicle,vehicle::train_images::06987_c051_04.jpg,llm_detailed,information_reduced,0.9846998357268534,1,49,5,0.0021101836544857866,1.0,vehicle::train_images::19057_c170_04.jpg,0.9837389757569409,1.0,0.9646862117759707,0.9814426371045718,0.020013623950882686,0.0009608599699124643,1.0,1.0
deberta_v3_base_mean_pool,vehicle,vehicle::train_images::06987_c051_04.jpg,llm_human_description,information_reduced,0.9815558023511126,6,49,5,-0.00022692840383664592,0.8,vehicle::train_images::19057_c170_04.jpg,0.9867270066316359,0.8979591836734694,0.9628496866583887,0.982069785900396,0.018706115692723957,-0.005171204280523312,0.0,0.16666666666666666
deberta_v3_base_mean_pool,vehicle,vehicle::train_images::05685_c100_04.jpg,llm_brief,information_reduced,0.9455464338684388,8,49,5,-0.0001778699090922986,0.8,vehicle::train_images::16253_c139_00.jpg,0.9591462054635218,0.8571428571428571,0.9315433376108702,0.9494752386203563,0.014003096257568681,-0.013599771595082966,0.0,0.125
deberta_v3_base_mean_pool,vehicle,vehicle::train_images::05685_c100_04.jpg,llm_balanced,information_reduced,0.9828279103076559,1,49,5,0.0037399397909952947,1.0,vehicle::train_images::19057_c170_04.jpg,0.9790879705166606,1.0,0.9646014397498079,0.977089771154023,0.018226470557847985,0.0037399397909952947,1.0,1.0
deberta_v3_base_mean_pool,vehicle,vehicle::train_images::05685_c100_04.jpg,llm_detailed,information_reduced,0.9921764073725701,1,49,5,0.008384869564458608,1.0,vehicle::train_images::19057_c170_04.jpg,0.9837915378081115,1.0,0.9567650590789583,0.9809434354232062,0.03541134829361181,0.008384869564458608,1.0,1.0
deberta_v3_base_mean_pool,vehicle,vehicle::train_images::05685_c100_04.jpg,llm_human_description,information_reduced,0.9802731918835028,1,49,5,0.002064984246561097,1.0,vehicle::train_images::19057_c170_04.jpg,0.9782082076369417,1.0,0.9541917823646949,0.9748544846904388,0.026081409518807885,0.002064984246561097,1.0,1.0
deberta_v3_base_mean_pool,vehicle,vehicle::train_images::16614_c041_04.jpg,llm_brief,information_reduced,0.9501011823858867,3,49,5,0.0017865919067717728,1.0,vehicle::gallery_images::20762_c156_00.jpg,0.9576251595371346,0.9591836734693877,0.9226430216421215,0.9486372962460066,0.02745816074376517,-0.007523977151247863,0.0,0.3333333333333333
deberta_v3_base_mean_pool,vehicle,vehicle::train_images::16614_c041_04.jpg,llm_balanced,information_reduced,0.9683969107183741,3,49,5,0.004035847344512455,1.0,vehicle::train_images::16253_c139_00.jpg,0.9699998222274357,0.9591836734693877,0.9513061440874238,0.9664772781781382,0.017090766630950327,-0.0016029115090616664,0.0,0.3333333333333333
deberta_v3_base_mean_pool,vehicle,vehicle::train_images::16614_c041_04.jpg,llm_detailed,information_reduced,0.9703351107785417,4,49,5,0.005070989410105087,1.0,vehicle::gallery_images::20762_c156_00.jpg,0.9725777403933795,0.9387755102040817,0.9489927520745158,0.96982857164474,0.0213423587040259,-0.0022426296148377878,0.0,0.25
deberta_v3_base_mean_pool,vehicle,vehicle::train_images::16614_c041_04.jpg,llm_human_description,information_reduced,0.9365387191123558,33,49,5,-0.007109436114744572,0.6,vehicle::train_images::09221_c139_03.jpg,0.9678489452333421,0.3469387755102041,0.9442498852634227,0.9593606966907358,-0.007711166151066928,-0.03131022612098633,0.0,0.030303030303030304
deberta_v3_base_mean_pool,vehicle,vehicle::train_images::13946_c012_04.jpg,llm_brief,information_reduced,0.9068984702367366,6,49,5,-0.002860597848983293,0.6,vehicle::train_images::16253_c139_00.jpg,0.9290227080631743,0.8979591836734694,0.8706559762488892,0.9093265602364928,0.0362424939878474,-0.022124237826437687,0.0,0.16666666666666666
deberta_v3_base_mean_pool,vehicle,vehicle::train_images::13946_c012_04.jpg,llm_balanced,information_reduced,0.9408784834505861,42,49,5,-0.016413817253970397,0.0,vehicle::train_images::04455_c078_00.jpg,0.9645317664571601,0.16326530612244897,0.9525156716159595,0.962127550674275,-0.011637188165373402,-0.02365328300657399,0.0,0.023809523809523808
deberta_v3_base_mean_pool,vehicle,vehicle::train_images::13946_c012_04.jpg,llm_detailed,information_reduced,0.9318645771524351,42,49,5,-0.02162719478719921,0.2,vehicle::train_images::13608_c139_04.jpg,0.9625150766492558,0.16326530612244897,0.9458730543868552,0.9579974679311862,-0.014008477234420114,-0.03065049949682075,0.0,0.023809523809523808
deberta_v3_base_mean_pool,vehicle,vehicle::train_images::13946_c012_04.jpg,llm_human_description,information_reduced,0.9266826124948842,30,49,5,-0.009179620918038589,0.2,vehicle::train_images::07345_c110_03.jpg,0.9511693328911609,0.40816326530612246,0.9286591545227416,0.9434906065374724,-0.001976542027857464,-0.02448672039627675,0.0,0.03333333333333333
deberta_v3_base_mean_pool,vehicle,vehicle::train_images::14133_c170_01.jpg,llm_brief,information_reduced,0.9804665651810794,1,49,5,0.012601346597819862,1.0,vehicle::train_images::19057_c170_04.jpg,0.9678652185832596,1.0,0.9501432563047815,0.9653736469258078,0.030323308876297972,0.012601346597819862,1.0,1.0
deberta_v3_base_mean_pool,vehicle,vehicle::train_images::14133_c170_01.jpg,llm_balanced,information_reduced,0.9896552279686548,1,49,5,0.011780426885290574,1.0,vehicle::train_images::06987_c051_04.jpg,0.9778748010833642,1.0,0.9562830908549268,0.9746250626855488,0.033372137113727995,0.011780426885290574,1.0,1.0
deberta_v3_base_mean_pool,vehicle,vehicle::train_images::14133_c170_01.jpg,llm_detailed,information_reduced,0.985058176816399,1,49,5,0.008783047726305004,1.0,vehicle::train_images::06987_c051_04.jpg,0.976275129090094,1.0,0.9504043210309021,0.9680785822145678,0.034653855785496845,0.008783047726305004,1.0,1.0
deberta_v3_base_mean_pool,vehicle,vehicle::train_images::14133_c170_01.jpg,llm_human_description,information_reduced,0.9826743690045381,1,49,5,0.003438236986018861,1.0,vehicle::train_images::07345_c110_03.jpg,0.9807407413416253,1.0,0.9562231836273777,0.9760012502085791,0.026451185377160402,0.001933627662912829,1.0,1.0
deberta_v3_base_mean_pool,vehicle,vehicle::train_images::16747_c163_03.jpg,llm_brief,information_reduced,0.9179146110871272,25,49,5,-0.004164899856589521,0.8,vehicle::gallery_images::20535_c170_02.jpg,0.9461208367014835,0.5102040816326531,0.917405961114473,0.9367775688029706,0.0005086499726542071,-0.028206225614356262,0.0,0.04
deberta_v3_base_mean_pool,vehicle,vehicle::train_images::16747_c163_03.jpg,llm_balanced,information_reduced,0.949387846248047,11,49,5,-0.003738486372376282,0.8,vehicle::gallery_images::20762_c156_00.jpg,0.9571392686155108,0.7959183673469388,0.9414436518523237,0.9548267035790892,0.007944194395723247,-0.007751422367463845,0.0,0.09090909090909091
deberta_v3_base_mean_pool,vehicle,vehicle::train_images::16747_c163_03.jpg,llm_detailed,information_reduced,0.983429192237286,1,49,5,0.002613270590903105,1.0,vehicle::train_images::19057_c170_04.jpg,0.9822893443139705,1.0,0.9608017926065291,0.9803848631598504,0.022627399630756884,0.0011398479233154513,1.0,1.0
deberta_v3_base_mean_pool,vehicle,vehicle::train_images::16747_c163_03.jpg,llm_human_description,information_reduced,0.9689939179171798,2,49,5,1.666264148258989e-05,1.0,vehicle::train_images::07345_c110_03.jpg,0.9696202820102823,0.9795918367346939,0.9446826505141759,0.9671219094005586,0.024311267403003933,-0.0006263640931024606,0.0,0.5
deberta_v3_base_mean_pool,vehicle,vehicle::train_images::05432_c163_04.jpg,llm_brief,information_reduced,0.9454221762493015,6,49,5,-0.002967247824010699,0.6,vehicle::gallery_images::20535_c170_02.jpg,0.9488640414976042,0.8979591836734694,0.9161806532591594,0.9479079720161256,0.029241522990142044,-0.0034418652483027,0.0,0.16666666666666666
deberta_v3_base_mean_pool,vehicle,vehicle::train_images::05432_c163_04.jpg,llm_balanced,information_reduced,0.947391117249738,18,49,5,-0.01956917891352572,0.4,vehicle::gallery_images::20762_c156_00.jpg,0.9696501958412582,0.6530612244897959,0.9428349198892104,0.9655430317900826,0.004556197360527592,-0.02225907859152021,0.0,0.05555555555555555
deberta_v3_base_mean_pool,vehicle,vehicle::train_images::05432_c163_04.jpg,llm_detailed,information_reduced,0.9511910536677044,24,49,5,-0.014651171394416851,0.2,vehicle::gallery_images::20762_c156_00.jpg,0.9684409578346811,0.5306122448979592,0.950866259374024,0.9644273039023737,0.00032479429368037493,-0.017249904166976693,0.0,0.041666666666666664
deberta_v3_base_mean_pool,vehicle,vehicle::train_images::05432_c163_04.jpg,llm_human_description,information_reduced,0.9420955454211226,37,49,5,-0.019957867734564427,0.0,vehicle::train_images::07345_c110_03.jpg,0.962831643804773,0.2653061224489796,0.9467509896168848,0.9596140889279041,-0.004655444195762137,-0.020736098383650425,0.0,0.02702702702702703
deberta_v3_base_mean_pool,vehicle,vehicle::train_images::19057_c170_04.jpg,llm_brief,information_reduced,0.9638767124134542,6,49,5,0.009071284693166648,1.0,vehicle::train_images::13608_c139_04.jpg,0.9703230034389199,0.8979591836734694,0.9449724881173709,0.9660537611971772,0.018904224296083294,-0.006446291025465678,0.0,0.16666666666666666
deberta_v3_base_mean_pool,vehicle,vehicle::train_images::19057_c170_04.jpg,llm_balanced,information_reduced,0.9799916612035967,1,49,5,0.010441361646919223,1.0,vehicle::train_images::13608_c139_04.jpg,0.9740569337406899,1.0,0.9511697559346269,0.9701380172108472,0.028821905268969772,0.005934727462906797,1.0,1.0
deberta_v3_base_mean_pool,vehicle,vehicle::train_images::19057_c170_04.jpg,llm_detailed,information_reduced,0.9981653596149398,1,49,5,0.012058237784240311,1.0,vehicle::query_images::20949_c003_01.jpg,0.9861071218306995,1.0,0.9669007134883316,0.9830595057087573,0.031264646126608175,0.012058237784240311,1.0,1.0
deberta_v3_base_mean_pool,vehicle,vehicle::train_images::19057_c170_04.jpg,llm_human_description,information_reduced,0.9732905902780942,1,49,5,0.005271995870895108,1.0,vehicle::gallery_images::20559_c170_01.jpg,0.9706973762004658,1.0,0.9341507977703869,0.9656009996919138,0.03913979250770727,0.0025932140776283585,1.0,1.0
deberta_v3_base_mean_pool,vehicle,vehicle::train_images::04455_c078_00.jpg,llm_brief,information_reduced,0.9713922263045316,3,49,5,0.003492273245889521,1.0,vehicle::train_images::07345_c110_03.jpg,0.9753411401641117,0.9591836734693877,0.9591787671688732,0.9699845296205057,0.012213459135658411,-0.003948913859580072,0.0,0.3333333333333333
deberta_v3_base_mean_pool,vehicle,vehicle::train_images::04455_c078_00.jpg,llm_balanced,information_reduced,0.9848222335646805,1,49,5,0.011446003463802312,1.0,vehicle::train_images::19057_c170_04.jpg,0.9795410053616496,1.0,0.9557296257633279,0.9733476631827294,0.029092607801352588,0.005281228203030897,1.0,1.0
deberta_v3_base_mean_pool,vehicle,vehicle::train_images::04455_c078_00.jpg,llm_detailed,information_reduced,0.9781266657363641,8,49,5,-0.006081586994237664,0.6,vehicle::query_images::20949_c003_01.jpg,0.9842082527306018,0.8571428571428571,0.9627900716545317,0.9826314229272612,0.015336594081832411,-0.006081586994237664,0.0,0.125
deberta_v3_base_mean_pool,vehicle,vehicle::train_images::04455_c078_00.jpg,llm_human_description,information_reduced,0.9687525650346265,4,49,5,-0.0010590103434167109,0.8,vehicle::train_images::19057_c170_04.jpg,0.9713293320808801,0.9387755102040817,0.9447004611144825,0.968893886455472,0.024052103920144008,-0.0025767670462536474,0.0,0.25
deberta_v3_base_mean_pool,vehicle,vehicle::train_images::14387_c163_04.jpg,llm_brief,information_reduced,0.8996848208412778,34,49,5,-0.01008401034541384,0.2,vehicle::gallery_images::20535_c170_02.jpg,0.9401976112525126,0.32653061224489793,0.9097688311866916,0.9354612993223536,-0.01008401034541384,-0.04051279041123479,0.0,0.029411764705882353
deberta_v3_base_mean_pool,vehicle,vehicle::train_images::14387_c163_04.jpg,llm_balanced,information_reduced,0.9615008356997521,33,49,5,-0.010206605503362276,0.0,vehicle::train_images::13608_c139_04.jpg,0.9800817629771855,0.3469387755102041,0.9662901892238493,0.9756941942256612,-0.004789353524097262,-0.018580927277433434,0.0,0.030303030303030304
deberta_v3_base_mean_pool,vehicle,vehicle::train_images::14387_c163_04.jpg,llm_detailed,information_reduced,0.9833172845337639,6,49,5,0.001548920897898265,1.0,vehicle::train_images::19057_c170_04.jpg,0.9888394501612071,0.8979591836734694,0.9694070498095396,0.9871525298889291,0.013910234724224257,-0.005522165627443232,0.0,0.16666666666666666
deberta_v3_base_mean_pool,vehicle,vehicle::train_images::14387_c163_04.jpg,llm_human_description,information_reduced,0.9601614997721204,17,49,5,-0.013655987156631966,0.4,vehicle::query_images::21010_c163_01.jpg,0.977257808545261,0.673469387755102,0.9528430204106015,0.9747626654018857,0.007318479361518859,-0.01709630877314061,0.0,0.058823529411764705
deberta_v3_base_mean_pool,vehicle,vehicle::train_images::09221_c139_03.jpg,llm_brief,information_reduced,0.8146160920029406,50,49,5,-0.05924566738215642,0.0,vehicle::train_images::16253_c139_00.jpg,0.9466852554103273,0.0,0.9014145836143562,0.934682027541472,-0.08679849161141562,-0.13206916340738672,0.0,0.02
deberta_v3_base_mean_pool,vehicle,vehicle::train_images::09221_c139_03.jpg,llm_balanced,information_reduced,0.9504945136722479,45,49,5,-0.027956000005680992,0.0,vehicle::train_images::07345_c110_03.jpg,0.9826170152919732,0.10204081632653061,0.965775342750862,0.9797925975637025,-0.015280829078614055,-0.0321225016197253,0.0,0.022222222222222223
deberta_v3_base_mean_pool,vehicle,vehicle::train_images::09221_c139_03.jpg,llm_detailed,information_reduced,0.9758643780311319,4,49,5,-0.005736374414344603,0.6,vehicle::query_images::20949_c003_01.jpg,0.9816007524454765,0.9387755102040817,0.9546643048674044,0.976878215896785,0.021200073163727517,-0.005736374414344603,0.0,0.25
deberta_v3_base_mean_pool,vehicle,vehicle::train_images::09221_c139_03.jpg,llm_human_description,information_reduced,0.9816578906234449,1,49,5,0.006322418364833715,1.0,vehicle::gallery_images::20559_c170_01.jpg,0.9753354722586112,1.0,0.9418442457695833,0.9685473093453312,0.03981364485386163,0.006322418364833715,1.0,1.0
deberta_v3_base_mean_pool,vehicle,vehicle::train_images::04724_c110_02.jpg,llm_brief,information_reduced,0.9121538603348053,13,49,5,-0.01504660736462049,0.4,vehicle::train_images::16253_c139_00.jpg,0.9418020872170911,0.7551020408163265,0.8928670699179562,0.9271337362159395,0.01928679041684911,-0.029648226882285855,0.0,0.07692307692307693
deberta_v3_base_mean_pool,vehicle,vehicle::train_images::04724_c110_02.jpg,llm_balanced,information_reduced,0.9611180581112467,6,49,5,0.0025794865184209925,1.0,vehicle::train_images::05685_c100_04.jpg,0.9673670070177256,0.8979591836734694,0.9490822092812872,0.964360829877134,0.012035848829959561,-0.006248948906478868,0.0,0.16666666666666666
deberta_v3_base_mean_pool,vehicle,vehicle::train_images::04724_c110_02.jpg,llm_detailed,information_reduced,0.9603410610740657,2,49,5,0.0006181373811882107,1.0,vehicle::train_images::04455_c078_00.jpg,0.9611966234916735,0.9795918367346939,0.9442338295466217,0.9583963126147618,0.016107231527443977,-0.0008555624176077581,0.0,0.5
deberta_v3_base_mean_pool,vehicle,vehicle::train_images::04724_c110_02.jpg,llm_human_description,information_reduced,0.9236411144270307,12,49,5,0.0041954205828012014,1.0,vehicle::train_images::09221_c139_03.jpg,0.94628915734183,0.7755102040816326,0.9126932023966007,0.930467379456963,0.010947912030429996,-0.02264804291479927,0.0,0.08333333333333333
deberta_v3_base_mean_pool,vehicle,vehicle::train_images::08361_c094_04.jpg,llm_brief,information_reduced,0.9022033129299298,23,49,5,-0.005204433242253059,0.6,vehicle::query_images::20272_c102_00.jpg,0.9469427881431103,0.5510204081632653,0.8978389797823563,0.9415647878737097,0.0043643331475735625,-0.044739475213180446,0.0,0.043478260869565216
deberta_v3_base_mean_pool,vehicle,vehicle::train_images::08361_c094_04.jpg,llm_balanced,information_reduced,0.9678218064154194,2,49,5,-4.579686733841015e-05,0.8,vehicle::gallery_images::20401_c023_03.jpg,0.9678676032827578,0.9795918367346939,0.9520243477642213,0.9648461532735422,0.015797458651198082,-4.579686733841015e-05,0.0,0.5
deberta_v3_base_mean_pool,vehicle,vehicle::train_images::08361_c094_04.jpg,llm_detailed,information_reduced,0.9769481876121442,1,49,5,0.0039184323649479325,1.0,vehicle::query_images::20949_c003_01.jpg,0.9730297552471963,1.0,0.9506483353680122,0.969500942148397,0.026299852244132005,0.0039184323649479325,1.0,1.0
deberta_v3_base_mean_pool,vehicle,vehicle::train_images::08361_c094_04.jpg,llm_human_description,information_reduced,0.9630874696112455,2,49,5,0.0022599053699386973,1.0,vehicle::train_images::09221_c139_03.jpg,0.971700371063859,0.9795918367346939,0.931710569434379,0.9582227045746062,0.03137690017686645,-0.008612901452613508,0.0,0.5
deberta_v3_base_mean_pool,vehicle,vehicle::train_images::03678_c014_03.jpg,llm_brief,information_reduced,0.9596364699822472,16,49,5,-0.009754466847194165,0.6,vehicle::train_images::19057_c170_04.jpg,0.9736288367247588,0.6938775510204082,0.9545922871235195,0.9710659054332914,0.005044182858727653,-0.013992366742511586,0.0,0.0625
deberta_v3_base_mean_pool,vehicle,vehicle::train_images::03678_c014_03.jpg,llm_balanced,information_reduced,0.984709984979251,2,49,5,-0.002139757983539603,0.8,vehicle::query_images::20949_c003_01.jpg,0.9868497429627906,0.9795918367346939,0.9670245257252571,0.9812396768928868,0.017685459253993896,-0.002139757983539603,0.0,0.5
deberta_v3_base_mean_pool,vehicle,vehicle::train_images::03678_c014_03.jpg,llm_detailed,information_reduced,0.9783699173608261,5,49,5,-0.005618217278963944,0.8,vehicle::query_images::20949_c003_01.jpg,0.9839881346397901,0.9183673469387755,0.9616730098883062,0.9796338651837897,0.01669690747251995,-0.005618217278963944,0.0,0.2
deberta_v3_base_mean_pool,vehicle,vehicle::train_images::03678_c014_03.jpg,llm_human_description,information_reduced,0.9637292132930538,7,49,5,-0.005928256028977508,0.8,vehicle::train_images::09221_c139_03.jpg,0.9707093189159985,0.8775510204081632,0.9444528093403569,0.9661431953042313,0.01927640395269692,-0.00698010562294471,0.0,0.14285714285714285
deberta_v3_base_mean_pool,vehicle,vehicle::query_images::20039_c015_00.jpg,llm_brief,information_reduced,0.9627108694721227,23,49,5,-0.0071532633385019695,0.4,vehicle::gallery_images::20401_c023_03.jpg,0.9763578897279528,0.5510204081632653,0.9612390693770303,0.97401910717223,0.0014718000950924015,-0.013647020255830089,0.0,0.043478260869565216
deberta_v3_base_mean_pool,vehicle,vehicle::query_images::20039_c015_00.jpg,llm_balanced,information_reduced,0.9752526635716005,17,49,5,-0.006544338197264077,0.6,vehicle::train_images::19057_c170_04.jpg,0.9859189102713721,0.673469387755102,0.9718550974732036,0.9826539348824137,0.0033975660983968092,-0.010666246699771675,0.0,0.058823529411764705
deberta_v3_base_mean_pool,vehicle,vehicle::query_images::20039_c015_00.jpg,llm_detailed,information_reduced,0.9737763327804421,12,49,5,-0.008405577593870728,0.8,vehicle::train_images::19057_c170_04.jpg,0.9835958068905112,0.7755102040816326,0.9663073561947313,0.9810879211123408,0.007468976585710774,-0.009819474110069115,0.0,0.08333333333333333
deberta_v3_base_mean_pool,vehicle,vehicle::query_images::20039_c015_00.jpg,llm_human_description,information_reduced,0.9608743452913506,22,49,5,-0.01766017289452282,0.6,vehicle::train_images::19057_c170_04.jpg,0.9851143733599862,0.5714285714285714,0.9582883046892066,0.9806848554080271,0.0025860406021440685,-0.024240028068635566,0.0,0.045454545454545456
deberta_v3_base_mean_pool,vehicle,vehicle::query_images::20298_c122_00.jpg,llm_brief,information_reduced,0.8921262970929892,8,49,5,-0.011802445781050719,0.2,vehicle::train_images::16253_c139_00.jpg,0.9073498283471491,0.8571428571428571,0.8546568694183224,0.8973926488500994,0.037469427674666766,-0.015223531254159872,0.0,0.125
deberta_v3_base_mean_pool,vehicle,vehicle::query_images::20298_c122_00.jpg,llm_balanced,information_reduced,0.9369322798129607,45,49,5,-0.02632101864791192,0.0,vehicle::train_images::08854_c110_02.jpg,0.971112101525308,0.10204081632653061,0.9524879940122207,0.965411424391574,-0.015555714199260051,-0.03417982171234735,0.0,0.022222222222222223
deberta_v3_base_mean_pool,vehicle,vehicle::query_images::20298_c122_00.jpg,llm_detailed,information_reduced,0.9415275866581829,48,49,5,-0.03131058107600082,0.0,vehicle::train_images::07345_c110_03.jpg,0.973641129987227,0.04081632653061224,0.9647284535720478,0.9721448554429954,-0.023200866913864915,-0.032113543329044036,0.0,0.020833333333333332
deberta_v3_base_mean_pool,vehicle,vehicle::query_images::20298_c122_00.jpg,llm_human_description,information_reduced,0.9321094420517173,46,49,5,-0.030377239307451065,0.0,vehicle::train_images::07345_c110_03.jpg,0.9721968167309841,0.08163265306122448,0.9567324323185074,0.9681477558503512,-0.024622990266790046,-0.04008737467926682,0.0,0.021739130434782608
deberta_v3_base_mean_pool,vehicle,vehicle::query_images::21010_c163_01.jpg,llm_brief,information_reduced,0.9469447019414785,44,49,5,-0.017739263763682178,0.0,vehicle::train_images::19666_c077_02.jpg,0.9712688311467799,0.12244897959183673,0.9598219605256658,0.9669779075119996,-0.012877258584187312,-0.02432412920530136,0.0,0.022727272727272728
deberta_v3_base_mean_pool,vehicle,vehicle::query_images::21010_c163_01.jpg,llm_balanced,information_reduced,0.9692784389012108,14,49,5,-0.007058935687564216,0.2,vehicle::train_images::08361_c094_04.jpg,0.976337374588775,0.7346938775510204,0.9619317811404384,0.9748375560788088,0.007346657760772368,-0.007058935687564216,0.0,0.07142857142857142
deberta_v3_base_mean_pool,vehicle,vehicle::query_images::21010_c163_01.jpg,llm_detailed,information_reduced,0.9819628608282162,1,49,5,0.010717073862980708,1.0,vehicle::train_images::09221_c139_03.jpg,0.9717441309749362,1.0,0.9394074908541092,0.9674092109997204,0.042555369974106916,0.010218729853279984,1.0,1.0
deberta_v3_base_mean_pool,vehicle,vehicle::query_images::21010_c163_01.jpg,llm_human_description,information_reduced,0.9709020963141967,1,49,5,0.005417729170663299,1.0,vehicle::train_images::09221_c139_03.jpg,0.9657967078601066,1.0,0.935909221986579,0.9633506555485867,0.03499287432761766,0.005105388454090032,1.0,1.0
deberta_v3_base_mean_pool,vehicle,vehicle::query_images::20249_c003_00.jpg,llm_brief,information_reduced,0.9425391734207318,7,49,5,-0.00585025065258038,0.6,vehicle::gallery_images::20535_c170_02.jpg,0.9488640414976042,0.8775510204081632,0.9161806532591594,0.9479079720161256,0.026358520161572363,-0.006324868076872381,0.0,0.14285714285714285
deberta_v3_base_mean_pool,vehicle,vehicle::query_images::20249_c003_00.jpg,llm_balanced,information_reduced,0.9618377941237184,6,49,5,-0.0004880053146150143,0.8,vehicle::gallery_images::21216_c003_04.jpg,0.9658809417264858,0.8979591836734694,0.948194534058761,0.9621702413422559,0.013643260064957419,-0.004043147602767361,0.0,0.16666666666666666
deberta_v3_base_mean_pool,vehicle,vehicle::query_images::20249_c003_00.jpg,llm_detailed,information_reduced,0.963932936379795,19,49,5,-0.011115915364652285,0.6,vehicle::train_images::07345_c110_03.jpg,0.980216155777706,0.6326530612244898,0.9609102665883726,0.975217818104877,0.0030226697914224054,-0.016283219397910997,0.0,0.05263157894736842
deberta_v3_base_mean_pool,vehicle,vehicle::query_images::20249_c003_00.jpg,llm_human_description,information_reduced,0.949587049325878,11,49,5,-0.008241085890336453,0.8,vehicle::train_images::09221_c139_03.jpg,0.9665220116593953,0.7959183673469388,0.9390947791199521,0.9576078633316865,0.010492270205925913,-0.016934962333517323,0.0,0.09090909090909091
deberta_v3_base_mean_pool,vehicle,vehicle::query_images::20506_c051_01.jpg,llm_brief,information_reduced,0.9408560781624653,2,49,5,0.0024892759584808077,1.0,vehicle::gallery_images::20535_c170_02.jpg,0.9467040398003204,0.9795918367346939,0.9196119950614912,0.9369445357708384,0.021244083100974143,-0.005847961637855059,0.0,0.5
deberta_v3_base_mean_pool,vehicle,vehicle::query_images::20506_c051_01.jpg,llm_balanced,information_reduced,0.9670007063098419,3,49,5,0.0025528251759363574,1.0,vehicle::train_images::13608_c139_04.jpg,0.9690131981441757,0.9591836734693877,0.9546694833382281,0.9651764737217736,0.01233122297161382,-0.0020124918343338294,0.0,0.3333333333333333
deberta_v3_base_mean_pool,vehicle,vehicle::query_images::20506_c051_01.jpg,llm_detailed,information_reduced,0.9453484974890427,29,49,5,-0.014433267799093041,0.6,vehicle::gallery_images::21216_c003_04.jpg,0.9659273718215433,0.42857142857142855,0.9478311662273979,0.9632101699131144,-0.0024826687383552315,-0.020578874332500607,0.0,0.034482758620689655
deberta_v3_base_mean_pool,vehicle,vehicle::query_images::20506_c051_01.jpg,llm_human_description,information_reduced,0.9601210241251262,3,49,5,0.0025753139311758266,1.0,vehicle::train_images::04455_c078_00.jpg,0.9618654256933853,0.9591836734693877,0.9466100725188428,0.9592398360726248,0.013510951606283461,-0.0017444015682590575,0.0,0.3333333333333333
deberta_v3_base_mean_pool,vehicle,vehicle::query_images::21112_c079_00.jpg,llm_brief,information_reduced,0.9666704749158952,6,49,5,-0.0057380145337418975,0.4,vehicle::gallery_images::20401_c023_03.jpg,0.9724084894496371,0.8979591836734694,0.9510446699662402,0.9690785343255776,0.015625804949655042,-0.0057380145337418975,0.0,0.16666666666666666
deberta_v3_base_mean_pool,vehicle,vehicle::query_images::21112_c079_00.jpg,llm_balanced,information_reduced,0.9772373908074055,2,49,5,-0.0017610689375688882,0.8,vehicle::query_images::20949_c003_01.jpg,0.9789984597449743,0.9795918367346939,0.9634028827774722,0.9752641453355153,0.013834508029933246,-0.0017610689375688882,0.0,0.5
deberta_v3_base_mean_pool,vehicle,vehicle::query_images::21112_c079_00.jpg,llm_detailed,information_reduced,0.9866692689388014,1,49,5,0.0019448579219143447,1.0,vehicle::train_images::19057_c170_04.jpg,0.9851096116005716,1.0,0.9664611301328481,0.9818299744461546,0.02020813880595329,0.001559657338229714,1.0,1.0
deberta_v3_base_mean_pool,vehicle,vehicle::query_images::21112_c079_00.jpg,llm_human_description,information_reduced,0.9713781619677666,4,49,5,0.0005286880722175091,1.0,vehicle::train_images::09221_c139_03.jpg,0.9757235910090946,0.9387755102040817,0.9433654426000533,0.9712279561743816,0.028012719367713323,-0.004345429041327953,0.0,0.25
deberta_v3_base_mean_pool,vehicle,vehicle::query_images::20949_c003_01.jpg,llm_brief,information_reduced,0.9383334845217848,21,49,5,-0.0023650361767986183,0.6,vehicle::train_images::16253_c139_00.jpg,0.97008396909443,0.5918367346938775,0.9353652472804737,0.9540760672427359,0.0029682372413111224,-0.03175048457264518,0.0,0.047619047619047616
deberta_v3_base_mean_pool,vehicle,vehicle::query_images::20949_c003_01.jpg,llm_balanced,information_reduced,0.978834801356275,1,49,5,0.003000667690008174,1.0,vehicle::train_images::03678_c014_03.jpg,0.9758341336662668,1.0,0.9609649945082623,0.9727843690707526,0.017869806848012648,0.003000667690008174,1.0,1.0
deberta_v3_base_mean_pool,vehicle,vehicle::query_images::20949_c003_01.jpg,llm_detailed,information_reduced,0.9926490629544181,1,49,5,0.005673195782703311,1.0,vehicle::train_images::19057_c170_04.jpg,0.9869758671717148,1.0,0.9686733322050132,0.9829590063870004,0.023975730749404955,0.005673195782703311,1.0,1.0
deberta_v3_base_mean_pool,vehicle,vehicle::query_images::20949_c003_01.jpg,llm_human_description,information_reduced,0.9721891349519529,1,49,5,0.00290396789491576,1.0,vehicle::train_images::09221_c139_03.jpg,0.9692857628702705,1.0,0.9420082105142414,0.9675315576305524,0.030180924437711476,0.0029033720816824538,1.0,1.0
deberta_v3_base_mean_pool,vehicle,vehicle::query_images::20272_c102_00.jpg,llm_brief,information_reduced,0.949806182101437,1,49,5,0.0009478857141393959,1.0,vehicle::gallery_images::20762_c156_00.jpg,0.9488582963872976,1.0,0.8952395528816589,0.9329323997456012,0.05456662921977806,0.0009478857141393959,1.0,1.0
deberta_v3_base_mean_pool,vehicle,vehicle::query_images::20272_c102_00.jpg,llm_balanced,information_reduced,0.9795054880543562,2,49,5,-0.003211783480770669,0.8,vehicle::gallery_images::20762_c156_00.jpg,0.9827172715351269,0.9795918367346939,0.9619124395938657,0.9771035964545758,0.01759304846049048,-0.003211783480770669,0.0,0.5
deberta_v3_base_mean_pool,vehicle,vehicle::query_images::20272_c102_00.jpg,llm_detailed,information_reduced,0.9793341418337215,2,49,5,-0.002913094028959673,0.8,vehicle::gallery_images::20762_c156_00.jpg,0.9822472358626811,0.9795918367346939,0.9622023992273057,0.9766363342730311,0.017131742606415812,-0.002913094028959673,0.0,0.5
deberta_v3_base_mean_pool,vehicle,vehicle::query_images::20272_c102_00.jpg,llm_human_description,information_reduced,0.9366781411606983,42,49,5,-0.014865269691848204,0.2,vehicle::query_images::20949_c003_01.jpg,0.9597584215458349,0.16326530612244897,0.948475614832565,0.9592595344498953,-0.011797473671866787,-0.023080280385136653,0.0,0.023809523809523808
deberta_v3_base_mean_pool,vehicle,vehicle::gallery_images::20535_c170_02.jpg,llm_brief,information_reduced,0.9728708030366562,1,49,5,0.007258023842166672,1.0,vehicle::gallery_images::20762_c156_00.jpg,0.9656127791944895,1.0,0.9309255109689014,0.9503270544286117,0.04194529206775477,0.007258023842166672,1.0,1.0
deberta_v3_base_mean_pool,vehicle,vehicle::gallery_images::20535_c170_02.jpg,llm_balanced,information_reduced,0.9808940990882091,1,49,5,0.003060940379086219,1.0,vehicle::gallery_images::20762_c156_00.jpg,0.9778331587091229,1.0,0.9533441388108704,0.9682457186970379,0.027549960277338692,0.003060940379086219,1.0,1.0
deberta_v3_base_mean_pool,vehicle,vehicle::gallery_images::20535_c170_02.jpg,llm_detailed,information_reduced,0.9777255723693499,1,49,5,0.000638298205621668,1.0,vehicle::gallery_images::20762_c156_00.jpg,0.9770872741637282,1.0,0.9486541461710585,0.9660590731713282,0.029071426198291395,0.000638298205621668,1.0,1.0
deberta_v3_base_mean_pool,vehicle,vehicle::gallery_images::20535_c170_02.jpg,llm_human_description,information_reduced,0.966399873213168,1,49,5,0.00209356309310893,1.0,vehicle::train_images::19666_c077_02.jpg,0.9649231893046536,1.0,0.9522546916121271,0.9637874973510447,0.014145181601040946,0.001476683908514409,1.0,1.0
deberta_v3_base_mean_pool,vehicle,vehicle::gallery_images::20877_c110_00.jpg,llm_brief,information_reduced,0.9041522719361048,47,49,5,-0.04093426105876641,0.0,vehicle::train_images::16253_c139_00.jpg,0.9752578109346293,0.061224489795918366,0.9440592399927067,0.9626257952600037,-0.03990696805660188,-0.07110553899852445,0.0,0.02127659574468085
deberta_v3_base_mean_pool,vehicle,vehicle::gallery_images::20877_c110_00.jpg,llm_balanced,information_reduced,0.9355141499657479,34,49,5,-0.017536354139761845,0.4,vehicle::train_images::13608_c139_04.jpg,0.9580097127705489,0.32653061224489793,0.9409524813027731,0.9543843067035718,-0.005438331337025204,-0.022495562804801028,0.0,0.029411764705882353
deberta_v3_base_mean_pool,vehicle,vehicle::gallery_images::20877_c110_00.jpg,llm_detailed,information_reduced,0.9784614455637484,1,49,5,0.022957982151447065,1.0,vehicle::train_images::09221_c139_03.jpg,0.9631828262057358,1.0,0.9259034271767536,0.9510634962355051,0.05255801838699481,0.015278619358012557,1.0,1.0
deberta_v3_base_mean_pool,vehicle,vehicle::gallery_images::20877_c110_00.jpg,llm_human_description,information_reduced,0.962104723504574,1,49,5,0.009801074234767726,1.0,vehicle::train_images::09221_c139_03.jpg,0.9596363456266516,1.0,0.9226563149539454,0.9515917952228364,0.03944840855062859,0.002468377877922423,1.0,1.0
deberta_v3_base_mean_pool,vehicle,vehicle::gallery_images::20159_c003_00.jpg,llm_brief,information_reduced,0.9212609436955057,30,49,5,-0.011999693544170964,0.4,vehicle::train_images::05432_c163_04.jpg,0.9500535663239988,0.40816326530612246,0.925377423897134,0.947794798661251,-0.004116480201628248,-0.028792622628493136,0.0,0.03333333333333333
deberta_v3_base_mean_pool,vehicle,vehicle::gallery_images::20159_c003_00.jpg,llm_balanced,information_reduced,0.980623806336735,1,49,5,0.004554472313072377,1.0,vehicle::gallery_images::20401_c023_03.jpg,0.9768441780813717,1.0,0.9614175408661622,0.9744398561136196,0.019206265470572803,0.0037796282553632654,1.0,1.0
deberta_v3_base_mean_pool,vehicle,vehicle::gallery_images::20159_c003_00.jpg,llm_detailed,information_reduced,0.9798502354452139,2,49,5,0.002977722538483163,1.0,vehicle::train_images::19057_c170_04.jpg,0.980760961932551,0.9795918367346939,0.9635098264193503,0.9786142847616444,0.016340409025863534,-0.0009107264873371435,0.0,0.5
deberta_v3_base_mean_pool,vehicle,vehicle::gallery_images::20159_c003_00.jpg,llm_human_description,information_reduced,0.9380939620303377,31,49,5,-0.022792585062214155,0.0,vehicle::train_images::09221_c139_03.jpg,0.9682660963970083,0.3877551020408163,0.940807498670249,0.9637577651198146,-0.0027135366399113625,-0.030172134366670655,0.0,0.03225806451612903
deberta_v3_base_mean_pool,vehicle,vehicle::gallery_images::21199_c014_04.jpg,llm_brief,information_reduced,0.9517472567813148,3,49,5,-0.010213138314425274,0.6,vehicle::gallery_images::20762_c156_00.jpg,0.96196039509574,0.9591836734693877,0.9130670673799417,0.9454737257611282,0.03868018940137308,-0.010213138314425274,0.0,0.3333333333333333
deberta_v3_base_mean_pool,vehicle,vehicle::gallery_images::21199_c014_04.jpg,llm_balanced,information_reduced,0.9851508928830295,2,49,5,-0.001995450624625361,0.8,vehicle::gallery_images::20762_c156_00.jpg,0.9871463435076548,0.9795918367346939,0.965004854060401,0.979613970921767,0.020146038822628443,-0.001995450624625361,0.0,0.5
deberta_v3_base_mean_pool,vehicle,vehicle::gallery_images::21199_c014_04.jpg,llm_detailed,information_reduced,0.9871964660943899,2,49,5,-0.00011495990053089766,0.8,vehicle::gallery_images::20762_c156_00.jpg,0.9873114259949208,0.9795918367346939,0.9630634204409986,0.9803938755452414,0.02413304565339136,-0.00011495990053089766,0.0,0.5
deberta_v3_base_mean_pool,vehicle,vehicle::gallery_images::21199_c014_04.jpg,llm_human_description,information_reduced,0.9313028175627427,35,49,5,-0.0016977636454513778,0.8,vehicle::train_images::09221_c139_03.jpg,0.9684773597922753,0.30612244897959184,0.9422615940954061,0.9653882203178291,-0.010958776532663417,-0.03717454222953265,0.0,0.02857142857142857
deberta_v3_base_mean_pool,vehicle,vehicle::gallery_images::20762_c156_00.jpg,llm_brief,information_reduced,0.9513337772302854,1,49,5,0.01304840370325222,1.0,vehicle::query_images::20272_c102_00.jpg,0.9382853735270332,1.0,0.8928546839899623,0.9297455258187061,0.05847909324032319,0.01304840370325222,1.0,1.0
deberta_v3_base_mean_pool,vehicle,vehicle::gallery_images::20762_c156_00.jpg,llm_balanced,information_reduced,0.9854657070833124,1,49,5,0.007432146418916541,1.0,vehicle::train_images::13608_c139_04.jpg,0.9780335606643958,1.0,0.9534381104403896,0.968525758381629,0.03202759664292276,0.007432146418916541,1.0,1.0
deberta_v3_base_mean_pool,vehicle,vehicle::gallery_images::20762_c156_00.jpg,llm_detailed,information_reduced,0.9846138202333977,1,49,5,0.0060691195963497035,1.0,vehicle::train_images::13608_c139_04.jpg,0.978544700637048,1.0,0.9540523195094383,0.9678968582008294,0.030561500723959467,0.0060691195963497035,1.0,1.0
deberta_v3_base_mean_pool,vehicle,vehicle::gallery_images::20762_c156_00.jpg,llm_human_description,information_reduced,0.9676264021317365,13,49,5,-0.0004098196525740283,0.6,vehicle::gallery_images::20401_c023_03.jpg,0.9762841906984578,0.7551020408163265,0.9584492155073709,0.9720425240449934,0.009177186624365508,-0.008657788566721392,0.0,0.07692307692307693
deberta_v3_base_mean_pool,vehicle,vehicle::gallery_images::20070_c017_01.jpg,llm_brief,information_reduced,0.9671057957616325,1,49,5,0.003572727959262112,1.0,vehicle::gallery_images::20762_c156_00.jpg,0.9653154188041491,1.0,0.9496959104434042,0.9626370537184085,0.01740988531822829,0.0017903769574834083,1.0,1.0
deberta_v3_base_mean_pool,vehicle,vehicle::gallery_images::20070_c017_01.jpg,llm_balanced,information_reduced,0.9861764459377158,2,49,5,-0.00025455213096492457,0.8,vehicle::train_images::19057_c170_04.jpg,0.9864309980686807,0.9795918367346939,0.9602052953034408,0.9790163468532693,0.02597115063427502,-0.00025455213096492457,0.0,0.5
deberta_v3_base_mean_pool,vehicle,vehicle::gallery_images::20070_c017_01.jpg,llm_detailed,information_reduced,0.9906626877399904,1,49,5,0.0031863328628558563,1.0,vehicle::train_images::19057_c170_04.jpg,0.9874763548771346,1.0,0.9575304517838966,0.980859795108233,0.033132235956093825,0.0031863328628558563,1.0,1.0
deberta_v3_base_mean_pool,vehicle,vehicle::gallery_images::20070_c017_01.jpg,llm_human_description,information_reduced,0.9762636895815788,2,49,5,-0.002766401174179034,0.8,vehicle::train_images::19057_c170_04.jpg,0.9790300907557579,0.9795918367346939,0.9476808456965095,0.9703689915299071,0.028582843885069376,-0.002766401174179034,0.0,0.5
deberta_v3_base_mean_pool,vehicle,vehicle::gallery_images::21216_c003_04.jpg,llm_brief,information_reduced,0.9280955298128952,16,49,5,-0.013525375013420216,0.6,vehicle::gallery_images::20535_c170_02.jpg,0.9495306636295037,0.6938775510204082,0.9162758732657179,0.9455200951254005,0.011819656547177315,-0.021435133816608443,0.0,0.0625
deberta_v3_base_mean_pool,vehicle,vehicle::gallery_images::21216_c003_04.jpg,llm_balanced,information_reduced,0.9715685804375336,1,49,5,0.018607388555753168,1.0,vehicle::train_images::10839_c110_00.jpg,0.9529611918817804,1.0,0.9296765762266065,0.9503065909894299,0.04189200421092709,0.018607388555753168,1.0,1.0
deberta_v3_base_mean_pool,vehicle,vehicle::gallery_images::21216_c003_04.jpg,llm_detailed,information_reduced,0.9699550634844645,1,49,5,0.018845867037502684,1.0,vehicle::train_images::10839_c110_00.jpg,0.9511091964469618,1.0,0.9267203334973837,0.9499366162225499,0.04323472998708078,0.018845867037502684,1.0,1.0
deberta_v3_base_mean_pool,vehicle,vehicle::gallery_images::21216_c003_04.jpg,llm_human_description,information_reduced,0.9622265443374287,1,49,5,0.018468465536782164,1.0,vehicle::train_images::09221_c139_03.jpg,0.9595056171734884,1.0,0.9249907116659197,0.9416611602362139,0.037235832671508984,0.0027209271639403454,1.0,1.0
deberta_v3_base_mean_pool,vehicle,vehicle::gallery_images::20559_c170_01.jpg,llm_brief,information_reduced,0.9549499885439462,31,49,5,-0.018763191092752485,0.2,vehicle::train_images::08854_c110_02.jpg,0.9780762879826004,0.3877551020408163,0.9573310726608394,0.9736111363480988,-0.002381084116893195,-0.023126299438654185,0.0,0.03225806451612903
deberta_v3_base_mean_pool,vehicle,vehicle::gallery_images::20559_c170_01.jpg,llm_balanced,information_reduced,0.9828926909354844,4,49,5,-0.0033665280171903955,0.6,vehicle::train_images::19057_c170_04.jpg,0.9862592189526748,0.9387755102040817,0.9586642394862018,0.9825391656752304,0.02422845144928254,-0.0033665280171903955,0.0,0.25
deberta_v3_base_mean_pool,vehicle,vehicle::gallery_images::20559_c170_01.jpg,llm_detailed,information_reduced,0.9961486472391103,1,49,5,0.01323791340030589,1.0,vehicle::train_images::19057_c170_04.jpg,0.9829107338388045,1.0,0.9524862017547491,0.9794352143279081,0.04366244548436127,0.01323791340030589,1.0,1.0
deberta_v3_base_mean_pool,vehicle,vehicle::gallery_images::20559_c170_01.jpg,llm_human_description,information_reduced,0.961125211380681,1,49,5,0.009098447187522285,1.0,vehicle::train_images::09221_c139_03.jpg,0.9607649246766881,1.0,0.9118741818636853,0.9512970750726476,0.04925102951699567,0.00036028670399290696,1.0,1.0
deberta_v3_base_mean_pool,vehicle,vehicle::gallery_images::20401_c023_03.jpg,llm_brief,information_reduced,0.9698546886690014,1,49,5,0.012091335621694843,1.0,vehicle::gallery_images::20070_c017_01.jpg,0.9610123504309874,1.0,0.942712249649463,0.9570993236596739,0.02714243901953839,0.008842338238013947,1.0,1.0
deberta_v3_base_mean_pool,vehicle,vehicle::gallery_images::20401_c023_03.jpg,llm_balanced,information_reduced,0.9843879562168252,1,49,5,0.006879807383759484,1.0,vehicle::train_images::19057_c170_04.jpg,0.9827521623504915,1.0,0.9628015883673905,0.9777969295216448,0.021586367849434684,0.0016357938663337235,1.0,1.0
deberta_v3_base_mean_pool,vehicle,vehicle::gallery_images::20401_c023_03.jpg,llm_detailed,information_reduced,0.9946902372536476,1,49,5,0.007510676412632922,1.0,vehicle::query_images::21112_c079_00.jpg,0.9871795608410147,1.0,0.971897881110865,0.982757135077359,0.022792356142782633,0.007510676412632922,1.0,1.0
deberta_v3_base_mean_pool,vehicle,vehicle::gallery_images::20401_c023_03.jpg,llm_human_description,information_reduced,0.9752893851997542,4,49,5,0.003898517273729585,1.0,vehicle::gallery_images::20559_c170_01.jpg,0.9782451537805333,0.9387755102040817,0.9540847507026806,0.9755946122948811,0.02120463449707355,-0.0029557685807791723,0.0,0.25
deberta_v3_base_mean_pool,face,face::train::071174.jpg,llm_brief,information_reduced,0.9378309863937714,27,49,5,-0.004909224800296541,0.4,face::train::091980.jpg,0.9576594760966373,0.46938775510204084,0.9381384414729032,0.9524250534265206,-0.0003074550791317687,-0.01982848970286588,0.0,0.037037037037037035
deberta_v3_base_mean_pool,face,face::train::071174.jpg,llm_balanced,information_reduced,0.9594842771013773,18,49,5,-0.0029417592447344987,0.8,face::train::091980.jpg,0.9699664447746452,0.6530612244897959,0.9564471876430067,0.9680171495830594,0.0030370894583705565,-0.010482167673267928,0.0,0.05555555555555555
deberta_v3_base_mean_pool,face,face::train::071174.jpg,llm_detailed,information_reduced,0.9824481334314905,4,49,5,0.00011077867868192204,1.0,face::train::141457.jpg,0.9861892623518281,0.9387755102040817,0.9782381040996659,0.9830114087698476,0.004210029331824572,-0.003741128920337622,0.0,0.25
deberta_v3_base_mean_pool,face,face::train::071174.jpg,llm_human_description,information_reduced,0.8912944758133279,31,49,5,-0.008436121972038246,0.4,face::train::091980.jpg,0.9251253492365527,0.3877551020408163,0.8954066964650353,0.9188382000276702,-0.0041122206517074655,-0.03383087342322477,0.0,0.03225806451612903
deberta_v3_base_mean_pool,face,face::train::166091.jpg,llm_brief,information_reduced,0.9678171211385239,20,49,5,-0.005334802368517355,0.2,face::test::196611.jpg,0.9763756776907966,0.6122448979591837,0.9660896740781924,0.9740904271941299,0.0017274470603315661,-0.008558556552272667,0.0,0.05
deberta_v3_base_mean_pool,face,face::train::166091.jpg,llm_balanced,information_reduced,0.9602638610386822,27,49,5,-0.0034236950939495747,0.6,face::train::141457.jpg,0.9723028666603185,0.46938775510204084,0.962053123770112,0.9692127781111478,-0.0017892627314297638,-0.01203900562163629,0.0,0.037037037037037035
deberta_v3_base_mean_pool,face,face::train::166091.jpg,llm_detailed,information_reduced,0.9877675733856007,15,49,5,-0.0021697840946394154,0.4,face::train::032580.jpg,0.9927256446986679,0.7142857142857143,0.9808602743303068,0.9921584371050833,0.0069072990552939695,-0.004958071313067136,0.0,0.06666666666666667
deberta_v3_base_mean_pool,face,face::train::166091.jpg,llm_human_description,information_reduced,0.9353014028039092,36,49,5,-0.006404314562420632,0.6,face::train::091980.jpg,0.9656872440066863,0.2857142857142857,0.9442371984034453,0.9599052424788458,-0.008935795599536167,-0.030385841202777097,0.0,0.027777777777777776
deberta_v3_base_mean_pool,face,face::train::157804.jpg,llm_brief,information_reduced,0.950894625251253,19,49,5,-0.006283599626922709,0.2,face::train::101485.jpg,0.9597458587488631,0.6326530612244898,0.9492082651986851,0.9583963964775809,0.0016863600525679479,-0.008851233497610078,0.0,0.05263157894736842
deberta_v3_base_mean_pool,face,face::train::157804.jpg,llm_balanced,information_reduced,0.9750163257716542,1,49,5,0.0005894020211194562,1.0,face::train::141457.jpg,0.9748472946675802,1.0,0.966627559905642,0.9741652955525422,0.008388765866012227,0.00016903110407395783,1.0,1.0
deberta_v3_base_mean_pool,face,face::train::157804.jpg,llm_detailed,information_reduced,0.9774132344211015,1,49,5,0.0007426208300974624,1.0,face::train::091980.jpg,0.976670613591004,1.0,0.9615604920597254,0.9727051133605363,0.015852742361376126,0.0007426208300974624,1.0,1.0
deberta_v3_base_mean_pool,face,face::train::157804.jpg,llm_human_description,information_reduced,0.9497139948903961,1,49,5,0.0001942157604890582,1.0,face::train::091980.jpg,0.949519779129907,1.0,0.9267168823487684,0.9423036209775635,0.02299711254162773,0.0001942157604890582,1.0,1.0
deberta_v3_base_mean_pool,face,face::train::091980.jpg,llm_brief,information_reduced,0.9389062300625262,2,49,5,0.005341769079868275,1.0,face::train::141457.jpg,0.9391529049729286,0.9795918367346939,0.9270918953102626,0.9372178690418029,0.011814334752263567,-0.0002466749104024224,0.0,0.5
deberta_v3_base_mean_pool,face,face::train::091980.jpg,llm_balanced,information_reduced,0.9730010206216035,1,49,5,0.0040359195946232385,1.0,face::train::141457.jpg,0.9711210754511347,1.0,0.9577508735077679,0.9687122770819604,0.015250147113835655,0.0018799451704688552,1.0,1.0
deberta_v3_base_mean_pool,face,face::train::091980.jpg,llm_detailed,information_reduced,0.9834044839936793,1,49,5,0.0031764924920134607,1.0,face::train::092618.jpg,0.9803761565074154,1.0,0.968898655142395,0.9795143205342436,0.014505828851284264,0.0030283274862639153,1.0,1.0
deberta_v3_base_mean_pool,face,face::train::091980.jpg,llm_human_description,information_reduced,0.9494480434788569,1,49,5,0.005755996439438915,1.0,face::train::157804.jpg,0.943692047039418,1.0,0.9183367547004679,0.9358524371064885,0.03111128877838898,0.005755996439438915,1.0,1.0
deberta_v3_base_mean_pool,face,face::train::121281.jpg,llm_brief,information_reduced,0.9187947022716414,34,49,5,-0.006840527918779982,0.4,face::train::091980.jpg,0.9436524726466319,0.32653061224489793,0.925403656232195,0.9412105604225347,-0.00660895396055361,-0.024857770374990484,0.0,0.029411764705882353
deberta_v3_base_mean_pool,face,face::train::121281.jpg,llm_balanced,information_reduced,0.9406555674818958,33,49,5,-0.004837315206584036,0.4,face::train::091980.jpg,0.9613914097233804,0.3469387755102041,0.9439779678384682,0.95923386902585,-0.003322400356572386,-0.020735842241484614,0.0,0.030303030303030304
deberta_v3_base_mean_pool,face,face::train::121281.jpg,llm_detailed,information_reduced,0.9754380280125307,29,49,5,-0.00219216614520501,0.6,face::train::157804.jpg,0.9860451623870722,0.42857142857142855,0.9762131133211982,0.9846742567456366,-0.0007750853086675447,-0.010607134374541527,0.0,0.034482758620689655
deberta_v3_base_mean_pool,face,face::train::121281.jpg,llm_human_description,information_reduced,0.8920777571287645,37,49,5,-0.008404426978511736,0.4,face::train::091980.jpg,0.9338207117557598,0.2653061224489796,0.9026141084441877,0.9244199829860261,-0.010536351315423187,-0.04174295462699529,0.0,0.02702702702702703
deberta_v3_base_mean_pool,face,face::train::114832.jpg,llm_brief,information_reduced,0.9416711661221563,14,49,5,-0.0029114258817740657,0.8,face::train::092618.jpg,0.9515344760255413,0.7346938775510204,0.9357152349147295,0.9477356884997508,0.005955931207426768,-0.00986330990338502,0.0,0.07142857142857142
deberta_v3_base_mean_pool,face,face::train::114832.jpg,llm_balanced,information_reduced,0.9569119109739704,8,49,5,-0.006580987873209931,0.8,face::train::091980.jpg,0.9658202973470505,0.8571428571428571,0.9481682004080332,0.9632365041190724,0.008743710565937257,-0.008908386373080113,0.0,0.125
deberta_v3_base_mean_pool,face,face::train::114832.jpg,llm_detailed,information_reduced,0.9765550723351392,7,49,5,-0.0026534315818217413,0.8,face::train::092618.jpg,0.9811997522231464,0.8775510204081632,0.9681492401966021,0.9801086890393301,0.008405832138537073,-0.004644679888007208,0.0,0.14285714285714285
deberta_v3_base_mean_pool,face,face::train::114832.jpg,llm_human_description,information_reduced,0.9441466466653341,11,49,5,-0.0023955052438493496,0.8,face::train::092618.jpg,0.9530414541196234,0.7959183673469388,0.936392977390059,0.9507494312644893,0.007753669275275099,-0.008894807454289277,0.0,0.09090909090909091
deberta_v3_base_mean_pool,face,face::train::090489.jpg,llm_brief,information_reduced,0.9297031540317146,9,49,5,0.00039731914942031654,1.0,face::train::091980.jpg,0.940302702569139,0.8367346938775511,0.9193157005414806,0.9371742307631332,0.010387453490233955,-0.010599548537424397,0.0,0.1111111111111111
deberta_v3_base_mean_pool,face,face::train::090489.jpg,llm_balanced,information_reduced,0.9571918459547862,10,49,5,-7.96009490806604e-05,0.8,face::train::091980.jpg,0.9671407977948212,0.8163265306122449,0.94979901234078,0.9628042048481558,0.007392833614006222,-0.00994895184003497,0.0,0.1
deberta_v3_base_mean_pool,face,face::train::090489.jpg,llm_detailed,information_reduced,0.9882873709808884,5,49,5,0.0004123864812561884,1.0,face::test::196611.jpg,0.9895951699355516,0.9183673469387755,0.9838130207815847,0.988808997242703,0.004474350199303645,-0.001307798954663264,0.0,0.2
deberta_v3_base_mean_pool,face,face::train::090489.jpg,llm_human_description,information_reduced,0.8994600710671523,18,49,5,-0.002435615774316391,0.6,face::train::091980.jpg,0.9283124820488168,0.6530612244897959,0.8913046418008365,0.9170611095747343,0.00815542926631585,-0.028852410981664467,0.0,0.05555555555555555
deberta_v3_base_mean_pool,face,face::train::008309.jpg,llm_brief,information_reduced,0.934557162620736,8,49,5,0.0012282452131915367,1.0,face::train::141457.jpg,0.9415292362709804,0.8571428571428571,0.9274222939110662,0.9392668104216343,0.007134868709669728,-0.006972073650244437,0.0,0.125
deberta_v3_base_mean_pool,face,face::train::008309.jpg,llm_balanced,information_reduced,0.9448809324534724,9,49,5,-0.001905545305566081,0.8,face::train::091980.jpg,0.9545912188321012,0.8367346938775511,0.9367554800260105,0.9510712919087896,0.008125452427461877,-0.009710286378628807,0.0,0.1111111111111111
deberta_v3_base_mean_pool,face,face::train::008309.jpg,llm_detailed,information_reduced,0.9771010990160067,6,49,5,-0.0009220511948608845,0.8,face::train::157804.jpg,0.9826314526978709,0.8979591836734694,0.969688006282888,0.9795769638537876,0.007413092733118742,-0.005530353681864164,0.0,0.16666666666666666
deberta_v3_base_mean_pool,face,face::train::008309.jpg,llm_human_description,information_reduced,0.9074771377303107,12,49,5,-0.008314154082727843,0.8,face::train::091980.jpg,0.932369632750905,0.7755102040816326,0.8974793677093011,0.9235260056966078,0.009997770021009544,-0.02489249502059432,0.0,0.08333333333333333
deberta_v3_base_mean_pool,face,face::train::129132.jpg,llm_brief,information_reduced,0.8972701238174959,23,49,5,-0.007291591529829278,0.2,face::train::091980.jpg,0.9229360286846101,0.5510204081632653,0.8955321269062696,0.9158616079837183,0.001737996911226336,-0.025665904867114175,0.0,0.043478260869565216
deberta_v3_base_mean_pool,face,face::train::129132.jpg,llm_balanced,information_reduced,0.9540133127826591,22,49,5,-0.004737026899760077,0.2,face::train::091980.jpg,0.9693200076453478,0.5714285714285714,0.9520662069180905,0.9658713284890796,0.001947105864568588,-0.015306694862688652,0.0,0.045454545454545456
deberta_v3_base_mean_pool,face,face::train::129132.jpg,llm_detailed,information_reduced,0.9653113078549844,21,49,5,-0.0042437346345469695,0.4,face::train::091980.jpg,0.9805730329995268,0.5918367346938775,0.9628009806755229,0.9760340509956402,0.0025103271794615356,-0.015261725144542382,0.0,0.047619047619047616
deberta_v3_base_mean_pool,face,face::train::129132.jpg,llm_human_description,information_reduced,0.8995905649705696,25,49,5,-0.010389363512442351,0.0,face::train::157804.jpg,0.9309704988092208,0.5102040816326531,0.8982472401709032,0.9235877012454858,0.0013433247996663678,-0.03137993383865123,0.0,0.04
deberta_v3_base_mean_pool,face,face::train::053065.jpg,llm_brief,information_reduced,0.943164582450037,40,49,5,-0.009592689050394676,0.2,face::train::091980.jpg,0.9730585281049106,0.20408163265306123,0.954928079269691,0.9683176598267799,-0.011763496819654051,-0.029893945654873577,0.0,0.025
deberta_v3_base_mean_pool,face,face::train::053065.jpg,llm_balanced,information_reduced,0.9575467988646783,38,49,5,-0.006929821254958668,0.4,face::train::091980.jpg,0.9825889537085424,0.24489795918367346,0.9668722072555697,0.9778671808851236,-0.009325408390891354,-0.025042154843864073,0.0,0.02631578947368421
deberta_v3_base_mean_pool,face,face::train::053065.jpg,llm_detailed,information_reduced,0.9734190632990373,38,49,5,-0.002577272375536177,0.4,face::train::157804.jpg,0.9926138479582022,0.24489795918367346,0.9800623162046158,0.9900073624154352,-0.006643252905578545,-0.01919478465916491,0.0,0.02631578947368421
deberta_v3_base_mean_pool,face,face::train::053065.jpg,llm_human_description,information_reduced,0.9400305501270918,40,49,5,-0.01011005214194649,0.2,face::train::157804.jpg,0.9686927209413569,0.20408163265306123,0.9504484247370746,0.9635805705558003,-0.01041787460998278,-0.028662170814265142,0.0,0.025
deberta_v3_base_mean_pool,face,face::train::143554.jpg,llm_brief,information_reduced,0.9407388470433115,1,49,5,0.003804722871034505,1.0,face::train::081413.jpg,0.9395129546113614,1.0,0.9262909077508963,0.9367322111250977,0.014447939292415168,0.0012258924319500375,1.0,1.0
deberta_v3_base_mean_pool,face,face::train::143554.jpg,llm_balanced,information_reduced,0.9455155472510085,8,49,5,-0.0005086919391572575,0.8,face::train::081413.jpg,0.9505187845841441,0.8571428571428571,0.9382428503736017,0.9480887331850678,0.007272696877406837,-0.005003237333135568,0.0,0.125
deberta_v3_base_mean_pool,face,face::train::143554.jpg,llm_detailed,information_reduced,0.972468256050395,3,49,5,-0.001851536729664205,0.8,face::train::101485.jpg,0.9743197927800592,0.9591836734693877,0.9628877028913732,0.971994912968313,0.009580553159021843,-0.001851536729664205,0.0,0.3333333333333333
deberta_v3_base_mean_pool,face,face::train::143554.jpg,llm_human_description,information_reduced,0.9442801646330261,16,49,5,-0.0035266114640970514,0.6,face::train::141457.jpg,0.9522170373368067,0.6938775510204082,0.9384943991691432,0.9503993664677951,0.005785765463882875,-0.007936872703780629,0.0,0.0625
deberta_v3_base_mean_pool,face,face::train::178182.jpg,llm_brief,information_reduced,0.9634549646711621,18,49,5,-0.002351573478121982,0.4,face::train::141457.jpg,0.9725205163151639,0.6530612244897959,0.9618019831108976,0.9696864582734358,0.0016529815602644993,-0.009065551644001801,0.0,0.05555555555555555
deberta_v3_base_mean_pool,face,face::train::178182.jpg,llm_balanced,information_reduced,0.9742951764190623,21,49,5,-0.003253064824413232,0.2,face::train::091980.jpg,0.9804105922813554,0.5918367346938775,0.9727370596949524,0.9799018836667271,0.0015581167241098814,-0.006115415862293139,0.0,0.047619047619047616
deberta_v3_base_mean_pool,face,face::train::178182.jpg,llm_detailed,information_reduced,0.9846538048746589,19,49,5,-0.001798705931391975,0.4,face::test::196611.jpg,0.9888928862534145,0.6326530612244898,0.9821111992521566,0.9877092150223804,0.002542605622502303,-0.004239081378755616,0.0,0.05263157894736842
deberta_v3_base_mean_pool,face,face::train::178182.jpg,llm_human_description,information_reduced,0.9188895258617419,15,49,5,-0.009727152251986948,0.4,face::train::091980.jpg,0.9434605771273961,0.7142857142857143,0.9104462052102913,0.9347500900183092,0.008443320651450592,-0.024571051265654176,0.0,0.06666666666666667
deberta_v3_base_mean_pool,face,face::train::063618.jpg,llm_brief,information_reduced,0.9502678720985405,16,49,5,-0.002945385404016676,0.6,face::train::141457.jpg,0.9626794920644537,0.6938775510204082,0.9465696595719599,0.957997806645317,0.0036982125265805355,-0.012411619965913223,0.0,0.0625
deberta_v3_base_mean_pool,face,face::train::063618.jpg,llm_balanced,information_reduced,0.9616525746377541,12,49,5,-0.000512105402309837,0.6,face::train::141457.jpg,0.9695810431889755,0.7755102040816326,0.9559964122560621,0.9644901729831011,0.005656162381691976,-0.007928468551221424,0.0,0.08333333333333333
deberta_v3_base_mean_pool,face,face::train::063618.jpg,llm_detailed,information_reduced,0.981701226777303,12,49,5,-0.001784211854979234,0.8,face::train::092618.jpg,0.9844182607572182,0.7755102040816326,0.9769806991611361,0.9838942662052077,0.004720527616166925,-0.0027170339799151844,0.0,0.08333333333333333
deberta_v3_base_mean_pool,face,face::train::063618.jpg,llm_human_description,information_reduced,0.9229558193058506,11,49,5,-0.0035727466723823875,0.4,face::train::157804.jpg,0.9412742975161302,0.7959183673469388,0.9149577553574846,0.934580686524557,0.007998063948365997,-0.018318478210279654,0.0,0.09090909090909091
deberta_v3_base_mean_pool,face,face::train::089537.jpg,llm_brief,information_reduced,0.9467008533335312,49,49,5,-0.01027176872308122,0.2,face::train::141457.jpg,0.976630089814685,0.02040816326530612,0.9647160681017517,0.9726860595450559,-0.018015214768220544,-0.029929236481153865,0.0,0.02040816326530612
deberta_v3_base_mean_pool,face,face::train::089537.jpg,llm_balanced,information_reduced,0.9635323079681593,48,49,5,-0.00920447275974734,0.2,face::train::141457.jpg,0.9855576666018275,0.04081632653061224,0.9751934020451593,0.9798281272362684,-0.011661094077,-0.02202535863366828,0.0,0.020833333333333332
deberta_v3_base_mean_pool,face,face::train::089537.jpg,llm_detailed,information_reduced,0.9742584738446267,49,49,5,-0.008669340234893186,0.2,face::train::141457.jpg,0.9909341031462845,0.02040816326530612,0.9847158491867141,0.9881362036035781,-0.01045737534208735,-0.01667562930165778,0.0,0.02040816326530612
deberta_v3_base_mean_pool,face,face::train::089537.jpg,llm_human_description,information_reduced,0.8952231927365539,49,49,5,-0.02036162330038671,0.2,face::train::091980.jpg,0.9567235701518294,0.02040816326530612,0.930441565510193,0.9490171588578461,-0.03521837277363904,-0.061500377415275476,0.0,0.02040816326530612
deberta_v3_base_mean_pool,face,face::train::065762.jpg,llm_brief,information_reduced,0.917588687195565,43,49,5,-0.00878997976498308,0.2,face::train::091980.jpg,0.9442809405613519,0.14285714285714285,0.9285670366629483,0.9406225150958676,-0.010978349467383297,-0.026692253365786955,0.0,0.023255813953488372
deberta_v3_base_mean_pool,face,face::train::065762.jpg,llm_balanced,information_reduced,0.9484572516125256,49,49,5,-0.011651298748408201,0.2,face::train::141457.jpg,0.9732471864044205,0.02040816326530612,0.9624897719005368,0.9702164067703601,-0.014032520288011163,-0.024789934791894952,0.0,0.02040816326530612
deberta_v3_base_mean_pool,face,face::train::065762.jpg,llm_detailed,information_reduced,0.9779337338774806,44,49,5,-0.008745194985957716,0.2,face::train::157804.jpg,0.9915595534998347,0.12244897959183673,0.984838427631374,0.9901755422813856,-0.006904693753893354,-0.013625819622354096,0.0,0.022727272727272728
deberta_v3_base_mean_pool,face,face::train::065762.jpg,llm_human_description,information_reduced,0.9075003656062594,35,49,5,-0.015510236103515873,0.4,face::train::091980.jpg,0.947614291166291,0.30612244897959184,0.9170611293637146,0.9396024785346081,-0.009560763757455293,-0.04011392556003168,0.0,0.02857142857142857
deberta_v3_base_mean_pool,face,face::train::168471.jpg,llm_brief,information_reduced,0.9464456941480797,31,49,5,-0.008340784860330741,0.4,face::train::091980.jpg,0.9639968488907247,0.3877551020408163,0.9498230298032307,0.9614772193370239,-0.0033773356551510814,-0.017551154742645014,0.0,0.03225806451612903
deberta_v3_base_mean_pool,face,face::train::168471.jpg,llm_balanced,information_reduced,0.9331211706762855,21,49,5,-0.007907039612115585,0.6,face::train::091980.jpg,0.9581492360275072,0.5918367346938775,0.9280366577729227,0.9481270537764424,0.00508451290336287,-0.025028065351221707,0.0,0.047619047619047616
deberta_v3_base_mean_pool,face,face::train::168471.jpg,llm_detailed,information_reduced,0.9604013006545177,19,49,5,-0.005256588091483438,0.6,face::train::091980.jpg,0.9778770347187461,0.6326530612244898,0.9541937684543186,0.9725480599974894,0.006207532200199095,-0.01747573406422842,0.0,0.05263157894736842
deberta_v3_base_mean_pool,face,face::train::168471.jpg,llm_human_description,information_reduced,0.9021527809272007,21,49,5,-0.008694525326816027,0.6,face::train::091980.jpg,0.9328649273001088,0.5918367346938775,0.8947933211355008,0.9221007223991774,0.0073594597916999405,-0.03071214637290809,0.0,0.047619047619047616
deberta_v3_base_mean_pool,face,face::train::101485.jpg,llm_brief,information_reduced,0.9263549978428596,20,49,5,-0.00874248183534898,0.8,face::train::091980.jpg,0.9437052392947352,0.6122448979591837,0.9254789528689358,0.9401776908789574,0.0008760449739237952,-0.01735024145187558,0.0,0.05
deberta_v3_base_mean_pool,face,face::train::101485.jpg,llm_balanced,information_reduced,0.93821996270347,29,49,5,-0.00830170634854277,0.8,face::train::091980.jpg,0.9569795275423828,0.42857142857142855,0.9387553785035583,0.9523418244417652,-0.0005354158000883125,-0.018759564838912834,0.0,0.034482758620689655
deberta_v3_base_mean_pool,face,face::train::101485.jpg,llm_detailed,information_reduced,0.9476763520406556,42,49,5,-0.011174567262313584,0.8,face::train::091980.jpg,0.9794400894973536,0.16326530612244897,0.9619829755763516,0.9748795249142276,-0.014306623535696006,-0.03176373745669803,0.0,0.023809523809523808
deberta_v3_base_mean_pool,face,face::train::101485.jpg,llm_human_description,information_reduced,0.9156004020993356,30,49,5,-0.011478100262231727,0.8,face::train::091980.jpg,0.9417950601851349,0.40816326530612246,0.9183985784375365,0.9364086730541369,-0.0027981763382008973,-0.02619465808579935,0.0,0.03333333333333333
deberta_v3_base_mean_pool,face,face::train::023736.jpg,llm_brief,information_reduced,0.9365404219194763,27,49,5,-0.006824193822087543,0.2,face::train::092618.jpg,0.9495703806832152,0.46938775510204084,0.9367376556779957,0.9462182197657145,-0.0001972337585194328,-0.013029958763738914,0.0,0.037037037037037035
deberta_v3_base_mean_pool,face,face::train::023736.jpg,llm_balanced,information_reduced,0.9371642738456586,23,49,5,-0.008895201431907807,0.4,face::train::091980.jpg,0.9588865315554677,0.5510204081632653,0.934539987025769,0.9527772281858412,0.0026242868198895763,-0.021722257709809067,0.0,0.043478260869565216
deberta_v3_base_mean_pool,face,face::train::023736.jpg,llm_detailed,information_reduced,0.9784484559181571,19,49,5,-0.0023597833907990085,0.4,face::train::141457.jpg,0.9852913283926956,0.6326530612244898,0.9763788974664265,0.984580538061807,0.0020695584517306242,-0.0068428724745385194,0.0,0.05263157894736842
deberta_v3_base_mean_pool,face,face::train::023736.jpg,llm_human_description,information_reduced,0.8806967355115382,23,49,5,-0.011159436457890304,0.4,face::train::091980.jpg,0.9149335005901864,0.5510204081632653,0.8769124615869786,0.9054152527544301,0.0037842739245596,-0.03423676507864826,0.0,0.043478260869565216
deberta_v3_base_mean_pool,face,face::train::063708.jpg,llm_brief,information_reduced,0.9326404943382007,25,49,5,-0.013115675598023513,0.4,face::train::101485.jpg,0.9471855069924026,0.5102040816326531,0.9324685607127449,0.9457397047326968,0.00017193362545586677,-0.014545012654201828,0.0,0.04
deberta_v3_base_mean_pool,face,face::train::063708.jpg,llm_balanced,information_reduced,0.94384147362922,16,49,5,-0.00179931850389492,0.6,face::train::091980.jpg,0.9606778906846761,0.6938775510204082,0.9379816874266648,0.9535566832863804,0.005859786202555228,-0.016836417055456132,0.0,0.0625
deberta_v3_base_mean_pool,face,face::train::063708.jpg,llm_detailed,information_reduced,0.9738756541046045,18,49,5,-0.0018513959545685132,0.6,face::train::091980.jpg,0.985205215909639,0.6530612244897959,0.9695980385582664,0.980512451604364,0.004277615546338098,-0.011329561805034527,0.0,0.05555555555555555
deberta_v3_base_mean_pool,face,face::train::063708.jpg,llm_human_description,information_reduced,0.8949886313619279,18,49,5,-0.0032679933420399765,0.6,face::train::091980.jpg,0.9255066391902003,0.6530612244897959,0.8868055094383069,0.9141488709908918,0.008183121923620917,-0.03051800782827241,0.0,0.05555555555555555
deberta_v3_base_mean_pool,face,face::train::138886.jpg,llm_brief,information_reduced,0.9167278183593133,38,49,5,-0.011260585177310545,0.8,face::train::092618.jpg,0.9377127188665612,0.24489795918367346,0.9253643955824973,0.9362131921420616,-0.008636577223184005,-0.020984900507247883,0.0,0.02631578947368421
deberta_v3_base_mean_pool,face,face::train::138886.jpg,llm_balanced,information_reduced,0.9434733312367545,22,49,5,-0.009131663598423989,0.6,face::train::091980.jpg,0.960325358000871,0.5714285714285714,0.9425440190773954,0.9564630097583167,0.0009293121593590969,-0.016852026764116568,0.0,0.045454545454545456
deberta_v3_base_mean_pool,face,face::train::138886.jpg,llm_detailed,information_reduced,0.958504499208543,48,49,5,-0.012228836739459514,0.2,face::train::032580.jpg,0.9906384701361496,0.04081632653061224,0.9762317648719102,0.9892525316752635,-0.017727265663367242,-0.032133970927606614,0.0,0.020833333333333332
deberta_v3_base_mean_pool,face,face::train::138886.jpg,llm_human_description,information_reduced,0.9243194961483274,19,49,5,-0.008366878833528602,0.8,face::train::091980.jpg,0.9450960816895541,0.6326530612244898,0.920150149316341,0.9386797341643894,0.004169346831986442,-0.020776585541226633,0.0,0.05263157894736842
deberta_v3_base_mean_pool,face,face::train::149220.jpg,llm_brief,information_reduced,0.9470458871846035,9,49,5,-0.0012866776807829439,0.8,face::train::143554.jpg,0.9560036331873931,0.8367346938775511,0.9383742132268895,0.9500799287089071,0.008671673957713955,-0.008957746002789646,0.0,0.1111111111111111
deberta_v3_base_mean_pool,face,face::train::149220.jpg,llm_balanced,information_reduced,0.9613551236417379,10,49,5,-0.0002194787400413567,0.6,face::train::141457.jpg,0.9710317479618686,0.8163265306122449,0.9559350074879701,0.9648652708454073,0.005420116153767807,-0.009676624320130722,0.0,0.1
deberta_v3_base_mean_pool,face,face::train::149220.jpg,llm_detailed,information_reduced,0.980219404470821,14,49,5,-0.001189327182109956,0.8,face::train::141457.jpg,0.9854768931627982,0.7346938775510204,0.9769009629232016,0.9835942307052313,0.0033184415476193996,-0.005257488691977175,0.0,0.07142857142857142
deberta_v3_base_mean_pool,face,face::train::149220.jpg,llm_human_description,information_reduced,0.909440895862556,29,49,5,-0.005302378662205398,0.6,face::train::091980.jpg,0.9375953792968175,0.42857142857142855,0.9125732163335237,0.933013893571535,-0.0031323204709676755,-0.028154483434261413,0.0,0.034482758620689655
deberta_v3_base_mean_pool,face,face::train::060309.jpg,llm_brief,information_reduced,0.9564696521344422,12,49,5,-0.0034136679623233412,0.2,face::train::101485.jpg,0.9636486837339219,0.7755102040816326,0.9507039318612264,0.9605302688268389,0.0057657202732158686,-0.007179031599479635,0.0,0.08333333333333333
deberta_v3_base_mean_pool,face,face::train::060309.jpg,llm_balanced,information_reduced,0.9645299564423196,13,49,5,-0.004477568451212721,0.6,face::train::141457.jpg,0.9712211733248717,0.7551020408163265,0.9602355690189015,0.9686991473023042,0.0042943874234181445,-0.006691216882552031,0.0,0.07692307692307693
deberta_v3_base_mean_pool,face,face::train::060309.jpg,llm_detailed,information_reduced,0.990216711974082,1,49,5,0.004982739205837472,1.0,face::train::101485.jpg,0.9887359652607491,1.0,0.9790762797707675,0.9863453566959862,0.01114043220331451,0.00148074671333287,1.0,1.0
deberta_v3_base_mean_pool,face,face::train::060309.jpg,llm_human_description,information_reduced,0.9308204621209468,27,49,5,-0.009785967387466843,0.4,face::train::157804.jpg,0.9524261578942818,0.46938775510204084,0.9313573954973347,0.9477173833494367,-0.000536933376387827,-0.021605695773334932,0.0,0.037037037037037035
deberta_v3_base_mean_pool,face,face::train::025692.jpg,llm_brief,information_reduced,0.9357118219281746,13,49,5,-0.0030591772562411634,0.8,face::train::091980.jpg,0.9475937079391354,0.7551020408163265,0.9287141034109718,0.9432164167015197,0.006997718517202767,-0.011881886010960852,0.0,0.07692307692307693
deberta_v3_base_mean_pool,face,face::train::025692.jpg,llm_balanced,information_reduced,0.9632524776682952,5,49,5,0.001313023048848616,1.0,face::train::091980.jpg,0.9710883480452648,0.9183673469387755,0.954071441745246,0.9642130901501386,0.009181035923049197,-0.007835870376969534,0.0,0.2
deberta_v3_base_mean_pool,face,face::train::025692.jpg,llm_detailed,information_reduced,0.9685778004564659,6,49,5,0.0004366158174875512,1.0,face::train::091980.jpg,0.9798288308345531,0.8979591836734694,0.957822431705893,0.9723356760536037,0.010755368750572925,-0.011251030378087168,0.0,0.16666666666666666
deberta_v3_base_mean_pool,face,face::train::025692.jpg,llm_human_description,information_reduced,0.9359722222390943,7,49,5,-0.0005827069219048742,0.8,face::train::091980.jpg,0.951531086624443,0.8775510204081632,0.9229294060633975,0.9416226085802689,0.013042816175696803,-0.015558864385348703,0.0,0.14285714285714285
deberta_v3_base_mean_pool,face,face::train::060555.jpg,llm_brief,information_reduced,0.9135486651542618,20,49,5,-0.006518636863199867,0.4,face::train::091980.jpg,0.9334438132418311,0.6122448979591837,0.909980042219234,0.9265791655727406,0.0035686229350277987,-0.019895148087569314,0.0,0.05
deberta_v3_base_mean_pool,face,face::train::060555.jpg,llm_balanced,information_reduced,0.9567865976749137,16,49,5,-0.0007128952365594854,0.6,face::train::141457.jpg,0.9693191007642985,0.6938775510204082,0.9553044429698905,0.9641481549272719,0.0014821547050232198,-0.012532503089384806,0.0,0.0625
deberta_v3_base_mean_pool,face,face::train::060555.jpg,llm_detailed,information_reduced,0.9789272276251675,12,49,5,-0.0015416530114096272,0.6,face::train::141457.jpg,0.9861713763947116,0.7755102040816326,0.976876521988696,0.981859723228258,0.0020507056364714726,-0.007244148769544156,0.0,0.08333333333333333
deberta_v3_base_mean_pool,face,face::train::060555.jpg,llm_human_description,information_reduced,0.8931045017732153,15,49,5,-0.008287946928964951,0.6,face::train::091980.jpg,0.9230639753898591,0.7142857142857143,0.8831557822457359,0.9121533590844638,0.009948719527479444,-0.02995947361664375,0.0,0.06666666666666667
deberta_v3_base_mean_pool,face,face::train::150659.jpg,llm_brief,information_reduced,0.9329304137462296,48,49,5,-0.011799144000684492,0.4,face::train::091980.jpg,0.9690686767031755,0.04081632653061224,0.9542024603398296,0.9653096184200316,-0.021272046593599936,-0.03613826295694589,0.0,0.020833333333333332
deberta_v3_base_mean_pool,face,face::train::150659.jpg,llm_balanced,information_reduced,0.9412895831022658,48,49,5,-0.009580912784654894,0.4,face::train::091980.jpg,0.9759892441802005,0.04081632653061224,0.961575102867424,0.9709167874417428,-0.020285519765158133,-0.03469966107793465,0.0,0.020833333333333332
deberta_v3_base_mean_pool,face,face::train::150659.jpg,llm_detailed,information_reduced,0.9818860759200614,37,49,5,-0.004039561702024352,0.4,face::train::060309.jpg,0.9921781546700884,0.2653061224489796,0.9843925482364058,0.9897975647114619,-0.002506472316344377,-0.010292078750027023,0.0,0.02702702702702703
deberta_v3_base_mean_pool,face,face::train::150659.jpg,llm_human_description,information_reduced,0.8595124819248909,48,49,5,-0.01641746957836665,0.4,face::train::091980.jpg,0.9325448407967629,0.04081632653061224,0.8972042925954629,0.922763401244943,-0.037691810670571924,-0.07303235887187198,0.0,0.020833333333333332
deberta_v3_base_mean_pool,face,face::train::026996.jpg,llm_brief,information_reduced,0.9429981837468832,45,49,5,-0.007331230600825522,0.4,face::train::141457.jpg,0.965706062179831,0.10204081632653061,0.952254625773798,0.960834742915654,-0.00925644202691489,-0.02270787843294786,0.0,0.022222222222222223
deberta_v3_base_mean_pool,face,face::train::026996.jpg,llm_balanced,information_reduced,0.9687785609557515,40,49,5,-0.007878494568497207,0.4,face::train::141457.jpg,0.9841838379694536,0.20408163265306123,0.9760987890499869,0.9831843501238134,-0.0073202280942353815,-0.01540527701370209,0.0,0.025
deberta_v3_base_mean_pool,face,face::train::026996.jpg,llm_detailed,information_reduced,0.9741283379314297,39,49,5,-0.006202798983198199,0.4,face::train::141457.jpg,0.989012922070158,0.22448979591836735,0.9793918197793384,0.9853867794434987,-0.005263481847908702,-0.014884584138728285,0.0,0.02564102564102564
deberta_v3_base_mean_pool,face,face::train::026996.jpg,llm_human_description,information_reduced,0.9412994673144166,31,49,5,-0.005757568079401532,0.6,face::train::157804.jpg,0.963334446982325,0.3877551020408163,0.9439164472516209,0.9592573414407158,-0.0026169799372043334,-0.02203497966790835,0.0,0.03225806451612903
deberta_v3_base_mean_pool,face,face::train::082954.jpg,llm_brief,information_reduced,0.9236628105492435,11,49,5,-0.0019846962020739767,0.8,face::train::091980.jpg,0.9369979086806082,0.7959183673469388,0.9145890077393668,0.9327445435171398,0.009073802809876685,-0.013335098131364687,0.0,0.09090909090909091
deberta_v3_base_mean_pool,face,face::train::082954.jpg,llm_balanced,information_reduced,0.9487277453629104,11,49,5,-0.0009564778281013764,0.8,face::train::091980.jpg,0.9590475193044565,0.7959183673469388,0.9393238545941502,0.9541990338658058,0.009403890768760137,-0.010319773941546151,0.0,0.09090909090909091
deberta_v3_base_mean_pool,face,face::train::082954.jpg,llm_detailed,information_reduced,0.9720992300166964,4,49,5,6.34425794702187e-05,1.0,face::train::091980.jpg,0.9795458717670624,0.9387755102040817,0.9598145769783761,0.9738714772575692,0.01228465303832027,-0.007446641750366023,0.0,0.25
deberta_v3_base_mean_pool,face,face::train::082954.jpg,llm_human_description,information_reduced,0.9248677454683993,9,49,5,0.0002941117385967251,1.0,face::train::091980.jpg,0.9423243944143243,0.8367346938775511,0.912650465809429,0.9342839040638183,0.012217279658970348,-0.017456648945924913,0.0,0.1111111111111111
deberta_v3_base_mean_pool,face,face::train::042973.jpg,llm_brief,information_reduced,0.9618596729672985,11,49,5,-0.0015465217268835207,0.6,face::train::091980.jpg,0.9681184497640006,0.7959183673469388,0.9566097631010807,0.9661703803672287,0.005249909866217761,-0.00625877679670217,0.0,0.09090909090909091
deberta_v3_base_mean_pool,face,face::train::042973.jpg,llm_balanced,information_reduced,0.977272243083508,16,49,5,-0.0022285345651433808,0.6,face::train::141457.jpg,0.9856041239530176,0.6938775510204082,0.9754720045264841,0.9804284430696748,0.0018002385570239365,-0.008331880869509534,0.0,0.0625
deberta_v3_base_mean_pool,face,face::train::042973.jpg,llm_detailed,information_reduced,0.9841433991118157,2,49,5,0.001446893792578896,1.0,face::train::091980.jpg,0.9855113072046116,0.9795918367346939,0.9764093202184165,0.9829690555063029,0.0077340788933991655,-0.0013679080927958553,0.0,0.5
deberta_v3_base_mean_pool,face,face::train::042973.jpg,llm_human_description,information_reduced,0.9182027581693952,9,49,5,-0.004387211014463155,0.8,face::train::091980.jpg,0.9359568718047142,0.8367346938775511,0.904645497259988,0.92840662325149,0.013557260909407232,-0.01775411363531898,0.0,0.1111111111111111
deberta_v3_base_mean_pool,face,face::train::092618.jpg,llm_brief,information_reduced,0.9500857387106248,4,49,5,0.0007266325615225,1.0,face::train::101485.jpg,0.955611755736862,0.9387755102040817,0.9384281267785654,0.949906261837594,0.011657611932059497,-0.005526017026237118,0.0,0.25
deberta_v3_base_mean_pool,face,face::train::092618.jpg,llm_balanced,information_reduced,0.954584995641564,2,49,5,0.007649849401405673,1.0,face::train::091980.jpg,0.9573901863122493,0.9795918367346939,0.9348186392893101,0.9500742847389769,0.019766356352253878,-0.002805190670685298,0.0,0.5
deberta_v3_base_mean_pool,face,face::train::092618.jpg,llm_detailed,information_reduced,0.9856079232796024,2,49,5,0.004192484874356417,1.0,face::train::091980.jpg,0.9862212612213017,0.9795918367346939,0.9739355905733762,0.9826358378400308,0.011672332706226252,-0.0006133379416992657,0.0,0.5
deberta_v3_base_mean_pool,face,face::train::092618.jpg,llm_human_description,information_reduced,0.9284985810465426,4,49,5,0.004832246528008954,1.0,face::train::091980.jpg,0.9356315393642575,0.9387755102040817,0.908732095899023,0.9276022573554259,0.019766485147519552,-0.007132958317714877,0.0,0.25
deberta_v3_base_mean_pool,face,face::train::073196.jpg,llm_brief,information_reduced,0.9345305427296529,40,49,5,-0.014720144357197928,0.2,face::train::101485.jpg,0.9612796756577084,0.20408163265306123,0.9435996807413364,0.9558503644484441,-0.00906913801168352,-0.026749132928055586,0.0,0.025
deberta_v3_base_mean_pool,face,face::train::073196.jpg,llm_balanced,information_reduced,0.9553247092264128,36,49,5,-0.01298494126813865,0.2,face::train::101485.jpg,0.9766545078765636,0.2857142857142857,0.960008562613637,0.9699713052416418,-0.004683853387224213,-0.021329798650150833,0.0,0.027777777777777776
deberta_v3_base_mean_pool,face,face::train::073196.jpg,llm_detailed,information_reduced,0.9914181721839149,8,49,5,-0.001583334765292932,0.6,face::test::185812.jpg,0.9930015069492079,0.8571428571428571,0.9850863450269596,0.9923351138823009,0.00633182715695535,-0.001583334765292932,0.0,0.125
deberta_v3_base_mean_pool,face,face::train::073196.jpg,llm_human_description,information_reduced,0.9401500272359099,50,49,5,-0.01458260969510694,0.0,face::train::141457.jpg,0.9705297697392821,0.0,0.9589806874876182,0.9675610244714725,-0.01883066025170832,-0.030379742503372165,0.0,0.02
deberta_v3_base_mean_pool,face,face::train::178129.jpg,llm_brief,information_reduced,0.961452960814294,22,49,5,-0.004376777350000638,0.8,face::train::141457.jpg,0.96897861941822,0.5714285714285714,0.9601634545156947,0.9660034658223616,0.0012895062985992523,-0.0075256586039260664,0.0,0.045454545454545456
deberta_v3_base_mean_pool,face,face::train::178129.jpg,llm_balanced,information_reduced,0.9774548727926775,21,49,5,-0.0026302784415015434,0.8,face::train::141457.jpg,0.9861207161584494,0.5918367346938775,0.976771909395457,0.9816380496845786,0.0006829633972205151,-0.00866584336577192,0.0,0.047619047619047616
deberta_v3_base_mean_pool,face,face::train::178129.jpg,llm_detailed,information_reduced,0.9796106987074655,25,49,5,-0.005290393796102633,0.6,face::train::157804.jpg,0.9903601321390424,0.5102040816326531,0.9793584071118718,0.9873728935738388,0.00025229159559370107,-0.01074943343157686,0.0,0.04
deberta_v3_base_mean_pool,face,face::train::178129.jpg,llm_human_description,information_reduced,0.8768105622599128,29,49,5,-0.015849265191611894,0.4,face::train::091980.jpg,0.9225274408185682,0.42857142857142855,0.8833028606424607,0.9147009384465489,-0.006492298382547834,-0.04571687855865536,0.0,0.034482758620689655
deberta_v3_base_mean_pool,face,face::train::123459.jpg,llm_brief,information_reduced,0.9467347511411813,16,49,5,-0.01077388767441323,0.8,face::train::101485.jpg,0.9575086388155946,0.6938775510204082,0.9427758814885747,0.9528523979403112,0.003958869652606611,-0.01077388767441323,0.0,0.0625
deberta_v3_base_mean_pool,face,face::train::123459.jpg,llm_balanced,information_reduced,0.9630610992723068,27,49,5,-0.008393191399760025,0.4,face::train::081413.jpg,0.9734950543838566,0.46938775510204084,0.9634245152989186,0.97261452224402,-0.00036341602661182915,-0.010433955111549875,0.0,0.037037037037037035
deberta_v3_base_mean_pool,face,face::train::123459.jpg,llm_detailed,information_reduced,0.9662261783221531,46,49,5,-0.005221900159484205,0.4,face::train::157804.jpg,0.9875602450311778,0.08163265306122448,0.9770956742037452,0.986332339607165,-0.01086949588159214,-0.021334066709024713,0.0,0.021739130434782608
deberta_v3_base_mean_pool,face,face::train::123459.jpg,llm_human_description,information_reduced,0.8924103888614447,46,49,5,-0.012390171548068762,0.4,face::train::091980.jpg,0.9465137440891652,0.08163265306122448,0.9164514197496465,0.9385529694848559,-0.024041030888201753,-0.05410335522772047,0.0,0.021739130434782608
deberta_v3_base_mean_pool,face,face::train::088914.jpg,llm_brief,information_reduced,0.9351039151942728,35,49,5,-0.010790869649576873,0.4,face::train::141457.jpg,0.9510910915187991,0.30612244897959184,0.9392840467181949,0.9489426350091131,-0.004180131523922048,-0.015987176324526287,0.0,0.02857142857142857
deberta_v3_base_mean_pool,face,face::train::088914.jpg,llm_balanced,information_reduced,0.895292814255819,45,49,5,-0.010075702287401622,0.2,face::train::091980.jpg,0.9430373802550921,0.10204081632653061,0.9165615388962155,0.9351341284368124,-0.02126872464039653,-0.047744565999273125,0.0,0.022222222222222223
deberta_v3_base_mean_pool,face,face::train::088914.jpg,llm_detailed,information_reduced,0.941260588019135,41,49,5,-0.005068384377206248,0.4,face::train::091980.jpg,0.9654747319289145,0.1836734693877551,0.9507242317563056,0.9618318856234239,-0.009463643737170568,-0.024214143909779495,0.0,0.024390243902439025
deberta_v3_base_mean_pool,face,face::train::088914.jpg,llm_human_description,information_reduced,0.8432844507753412,43,49,5,-0.00692602786853902,0.4,face::train::091980.jpg,0.9070155116408927,0.14285714285714285,0.8701383080176135,0.8970936980615134,-0.026853857242272294,-0.06373106086555147,0.0,0.023255813953488372
deberta_v3_base_mean_pool,face,face::train::141457.jpg,llm_brief,information_reduced,0.9592781444432753,2,49,5,0.003124055278627247,1.0,face::train::091980.jpg,0.9625521899255771,0.9795918367346939,0.946369910270843,0.9563687619998923,0.012908234172432254,-0.003274045482301813,0.0,0.5
deberta_v3_base_mean_pool,face,face::train::141457.jpg,llm_balanced,information_reduced,0.968774200391922,3,49,5,0.0042190263132022565,1.0,face::train::091980.jpg,0.9746902315785168,0.9591836734693877,0.9576310429574748,0.9679887174189683,0.01114315743444716,-0.0059160311865947834,0.0,0.3333333333333333
deberta_v3_base_mean_pool,face,face::train::141457.jpg,llm_detailed,information_reduced,0.9802955527217871,3,49,5,0.005121703267006561,1.0,face::train::157804.jpg,0.9834256969005164,0.9591836734693877,0.968309805511515,0.9794224792859118,0.011985747210272124,-0.003130144178729255,0.0,0.3333333333333333
deberta_v3_base_mean_pool,face,face::train::141457.jpg,llm_human_description,information_reduced,0.9348172464879931,6,49,5,0.006168166450585266,1.0,face::train::091980.jpg,0.9477867608252812,0.8979591836734694,0.9181580349893758,0.9401406434212504,0.016659211498617377,-0.012969514337288102,0.0,0.16666666666666666
deberta_v3_base_mean_pool,face,face::train::001042.jpg,llm_brief,information_reduced,0.9743036899405783,13,49,5,-0.0014279954487695923,0.8,face::train::141457.jpg,0.9778092024121783,0.7551020408163265,0.970267644068493,0.9766985756587259,0.004036045872085281,-0.003505512471600025,0.0,0.07692307692307693
deberta_v3_base_mean_pool,face,face::train::001042.jpg,llm_balanced,information_reduced,0.9796039125113044,5,49,5,0.0004973580770245567,1.0,face::train::141457.jpg,0.9819309864317671,0.9183673469387755,0.9745382944319702,0.9800325885134481,0.005065618079334255,-0.002327073920462719,0.0,0.2
deberta_v3_base_mean_pool,face,face::train::001042.jpg,llm_detailed,information_reduced,0.9894376601596313,5,49,5,-0.00046231755605363745,0.8,face::train::157804.jpg,0.9922508396268289,0.9183673469387755,0.9842707464405105,0.9900348791314726,0.005166913719120814,-0.002813179467197613,0.0,0.2
deberta_v3_base_mean_pool,face,face::train::001042.jpg,llm_human_description,information_reduced,0.9389606278997915,5,49,5,0.005059748883114001,1.0,face::train::091980.jpg,0.9511933911471234,0.9183673469387755,0.9206778788959734,0.9440052378063922,0.0182827490038181,-0.012232763247331913,0.0,0.2
deberta_v3_base_mean_pool,face,face::train::032580.jpg,llm_brief,information_reduced,0.9711065410397222,5,49,5,-0.0014588001759793245,0.8,face::train::141457.jpg,0.9770003391396076,0.9183673469387755,0.9655373488227996,0.9720870932299006,0.005569192216922536,-0.005893798099885439,0.0,0.2
deberta_v3_base_mean_pool,face,face::train::032580.jpg,llm_balanced,information_reduced,0.9465361071782512,42,49,5,-0.010077110923952248,0.2,face::train::157804.jpg,0.9761866288342739,0.16326530612244897,0.9591873546153018,0.9727644936814278,-0.012651247437050595,-0.029650521656022666,0.0,0.023809523809523808
deberta_v3_base_mean_pool,face,face::train::032580.jpg,llm_detailed,information_reduced,0.9736775487161475,43,49,5,-0.006767319197823807,0.2,face::train::157804.jpg,0.9931560984698005,0.14285714285714285,0.9828478421851591,0.9904502771937185,-0.009170293469011548,-0.01947854975365293,0.0,0.023255813953488372
deberta_v3_base_mean_pool,face,face::train::032580.jpg,llm_human_description,information_reduced,0.9148273422820514,43,49,5,-0.013345783684534762,0.2,face::train::157804.jpg,0.958066573590542,0.14285714285714285,0.9313561941850432,0.9497087181338311,-0.016528851902991804,-0.04323923130849061,0.0,0.023255813953488372
deberta_v3_base_mean_pool,face,face::train::109762.jpg,llm_brief,information_reduced,0.9370025540766649,18,49,5,-0.0032053651352834667,0.6,face::train::141457.jpg,0.9473086680257811,0.6530612244897959,0.9329606745281478,0.9437456474096718,0.004041879548517091,-0.01030611394911618,0.0,0.05555555555555555
deberta_v3_base_mean_pool,face,face::train::109762.jpg,llm_balanced,information_reduced,0.9541388818656505,12,49,5,-0.0014410023667246197,0.8,face::train::091980.jpg,0.9614424810799864,0.7755102040816326,0.9493928507493757,0.9599362588443666,0.004746031116274807,-0.007303599214335876,0.0,0.08333333333333333
deberta_v3_base_mean_pool,face,face::train::109762.jpg,llm_detailed,information_reduced,0.9852427242909311,11,49,5,-0.00042150242673011373,0.8,face::train::157804.jpg,0.988766282769215,0.7959183673469388,0.9804088266307494,0.9878713299015324,0.0048338976601817185,-0.0035235584782838947,0.0,0.09090909090909091
deberta_v3_base_mean_pool,face,face::train::109762.jpg,llm_human_description,information_reduced,0.9121585356670103,19,49,5,-0.004076170115114852,0.4,face::train::157804.jpg,0.9358049953413595,0.6326530612244898,0.9049654535019271,0.9289869584265871,0.007193082165083187,-0.023646459674349196,0.0,0.05263157894736842
deberta_v3_base_mean_pool,face,face::test::185812.jpg,llm_brief,information_reduced,0.9656275491130101,36,49,5,-0.001311522139220811,0.8,face::train::141457.jpg,0.9789115310815638,0.2857142857142857,0.9685089466630201,0.9735999775198633,-0.0028813975500100453,-0.013283981968553737,0.0,0.027777777777777776
deberta_v3_base_mean_pool,face,face::test::185812.jpg,llm_balanced,information_reduced,0.965634703690872,38,49,5,-0.001189716627595705,0.8,face::train::141457.jpg,0.9815690611730354,0.24489795918367346,0.9699326706816399,0.9766522856355371,-0.0042979669907678986,-0.01593435748216343,0.0,0.02631578947368421
deberta_v3_base_mean_pool,face,face::test::185812.jpg,llm_detailed,information_reduced,0.9659937641196519,42,49,5,-0.003277076891871178,0.8,face::train::157804.jpg,0.99078352730705,0.16326530612244897,0.9781468620907727,0.9881284172861144,-0.012153097971120852,-0.024789763187398117,0.0,0.023809523809523808
deberta_v3_base_mean_pool,face,face::test::185812.jpg,llm_human_description,information_reduced,0.945295535464628,44,49,5,-0.0019023960488018243,0.6,face::train::157804.jpg,0.969945854984006,0.12244897959183673,0.9560072269881952,0.9667721536159009,-0.010711691523567213,-0.024650319519378017,0.0,0.022727272727272728
deberta_v3_base_mean_pool,face,face::test::189858.jpg,llm_brief,information_reduced,0.9041373550893259,3,49,5,-0.006697440180611247,0.8,face::train::081413.jpg,0.9108347952699372,0.9591836734693877,0.89135989482607,0.9040550070536935,0.01277746026325588,-0.006697440180611247,0.0,0.3333333333333333
deberta_v3_base_mean_pool,face,face::test::189858.jpg,llm_balanced,information_reduced,0.9190814052535509,15,49,5,-0.0037108913828990397,0.6,face::train::091980.jpg,0.931948563545774,0.7142857142857143,0.91149100896259,0.9256925056456019,0.00759039629096081,-0.01286715829222318,0.0,0.06666666666666667
deberta_v3_base_mean_pool,face,face::test::189858.jpg,llm_detailed,information_reduced,0.9567289897707185,23,49,5,-0.0032957582646968575,0.6,face::train::091980.jpg,0.9750383368620658,0.5510204081632653,0.9551858675588637,0.9697302776929562,0.0015431222118548193,-0.01830934709134724,0.0,0.043478260869565216
deberta_v3_base_mean_pool,face,face::test::189858.jpg,llm_human_description,information_reduced,0.8928906780367531,28,49,5,-0.007792826482255766,0.6,face::train::091980.jpg,0.932051592607809,0.4489795918367347,0.8955854862862418,0.9211818586320311,-0.002694808249488645,-0.03916091457105586,0.0,0.03571428571428571
deberta_v3_base_mean_pool,face,face::test::183801.jpg,llm_brief,information_reduced,0.9466778023262621,29,49,5,-0.007407193743508511,0.2,face::train::091980.jpg,0.959953739828023,0.42857142857142855,0.9477335948374808,0.9574839150195031,-0.0010557925112186783,-0.013275937501760926,0.0,0.034482758620689655
deberta_v3_base_mean_pool,face,face::test::183801.jpg,llm_balanced,information_reduced,0.9591656647940421,31,49,5,-0.006056672406991148,0.2,face::train::091980.jpg,0.9710374588218842,0.3877551020408163,0.9604852380162527,0.9675761304836938,-0.001319573222210657,-0.011871794027842109,0.0,0.03225806451612903
deberta_v3_base_mean_pool,face,face::test::183801.jpg,llm_detailed,information_reduced,0.9819362853376264,30,49,5,-0.0050840945444970975,0.0,face::train::157804.jpg,0.9900511601026765,0.40816326530612246,0.9827322276550601,0.9894668334077057,-0.0007959423174336289,-0.008114874765050017,0.0,0.03333333333333333
deberta_v3_base_mean_pool,face,face::test::183801.jpg,llm_human_description,information_reduced,0.8805020397555082,27,49,5,-0.012741106677811476,0.4,face::train::091980.jpg,0.9227706168401353,0.46938775510204084,0.8837236954111085,0.9121338720776803,-0.003221655655600286,-0.04226857708462706,0.0,0.037037037037037035
deberta_v3_base_mean_pool,face,face::test::188858.jpg,llm_brief,information_reduced,0.8793847073805672,42,49,5,-0.01552431319352543,0.2,face::train::091980.jpg,0.9238709218373707,0.16326530612244897,0.8968475592091132,0.9167638066319308,-0.01746285182854601,-0.04448621445680356,0.0,0.023809523809523808
deberta_v3_base_mean_pool,face,face::test::188858.jpg,llm_balanced,information_reduced,0.9487282268439114,40,49,5,-0.008654174094515965,0.2,face::train::091980.jpg,0.9701480005663012,0.20408163265306123,0.9574676319258748,0.9674511030999098,-0.008739405081963358,-0.02141977372238979,0.0,0.025
deberta_v3_base_mean_pool,face,face::test::188858.jpg,llm_detailed,information_reduced,0.9822204199722068,35,49,5,-0.0053041695544666645,0.2,face::test::196611.jpg,0.9910581472920912,0.30612244897959184,0.9851030870595566,0.9895756671752624,-0.002882667087349855,-0.008837727319884414,0.0,0.02857142857142857
deberta_v3_base_mean_pool,face,face::test::188858.jpg,llm_human_description,information_reduced,0.8778904905180105,42,49,5,-0.015256874885115512,0.0,face::train::091980.jpg,0.9334445564573625,0.16326530612244897,0.9002199538755176,0.9257161767322524,-0.022329463357507073,-0.05555406593935197,0.0,0.023809523809523808
deberta_v3_base_mean_pool,face,face::test::196777.jpg,llm_brief,information_reduced,0.9381440387437592,41,49,5,-0.006603099990063588,0.0,face::train::101485.jpg,0.9648591269731096,0.1836734693877551,0.9454521238378202,0.9579416271881627,-0.007308085094061001,-0.026715088229350425,0.0,0.024390243902439025
deberta_v3_base_mean_pool,face,face::test::196777.jpg,llm_balanced,information_reduced,0.9652320122141893,4,49,5,-0.005085517089584934,0.8,face::train::091980.jpg,0.9703175293037742,0.9387755102040817,0.9552347226343225,0.9664464517957744,0.009997289579866786,-0.005085517089584934,0.0,0.25
deberta_v3_base_mean_pool,face,face::test::196777.jpg,llm_detailed,information_reduced,0.9889348009142487,2,49,5,0.0001721204852984659,1.0,face::train::157804.jpg,0.9917762386081046,0.9795918367346939,0.9808127566810223,0.9877799655305751,0.008122044233226378,-0.0028414376938559194,0.0,0.5
deberta_v3_base_mean_pool,face,face::test::196777.jpg,llm_human_description,information_reduced,0.932542335275312,3,49,5,-0.005688048199997797,0.8,face::train::091980.jpg,0.9382303834753098,0.9591836734693877,0.9077141197838621,0.9272168567954394,0.02482821549144998,-0.005688048199997797,0.0,0.3333333333333333
deberta_v3_base_mean_pool,face,face::test::184003.jpg,llm_brief,information_reduced,0.9392502917990144,26,49,5,-0.005668092587758133,0.6,face::train::141457.jpg,0.9535494544497785,0.4897959183673469,0.9394808895826785,0.9512508103599151,-0.00023059778366407713,-0.01429916265076403,0.0,0.038461538461538464
deberta_v3_base_mean_pool,face,face::test::184003.jpg,llm_balanced,information_reduced,0.9681029690652149,9,49,5,-0.004748537569188471,0.6,face::train::091980.jpg,0.9773284546187933,0.8367346938775511,0.9592002047191417,0.9718495924823173,0.008902764346073178,-0.009225485553578383,0.0,0.1111111111111111
deberta_v3_base_mean_pool,face,face::test::184003.jpg,llm_detailed,information_reduced,0.9810491589969847,12,49,5,-0.005683284979014935,0.6,face::train::091980.jpg,0.9906640871564614,0.7755102040816326,0.9755231595782092,0.9858259025822714,0.005525999418775518,-0.009614928159476621,0.0,0.08333333333333333
deberta_v3_base_mean_pool,face,face::test::184003.jpg,llm_human_description,information_reduced,0.9502035935591275,4,49,5,-0.002088150492728258,0.8,face::train::091980.jpg,0.9576283208205697,0.9387755102040817,0.9296438225556628,0.9502913814313854,0.020559771003464733,-0.0074247272614421655,0.0,0.25
deberta_v3_base_mean_pool,face,face::test::201409.jpg,llm_brief,information_reduced,0.9392712975184375,42,49,5,-0.015116352148432766,0.0,face::train::101485.jpg,0.9614744730834901,0.16326530612244897,0.9484366414855059,0.95721874206796,-0.009165343967068362,-0.02220317556505258,0.0,0.023809523809523808
deberta_v3_base_mean_pool,face,face::test::201409.jpg,llm_balanced,information_reduced,0.9568911348108059,19,49,5,-0.00523261700717137,0.2,face::train::092618.jpg,0.9691629619877795,0.6326530612244898,0.9545708936040656,0.9675472383186939,0.0023202412067403477,-0.012271827176973615,0.0,0.05263157894736842
deberta_v3_base_mean_pool,face,face::test::201409.jpg,llm_detailed,information_reduced,0.9837731015919426,14,49,5,-0.0016993809255658743,0.4,face::train::092618.jpg,0.9889499061593227,0.7346938775510204,0.9798997274500936,0.9873089106399241,0.003873374141849073,-0.005176804567380011,0.0,0.07142857142857142
deberta_v3_base_mean_pool,face,face::test::201409.jpg,llm_human_description,information_reduced,0.9184048756210754,31,49,5,-0.01221790419260571,0.0,face::train::141457.jpg,0.9431373432456716,0.3877551020408163,0.9230712807096398,0.9396531620951671,-0.004666405088564418,-0.024732467624596133,0.0,0.03225806451612903
deberta_v3_base_mean_pool,face,face::test::196611.jpg,llm_brief,information_reduced,0.9337557605193245,6,49,5,0.001868107472244862,1.0,face::train::091980.jpg,0.9380443271111373,0.8979591836734694,0.9254606229723761,0.9347682359390496,0.008295137546948439,-0.004288566591812759,0.0,0.16666666666666666
deberta_v3_base_mean_pool,face,face::test::196611.jpg,llm_balanced,information_reduced,0.9472072341813289,8,49,5,-0.0015341182841017709,0.8,face::train::091980.jpg,0.9555739251300562,0.8571428571428571,0.9402392075896789,0.9501777428437698,0.006968026591649967,-0.008366690948727329,0.0,0.125
deberta_v3_base_mean_pool,face,face::test::196611.jpg,llm_detailed,information_reduced,0.9835791791500264,4,49,5,0.0013062931121854415,1.0,face::train::141457.jpg,0.9861321843410145,0.9387755102040817,0.9764760358982749,0.9832902451338326,0.0071031432517514315,-0.0025530051909881113,0.0,0.25
deberta_v3_base_mean_pool,face,face::test::196611.jpg,llm_human_description,information_reduced,0.9221364426477897,12,49,5,0.003007977060801359,1.0,face::train::091980.jpg,0.939207836951099,0.7755102040816326,0.9113734758451979,0.9308007579334099,0.010762966802591811,-0.017071394303309284,0.0,0.08333333333333333
deberta_v3_base_mean_pool,person,person::train::00197_4.png,llm_attribute_list,information_reduced,0.8983913218673043,42,49,5,-0.012090168780381938,0.6,person::train::08634_3.jpg,0.9505957462210773,0.16326530612244897,0.9169971527514891,0.9371647138900991,-0.01860583088418477,-0.05220442435377304,0.0,0.023809523809523808
deberta_v3_base_mean_pool,person,person::train::00197_4.png,llm_distinctive_first,information_reduced,0.995875640087977,1,49,5,0.010772691280096391,1.0,person::train::06597_2.jpg,0.9851029488078806,1.0,0.9693936689488503,0.9842823835630247,0.02648197113912676,0.010772691280096391,1.0,1.0
deberta_v3_base_mean_pool,person,person::train::03736_1.jpg,llm_attribute_list,information_reduced,0.9399534620496143,4,49,5,-0.01713350138534908,0.8,person::train::08634_3.jpg,0.9570869634349634,0.9387755102040817,0.9183609744862897,0.9399197540824088,0.021592487563324547,-0.01713350138534908,0.0,0.25
deberta_v3_base_mean_pool,person,person::train::03736_1.jpg,llm_distinctive_first,information_reduced,0.9767932423241814,7,49,5,0.0005311185166179122,1.0,person::train::10977_1.jpg,0.9844450919349049,0.8775510204081632,0.9604839343802958,0.9789504491940741,0.01630930794388563,-0.007651849610723516,0.0,0.14285714285714285
deberta_v3_base_mean_pool,person,person::train::06597_2.jpg,llm_attribute_list,information_reduced,0.8705288076423419,26,49,5,-0.003467086091355487,0.4,person::train::08634_3.jpg,0.9127927864006746,0.4897959183673469,0.8721364603218018,0.9036044490335379,-0.0016076526794599477,-0.042263978758332765,0.0,0.038461538461538464
deberta_v3_base_mean_pool,person,person::train::06597_2.jpg,llm_distinctive_first,information_reduced,0.9924341924132704,1,49,5,0.006548847309327033,1.0,person::query::26943_3.jpg,0.9858853451039433,1.0,0.9575951468039169,0.981162988965521,0.03483904560935347,0.006548847309327033,1.0,1.0
deberta_v3_base_mean_pool,person,person::train::10977_1.jpg,llm_attribute_list,information_reduced,0.959310422616075,31,49,5,-0.012124641222541976,0.4,person::train::08634_3.jpg,0.98115872926703,0.3877551020408163,0.964633329737364,0.9795479206637481,-0.005322907121289022,-0.02184830665095494,0.0,0.03225806451612903
deberta_v3_base_mean_pool,person,person::train::10977_1.jpg,llm_distinctive_first,information_reduced,0.9946294131520049,1,49,5,0.008147299291632715,1.0,person::train::09634_1.jpg,0.9864821138603722,1.0,0.9745003774548239,0.9848145872261984,0.020129035697181052,0.008147299291632715,1.0,1.0
deberta_v3_base_mean_pool,person,person::train::12050_5.jpg,llm_attribute_list,information_reduced,0.9395416883675604,5,49,5,0.00044672821780966654,1.0,person::train::00837_3.png,0.9485998299425094,0.9183673469387755,0.923690228159049,0.942291071735203,0.01585146020851136,-0.009058141574948997,0.0,0.2
deberta_v3_base_mean_pool,person,person::train::12050_5.jpg,llm_distinctive_first,information_reduced,0.960686464393707,13,49,5,-0.0015428930971318477,0.6,person::train::00197_4.png,0.9790745928324136,0.7551020408163265,0.9467665456216652,0.9707740301122345,0.013919918772041795,-0.01838812843870663,0.0,0.07692307692307693
deberta_v3_base_mean_pool,person,person::train::08529_4.jpg,llm_attribute_list,information_reduced,0.9155476162605728,41,49,5,-0.013206536673742386,0.2,person::train::00837_3.png,0.9537015369014681,0.1836734693877551,0.9239537584166604,0.9441449803988395,-0.008406142156087593,-0.03815392064089529,0.0,0.024390243902439025
deberta_v3_base_mean_pool,person,person::train::08529_4.jpg,llm_distinctive_first,information_reduced,0.9801998674745552,1,49,5,0.004582723072692141,1.0,person::train::13508_2.jpg,0.9770479157865531,1.0,0.960654805773615,0.9733579246494586,0.01954506170094028,0.003151951688002086,1.0,1.0
deberta_v3_base_mean_pool,person,person::train::01742_4.jpg,llm_attribute_list,information_reduced,0.9606912486347023,2,49,5,0.0058797011587521375,1.0,person::train::00837_3.png,0.960805085288901,0.9795918367346939,0.9361007344288099,0.9565319778194696,0.024590514205892422,-0.00011383665419861799,0.0,0.5
deberta_v3_base_mean_pool,person,person::train::01742_4.jpg,llm_distinctive_first,information_reduced,0.9867715273792328,1,49,5,0.0023037521337563316,1.0,person::train::10977_1.jpg,0.9844677752454765,1.0,0.9669288435311538,0.9825204322319308,0.019842683848078968,0.0023037521337563316,1.0,1.0
deberta_v3_base_mean_pool,person,person::train::05158_3.jpg,llm_attribute_list,information_reduced,0.9516722679911106,8,49,5,-0.017272606688690018,0.6,person::query::26789_3.jpg,0.9689448746798006,0.8571428571428571,0.9376875059332798,0.960003231116461,0.013984762057830835,-0.017272606688690018,0.0,0.125
deberta_v3_base_mean_pool,person,person::train::05158_3.jpg,llm_distinctive_first,information_reduced,0.9607612740475608,35,49,5,-0.007764283512205261,0.4,person::query::14604_1.png,0.9779424515707957,0.30612244897959184,0.9650809476763649,0.9741772071049298,-0.004319673628804033,-0.017181177523234892,0.0,0.02857142857142857
deberta_v3_base_mean_pool,person,person::train::02167_1.jpg,llm_attribute_list,information_reduced,0.9813788888160648,1,49,5,0.0017587643339121994,1.0,person::query::26789_3.jpg,0.9796201244821526,1.0,0.9563424380071129,0.9768459154458423,0.025036450808951893,0.0017587643339121994,1.0,1.0
deberta_v3_base_mean_pool,person,person::train::02167_1.jpg,llm_distinctive_first,information_reduced,0.9636153629544739,8,49,5,-5.1797031340727884e-05,0.8,person::train::09634_1.jpg,0.9714587732171562,0.8571428571428571,0.9522557867927219,0.9647193249462209,0.011359576161751983,-0.007843410262682315,0.0,0.125
deberta_v3_base_mean_pool,person,person::train::00233_10.png,llm_attribute_list,information_reduced,0.949321818476071,3,49,5,1.75961493931176e-07,1.0,person::train::00837_3.png,0.9511836128019352,0.9591836734693877,0.9291786792484331,0.9486978714138695,0.020143139227637885,-0.0018617943258641967,0.0,0.3333333333333333
deberta_v3_base_mean_pool,person,person::train::00233_10.png,llm_distinctive_first,information_reduced,0.9800303115180803,3,49,5,-0.001837113163546289,0.6,person::train::00197_4.png,0.9818674246816266,0.9591836734693877,0.9567216399781933,0.9765742710384587,0.023308671539887027,-0.001837113163546289,0.0,0.3333333333333333
deberta_v3_base_mean_pool,person,person::train::01108_7.png,llm_attribute_list,information_reduced,0.9484813745475994,5,49,5,-0.00848724366582898,0.6,person::train::00837_3.png,0.9588371666705668,0.9183673469387755,0.9339692719012986,0.9517876272612058,0.014512102646300762,-0.010355792122967444,0.0,0.2
deberta_v3_base_mean_pool,person,person::train::01108_7.png,llm_distinctive_first,information_reduced,0.9817966349762821,6,49,5,0.0020257378698430584,1.0,person::query::14604_1.png,0.9867751754306884,0.8979591836734694,0.9769113368268156,0.9849512958506997,0.004885298149466477,-0.004978540454406266,0.0,0.16666666666666666
deberta_v3_base_mean_pool,person,person::train::06085_7.jpg,llm_attribute_list,information_reduced,0.9555418375315471,16,49,5,-0.0033099713647720685,0.6,person::train::08634_3.jpg,0.9686329542056025,0.6938775510204082,0.9502691893432604,0.9632832026176555,0.005272648188286655,-0.01309111667405538,0.0,0.0625
deberta_v3_base_mean_pool,person,person::train::06085_7.jpg,llm_distinctive_first,information_reduced,0.9541686082317349,26,49,5,-0.004249821516517538,0.6,person::query::27008_3.jpg,0.9816583767500484,0.4897959183673469,0.9563099729213859,0.97960096897615,-0.002141364689650982,-0.02748976851831353,0.0,0.038461538461538464
deberta_v3_base_mean_pool,person,person::train::12462_1.jpg,llm_attribute_list,information_reduced,0.9407722780175113,45,49,5,-0.017888886219812106,0.0,person::gallery::15194_3.png,0.9684942124285282,0.10204081632653061,0.9516420080481158,0.9663116722410159,-0.01086973003060454,-0.02772193441101689,0.0,0.022222222222222223
deberta_v3_base_mean_pool,person,person::train::12462_1.jpg,llm_distinctive_first,information_reduced,0.9775763259993013,3,49,5,0.0009568856337229814,1.0,person::train::26249_12.jpg,0.978378443096598,0.9591836734693877,0.9657017737032665,0.9770464915243876,0.011874552296034846,-0.0008021170972967173,0.0,0.3333333333333333
deberta_v3_base_mean_pool,person,person::train::01924_2.jpg,llm_attribute_list,information_reduced,0.9788233303892874,23,49,5,-0.006518846930041677,0.2,person::train::01108_7.png,0.9875059210450929,0.5510204081632653,0.9774478049642621,0.9852730924284593,0.0013755254250252813,-0.008682590655805567,0.0,0.043478260869565216
deberta_v3_base_mean_pool,person,person::train::01924_2.jpg,llm_distinctive_first,information_reduced,0.9858741544059073,1,49,5,0.005515054868915903,1.0,person::train::08529_4.jpg,0.9803590995369914,1.0,0.9656974226540987,0.9783471550021601,0.020176731751808563,0.005515054868915903,1.0,1.0
deberta_v3_base_mean_pool,person,person::train::00969_2.png,llm_attribute_list,information_reduced,0.9703534975958943,2,49,5,-0.0013453807686227837,0.8,person::train::08634_3.jpg,0.9716988783645171,0.9795918367346939,0.9404890968237876,0.9568149798484283,0.029864400772106725,-0.0013453807686227837,0.0,0.5
deberta_v3_base_mean_pool,person,person::train::00969_2.png,llm_distinctive_first,information_reduced,0.9729662789757374,11,49,5,0.002774915500766806,1.0,person::train::08924_1.jpg,0.9825951384523486,0.7959183673469388,0.9636472066690516,0.9798878827354808,0.009319072306685827,-0.009628859476611185,0.0,0.09090909090909091
deberta_v3_base_mean_pool,person,person::train::09634_1.jpg,llm_attribute_list,information_reduced,0.936040429051257,9,49,5,0.0016315757621127025,1.0,person::train::08634_3.jpg,0.9618458870369224,0.8367346938775511,0.9186429996464328,0.940333768594209,0.01739742940482414,-0.02580545798566547,0.0,0.1111111111111111
deberta_v3_base_mean_pool,person,person::train::09634_1.jpg,llm_distinctive_first,information_reduced,0.9799735174178742,2,49,5,0.00673090612648608,1.0,person::train::02167_1.jpg,0.9807141737460412,0.9795918367346939,0.9606688305369007,0.9750633064810625,0.01930468688097353,-0.0007406563281669998,0.0,0.5
deberta_v3_base_mean_pool,person,person::train::11561_6.jpg,llm_attribute_list,information_reduced,0.9722807707959022,5,49,5,0.0023113574119215663,1.0,person::train::01108_7.png,0.9740047816907782,0.9183673469387755,0.958029379746603,0.9728726507468318,0.014251391049299289,-0.0017240108948759492,0.0,0.2
deberta_v3_base_mean_pool,person,person::train::11561_6.jpg,llm_distinctive_first,information_reduced,0.9926313402816335,1,49,5,0.006691751871697793,1.0,person::train::10977_1.jpg,0.9859395884099357,1.0,0.9697791810094903,0.9811320401459649,0.022852159272143124,0.006691751871697793,1.0,1.0
deberta_v3_base_mean_pool,person,person::train::08528_6.jpg,llm_attribute_list,information_reduced,0.90935009787412,28,49,5,-0.010096701199507674,0.4,person::train::00837_3.png,0.9427283478266368,0.4489795918367347,0.915080091771125,0.9362672676247634,-0.005729993897005015,-0.033378249952516814,0.0,0.03571428571428571
deberta_v3_base_mean_pool,person,person::train::08528_6.jpg,llm_distinctive_first,information_reduced,0.986318120470758,1,49,5,0.003807671745558072,1.0,person::train::10977_1.jpg,0.9857810563398144,1.0,0.9732213780203303,0.9827205763062878,0.01309674245042769,0.0005370641309435653,1.0,1.0
deberta_v3_base_mean_pool,person,person::train::01287_5.jpg,llm_attribute_list,information_reduced,0.9298026212384827,13,49,5,0.0004812675361210994,1.0,person::train::08634_3.jpg,0.9444833137078648,0.7551020408163265,0.9200961023184292,0.9377341275197311,0.009706518920053475,-0.014680692469382084,0.0,0.07692307692307693
deberta_v3_base_mean_pool,person,person::train::01287_5.jpg,llm_distinctive_first,information_reduced,0.9838168607887467,1,49,5,0.004369120480786415,1.0,person::train::01924_2.jpg,0.9828695313216219,1.0,0.9712986285228966,0.9809514945220755,0.012518232265850138,0.0009473294671248356,1.0,1.0
deberta_v3_base_mean_pool,person,person::train::10252_1.jpg,llm_attribute_list,information_reduced,0.9745338435133271,9,49,5,-0.003639731703803495,0.6,person::train::00969_2.png,0.9834539441445642,0.8367346938775511,0.9656922042834173,0.9784027605432255,0.00884163922990977,-0.00892010063123716,0.0,0.1111111111111111
deberta_v3_base_mean_pool,person,person::train::10252_1.jpg,llm_distinctive_first,information_reduced,0.9855845757674329,4,49,5,0.0034697629646117667,1.0,person::train::08529_4.jpg,0.9893429067812328,0.9387755102040817,0.9753732241998343,0.9857352048455781,0.010211351567598559,-0.003758331013799965,0.0,0.25
deberta_v3_base_mean_pool,person,person::train::08924_1.jpg,llm_attribute_list,information_reduced,0.8654619535169978,28,49,5,-0.011601600988612959,0.2,person::train::08634_3.jpg,0.9200988216724744,0.4489795918367347,0.8676712434213913,0.9011224036527639,-0.0022092899043935077,-0.054636868155476526,0.0,0.03571428571428571
deberta_v3_base_mean_pool,person,person::train::08924_1.jpg,llm_distinctive_first,information_reduced,0.9884710648699091,1,49,5,0.008232310117251451,1.0,person::query::27008_3.jpg,0.9802387547526576,1.0,0.9561901080824907,0.9764589341093519,0.03228095678741838,0.008232310117251451,1.0,1.0
deberta_v3_base_mean_pool,person,person::train::02319_1.jpg,llm_attribute_list,information_reduced,0.9386196135272857,16,49,5,-0.012041601596765483,0.4,person::train::08634_3.jpg,0.9635289145955324,0.6938775510204082,0.9336597144451838,0.9568599243862742,0.004959899082101926,-0.024909301068246625,0.0,0.0625
deberta_v3_base_mean_pool,person,person::train::02319_1.jpg,llm_distinctive_first,information_reduced,0.9766314158644831,10,49,5,0.0023696653297270442,1.0,person::train::08529_4.jpg,0.9819425132559689,0.8163265306122449,0.9729953817568878,0.9794757867676969,0.0036360341075952762,-0.005311097391485831,0.0,0.1
deberta_v3_base_mean_pool,person,person::train::09715_3.jpg,llm_attribute_list,information_reduced,0.9019757373055088,21,49,5,0.0026949037978123425,1.0,person::train::08634_3.jpg,0.9372770691876505,0.5918367346938775,0.8992808335076965,0.9241863672687266,0.0026949037978123425,-0.035301331882141684,0.0,0.047619047619047616
deberta_v3_base_mean_pool,person,person::train::09715_3.jpg,llm_distinctive_first,information_reduced,0.9804785705525253,5,49,5,0.002568185273052692,1.0,person::query::27008_3.jpg,0.982192539659538,0.9183673469387755,0.9637752949608102,0.9809875952556877,0.01670327559171514,-0.0017139691070127139,0.0,0.2
deberta_v3_base_mean_pool,person,person::train::13508_2.jpg,llm_attribute_list,information_reduced,0.917379661569429,34,49,5,-0.005840713715664636,0.6,person::train::00837_3.png,0.9480951238567205,0.32653061224489793,0.9241643942444024,0.9408154538136699,-0.0067847326749734815,-0.030715462287291495,0.0,0.029411764705882353
deberta_v3_base_mean_pool,person,person::train::13508_2.jpg,llm_distinctive_first,information_reduced,0.9550674170114781,17,49,5,-0.002489179016099019,0.8,person::train::08924_1.jpg,0.9764561017809675,0.673469387755102,0.9472972340034901,0.9731316225987999,0.007770183007988041,-0.021388684769489408,0.0,0.058823529411764705
deberta_v3_base_mean_pool,person,person::train::09751_6.jpg,llm_attribute_list,information_reduced,0.8981500307958001,11,49,5,-0.014299463563968717,0.6,person::train::08634_3.jpg,0.9292585700555928,0.7959183673469388,0.8858118745745373,0.9151013877255086,0.012338156221262886,-0.031108539259792622,0.0,0.09090909090909091
deberta_v3_base_mean_pool,person,person::train::09751_6.jpg,llm_distinctive_first,information_reduced,0.9714701024880309,27,49,5,-0.004066140408118146,0.4,person::train::12462_1.jpg,0.9833238699064976,0.46938775510204084,0.971671527530808,0.9822015101617847,-0.0002014250427770925,-0.011853767418466665,0.0,0.037037037037037035
deberta_v3_base_mean_pool,person,person::train::11903_4.jpg,llm_attribute_list,information_reduced,0.9696208793234042,2,49,5,0.009553458664824044,1.0,person::train::08634_3.jpg,0.9740422661490473,0.9795918367346939,0.9378559211609047,0.9588759684310186,0.03176495816249958,-0.004421386825643081,0.0,0.5
deberta_v3_base_mean_pool,person,person::train::11903_4.jpg,llm_distinctive_first,information_reduced,0.9804788542623325,1,49,5,0.01378143256079889,1.0,person::train::10977_1.jpg,0.9705501735125439,1.0,0.9398846498249244,0.9664811582508964,0.04059420443740813,0.009928680749788588,1.0,1.0
deberta_v3_base_mean_pool,person,person::train::03720_4.jpg,llm_attribute_list,information_reduced,0.9485767051530827,25,49,5,0.0008985668171919148,1.0,person::train::00969_2.png,0.9693853058740898,0.5102040816326531,0.9485653657506676,0.9658179974449315,1.133940241504483e-05,-0.020808600721007098,0.0,0.04
deberta_v3_base_mean_pool,person,person::train::03720_4.jpg,llm_distinctive_first,information_reduced,0.978690566145483,14,49,5,-0.0005934355388050871,0.8,person::train::08529_4.jpg,0.9875079402939917,0.7346938775510204,0.9752658061386776,0.9833716242664587,0.0034247600068053607,-0.008817374148508694,0.0,0.07142857142857142
deberta_v3_base_mean_pool,person,person::train::26249_12.jpg,llm_attribute_list,information_reduced,0.9802528362896641,6,49,5,-0.0002919640482837993,0.4,person::train::08634_3.jpg,0.9837520405601142,0.8979591836734694,0.9682426518159939,0.9804839202742838,0.012010184473670193,-0.0034992042704501403,0.0,0.16666666666666666
deberta_v3_base_mean_pool,person,person::train::26249_12.jpg,llm_distinctive_first,information_reduced,0.9778447027903049,6,49,5,-0.000514080745926293,0.6,person::train::10977_1.jpg,0.9815465449559505,0.8979591836734694,0.9556112391573689,0.9785865218234173,0.02223346363293599,-0.003701842165645619,0.0,0.16666666666666666
deberta_v3_base_mean_pool,person,person::train::08634_3.jpg,llm_attribute_list,information_reduced,0.9929706288478374,1,49,5,0.016865366213267508,1.0,person::train::00969_2.png,0.9761052626345699,1.0,0.9566516641135119,0.9747059371151794,0.0363189647343255,0.016865366213267508,1.0,1.0
deberta_v3_base_mean_pool,person,person::train::08634_3.jpg,llm_distinctive_first,information_reduced,0.9804823048341899,5,49,5,0.0019756065394135325,1.0,person::train::09634_1.jpg,0.9904338255313989,0.9183673469387755,0.9630970973774545,0.9810292750814255,0.01738520745673533,-0.00995152069720906,0.0,0.2
deberta_v3_base_mean_pool,person,person::train::00837_3.png,llm_attribute_list,information_reduced,0.9446933795582665,1,49,5,0.020575323557704195,1.0,person::train::00969_2.png,0.9312764005181555,1.0,0.9039813525672618,0.924045284136705,0.040712026991004735,0.013416979040110966,1.0,1.0
deberta_v3_base_mean_pool,person,person::train::00837_3.png,llm_distinctive_first,information_reduced,0.9859903617663209,1,49,5,0.003745036739294494,1.0,person::train::11561_6.jpg,0.9822453250270264,1.0,0.9686749355590059,0.9757060790934549,0.017315426207315077,0.003745036739294494,1.0,1.0
deberta_v3_base_mean_pool,person,person::query::26685_1.jpg,llm_attribute_list,information_reduced,0.9530478167773656,2,49,5,0.0019549919179079334,1.0,person::train::00837_3.png,0.9583104808818341,0.9795918367346939,0.9331041787378814,0.9506628938832681,0.01994363803948418,-0.005262664104468517,0.0,0.5
deberta_v3_base_mean_pool,person,person::query::26685_1.jpg,llm_distinctive_first,information_reduced,0.9686902444736807,19,49,5,-0.008668125341888877,0.8,person::train::06597_2.jpg,0.9856976908741353,0.6326530612244898,0.9603708341539064,0.9831499781886879,0.008319410319774234,-0.017007446400454596,0.0,0.05263157894736842
deberta_v3_base_mean_pool,person,person::query::14604_1.png,llm_attribute_list,information_reduced,0.9405300153402634,23,49,5,-0.007589011529253842,0.6,person::train::08634_3.jpg,0.958597022622055,0.5510204081632653,0.9402311729296337,0.9558144232688435,0.0002988424106297183,-0.01806700728179167,0.0,0.043478260869565216
deberta_v3_base_mean_pool,person,person::query::14604_1.png,llm_distinctive_first,information_reduced,0.9927281563004905,1,49,5,0.004690178680969437,1.0,person::train::08529_4.jpg,0.9880379776195211,1.0,0.9757230445946228,0.9837030829834399,0.017005111705867715,0.004690178680969437,1.0,1.0
deberta_v3_base_mean_pool,person,person::query::27008_3.jpg,llm_attribute_list,information_reduced,0.950953569706396,5,49,5,-0.004832714832742946,0.8,person::train::00969_2.png,0.9565550170953084,0.9183673469387755,0.9362200715688448,0.9536653212861802,0.014733498137551204,-0.005601447388912439,0.0,0.2
deberta_v3_base_mean_pool,person,person::query::27008_3.jpg,llm_distinctive_first,information_reduced,0.9700152851689828,3,49,5,-0.0022924105446399112,0.6,person::train::08924_1.jpg,0.9723076957136227,0.9591836734693877,0.930704596423509,0.9634350733299457,0.03931068874547383,-0.0022924105446399112,0.0,0.3333333333333333
deberta_v3_base_mean_pool,person,person::query::14994_1.png,llm_attribute_list,information_reduced,0.9480033714316993,39,49,5,-0.0030780556471272646,0.2,person::train::00969_2.png,0.972688462486663,0.22448979591836735,0.9532149777676246,0.9687570985845714,-0.005211606335925323,-0.024685091054963637,0.0,0.02564102564102564
deberta_v3_base_mean_pool,person,person::query::14994_1.png,llm_distinctive_first,information_reduced,0.9837111463726542,10,49,5,-0.0032941500404566337,0.6,person::train::01924_2.jpg,0.9878238771372083,0.8163265306122449,0.9758431047488205,0.9872576678808243,0.0078680416238337,-0.004112730764554096,0.0,0.1
deberta_v3_base_mean_pool,person,person::query::14459_1.png,llm_attribute_list,information_reduced,0.9368125951888688,12,49,5,-0.00036773611697460407,0.8,person::train::08634_3.jpg,0.9669245756251986,0.7755102040816326,0.9255362675446669,0.9455285980392131,0.011276327644201944,-0.03011198043632979,0.0,0.08333333333333333
deberta_v3_base_mean_pool,person,person::query::14459_1.png,llm_distinctive_first,information_reduced,0.9810214878490389,1,49,5,0.0011641915863326302,1.0,person::train::06597_2.jpg,0.9798572962627062,1.0,0.9451193569859397,0.9705118974805179,0.035902130863099124,0.0011641915863326302,1.0,1.0
deberta_v3_base_mean_pool,person,person::query::26943_3.jpg,llm_attribute_list,information_reduced,0.9342804198032238,7,49,5,-0.0034029083658467796,0.8,person::train::00837_3.png,0.9453678583633528,0.8775510204081632,0.9167677588762599,0.9361330021359175,0.017512660926963908,-0.011087438560128948,0.0,0.14285714285714285
deberta_v3_base_mean_pool,person,person::query::26943_3.jpg,llm_distinctive_first,information_reduced,0.9880573120611689,1,49,5,0.002883433597984042,1.0,person::train::06597_2.jpg,0.9851738784631848,1.0,0.9620766575825743,0.9808431185483608,0.025980654478594545,0.002883433597984042,1.0,1.0
deberta_v3_base_mean_pool,person,person::query::26789_3.jpg,llm_attribute_list,information_reduced,0.9502749011942377,33,49,5,-0.009307502869223994,0.0,person::train::00969_2.png,0.9714200194181788,0.3469387755102041,0.954240703327963,0.9667749778852448,-0.003965802133725216,-0.02114511822394105,0.0,0.030303030303030304
deberta_v3_base_mean_pool,person,person::query::26789_3.jpg,llm_distinctive_first,information_reduced,0.9675747829034975,33,49,5,-0.008068712019434598,0.2,person::train::12462_1.jpg,0.9808791914595855,0.3469387755102041,0.9709368942079933,0.9800516266358522,-0.0033621113044958184,-0.013304408556087943,0.0,0.030303030303030304
deberta_v3_base_mean_pool,person,person::query::26935_2.jpg,llm_attribute_list,information_reduced,0.9752118977277043,1,49,5,0.007130418744946021,1.0,person::query::26789_3.jpg,0.9697317223164467,1.0,0.9535940804283314,0.9684684861683884,0.021617817299372954,0.005480175411257671,1.0,1.0
deberta_v3_base_mean_pool,person,person::query::26935_2.jpg,llm_distinctive_first,information_reduced,0.9554469554424487,41,49,5,-0.007844930078363843,0.6,person::train::00197_4.png,0.9847977115818962,0.1836734693877551,0.9650878815708522,0.9791836664072432,-0.009640926128403504,-0.029350756139447487,0.0,0.024390243902439025
deberta_v3_base_mean_pool,person,person::query::27100_1.jpg,llm_attribute_list,information_reduced,0.9349713091902423,14,49,5,-0.0013290836959066743,0.8,person::train::08634_3.jpg,0.9575055988122206,0.7346938775510204,0.9259080731416491,0.9513273725731841,0.00906323604859316,-0.022534289621978343,0.0,0.07142857142857142
deberta_v3_base_mean_pool,person,person::query::27100_1.jpg,llm_distinctive_first,information_reduced,0.9840780934599604,1,49,5,0.0004733459520088745,1.0,person::train::08528_6.jpg,0.9836047475079516,1.0,0.9684585995832339,0.9816875402914245,0.015619493876726565,0.0004733459520088745,1.0,1.0
deberta_v3_base_mean_pool,person,person::query::26761_2.jpg,llm_attribute_list,information_reduced,0.9483869581203821,3,49,5,0.0062293392534367165,1.0,person::train::00837_3.png,0.9526689725148678,0.9591836734693877,0.926423429635036,0.9455844319535365,0.021963528485346107,-0.0042820143944857225,0.0,0.3333333333333333
deberta_v3_base_mean_pool,person,person::query::26761_2.jpg,llm_distinctive_first,information_reduced,0.9572876669077265,30,49,5,-0.0060885711854757885,0.6,person::train::08924_1.jpg,0.9846144698398619,0.40816326530612246,0.959675149820381,0.9795370374321133,-0.0023874829126545594,-0.027326802932135408,0.0,0.03333333333333333
deberta_v3_base_mean_pool,person,person::gallery::26474_5.jpg,llm_attribute_list,information_reduced,0.9341746001208799,11,49,5,-0.0038383117120983634,0.6,person::train::08634_3.jpg,0.9642866510330969,0.7959183673469388,0.921829553997898,0.9449842949719117,0.012345046122981929,-0.030112050912216914,0.0,0.09090909090909091
deberta_v3_base_mean_pool,person,person::gallery::26474_5.jpg,llm_distinctive_first,information_reduced,0.9714893460905443,14,49,5,-0.004942584250420712,0.6,person::train::10977_1.jpg,0.9850871825075029,0.7346938775510204,0.9629275309824329,0.9812062704856055,0.008561815108111381,-0.013597836416958664,0.0,0.07142857142857142
deberta_v3_base_mean_pool,person,person::gallery::27153_5.jpg,llm_attribute_list,information_reduced,0.9471598770390752,27,49,5,-0.004753574751106604,0.6,person::gallery::15194_3.png,0.9676656670063822,0.46938775510204084,0.9480288146506433,0.9648415695399242,-0.0008689376115680325,-0.02050578996730701,0.0,0.037037037037037035
deberta_v3_base_mean_pool,person,person::gallery::27153_5.jpg,llm_distinctive_first,information_reduced,0.9901577436357085,1,49,5,0.005681200777788997,1.0,person::train::12462_1.jpg,0.9883858433319989,1.0,0.9721224398039738,0.9844218678467437,0.018035303831734684,0.0017719003037096615,1.0,1.0
deberta_v3_base_mean_pool,person,person::gallery::26789_1.jpg,llm_attribute_list,information_reduced,0.9036612463483382,22,49,5,-0.010753690402036997,0.4,person::gallery::15194_3.png,0.9309275267169483,0.5714285714285714,0.9009083336341027,0.9255822249119492,0.0027529127142355003,-0.02726628036861012,0.0,0.045454545454545456
deberta_v3_base_mean_pool,person,person::gallery::26789_1.jpg,llm_distinctive_first,information_reduced,0.983900057725523,3,49,5,0.0032033956311479095,1.0,person::train::12462_1.jpg,0.9850211370920292,0.9591836734693877,0.9694197699970011,0.980663008934631,0.014480287728521946,-0.0011210793665061836,0.0,0.3333333333333333
deberta_v3_base_mean_pool,person,person::gallery::26721_4.jpg,llm_attribute_list,information_reduced,0.9325861884728828,12,49,5,-0.017062419213466518,0.6,person::train::00837_3.png,0.9512577405404893,0.7755102040816326,0.9244598540977043,0.9472843499971629,0.008126334375178512,-0.01867155206760651,0.0,0.08333333333333333
deberta_v3_base_mean_pool,person,person::gallery::26721_4.jpg,llm_distinctive_first,information_reduced,0.9640540979943402,27,49,5,-0.0044498801354935225,0.6,person::train::08529_4.jpg,0.9781195197325714,0.46938775510204084,0.9646351944730118,0.9743813953749545,-0.000581096478671661,-0.01406542173823122,0.0,0.037037037037037035
deberta_v3_base_mean_pool,person,person::gallery::26991_3.jpg,llm_attribute_list,information_reduced,0.9773409772262571,4,49,5,0.007129645178833965,1.0,person::train::08634_3.jpg,0.982526996341415,0.9387755102040817,0.9636130171509465,0.9773511731703934,0.01372796007531063,-0.005186019115157925,0.0,0.25
deberta_v3_base_mean_pool,person,person::gallery::26991_3.jpg,llm_distinctive_first,information_reduced,0.9767882880744653,6,49,5,0.004956601566796892,1.0,person::train::10977_1.jpg,0.9812172155461428,0.8979591836734694,0.9666316404391893,0.9795244685644369,0.010156647635276017,-0.004428927471677557,0.0,0.16666666666666666
deberta_v3_base_mean_pool,person,person::gallery::26735_2.jpg,llm_attribute_list,information_reduced,0.962898100352056,10,49,5,-0.002505975493028334,0.8,person::train::08634_3.jpg,0.9747948906252775,0.8163265306122449,0.9536539345025786,0.9673894945620056,0.009244165849477404,-0.011896790273221436,0.0,0.1
deberta_v3_base_mean_pool,person,person::gallery::26735_2.jpg,llm_distinctive_first,information_reduced,0.9885439042999576,1,49,5,0.00547279695972791,1.0,person::train::10977_1.jpg,0.9870041866145178,1.0,0.9782720212802687,0.9848537784194051,0.010271883019688954,0.001539717685439812,1.0,1.0
deberta_v3_base_mean_pool,person,person::gallery::14888_1.png,llm_attribute_list,information_reduced,0.8904110541235185,28,49,5,-0.009828822437309759,0.6,person::train::08634_3.jpg,0.9392551842832708,0.4489795918367347,0.8909980006649065,0.9196531438007873,-0.0005869465413880226,-0.04884413015975231,0.0,0.03571428571428571
deberta_v3_base_mean_pool,person,person::gallery::14888_1.png,llm_distinctive_first,information_reduced,0.9841017683652377,2,49,5,0.005189951928351588,1.0,person::train::03736_1.jpg,0.9861305418028534,0.9795918367346939,0.9712202920431252,0.9820603158812864,0.01288147632211245,-0.0020287734376157607,0.0,0.5
deberta_v3_base_mean_pool,person,person::gallery::26774_3.jpg,llm_attribute_list,information_reduced,0.9402587249553467,37,49,5,-0.014302203147008585,0.4,person::train::08634_3.jpg,0.9700029889976751,0.2653061224489796,0.945796629505341,0.960378095238593,-0.005537904549994366,-0.02974426404232844,0.0,0.02702702702702703
deberta_v3_base_mean_pool,person,person::gallery::26774_3.jpg,llm_distinctive_first,information_reduced,0.9660328212956807,27,49,5,-0.004555687272557618,0.6,person::train::00197_4.png,0.9872866759966925,0.46938775510204084,0.9669575338836034,0.9805173479964692,-0.0009247125879227047,-0.02125385470101182,0.0,0.037037037037037035
deberta_v3_base_mean_pool,person,person::gallery::15309_3.png,llm_attribute_list,information_reduced,0.9451809137554759,12,49,5,-0.0006193219777252956,0.8,person::train::00837_3.png,0.960428825259205,0.7755102040816326,0.9386023821238642,0.9562283923105486,0.006578531631611706,-0.015247911503729172,0.0,0.08333333333333333
deberta_v3_base_mean_pool,person,person::gallery::15309_3.png,llm_distinctive_first,information_reduced,0.9826500381259695,5,49,5,-0.007582749863498495,0.4,person::train::06597_2.jpg,0.990232787989468,0.9183673469387755,0.9580680152418716,0.984232943323332,0.024582022884097943,-0.007582749863498495,0.0,0.2
deberta_v3_base_mean_pool,person,person::gallery::15194_3.png,llm_attribute_list,information_reduced,0.9433574339986124,6,49,5,0.004089112466633349,1.0,person::train::08634_3.jpg,0.9572438274672066,0.8979591836734694,0.9233460211683262,0.9496056078147397,0.02001141283028618,-0.013886393468594216,0.0,0.16666666666666666
deberta_v3_base_mean_pool,person,person::gallery::15194_3.png,llm_distinctive_first,information_reduced,0.9709143449743255,20,49,5,0.0023145864367583036,1.0,person::train::06597_2.jpg,0.9804796363429563,0.6122448979591837,0.9664339721969519,0.9781053792296844,0.004480372777373565,-0.009565291368630824,0.0,0.05
deberta_v3_base_mean_pool,vehicle,vehicle::train_images::19666_c077_02.jpg,llm_attribute_list,information_reduced,0.9288780246505731,22,49,5,-0.027671385416526473,0.2,vehicle::train_images::04922_c023_01.jpg,0.9565494100670996,0.5714285714285714,0.9201235318384607,0.9524071335026385,0.00875449281211238,-0.027671385416526473,0.0,0.045454545454545456
deberta_v3_base_mean_pool,vehicle,vehicle::train_images::19666_c077_02.jpg,llm_distinctive_first,information_reduced,0.9778805496946615,1,49,5,0.0013709122189987655,1.0,vehicle::train_images::13608_c139_04.jpg,0.9777071712159512,1.0,0.9621836840962165,0.9742563198968198,0.015696865598445076,0.00017337847871035095,1.0,1.0
deberta_v3_base_mean_pool,vehicle,vehicle::train_images::13184_c012_02.jpg,llm_attribute_list,information_reduced,0.968930688403765,7,49,5,0.002378406645307307,1.0,vehicle::train_images::10529_c003_02.jpg,0.976187542404274,0.8775510204081632,0.9537079592880715,0.9700989126335604,0.015222729115693445,-0.0072568540005090165,0.0,0.14285714285714285
deberta_v3_base_mean_pool,vehicle,vehicle::train_images::13184_c012_02.jpg,llm_distinctive_first,information_reduced,0.9923344733403887,1,49,5,0.0057913986481040736,1.0,vehicle::train_images::07345_c110_03.jpg,0.9865430746922846,1.0,0.9641247333869575,0.9824055665236842,0.028209739953431234,0.0057913986481040736,1.0,1.0
deberta_v3_base_mean_pool,vehicle,vehicle::train_images::13608_c139_04.jpg,llm_attribute_list,information_reduced,0.939668757001349,19,49,5,-0.006344744190428853,0.8,vehicle::train_images::02440_c090_02.jpg,0.9643786608865921,0.6326530612244898,0.9296318708407335,0.9552685840207904,0.010036886160615488,-0.02470990388524308,0.0,0.05263157894736842
deberta_v3_base_mean_pool,vehicle,vehicle::train_images::13608_c139_04.jpg,llm_distinctive_first,information_reduced,0.982168379649601,1,49,5,0.02117644997061252,1.0,vehicle::query_images::20949_c003_01.jpg,0.9635184513342541,1.0,0.9468939409677785,0.9618772519809476,0.03527443868182256,0.018649928315346953,1.0,1.0
deberta_v3_base_mean_pool,vehicle,vehicle::train_images::12849_c170_02.jpg,llm_attribute_list,information_reduced,0.9827572304345215,1,49,5,0.0008134379532582781,1.0,vehicle::train_images::12341_c073_00.jpg,0.9819437924812632,1.0,0.9688770514988645,0.9788336225912468,0.013880178935656962,0.0008134379532582781,1.0,1.0
deberta_v3_base_mean_pool,vehicle,vehicle::train_images::12849_c170_02.jpg,llm_distinctive_first,information_reduced,0.9750918705182535,6,49,5,0.0027266723662519032,1.0,vehicle::train_images::13608_c139_04.jpg,0.9812311810368025,0.8979591836734694,0.966320659891281,0.9773818592051698,0.008771210626972503,-0.0061393105185489905,0.0,0.16666666666666666
deberta_v3_base_mean_pool,vehicle,vehicle::train_images::10839_c110_00.jpg,llm_attribute_list,information_reduced,0.9797769454343238,1,49,5,0.005540087472742261,1.0,vehicle::train_images::03678_c014_03.jpg,0.9742368579615815,1.0,0.9533283926967354,0.9707143558531478,0.026448552737588393,0.005540087472742261,1.0,1.0
deberta_v3_base_mean_pool,vehicle,vehicle::train_images::10839_c110_00.jpg,llm_distinctive_first,information_reduced,0.9686966069765953,4,49,5,0.0040197266080223,1.0,vehicle::query_images::20949_c003_01.jpg,0.9729836811833095,0.9387755102040817,0.953981775205332,0.9690115273590826,0.014714831771263315,-0.004287074206714148,0.0,0.25
deberta_v3_base_mean_pool,vehicle,vehicle::train_images::02440_c090_02.jpg,llm_attribute_list,information_reduced,0.9672316641014207,1,49,5,0.007521806784080098,1.0,vehicle::gallery_images::20591_c110_03.jpg,0.9597098573173406,1.0,0.9290646225726268,0.9541686650888895,0.03816704152879391,0.007521806784080098,1.0,1.0
deberta_v3_base_mean_pool,vehicle,vehicle::train_images::02440_c090_02.jpg,llm_distinctive_first,information_reduced,0.977633338706474,1,49,5,0.006140509788048143,1.0,vehicle::query_images::20949_c003_01.jpg,0.9727655131786476,1.0,0.9510288008866635,0.9689468116083619,0.026604537819810425,0.004867825527826386,1.0,1.0
deberta_v3_base_mean_pool,vehicle,vehicle::train_images::12341_c073_00.jpg,llm_attribute_list,information_reduced,0.8970207391698332,12,49,5,-0.003589986213432428,0.6,vehicle::gallery_images::20591_c110_03.jpg,0.9099916008726753,0.7755102040816326,0.8687032871170413,0.9084101755468829,0.028317452052791903,-0.012970861702842118,0.0,0.08333333333333333
deberta_v3_base_mean_pool,vehicle,vehicle::train_images::12341_c073_00.jpg,llm_distinctive_first,information_reduced,0.9637742376738483,3,49,5,0.0020841850936172968,1.0,vehicle::gallery_images::21216_c003_04.jpg,0.9669356210237073,0.9591836734693877,0.9462559195896382,0.9627021100542951,0.017518318084210116,-0.0031613833498590482,0.0,0.3333333333333333
deberta_v3_base_mean_pool,vehicle,vehicle::train_images::18263_c110_02.jpg,llm_attribute_list,information_reduced,0.9244867577876255,1,49,5,0.02897614433672313,1.0,vehicle::query_images::21010_c163_01.jpg,0.8997891930694949,1.0,0.8407473813608874,0.8871556016766842,0.08373937642673801,0.02469756471813056,1.0,1.0
deberta_v3_base_mean_pool,vehicle,vehicle::train_images::18263_c110_02.jpg,llm_distinctive_first,information_reduced,0.9679713200283894,1,49,5,0.013999726842978899,1.0,vehicle::train_images::08361_c094_04.jpg,0.9539715931854105,1.0,0.9223215436976572,0.9505016422990177,0.045649776330732195,0.013999726842978899,1.0,1.0
deberta_v3_base_mean_pool,vehicle,vehicle::train_images::10529_c003_02.jpg,llm_attribute_list,information_reduced,0.9647467739939108,4,49,5,0.011324106695867142,1.0,vehicle::gallery_images::20591_c110_03.jpg,0.9676767809818438,0.9387755102040817,0.9463619979572279,0.9649062203984689,0.01838477603668298,-0.002930006987932998,0.0,0.25
deberta_v3_base_mean_pool,vehicle,vehicle::train_images::10529_c003_02.jpg,llm_distinctive_first,information_reduced,0.9834260357332829,1,49,5,0.0024538688109652096,1.0,vehicle::gallery_images::20762_c156_00.jpg,0.9809721669223177,1.0,0.9675197313749997,0.9790552957474232,0.01590630435828322,0.0024538688109652096,1.0,1.0
deberta_v3_base_mean_pool,vehicle,vehicle::train_images::15907_c041_04.jpg,llm_attribute_list,information_reduced,0.9480424616513801,11,49,5,-0.005969285512314237,0.6,vehicle::train_images::08361_c094_04.jpg,0.9571346531146308,0.7959183673469388,0.9360264481887507,0.9533318953631115,0.012016013462629371,-0.009092191463250687,0.0,0.09090909090909091
deberta_v3_base_mean_pool,vehicle,vehicle::train_images::15907_c041_04.jpg,llm_distinctive_first,information_reduced,0.9399361122279125,30,49,5,-0.01962574682562035,0.2,vehicle::gallery_images::20762_c156_00.jpg,0.9626437213516719,0.40816326530612246,0.9409630435928349,0.9558686783137263,-0.0010269313649223788,-0.022707609123759354,0.0,0.03333333333333333
deberta_v3_base_mean_pool,vehicle,vehicle::train_images::08854_c110_02.jpg,llm_attribute_list,information_reduced,0.9013564780811327,34,49,5,0.0008661470067925503,1.0,vehicle::train_images::02440_c090_02.jpg,0.9539985472146512,0.32653061224489793,0.9132456892291176,0.9455796257485831,-0.011889211147984913,-0.05264206913351843,0.0,0.029411764705882353
deberta_v3_base_mean_pool,vehicle,vehicle::train_images::08854_c110_02.jpg,llm_distinctive_first,information_reduced,0.9800924235993677,2,49,5,-0.0018520846127210167,0.8,vehicle::train_images::14133_c170_01.jpg,0.9819445082120887,0.9795918367346939,0.9637098904196706,0.9758650932239568,0.016382533179697067,-0.0018520846127210167,0.0,0.5
deberta_v3_base_mean_pool,vehicle,vehicle::train_images::04922_c023_01.jpg,llm_attribute_list,information_reduced,0.9768131085266204,1,49,5,0.0024326300008564727,1.0,vehicle::train_images::02440_c090_02.jpg,0.9743804785257639,1.0,0.952256972718015,0.9694051394065014,0.024556135808605384,0.0024326300008564727,1.0,1.0
deberta_v3_base_mean_pool,vehicle,vehicle::train_images::04922_c023_01.jpg,llm_distinctive_first,information_reduced,0.9773520397556129,2,49,5,-0.0003023601852329971,0.8,vehicle::train_images::08361_c094_04.jpg,0.9776543999408459,0.9795918367346939,0.956123625796676,0.9734134962837324,0.02122841395893693,-0.0003023601852329971,0.0,0.5
deberta_v3_base_mean_pool,vehicle,vehicle::train_images::19263_c030_03.jpg,llm_attribute_list,information_reduced,0.9226633181691752,15,49,5,-0.006949072498777409,0.6,vehicle::gallery_images::20591_c110_03.jpg,0.9461627718772894,0.7142857142857143,0.903049603822079,0.9382682991189097,0.019613714347096245,-0.023499453708114126,0.0,0.06666666666666667
deberta_v3_base_mean_pool,vehicle,vehicle::train_images::19263_c030_03.jpg,llm_distinctive_first,information_reduced,0.9780717152112378,1,49,5,0.0005468103566866889,1.0,vehicle::train_images::13608_c139_04.jpg,0.9775249048545511,1.0,0.9590527665793451,0.9710176466612377,0.019018948631892685,0.0005468103566866889,1.0,1.0
deberta_v3_base_mean_pool,vehicle,vehicle::train_images::07345_c110_03.jpg,llm_attribute_list,information_reduced,0.9804590965925835,3,49,5,0.0020512639423959644,1.0,vehicle::query_images::20272_c102_00.jpg,0.984670691356353,0.9591836734693877,0.9679149428363072,0.979779052255215,0.012544153756276266,-0.004211594763769533,0.0,0.3333333333333333
deberta_v3_base_mean_pool,vehicle,vehicle::train_images::07345_c110_03.jpg,llm_distinctive_first,information_reduced,0.9928608576302721,1,49,5,0.001924687762365207,1.0,vehicle::train_images::19057_c170_04.jpg,0.9909361698679069,1.0,0.9683591743510764,0.9841605812930452,0.024501683279195663,0.001924687762365207,1.0,1.0
deberta_v3_base_mean_pool,vehicle,vehicle::train_images::19520_c034_01.jpg,llm_attribute_list,information_reduced,0.9804581075083764,1,49,5,0.0009862841541837808,1.0,vehicle::train_images::02440_c090_02.jpg,0.9794718233541926,1.0,0.9623188124673869,0.9742530419176737,0.018139295040989434,0.0009862841541837808,1.0,1.0
deberta_v3_base_mean_pool,vehicle,vehicle::train_images::19520_c034_01.jpg,llm_distinctive_first,information_reduced,0.9865907278899343,1,49,5,0.008265097937419696,1.0,vehicle::query_images::21112_c079_00.jpg,0.9799300783483701,1.0,0.9661832112965488,0.9782766870550159,0.020407516593385466,0.006660649541564201,1.0,1.0
deberta_v3_base_mean_pool,vehicle,vehicle::train_images::16253_c139_00.jpg,llm_attribute_list,information_reduced,0.8957471255782302,50,49,5,-0.038901353151164275,0.0,vehicle::train_images::03678_c014_03.jpg,0.9532017561596811,0.0,0.9373081986514074,0.9514943208641969,-0.041561073073177135,-0.05745463058145084,0.0,0.02
deberta_v3_base_mean_pool,vehicle,vehicle::train_images::16253_c139_00.jpg,llm_distinctive_first,information_reduced,0.9819138279600899,1,49,5,0.021750152000646228,1.0,vehicle::train_images::08854_c110_02.jpg,0.9601636759594436,1.0,0.9273960430945617,0.9549651244818635,0.05451778486552816,0.021750152000646228,1.0,1.0
deberta_v3_base_mean_pool,vehicle,vehicle::train_images::06987_c051_04.jpg,llm_attribute_list,information_reduced,0.9934079314667652,1,49,5,0.011053032668301599,1.0,vehicle::train_images::08854_c110_02.jpg,0.9823548987984636,1.0,0.9689528278706419,0.9817440943413687,0.02445510359612335,0.011053032668301599,1.0,1.0
deberta_v3_base_mean_pool,vehicle,vehicle::train_images::06987_c051_04.jpg,llm_distinctive_first,information_reduced,0.9898000192715545,1,49,5,0.00541274810040171,1.0,vehicle::train_images::19057_c170_04.jpg,0.9877974572950382,1.0,0.9708815456185528,0.9850454365414266,0.0189184736530017,0.0020025619765162705,1.0,1.0
deberta_v3_base_mean_pool,vehicle,vehicle::train_images::05685_c100_04.jpg,llm_attribute_list,information_reduced,0.9402044989081155,22,49,5,-0.025988308401938,0.6,vehicle::train_images::14387_c163_04.jpg,0.9661928073100535,0.5714285714285714,0.9386306438257749,0.9591761032630491,0.0015738550823406472,-0.025988308401938,0.0,0.045454545454545456
deberta_v3_base_mean_pool,vehicle,vehicle::train_images::05685_c100_04.jpg,llm_distinctive_first,information_reduced,0.9956909538637142,1,49,5,0.00865114663248745,1.0,vehicle::train_images::19057_c170_04.jpg,0.9870398072312268,1.0,0.9613986173696861,0.9825015030557408,0.034292336494028075,0.00865114663248745,1.0,1.0
deberta_v3_base_mean_pool,vehicle,vehicle::train_images::16614_c041_04.jpg,llm_attribute_list,information_reduced,0.8435801860626959,44,49,5,-0.029026311729612342,0.2,vehicle::train_images::02440_c090_02.jpg,0.9235793871628794,0.12244897959183673,0.8710693405080006,0.9201289165619451,-0.027489154445304642,-0.07999920110018344,0.0,0.022727272727272728
deberta_v3_base_mean_pool,vehicle,vehicle::train_images::16614_c041_04.jpg,llm_distinctive_first,information_reduced,0.9703351107785417,4,49,5,0.005070989410105087,1.0,vehicle::gallery_images::20762_c156_00.jpg,0.9725777403933795,0.9387755102040817,0.9489927520745158,0.96982857164474,0.0213423587040259,-0.0022426296148377878,0.0,0.25
deberta_v3_base_mean_pool,vehicle,vehicle::train_images::13946_c012_04.jpg,llm_attribute_list,information_reduced,0.9728890516621662,3,49,5,-0.004084263375464525,0.6,vehicle::query_images::20272_c102_00.jpg,0.9769733150376307,0.9591836734693877,0.9599102392209067,0.9723492876607103,0.012978812441259535,-0.004084263375464525,0.0,0.3333333333333333
deberta_v3_base_mean_pool,vehicle,vehicle::train_images::13946_c012_04.jpg,llm_distinctive_first,information_reduced,0.9408784834505861,42,49,5,-0.016413817253970397,0.0,vehicle::train_images::04455_c078_00.jpg,0.9645317664571601,0.16326530612244897,0.9525156716159595,0.962127550674275,-0.011637188165373402,-0.02365328300657399,0.0,0.023809523809523808
deberta_v3_base_mean_pool,vehicle,vehicle::train_images::14133_c170_01.jpg,llm_attribute_list,information_reduced,0.9475857151306362,29,49,5,-0.009257220814131273,0.6,vehicle::train_images::14387_c163_04.jpg,0.9705673782989017,0.42857142857142855,0.9502425425475107,0.9658077797781993,-0.002656827416874563,-0.022981663168265554,0.0,0.034482758620689655
deberta_v3_base_mean_pool,vehicle,vehicle::train_images::14133_c170_01.jpg,llm_distinctive_first,information_reduced,0.9717388045345096,1,49,5,0.0038237655783225355,1.0,vehicle::query_images::20949_c003_01.jpg,0.9690754234403186,1.0,0.9437608840658527,0.9676804173560406,0.02797792046865688,0.002663381094190953,1.0,1.0
deberta_v3_base_mean_pool,vehicle,vehicle::train_images::16747_c163_03.jpg,llm_attribute_list,information_reduced,0.9521885553797349,8,49,5,-0.005603211991689561,0.2,vehicle::train_images::02440_c090_02.jpg,0.9592045249990959,0.8571428571428571,0.9391709207786001,0.9559358123116254,0.013017634601134809,-0.007015969619361018,0.0,0.125
deberta_v3_base_mean_pool,vehicle,vehicle::train_images::16747_c163_03.jpg,llm_distinctive_first,information_reduced,0.9837110279519026,2,49,5,0.001885627683177793,1.0,vehicle::train_images::19057_c170_04.jpg,0.984963605703671,0.9795918367346939,0.9614655477835908,0.9815159601737701,0.022245480168311738,-0.0012525777517684578,0.0,0.5
deberta_v3_base_mean_pool,vehicle,vehicle::train_images::05432_c163_04.jpg,llm_attribute_list,information_reduced,0.9733995924987645,9,49,5,-0.009622935411380817,0.4,vehicle::query_images::20506_c051_01.jpg,0.9830225279101453,0.8367346938775511,0.9603502232339689,0.9797170852708477,0.013049369264795607,-0.009622935411380817,0.0,0.1111111111111111
deberta_v3_base_mean_pool,vehicle,vehicle::train_images::05432_c163_04.jpg,llm_distinctive_first,information_reduced,0.9410212858084938,14,49,5,-0.018964640359636298,0.4,vehicle::gallery_images::20762_c156_00.jpg,0.9653458581581646,0.7346938775510204,0.9352399838665445,0.9585461916249635,0.005781301941949257,-0.024324572349670892,0.0,0.07142857142857142
deberta_v3_base_mean_pool,vehicle,vehicle::train_images::19057_c170_04.jpg,llm_attribute_list,information_reduced,0.9286140904660805,18,49,5,-0.0035541278168318424,0.8,vehicle::train_images::02440_c090_02.jpg,0.9600937563580493,0.6530612244897959,0.922440914721998,0.9456079030768757,0.006173175744082493,-0.03147966589196882,0.0,0.05555555555555555
deberta_v3_base_mean_pool,vehicle,vehicle::train_images::19057_c170_04.jpg,llm_distinctive_first,information_reduced,0.9944056147901181,1,49,5,0.011448923819513901,1.0,vehicle::query_images::20949_c003_01.jpg,0.9829566909706042,1.0,0.9632532665285488,0.9798248785135937,0.031152348261569318,0.011448923819513901,1.0,1.0
deberta_v3_base_mean_pool,vehicle,vehicle::train_images::04455_c078_00.jpg,llm_attribute_list,information_reduced,0.9617962327757767,1,49,5,0.0026201108551902053,1.0,vehicle::train_images::03678_c014_03.jpg,0.9591761219205865,1.0,0.9395748864349532,0.9570416271281592,0.02222134634082351,0.0026201108551902053,1.0,1.0
deberta_v3_base_mean_pool,vehicle,vehicle::train_images::04455_c078_00.jpg,llm_distinctive_first,information_reduced,0.9832939457191935,1,49,5,0.006766712703689115,1.0,vehicle::train_images::07345_c110_03.jpg,0.9808132190234932,1.0,0.9623996823419277,0.9787654435586687,0.020894263377265743,0.0024807266957003193,1.0,1.0
deberta_v3_base_mean_pool,vehicle,vehicle::train_images::14387_c163_04.jpg,llm_attribute_list,information_reduced,0.9742311766009115,1,49,5,0.006502522881114081,1.0,vehicle::train_images::03678_c014_03.jpg,0.9677286537197974,1.0,0.9527934494120099,0.967072846433701,0.02143772718890158,0.006502522881114081,1.0,1.0
deberta_v3_base_mean_pool,vehicle,vehicle::train_images::14387_c163_04.jpg,llm_distinctive_first,information_reduced,0.9833172845337639,6,49,5,0.001548920897898265,1.0,vehicle::train_images::19057_c170_04.jpg,0.9888394501612071,0.8979591836734694,0.9694070498095396,0.9871525298889291,0.013910234724224257,-0.005522165627443232,0.0,0.16666666666666666
deberta_v3_base_mean_pool,vehicle,vehicle::train_images::09221_c139_03.jpg,llm_attribute_list,information_reduced,0.9016776474813047,49,49,5,-0.05415731403205748,0.0,vehicle::train_images::02440_c090_02.jpg,0.9682922639112727,0.02040816326530612,0.9443784212851254,0.9630979108441722,-0.042700773803820646,-0.06661461642996791,0.0,0.02040816326530612
deberta_v3_base_mean_pool,vehicle,vehicle::train_images::09221_c139_03.jpg,llm_distinctive_first,information_reduced,0.974144118580259,2,49,5,-0.0033963779004663186,0.8,vehicle::query_images::20949_c003_01.jpg,0.9775404964807253,0.9795918367346939,0.9553019302901598,0.9701998510247547,0.018842188290099204,-0.0033963779004663186,0.0,0.5
deberta_v3_base_mean_pool,vehicle,vehicle::train_images::04724_c110_02.jpg,llm_attribute_list,information_reduced,0.9509752404894648,7,49,5,-0.0011824181336642647,0.8,vehicle::train_images::14387_c163_04.jpg,0.9574674238286163,0.8775510204081632,0.9369305667168033,0.952126533335873,0.014044673772661498,-0.006492183339151469,0.0,0.14285714285714285
deberta_v3_base_mean_pool,vehicle,vehicle::train_images::04724_c110_02.jpg,llm_distinctive_first,information_reduced,0.960473756954772,2,49,5,-0.0024597610980106044,0.8,vehicle::query_images::20204_c041_01.jpg,0.9629335180527826,0.9795918367346939,0.9441363449244182,0.9588646334579163,0.01633741203035377,-0.0024597610980106044,0.0,0.5
deberta_v3_base_mean_pool,vehicle,vehicle::train_images::08361_c094_04.jpg,llm_attribute_list,information_reduced,0.885432455558971,6,49,5,0.009315708936026512,1.0,vehicle::train_images::18263_c110_02.jpg,0.9080788492359749,0.8979591836734694,0.8354681616790096,0.8981516861208846,0.049964293879961375,-0.02264639367700394,0.0,0.16666666666666666
deberta_v3_base_mean_pool,vehicle,vehicle::train_images::08361_c094_04.jpg,llm_distinctive_first,information_reduced,0.9794991155358773,1,49,5,0.003149120991442378,1.0,vehicle::query_images::20949_c003_01.jpg,0.9763499945444349,1.0,0.9543394436106875,0.9736980485311658,0.025159671925189864,0.003149120991442378,1.0,1.0
deberta_v3_base_mean_pool,vehicle,vehicle::train_images::03678_c014_03.jpg,llm_attribute_list,information_reduced,0.9570938713241628,3,49,5,0.0018649936716848003,1.0,vehicle::train_images::02440_c090_02.jpg,0.9632277494762456,0.9591836734693877,0.9306693866389375,0.956042784959829,0.02642448468522529,-0.006133878152082772,0.0,0.3333333333333333
deberta_v3_base_mean_pool,vehicle,vehicle::train_images::03678_c014_03.jpg,llm_distinctive_first,information_reduced,0.9836552456092015,2,49,5,-0.0018713311332019256,0.8,vehicle::query_images::20949_c003_01.jpg,0.9855265767424034,0.9795918367346939,0.9653062662519938,0.9803253326470664,0.018348979357207695,-0.0018713311332019256,0.0,0.5
deberta_v3_base_mean_pool,vehicle,vehicle::query_images::20204_c041_01.jpg,llm_attribute_list,information_reduced,0.9905228037077858,1,49,5,0.01275524625105362,1.0,vehicle::train_images::19263_c030_03.jpg,0.9777675574567322,1.0,0.9640859213214252,0.9769351522297074,0.02643688238636055,0.01275524625105362,1.0,1.0
deberta_v3_base_mean_pool,vehicle,vehicle::query_images::20204_c041_01.jpg,llm_distinctive_first,information_reduced,0.973041997452498,7,49,5,0.0045010375288931925,1.0,vehicle::train_images::19057_c170_04.jpg,0.9783564248095666,0.8775510204081632,0.9622628820476309,0.9767465359223082,0.01077911540486709,-0.005314427357068663,0.0,0.14285714285714285
deberta_v3_base_mean_pool,vehicle,vehicle::query_images::21022_c078_01.jpg,llm_attribute_list,information_reduced,0.9798735710922896,1,49,5,0.009073715287858053,1.0,vehicle::train_images::14387_c163_04.jpg,0.9718534171301215,1.0,0.9540930084956235,0.967928006734592,0.025780562596666057,0.008020153962168042,1.0,1.0
deberta_v3_base_mean_pool,vehicle,vehicle::query_images::21022_c078_01.jpg,llm_distinctive_first,information_reduced,0.9685031687754885,24,49,5,-0.0027503100386948587,0.4,vehicle::train_images::07345_c110_03.jpg,0.9786400769062401,0.5306122448979592,0.968266343148448,0.9751522674236295,0.00023682562704052668,-0.010136908130751632,0.0,0.041666666666666664
deberta_v3_base_mean_pool,vehicle,vehicle::query_images::20039_c015_00.jpg,llm_attribute_list,information_reduced,0.8889581530523516,17,49,5,-0.03101235261814772,0.6,vehicle::gallery_images::20877_c110_00.jpg,0.9319456194113541,0.673469387755102,0.8671388925283054,0.9186389009609023,0.021819260524046147,-0.042987466359002524,0.0,0.058823529411764705
deberta_v3_base_mean_pool,vehicle,vehicle::query_images::20039_c015_00.jpg,llm_distinctive_first,information_reduced,0.9774805753469483,14,49,5,-0.00441679025905628,0.8,vehicle::train_images::19057_c170_04.jpg,0.9862766272227148,0.7346938775510204,0.9709930254509131,0.9843932318067865,0.006487549896035172,-0.008796051875766486,0.0,0.07142857142857142
deberta_v3_base_mean_pool,vehicle,vehicle::query_images::20298_c122_00.jpg,llm_attribute_list,information_reduced,0.9777092477399782,1,49,5,0.0023298894653601687,1.0,vehicle::train_images::15907_c041_04.jpg,0.9753793582746181,1.0,0.9417720588369614,0.9701101500490686,0.03593718890301689,0.0023298894653601687,1.0,1.0
deberta_v3_base_mean_pool,vehicle,vehicle::query_images::20298_c122_00.jpg,llm_distinctive_first,information_reduced,0.9369322798129607,45,49,5,-0.02632101864791192,0.0,vehicle::train_images::08854_c110_02.jpg,0.971112101525308,0.10204081632653061,0.9524879940122207,0.965411424391574,-0.015555714199260051,-0.03417982171234735,0.0,0.022222222222222223
deberta_v3_base_mean_pool,vehicle,vehicle::query_images::21010_c163_01.jpg,llm_attribute_list,information_reduced,0.9796228416317028,1,49,5,0.004539909924690111,1.0,vehicle::query_images::21112_c079_00.jpg,0.9750829317070127,1.0,0.9536549997362537,0.97423396371499,0.025967841895449095,0.004539909924690111,1.0,1.0
deberta_v3_base_mean_pool,vehicle,vehicle::query_images::21010_c163_01.jpg,llm_distinctive_first,information_reduced,0.9875837099497919,1,49,5,0.009425400371200654,1.0,vehicle::query_images::20949_c003_01.jpg,0.9781583095785913,1.0,0.9459645158307869,0.974256862941036,0.041619194119005054,0.009425400371200654,1.0,1.0
deberta_v3_base_mean_pool,vehicle,vehicle::query_images::20249_c003_00.jpg,llm_attribute_list,information_reduced,0.9211565892806367,24,49,5,-0.016230779209637336,0.6,vehicle::train_images::08361_c094_04.jpg,0.9462960956482122,0.5306122448979592,0.9187529646662227,0.9446945988042895,0.0024036246144140128,-0.025139506367575448,0.0,0.041666666666666664
deberta_v3_base_mean_pool,vehicle,vehicle::query_images::20249_c003_00.jpg,llm_distinctive_first,information_reduced,0.9634253843555113,4,49,5,0.0006976516556347345,1.0,vehicle::gallery_images::21216_c003_04.jpg,0.9679464144592546,0.9387755102040817,0.9446513600626621,0.963561544746024,0.018774024292849134,-0.004521030103743273,0.0,0.25
deberta_v3_base_mean_pool,vehicle,vehicle::query_images::20506_c051_01.jpg,llm_attribute_list,information_reduced,0.9339819982561545,14,49,5,-0.007468938276946613,0.6,vehicle::train_images::04922_c023_01.jpg,0.9459512795450997,0.7346938775510204,0.9275644637687112,0.942164662666465,0.0064175344874433105,-0.011969281288945255,0.0,0.07142857142857142
deberta_v3_base_mean_pool,vehicle,vehicle::query_images::20506_c051_01.jpg,llm_distinctive_first,information_reduced,0.9590190634772774,5,49,5,-0.002108515336940009,0.8,vehicle::train_images::13608_c139_04.jpg,0.9686228945061595,0.9183673469387755,0.946422296368366,0.9608271895180782,0.012596767108911444,-0.00960383102888207,0.0,0.2
deberta_v3_base_mean_pool,vehicle,vehicle::query_images::21112_c079_00.jpg,llm_attribute_list,information_reduced,0.9647558030417365,4,49,5,0.003908224537323757,1.0,vehicle::train_images::02440_c090_02.jpg,0.970222757446137,0.9387755102040817,0.9379620175897109,0.9635149111197355,0.026793785452025598,-0.005466954404400481,0.0,0.25
deberta_v3_base_mean_pool,vehicle,vehicle::query_images::21112_c079_00.jpg,llm_distinctive_first,information_reduced,0.9868791290018324,2,49,5,0.0018618871944275917,1.0,vehicle::train_images::19057_c170_04.jpg,0.9885528725210582,0.9795918367346939,0.9676548301136962,0.9844601005626277,0.01922429888813615,-0.0016737435192257788,0.0,0.5
deberta_v3_base_mean_pool,vehicle,vehicle::query_images::20949_c003_01.jpg,llm_attribute_list,information_reduced,0.9708441747718479,7,49,5,-0.005328997628107457,0.6,vehicle::train_images::03678_c014_03.jpg,0.9761731723999554,0.8775510204081632,0.9583283186681192,0.973314336379009,0.01251585610372874,-0.005328997628107457,0.0,0.14285714285714285
deberta_v3_base_mean_pool,vehicle,vehicle::query_images::20949_c003_01.jpg,llm_distinctive_first,information_reduced,0.9793838532504633,1,49,5,0.00799911288596511,1.0,vehicle::gallery_images::20559_c170_01.jpg,0.9770467085231329,1.0,0.946948954529009,0.9694266541486467,0.03243489872145433,0.002337144727330376,1.0,1.0
deberta_v3_base_mean_pool,vehicle,vehicle::query_images::20272_c102_00.jpg,llm_attribute_list,information_reduced,0.8731959234706351,37,49,5,-0.003936252181689137,0.8,vehicle::train_images::04922_c023_01.jpg,0.9348419545103611,0.2653061224489796,0.8892522997206767,0.9299434759559536,-0.016056376250041526,-0.06164603103972599,0.0,0.02702702702702703
deberta_v3_base_mean_pool,vehicle,vehicle::query_images::20272_c102_00.jpg,llm_distinctive_first,information_reduced,0.9773388221584185,2,49,5,-0.004192355202498832,0.8,vehicle::gallery_images::20762_c156_00.jpg,0.9815311773609173,0.9795918367346939,0.9602286947935724,0.9759933826427535,0.017110127364846073,-0.004192355202498832,0.0,0.5
deberta_v3_base_mean_pool,vehicle,vehicle::gallery_images::20591_c110_03.jpg,llm_attribute_list,information_reduced,0.9708641135335805,6,49,5,-0.0001721889237357166,0.8,vehicle::train_images::10529_c003_02.jpg,0.9774834519876131,0.8979591836734694,0.9564880116900262,0.9725307805266822,0.014376101843554312,-0.0066193384540326194,0.0,0.16666666666666666
deberta_v3_base_mean_pool,vehicle,vehicle::gallery_images::20591_c110_03.jpg,llm_distinctive_first,information_reduced,0.9809108880412736,10,49,5,-0.0069373330511073306,0.4,vehicle::query_images::21112_c079_00.jpg,0.9878482210923809,0.8163265306122449,0.969462247351305,0.9843235564853307,0.011448640689968537,-0.0069373330511073306,0.0,0.1
deberta_v3_base_mean_pool,vehicle,vehicle::gallery_images::20535_c170_02.jpg,llm_attribute_list,information_reduced,0.9301444093229784,15,49,5,0.0019473394743420025,1.0,vehicle::train_images::18263_c110_02.jpg,0.9598021077903095,0.7142857142857143,0.9152775763954477,0.9513274249748317,0.01486683292753066,-0.02965769846733113,0.0,0.06666666666666667
deberta_v3_base_mean_pool,vehicle,vehicle::gallery_images::20535_c170_02.jpg,llm_distinctive_first,information_reduced,0.9777255703092357,1,49,5,0.0006382997980390881,1.0,vehicle::gallery_images::20762_c156_00.jpg,0.9770872705111966,1.0,0.948654127902244,0.9660590630168633,0.029071442406991665,0.0006382997980390881,1.0,1.0
deberta_v3_base_mean_pool,vehicle,vehicle::gallery_images::20877_c110_00.jpg,llm_attribute_list,information_reduced,0.9669603125951485,10,49,5,-0.014322945027319567,0.2,vehicle::train_images::02440_c090_02.jpg,0.981283257622468,0.8163265306122449,0.9598651952583057,0.9730011308885813,0.00709511733684276,-0.014322945027319567,0.0,0.1
deberta_v3_base_mean_pool,vehicle,vehicle::gallery_images::20877_c110_00.jpg,llm_distinctive_first,information_reduced,0.9720364190977684,1,49,5,0.028921444897395565,1.0,vehicle::train_images::09221_c139_03.jpg,0.9548814818001106,1.0,0.9189965967745601,0.9386121222437601,0.05303982232320825,0.017154937297657824,1.0,1.0
deberta_v3_base_mean_pool,vehicle,vehicle::gallery_images::20159_c003_00.jpg,llm_attribute_list,information_reduced,0.9561468211326072,15,49,5,-0.005613391401135481,0.8,vehicle::train_images::02440_c090_02.jpg,0.9680144842627931,0.7142857142857143,0.9453451473540327,0.9641906713261988,0.010801673778574439,-0.011867663130185946,0.0,0.06666666666666667
deberta_v3_base_mean_pool,vehicle,vehicle::gallery_images::20159_c003_00.jpg,llm_distinctive_first,information_reduced,0.987896257354086,2,49,5,0.002855869674593836,1.0,vehicle::train_images::19057_c170_04.jpg,0.988058652443095,0.9795918367346939,0.9673283202052744,0.984654439854074,0.020567937148811666,-0.00016239508900894872,0.0,0.5
deberta_v3_base_mean_pool,vehicle,vehicle::gallery_images::21199_c014_04.jpg,llm_attribute_list,information_reduced,0.9689675569120679,5,49,5,-0.005634646697426859,0.8,vehicle::train_images::10529_c003_02.jpg,0.9746022036094948,0.9183673469387755,0.9570659343555352,0.970807914748476,0.01190162255653271,-0.005634646697426859,0.0,0.2
deberta_v3_base_mean_pool,vehicle,vehicle::gallery_images::21199_c014_04.jpg,llm_distinctive_first,information_reduced,0.9856013112202323,2,49,5,-0.00220069052906513,0.8,vehicle::gallery_images::20762_c156_00.jpg,0.9878020017492974,0.9795918367346939,0.9640720052824036,0.9804799898638176,0.021529305937828758,-0.00220069052906513,0.0,0.5
deberta_v3_base_mean_pool,vehicle,vehicle::gallery_images::20762_c156_00.jpg,llm_attribute_list,information_reduced,0.9522816844803726,18,49,5,-0.007372972520897303,0.2,vehicle::train_images::04922_c023_01.jpg,0.9682055544930843,0.6530612244897959,0.9432605753930694,0.9661837557693271,0.009021109087303247,-0.01592387001271167,0.0,0.05555555555555555
deberta_v3_base_mean_pool,vehicle,vehicle::gallery_images::20762_c156_00.jpg,llm_distinctive_first,information_reduced,0.984855613229894,1,49,5,0.007468021566795713,1.0,vehicle::train_images::13608_c139_04.jpg,0.9773875916630983,1.0,0.9508325464231991,0.9663651245367182,0.03402306680669487,0.007468021566795713,1.0,1.0
deberta_v3_base_mean_pool,vehicle,vehicle::gallery_images::20070_c017_01.jpg,llm_attribute_list,information_reduced,0.9849553767733994,1,49,5,0.0037491295014472348,1.0,vehicle::train_images::13184_c012_02.jpg,0.9832479325971873,1.0,0.9665448072926652,0.9798969208477638,0.018410569480734162,0.0017074441762120474,1.0,1.0
deberta_v3_base_mean_pool,vehicle,vehicle::gallery_images::20070_c017_01.jpg,llm_distinctive_first,information_reduced,0.9898709450873937,1,49,5,0.0037844237525668234,1.0,vehicle::gallery_images::20559_c170_01.jpg,0.9860865213348269,1.0,0.958010778461414,0.9810537002980722,0.03186016662597968,0.0037844237525668234,1.0,1.0
deberta_v3_base_mean_pool,vehicle,vehicle::gallery_images::21216_c003_04.jpg,llm_attribute_list,information_reduced,0.9798545522783504,1,49,5,0.008244193881190798,1.0,vehicle::train_images::12849_c170_02.jpg,0.9716103583971596,1.0,0.9463498770197077,0.9663500784507532,0.03350467525864265,0.008244193881190798,1.0,1.0
deberta_v3_base_mean_pool,vehicle,vehicle::gallery_images::21216_c003_04.jpg,llm_distinctive_first,information_reduced,0.9715685804375336,1,49,5,0.018607388555753168,1.0,vehicle::train_images::10839_c110_00.jpg,0.9529611918817804,1.0,0.9296765762266065,0.9503065909894299,0.04189200421092709,0.018607388555753168,1.0,1.0
deberta_v3_base_mean_pool,vehicle,vehicle::gallery_images::20559_c170_01.jpg,llm_attribute_list,information_reduced,0.9616092411525248,10,49,5,-0.009796924870856816,0.2,vehicle::train_images::13184_c012_02.jpg,0.9714061660233816,0.8163265306122449,0.9517515851337557,0.966786160240107,0.00985765601876909,-0.009796924870856816,0.0,0.1
deberta_v3_base_mean_pool,vehicle,vehicle::gallery_images::20559_c170_01.jpg,llm_distinctive_first,information_reduced,0.9890110350672361,1,49,5,0.016140095537230947,1.0,vehicle::train_images::19057_c170_04.jpg,0.9728709395300051,1.0,0.940587413547995,0.9697859857688138,0.04842362151924107,0.016140095537230947,1.0,1.0
deberta_v3_base_mean_pool,vehicle,vehicle::gallery_images::20401_c023_03.jpg,llm_attribute_list,information_reduced,0.9443532104901368,9,49,5,-0.0032565242202807765,0.6,vehicle::train_images::02440_c090_02.jpg,0.9563497092372877,0.8367346938775511,0.9150699142866481,0.9504434074060681,0.029283296203488685,-0.011996498747150919,0.0,0.1111111111111111
deberta_v3_base_mean_pool,vehicle,vehicle::gallery_images::20401_c023_03.jpg,llm_distinctive_first,information_reduced,0.98818723173187,1,49,5,0.009186301594947488,1.0,vehicle::query_images::20949_c003_01.jpg,0.9790342580270135,1.0,0.9636276054980805,0.9777619859142376,0.02455962623378949,0.00915297370485646,1.0,1.0
deberta_v3_base_mean_pool,face,face::train::170623.jpg,llm_attribute_list,information_reduced,0.9905600523782604,2,49,5,0.0023836723733827725,1.0,face::train::065762.jpg,0.990683815103423,0.9795918367346939,0.98061012526848,0.9876985760200258,0.009949927109780377,-0.00012376272516256837,0.0,0.5
deberta_v3_base_mean_pool,face,face::train::170623.jpg,llm_distinctive_first,information_reduced,0.9881882432575777,39,49,5,-0.005158710157794344,0.0,face::train::008309.jpg,0.9943624532178486,0.22448979591836735,0.9912586101169583,0.9940909269428762,-0.0030703668593805578,-0.006174209960270849,0.0,0.02564102564102564
deberta_v3_base_mean_pool,face,face::train::081413.jpg,llm_attribute_list,information_reduced,0.9885508566936526,15,49,5,-0.0015769179947001666,0.6,face::train::149220.jpg,0.9919227374831847,0.7142857142857143,0.987939084764317,0.9909286563296946,0.0006117719293355917,-0.0033718807895321,0.0,0.06666666666666667
deberta_v3_base_mean_pool,face,face::train::081413.jpg,llm_distinctive_first,information_reduced,0.9941166052667505,1,49,5,0.0017360352035850068,1.0,face::train::090489.jpg,0.9923805700631655,1.0,0.9866951885221825,0.9906695867104437,0.007421416744567977,0.0017360352035850068,1.0,1.0
deberta_v3_base_mean_pool,face,face::train::137722.jpg,llm_attribute_list,information_reduced,0.9827137296255706,16,49,5,0.001203190723871539,1.0,face::train::170623.jpg,0.9883329627593955,0.6938775510204082,0.9810661343550008,0.9872515866948672,0.0016475952705697905,-0.005619233133824952,0.0,0.0625
deberta_v3_base_mean_pool,face,face::train::137722.jpg,llm_distinctive_first,information_reduced,0.9802255290197088,16,49,5,-0.0013447997103029907,0.6,face::train::042973.jpg,0.9849638309623437,0.6938775510204082,0.9764758799522942,0.9832321126414861,0.0037496490674145955,-0.004738301942634915,0.0,0.0625
deberta_v3_base_mean_pool,face,face::train::071174.jpg,llm_attribute_list,information_reduced,0.9779531781757814,23,49,5,-0.0026956262147194154,0.6,face::train::170623.jpg,0.9855682614047081,0.5510204081632653,0.9776946505357101,0.9831365742186645,0.00025852764007128215,-0.007615083228926678,0.0,0.043478260869565216
deberta_v3_base_mean_pool,face,face::train::071174.jpg,llm_distinctive_first,information_reduced,0.9916672397822711,13,49,5,-0.0008758115475105965,0.6,face::train::025692.jpg,0.9937675205332432,0.7551020408163265,0.9899973130612773,0.9930157053835788,0.001669926720993864,-0.0021002807509721277,0.0,0.07692307692307693
deberta_v3_base_mean_pool,face,face::train::166091.jpg,llm_attribute_list,information_reduced,0.9834273945175617,38,49,5,-0.0025695964720685582,0.2,face::train::082954.jpg,0.9907960698687747,0.24489795918367346,0.985733340394936,0.9895869230229336,-0.0023059458773743158,-0.007368675351212994,0.0,0.02631578947368421
deberta_v3_base_mean_pool,face,face::train::166091.jpg,llm_distinctive_first,information_reduced,0.9745089236336936,34,49,5,-0.005759682218827389,0.6,face::test::196777.jpg,0.9875597535099876,0.32653061224489793,0.9790351427463763,0.9866184598202161,-0.0045262191126826945,-0.013050829876294023,0.0,0.029411764705882353
deberta_v3_base_mean_pool,face,face::train::157804.jpg,llm_attribute_list,information_reduced,0.9872348098481338,28,49,5,-0.0028733893310566305,0.0,face::train::082954.jpg,0.99292355336452,0.4489795918367347,0.987632525733323,0.9922655579360502,-0.0003977158851892204,-0.005688743516386152,0.0,0.03571428571428571
deberta_v3_base_mean_pool,face,face::train::157804.jpg,llm_distinctive_first,information_reduced,0.985835673352724,1,49,5,0.0013227552951722288,1.0,face::train::042973.jpg,0.9848717795440812,1.0,0.9771133242990144,0.9840097285598153,0.00872234905370961,0.0009638938086428128,1.0,1.0
deberta_v3_base_mean_pool,face,face::train::091980.jpg,llm_attribute_list,information_reduced,0.9875212966121253,12,49,5,-0.001143296860181997,0.2,face::train::082954.jpg,0.9903202466248101,0.7755102040816326,0.9838946572151668,0.9887728269912877,0.0036266393969585087,-0.00279895001268482,0.0,0.08333333333333333
deberta_v3_base_mean_pool,face,face::train::091980.jpg,llm_distinctive_first,information_reduced,0.9930312846952727,1,49,5,0.0011226458167350462,1.0,face::train::042973.jpg,0.9929673095754731,1.0,0.9875216699031992,0.9918250263694883,0.005509614792073458,6.397511979960857e-05,1.0,1.0
deberta_v3_base_mean_pool,face,face::train::121281.jpg,llm_attribute_list,information_reduced,0.9764611839040725,34,49,5,-0.0021369882063535517,0.6,face::train::138886.jpg,0.9872389596189967,0.32653061224489793,0.9790405879700801,0.9851148151947673,-0.00257940406600754,-0.01077777571492411,0.0,0.029411764705882353
deberta_v3_base_mean_pool,face,face::train::121281.jpg,llm_distinctive_first,information_reduced,0.9868159576415723,27,49,5,-0.001562647722672228,0.4,face::train::157804.jpg,0.9914829785786601,0.46938775510204084,0.9870549826176989,0.9907498609208063,-0.00023902497612660056,-0.004667020937087818,0.0,0.037037037037037035
deberta_v3_base_mean_pool,face,face::train::114832.jpg,llm_attribute_list,information_reduced,0.9868706001455613,5,49,5,-0.000491800588441671,0.8,face::train::026996.jpg,0.9875971209176202,0.9183673469387755,0.9795476715033451,0.9871855187291428,0.0073229286422161755,-0.0007265207720589251,0.0,0.2
deberta_v3_base_mean_pool,face,face::train::114832.jpg,llm_distinctive_first,information_reduced,0.9882600692206959,7,49,5,0.001828684528135116,1.0,face::train::141457.jpg,0.9919260994385006,0.8775510204081632,0.9837375745335103,0.9889482676317918,0.004522494687185574,-0.003666030217804761,0.0,0.14285714285714285
deberta_v3_base_mean_pool,face,face::train::090489.jpg,llm_attribute_list,information_reduced,0.9635292328712733,33,49,5,-0.005895097521714354,0.2,face::train::089537.jpg,0.973055860568995,0.3469387755102041,0.9661957291756357,0.9708581321472357,-0.0026664963043623313,-0.009526627697721612,0.0,0.030303030303030304
deberta_v3_base_mean_pool,face,face::train::090489.jpg,llm_distinctive_first,information_reduced,0.9730452942549827,13,49,5,-0.001330723738960371,0.6,face::train::091980.jpg,0.9845194969112799,0.7551020408163265,0.9688697789456098,0.9802396379274722,0.004175515309372879,-0.011474202656297283,0.0,0.07692307692307693
deberta_v3_base_mean_pool,face,face::train::008309.jpg,llm_attribute_list,information_reduced,0.9880776861914544,10,49,5,-0.00065957020163665,0.6,face::train::149220.jpg,0.990136814712185,0.8163265306122449,0.9858516991748761,0.9896491479736785,0.002225987016578279,-0.0020591285207305354,0.0,0.1
deberta_v3_base_mean_pool,face,face::train::008309.jpg,llm_distinctive_first,information_reduced,0.9773126942239625,4,49,5,0.0013697402378672896,1.0,face::train::141457.jpg,0.9789264182489104,0.9387755102040817,0.9713071909721485,0.9772033604119292,0.006005503251814037,-0.0016137240249478602,0.0,0.25
deberta_v3_base_mean_pool,face,face::train::129132.jpg,llm_attribute_list,information_reduced,0.9881592117237454,12,49,5,0.0005633611034034924,1.0,face::train::089537.jpg,0.9930912504754461,0.7755102040816326,0.9848833584040155,0.9906090832277311,0.0032758533197299045,-0.004932038751700674,0.0,0.08333333333333333
deberta_v3_base_mean_pool,face,face::train::129132.jpg,llm_distinctive_first,information_reduced,0.973566163225801,24,49,5,-0.00429525625011451,0.0,face::train::091980.jpg,0.9832136419674145,0.5306122448979592,0.9727037777408483,0.9817781519933032,0.0008623854849527657,-0.009647478741613424,0.0,0.041666666666666664
deberta_v3_base_mean_pool,face,face::train::053065.jpg,llm_attribute_list,information_reduced,0.985424520486557,22,49,5,-0.0014500840733718823,0.8,face::train::170623.jpg,0.9906069867908863,0.5714285714285714,0.9847619339363078,0.9894909567278982,0.0006625865502492001,-0.005182466304329281,0.0,0.045454545454545456
deberta_v3_base_mean_pool,face,face::train::053065.jpg,llm_distinctive_first,information_reduced,0.9798894705563932,34,49,5,-0.003784409928483834,0.4,face::train::157804.jpg,0.9900026056352681,0.32653061224489793,0.9835172498941682,0.9879172847142422,-0.003627779337775028,-0.010113135078874902,0.0,0.029411764705882353
deberta_v3_base_mean_pool,face,face::train::143554.jpg,llm_attribute_list,information_reduced,0.9811322175584088,37,49,5,-0.006576626565924726,0.8,face::train::082954.jpg,0.9877470764741898,0.2653061224489796,0.9832121932714729,0.9861571513329846,-0.002079975713064064,-0.006614858915780952,0.0,0.02702702702702703
deberta_v3_base_mean_pool,face,face::train::143554.jpg,llm_distinctive_first,information_reduced,0.9709727166178783,42,49,5,-0.008181070965663784,0.8,face::train::157804.jpg,0.9869130593122976,0.16326530612244897,0.9797161479055139,0.9857208266343249,-0.00874343128763555,-0.01594034269441924,0.0,0.023809523809523808
deberta_v3_base_mean_pool,face,face::train::178182.jpg,llm_attribute_list,information_reduced,0.9931711947015442,1,49,5,0.0009966826316135657,1.0,face::train::060555.jpg,0.9921745120699307,1.0,0.9878905615704843,0.9920687149445842,0.005280633131059975,0.0009966826316135657,1.0,1.0
deberta_v3_base_mean_pool,face,face::train::178182.jpg,llm_distinctive_first,information_reduced,0.9913609048962987,3,49,5,0.0010684722060112506,1.0,face::train::025692.jpg,0.9925957973288542,0.9591836734693877,0.9874265848966988,0.9911006500171722,0.003934319999599922,-0.0012348924325554789,0.0,0.3333333333333333
deberta_v3_base_mean_pool,face,face::train::063618.jpg,llm_attribute_list,information_reduced,0.9863738277200651,23,49,5,-0.0018812241564893917,0.8,face::train::150659.jpg,0.9931396025787836,0.5510204081632653,0.9859727017506829,0.9923964436136316,0.0004011259693822433,-0.006765774858718543,0.0,0.043478260869565216
deberta_v3_base_mean_pool,face,face::train::063618.jpg,llm_distinctive_first,information_reduced,0.9918417616353216,11,49,5,-0.0004094656921905804,0.6,face::test::196611.jpg,0.9946774461305373,0.7959183673469388,0.9897106296277896,0.9934278731192936,0.0021311320075320106,-0.0028356844952157623,0.0,0.09090909090909091
deberta_v3_base_mean_pool,face,face::train::089537.jpg,llm_attribute_list,information_reduced,0.9670798102737568,17,49,5,0.005964300353516583,1.0,face::train::138886.jpg,0.9819716824041114,0.673469387755102,0.962401047232887,0.9765346647327199,0.004678763040869782,-0.014891872130354589,0.0,0.058823529411764705
deberta_v3_base_mean_pool,face,face::train::089537.jpg,llm_distinctive_first,information_reduced,0.9473639107534406,48,49,5,-0.01220691868768431,0.2,face::test::196777.jpg,0.9875004945846928,0.04081632653061224,0.9716690937803484,0.9840078541457115,-0.024305183026907762,-0.04013658383125218,0.0,0.020833333333333332
deberta_v3_base_mean_pool,face,face::train::065762.jpg,llm_attribute_list,information_reduced,0.9884245918317291,3,49,5,-0.00032972110205176097,0.8,face::train::026996.jpg,0.9887543129337809,0.9591836734693877,0.9793383548269956,0.9867174429732865,0.009086237004733544,-0.00032972110205176097,0.0,0.3333333333333333
deberta_v3_base_mean_pool,face,face::train::065762.jpg,llm_distinctive_first,information_reduced,0.9784742246731483,46,49,5,-0.007034041352690701,0.2,face::train::141457.jpg,0.991779926013195,0.08163265306122448,0.9852112337272407,0.9896062299794245,-0.006737009054092469,-0.013305701340046716,0.0,0.021739130434782608
deberta_v3_base_mean_pool,face,face::train::168471.jpg,llm_attribute_list,information_reduced,0.9925583195634609,2,49,5,-0.0004286988393965574,0.8,face::train::026996.jpg,0.9929870184028574,0.9795918367346939,0.9841231067551901,0.9910053776304802,0.008435212808270753,-0.0004286988393965574,0.0,0.5
deberta_v3_base_mean_pool,face,face::train::168471.jpg,llm_distinctive_first,information_reduced,0.9783421850158412,11,49,5,-0.002147928148178768,0.8,face::train::091980.jpg,0.9881194756210057,0.7959183673469388,0.9734360230939512,0.9856261839687585,0.004906161921890084,-0.009777290605164413,0.0,0.09090909090909091
deberta_v3_base_mean_pool,face,face::train::101485.jpg,llm_attribute_list,information_reduced,0.968489160776794,47,49,5,-0.003924847116904551,0.4,face::train::082954.jpg,0.9841266458422945,0.061224489795918366,0.9775018943835735,0.9825585326965146,-0.009012733606779455,-0.015637485065500445,0.0,0.02127659574468085
deberta_v3_base_mean_pool,face,face::train::101485.jpg,llm_distinctive_first,information_reduced,0.9835714182505884,30,49,5,-0.005124092924517876,0.8,face::train::157804.jpg,0.990221407560882,0.40816326530612246,0.9844800385428628,0.9897368558807962,-0.0009086202922744535,-0.006649989310293591,0.0,0.03333333333333333
deberta_v3_base_mean_pool,face,face::train::023736.jpg,llm_attribute_list,information_reduced,0.9902708176707871,7,49,5,-0.0015801303475401207,0.6,face::train::026996.jpg,0.9919457833034078,0.8775510204081632,0.9867377896227589,0.9913584469447467,0.0035330280480281306,-0.0016749656326207063,0.0,0.14285714285714285
deberta_v3_base_mean_pool,face,face::train::023736.jpg,llm_distinctive_first,information_reduced,0.9827153542065838,15,49,5,-0.0015608226718200058,0.6,face::train::091980.jpg,0.9884932034276315,0.7142857142857143,0.977882076944341,0.9871814728318434,0.004833277262242808,-0.005777849221047626,0.0,0.06666666666666667
deberta_v3_base_mean_pool,face,face::train::063708.jpg,llm_attribute_list,information_reduced,0.9842279962233691,15,49,5,-0.002126786506896239,0.8,face::train::082954.jpg,0.988152165416119,0.7142857142857143,0.9804690651901773,0.9868857925115959,0.0037589310331918036,-0.00392416919274996,0.0,0.06666666666666667
deberta_v3_base_mean_pool,face,face::train::063708.jpg,llm_distinctive_first,information_reduced,0.9905907946206014,5,49,5,-0.0006460153233354138,0.8,face::train::042973.jpg,0.9921344064688175,0.9183673469387755,0.9869043013785229,0.9910686484944237,0.0036864932420784813,-0.0015436118482160532,0.0,0.2
deberta_v3_base_mean_pool,face,face::train::138886.jpg,llm_attribute_list,information_reduced,0.9844157644828148,33,49,5,-0.005175579726351076,0.2,face::train::082954.jpg,0.9908033329916349,0.3469387755102041,0.9864978786183723,0.9901835111697938,-0.002082114135557589,-0.006387568508820163,0.0,0.030303030303030304
deberta_v3_base_mean_pool,face,face::train::138886.jpg,llm_distinctive_first,information_reduced,0.9726737726198534,49,49,5,-0.014045175593808357,0.2,face::train::042973.jpg,0.9911444014949338,0.02040816326530612,0.984669778211325,0.9897633908028843,-0.011996005591471515,-0.01847062887508033,0.0,0.02040816326530612
deberta_v3_base_mean_pool,face,face::train::149220.jpg,llm_attribute_list,information_reduced,0.9882754993287578,8,49,5,0.0027025796142797764,1.0,face::train::170623.jpg,0.9901509367295552,0.8571428571428571,0.9849739965288618,0.9892198460971039,0.00330150279989605,-0.0018754374007974306,0.0,0.125
deberta_v3_base_mean_pool,face,face::train::149220.jpg,llm_distinctive_first,information_reduced,0.9759875373815031,33,49,5,-0.00435811500142258,0.4,face::test::196777.jpg,0.990169945532452,0.3469387755102041,0.9803456523829257,0.9879969286550991,-0.00435811500142258,-0.014182408150948844,0.0,0.030303030303030304
deberta_v3_base_mean_pool,face,face::train::060309.jpg,llm_attribute_list,information_reduced,0.9807008932070069,18,49,5,-0.001067442467366564,0.8,face::train::170623.jpg,0.9841019898922346,0.6530612244897959,0.9800332397512481,0.9838523848665945,0.0006676534557588099,-0.0034010966852277003,0.0,0.05555555555555555
deberta_v3_base_mean_pool,face,face::train::060309.jpg,llm_distinctive_first,information_reduced,0.9844071456190902,8,49,5,-0.001444105626644543,0.8,face::train::141457.jpg,0.9895938262461471,0.8571428571428571,0.9802458782628924,0.9856913479925179,0.0041612673561977065,-0.005186680627056961,0.0,0.125
deberta_v3_base_mean_pool,face,face::train::025692.jpg,llm_attribute_list,information_reduced,0.9853873903031212,3,49,5,-0.000998777114042504,0.8,face::train::138886.jpg,0.9869085228675798,0.9591836734693877,0.9769351718761907,0.9847601255995494,0.008452218426930447,-0.001521132564458627,0.0,0.3333333333333333
deberta_v3_base_mean_pool,face,face::train::025692.jpg,llm_distinctive_first,information_reduced,0.9890968428222603,2,49,5,0.001531624446530655,1.0,face::train::091980.jpg,0.9908405519170539,0.9795918367346939,0.982505564875518,0.9881213938631362,0.006591277946742302,-0.0017437090947935996,0.0,0.5
deberta_v3_base_mean_pool,face,face::train::060555.jpg,llm_attribute_list,information_reduced,0.9884320659985518,4,49,5,0.00034283211304908523,1.0,face::train::138886.jpg,0.9907956682746285,0.9387755102040817,0.9803497580659913,0.9885281723527675,0.008082307932560484,-0.0023636022760766817,0.0,0.25
deberta_v3_base_mean_pool,face,face::train::060555.jpg,llm_distinctive_first,information_reduced,0.9713351570517155,17,49,5,-0.0045222643533573414,0.4,face::train::091980.jpg,0.9829870101805307,0.673469387755102,0.9658994348637742,0.9799491766911128,0.005435722187941305,-0.011651853128815226,0.0,0.058823529411764705
deberta_v3_base_mean_pool,face,face::train::150659.jpg,llm_attribute_list,information_reduced,0.9732418625557194,40,49,5,-0.006679778480207954,0.6,face::train::138886.jpg,0.9877853620129968,0.20408163265306123,0.9765590809396214,0.9859479174441318,-0.0033172183839019764,-0.014543499457277398,0.0,0.025
deberta_v3_base_mean_pool,face,face::train::150659.jpg,llm_distinctive_first,information_reduced,0.9712883811734915,48,49,5,-0.0064753077075113685,0.4,face::train::091980.jpg,0.9912567532580632,0.04081632653061224,0.9846123806234682,0.9901339950585178,-0.013323999449976753,-0.019968372084571695,0.0,0.020833333333333332
deberta_v3_base_mean_pool,face,face::train::026996.jpg,llm_attribute_list,information_reduced,0.981600290965523,4,49,5,-0.0016117558540266197,0.8,face::train::138886.jpg,0.9849722345245862,0.9387755102040817,0.9677151041466718,0.9808394389482932,0.013885186818851203,-0.0033719435590631175,0.0,0.25
deberta_v3_base_mean_pool,face,face::train::026996.jpg,llm_distinctive_first,information_reduced,0.9825438843226801,40,49,5,-0.003737037415864064,0.4,face::train::008309.jpg,0.9912054983300411,0.20408163265306123,0.986749088210875,0.9903460745290052,-0.004205203888194897,-0.008661614007360985,0.0,0.025
deberta_v3_base_mean_pool,face,face::train::082954.jpg,llm_attribute_list,information_reduced,0.9879972175173315,1,49,5,0.0020093353403544123,1.0,face::train::026996.jpg,0.9878025889161369,1.0,0.978190574123256,0.986295046221769,0.009806643394075443,0.0001946286011945686,1.0,1.0
deberta_v3_base_mean_pool,face,face::train::082954.jpg,llm_distinctive_first,information_reduced,0.9890958830620946,3,49,5,0.0020093100375579986,1.0,face::train::091980.jpg,0.9909664619479962,0.9591836734693877,0.9823211013972439,0.9883587728786525,0.006774781664850682,-0.001870578885901586,0.0,0.3333333333333333
deberta_v3_base_mean_pool,face,face::train::042973.jpg,llm_attribute_list,information_reduced,0.984591265444382,22,49,5,-0.00503232232008588,0.4,face::train::082954.jpg,0.9904470591104746,0.5714285714285714,0.9840003377189066,0.9896101999403768,0.0005909277254754208,-0.005855793666092568,0.0,0.045454545454545456
deberta_v3_base_mean_pool,face,face::train::042973.jpg,llm_distinctive_first,information_reduced,0.9834402364918415,1,49,5,0.003732780016860282,1.0,face::train::091980.jpg,0.9817541788595229,1.0,0.9731700814252358,0.9809956194781632,0.01027015506660578,0.0016860576323186605,1.0,1.0
deberta_v3_base_mean_pool,face,face::train::092618.jpg,llm_attribute_list,information_reduced,0.9888363656750728,10,49,5,-3.567331052689582e-05,0.8,face::train::082954.jpg,0.9910631131057595,0.8163265306122449,0.984498120715307,0.9893574818934004,0.004338244959765869,-0.0022267474306866264,0.0,0.1
deberta_v3_base_mean_pool,face,face::train::092618.jpg,llm_distinctive_first,information_reduced,0.9742739257382956,5,49,5,0.0024816284837884117,1.0,face::train::091980.jpg,0.9808672484949358,0.9183673469387755,0.9618934356904536,0.9749844711733017,0.01238049004784203,-0.006593322756640152,0.0,0.2
deberta_v3_base_mean_pool,face,face::train::073196.jpg,llm_attribute_list,information_reduced,0.9854515736145786,36,49,5,-0.002359191671544192,0.6,face::train::026996.jpg,0.9933589804719156,0.2857142857142857,0.9871872272273389,0.9924956946331065,-0.0017356536127602906,-0.00790740685733704,0.0,0.027777777777777776
deberta_v3_base_mean_pool,face,face::train::073196.jpg,llm_distinctive_first,information_reduced,0.9758939613313502,50,49,5,-0.010164116037510329,0.0,face::train::141457.jpg,0.992589632204395,0.0,0.9865202293042828,0.9898839809687081,-0.010626267972932646,-0.0166956708730448,0.0,0.02
deberta_v3_base_mean_pool,face,face::train::178129.jpg,llm_attribute_list,information_reduced,0.9876053989824928,9,49,5,0.0011630117035309473,1.0,face::train::170623.jpg,0.9893911976572548,0.8367346938775511,0.9843878219107939,0.9889555927476653,0.003217577071698896,-0.0017857986747620291,0.0,0.1111111111111111
deberta_v3_base_mean_pool,face,face::train::178129.jpg,llm_distinctive_first,information_reduced,0.9905230638501781,7,49,5,-0.0012051877342954542,0.8,face::train::090489.jpg,0.9918601973294541,0.8775510204081632,0.9878458378299894,0.9917118064071271,0.0026772260201887166,-0.0013371334792759981,0.0,0.14285714285714285
deberta_v3_base_mean_pool,face,face::train::123459.jpg,llm_attribute_list,information_reduced,0.9842046004203445,32,49,5,-0.00042721850014448837,0.6,face::train::065762.jpg,0.9912110855752199,0.3673469387755102,0.9847253454953577,0.9896570328603405,-0.000520745075013207,-0.0070064851548753415,0.0,0.03125
deberta_v3_base_mean_pool,face,face::train::123459.jpg,llm_distinctive_first,information_reduced,0.9716269055300601,45,49,5,-0.0054819785636397445,0.4,face::train::042973.jpg,0.9888782259143971,0.10204081632653061,0.980938788217941,0.9878582766939915,-0.009311882687880857,-0.017251320384336966,0.0,0.022222222222222223
deberta_v3_base_mean_pool,face,face::train::088914.jpg,llm_attribute_list,information_reduced,0.9535933571325588,47,49,5,-0.00940251821268867,0.4,face::train::138886.jpg,0.9798479837368562,0.061224489795918366,0.9674321291357791,0.9760688280938029,-0.013838772003220368,-0.02625462660429745,0.0,0.02127659574468085
deberta_v3_base_mean_pool,face,face::train::088914.jpg,llm_distinctive_first,information_reduced,0.951494069629558,45,49,5,-0.007481115950034534,0.2,face::train::157804.jpg,0.9813164393914939,0.10204081632653061,0.9683191398709914,0.979115171914188,-0.016825070241433426,-0.029822369761935974,0.0,0.022222222222222223
deberta_v3_base_mean_pool,face,face::train::141457.jpg,llm_attribute_list,information_reduced,0.983943845137374,20,49,5,-0.0007372530204629024,0.6,face::train::082954.jpg,0.9888046747063245,0.6122448979591837,0.9825474575922079,0.9871797949976246,0.0013963875451661334,-0.004860829568950509,0.0,0.05
deberta_v3_base_mean_pool,face,face::train::141457.jpg,llm_distinctive_first,information_reduced,0.9769383651857071,6,49,5,0.002168531796703177,1.0,face::train::091980.jpg,0.9819881902628504,0.8979591836734694,0.9684780046207472,0.9786225919919704,0.008460360564959912,-0.005049825077143355,0.0,0.16666666666666666
deberta_v3_base_mean_pool,face,face::train::001042.jpg,llm_attribute_list,information_reduced,0.9853357704682018,10,49,5,-0.002813848560165866,0.4,face::train::082954.jpg,0.9881496190283676,0.8163265306122449,0.9819495860527238,0.9862689221752782,0.0033861844154779996,-0.002813848560165866,0.0,0.1
deberta_v3_base_mean_pool,face,face::train::001042.jpg,llm_distinctive_first,information_reduced,0.9832823074282652,4,49,5,0.00013743038320168655,1.0,face::train::091980.jpg,0.9853842684147012,0.9387755102040817,0.9758350247842128,0.9840239037189754,0.0074472826440523665,-0.0021019609864360023,0.0,0.25
deberta_v3_base_mean_pool,face,face::train::032580.jpg,llm_attribute_list,information_reduced,0.9742683795026028,44,49,5,-0.005343594556505682,0.4,face::train::170623.jpg,0.9869941453514122,0.12244897959183673,0.9807267355298034,0.9856935830223931,-0.0064583560272005736,-0.012725765848809356,0.0,0.022727272727272728
deberta_v3_base_mean_pool,face,face::train::032580.jpg,llm_distinctive_first,information_reduced,0.9903106415275559,11,49,5,-0.000717778064103114,0.4,face::train::081413.jpg,0.9938370920865482,0.7959183673469388,0.9873104297559554,0.9924168806785038,0.0030002117716004806,-0.0035264505589923667,0.0,0.09090909090909091
deberta_v3_base_mean_pool,face,face::train::109762.jpg,llm_attribute_list,information_reduced,0.9917349359266959,6,49,5,-0.0002520780284305246,0.8,face::train::065762.jpg,0.9941216253978433,0.8979591836734694,0.987325968073558,0.992694229713411,0.004408967853137935,-0.0023866894711473963,0.0,0.16666666666666666
deberta_v3_base_mean_pool,face,face::train::109762.jpg,llm_distinctive_first,information_reduced,0.9911480144484339,12,49,5,-0.0015305570934687207,0.8,face::train::063618.jpg,0.9932319224499806,0.7755102040816326,0.9891707440047394,0.99263446324625,0.0019772704436945565,-0.002083908001546675,0.0,0.08333333333333333
deberta_v3_base_mean_pool,face,face::test::189457.jpg,llm_attribute_list,information_reduced,0.9837958649894645,22,49,5,-0.0035243421669860497,0.2,face::train::082954.jpg,0.9896311057139933,0.5714285714285714,0.9825377895461961,0.9880748915668989,0.0012580754432683916,-0.00583524072452879,0.0,0.045454545454545456
deberta_v3_base_mean_pool,face,face::test::189457.jpg,llm_distinctive_first,information_reduced,0.9727365024827759,42,49,5,-0.007093232904793023,0.2,face::train::141457.jpg,0.986689168353915,0.16326530612244897,0.9790602373092685,0.9850321751312883,-0.006323734826492622,-0.01395266587113908,0.0,0.023809523809523808
deberta_v3_base_mean_pool,face,face::test::186223.jpg,llm_attribute_list,information_reduced,0.9927523554832337,2,49,5,0.0006655586481653097,1.0,face::train::065762.jpg,0.9941206782962388,0.9795918367346939,0.9861133548003975,0.9905202601195111,0.0066390006828361825,-0.0013683228130051406,0.0,0.5
deberta_v3_base_mean_pool,face,face::test::186223.jpg,llm_distinctive_first,information_reduced,0.9810801353321098,32,49,5,-0.0033702231329194587,0.4,face::train::141457.jpg,0.9899517398374843,0.3673469387755102,0.9830476890348421,0.9867800629118911,-0.001967553702732272,-0.008871604505374497,0.0,0.03125
deberta_v3_base_mean_pool,face,face::test::185812.jpg,llm_attribute_list,information_reduced,0.9780719841147596,43,49,5,-0.004928500436081729,0.8,face::train::026996.jpg,0.9912215595192112,0.14285714285714285,0.9842882793693501,0.9898544965065361,-0.006216295254590554,-0.013149575404451608,0.0,0.023255813953488372
deberta_v3_base_mean_pool,face,face::test::185812.jpg,llm_distinctive_first,information_reduced,0.956316213229794,42,49,5,-0.003194550303296184,0.8,face::train::157804.jpg,0.987718640499881,0.16326530612244897,0.9732405327267002,0.9848289576013579,-0.016924319496906204,-0.03140242727008702,0.0,0.023809523809523808
deberta_v3_base_mean_pool,face,face::test::189858.jpg,llm_attribute_list,information_reduced,0.9793743067802346,24,49,5,0.0007178407461276848,1.0,face::train::082954.jpg,0.98641433890855,0.5306122448979592,0.9785765168024589,0.9841318175916425,0.0007977899777756869,-0.007040032128315388,0.0,0.041666666666666664
deberta_v3_base_mean_pool,face,face::test::189858.jpg,llm_distinctive_first,information_reduced,0.9716487989434419,21,49,5,0.00012005253857405584,1.0,face::train::091980.jpg,0.9851722503373284,0.5918367346938775,0.9693987487999266,0.9809387517679515,0.002250050143515314,-0.013523451393886443,0.0,0.047619047619047616
deberta_v3_base_mean_pool,face,face::test::183801.jpg,llm_attribute_list,information_reduced,0.9734228808131025,23,49,5,-0.0007886389097822022,0.6,face::train::138886.jpg,0.9834197739198557,0.5510204081632653,0.9705315968220838,0.9802613817450839,0.0028912839910186783,-0.009996893106753224,0.0,0.043478260869565216
deberta_v3_base_mean_pool,face,face::test::183801.jpg,llm_distinctive_first,information_reduced,0.9848329161976502,17,49,5,-0.002341627236788324,0.6,face::train::091980.jpg,0.9927115735528199,0.673469387755102,0.9814284029186778,0.9900389360452821,0.0034045132789723986,-0.007878657355169683,0.0,0.058823529411764705
deberta_v3_base_mean_pool,face,face::test::188858.jpg,llm_attribute_list,information_reduced,0.9689238079318307,27,49,5,-0.0016955363984152427,0.8,face::train::138886.jpg,0.9861149967789465,0.46938775510204084,0.9702535759292559,0.9811322308421617,-0.0013297679974251242,-0.01719118884711579,0.0,0.037037037037037035
deberta_v3_base_mean_pool,face,face::test::188858.jpg,llm_distinctive_first,information_reduced,0.9903666178172481,28,49,5,-0.002823694166802726,0.6,face::test::196611.jpg,0.9949307006483095,0.4489795918367347,0.9906491686868792,0.993880592699398,-0.0002825508696311374,-0.004564082831061356,0.0,0.03571428571428571
deberta_v3_base_mean_pool,face,face::test::196777.jpg,llm_attribute_list,information_reduced,0.9857901337745392,20,49,5,-0.004055198452353581,0.2,face::train::026996.jpg,0.9909849013427965,0.6122448979591837,0.9840685283544073,0.9898368719946784,0.0017216054201318887,-0.005194767568257319,0.0,0.05
deberta_v3_base_mean_pool,face,face::test::196777.jpg,llm_distinctive_first,information_reduced,0.9885924508316163,18,49,5,-0.001425060669440703,0.8,face::train::081413.jpg,0.9936273944408854,0.6530612244897959,0.9876622287499166,0.9917107676649275,0.0009302220816996831,-0.005034943609269149,0.0,0.05555555555555555
deberta_v3_base_mean_pool,face,face::test::184003.jpg,llm_attribute_list,information_reduced,0.9846930414990533,2,49,5,-0.0019342878265242724,0.8,face::train::138886.jpg,0.9866273293255776,0.9795918367346939,0.9698346276236142,0.9821534934924697,0.01485841387543918,-0.0019342878265242724,0.0,0.5
deberta_v3_base_mean_pool,face,face::test::184003.jpg,llm_distinctive_first,information_reduced,0.9839306165892199,6,49,5,-0.005809545756720991,0.6,face::test::196777.jpg,0.9897401623459409,0.8979591836734694,0.9752033048524548,0.9863994621600457,0.008727311736765109,-0.005809545756720991,0.0,0.16666666666666666
deberta_v3_base_mean_pool,face,face::test::201409.jpg,llm_attribute_list,information_reduced,0.9842352765149909,3,49,5,0.002582592206384682,1.0,face::train::138886.jpg,0.9884349377793404,0.9591836734693877,0.973942046666891,0.9828815822148828,0.010293229848099883,-0.0041996612643495634,0.0,0.3333333333333333
deberta_v3_base_mean_pool,face,face::test::201409.jpg,llm_distinctive_first,information_reduced,0.9873909250614706,15,49,5,-0.002084840157814294,0.2,face::train::157804.jpg,0.9934942891626897,0.7142857142857143,0.9841083960076259,0.9915062781944363,0.0032825290538447405,-0.006103364101219033,0.0,0.06666666666666667
deberta_v3_base_mean_pool,face,face::test::196611.jpg,llm_attribute_list,information_reduced,0.971001735718507,32,49,5,-0.005292312027652013,0.2,face::train::170623.jpg,0.9802443905273543,0.3673469387755102,0.9736068900166988,0.9791466024269551,-0.0026051542981917475,-0.00924265480884734,0.0,0.03125
deberta_v3_base_mean_pool,face,face::test::196611.jpg,llm_distinctive_first,information_reduced,0.9722412114174008,12,49,5,-0.0022575961247678356,0.8,face::train::091980.jpg,0.9775866375933384,0.7755102040816326,0.9663857949448265,0.9753875002112528,0.005855416472574371,-0.005345426175937584,0.0,0.08333333333333333
deberta_v3_base_mean_pool,person,person::train::00197_4.png,control_synonym,semantic_preserving,0.9980150141200329,1,49,5,0.010925122983057478,1.0,person::gallery::26789_1.jpg,0.9870898911369754,1.0,0.9744166426364659,0.983767768499178,0.023598371483567027,0.010925122983057478,1.0,1.0
deberta_v3_base_mean_pool,person,person::train::00197_4.png,control_one_fact,semantic_changed,0.9992216858781304,1,49,5,0.010646441642847115,1.0,person::gallery::26789_1.jpg,0.9885752442352833,1.0,0.9741493194414571,0.9855709010934831,0.02507236643667332,0.010646441642847115,1.0,1.0
deberta_v3_base_mean_pool,person,person::query::26685_1.jpg,control_synonym,semantic_preserving,0.973142821403219,11,49,5,-0.0050817328228061065,0.8,person::train::06597_2.jpg,0.9867147121526445,0.7959183673469388,0.9545247257312197,0.9808321380215514,0.018618095671999235,-0.013571890749425553,0.0,0.09090909090909091
deberta_v3_base_mean_pool,person,person::query::26685_1.jpg,control_one_fact,semantic_changed,0.9748849509965345,12,49,5,-0.007434009607067749,0.8,person::train::06597_2.jpg,0.9900156449537825,0.7755102040816326,0.9599667587280218,0.9841058325210879,0.014918192268512653,-0.015130693957247976,0.0,0.08333333333333333
deberta_v3_base_mean_pool,person,person::gallery::26474_5.jpg,control_synonym,semantic_preserving,0.9744745597632385,15,49,5,-0.004247029104697431,0.8,person::train::00197_4.png,0.9868927739317885,0.7142857142857143,0.9658209048835954,0.9843191217667738,0.008653654879643091,-0.012418214168550046,0.0,0.06666666666666667
deberta_v3_base_mean_pool,person,person::gallery::26474_5.jpg,control_one_fact,semantic_changed,0.9784074664031622,13,49,5,-0.003374782282039468,0.8,person::train::10977_1.jpg,0.9884141328211754,0.7551020408163265,0.9693198678861198,0.9856192767234904,0.009087598517042439,-0.010006666418013177,0.0,0.07692307692307693
deberta_v3_base_mean_pool,person,person::train::03736_1.jpg,control_synonym,semantic_preserving,0.984357296539465,10,49,5,-0.0015833224768425636,0.8,person::train::00197_4.png,0.9892973480641333,0.8163265306122449,0.9761681397468774,0.9883637932736832,0.008189156792587582,-0.004940051524668254,0.0,0.1
deberta_v3_base_mean_pool,person,person::train::03736_1.jpg,control_one_fact,semantic_changed,0.9831374133583518,18,49,5,-0.002472697831463977,0.8,person::train::00197_4.png,0.9904255311551938,0.6530612244897959,0.9773531180140765,0.9885441025477583,0.00578429534427527,-0.00728811779684202,0.0,0.05555555555555555
deberta_v3_base_mean_pool,person,person::query::14604_1.png,control_one_fact,semantic_changed,0.9961724667869107,1,49,5,0.0075400554362270444,1.0,person::gallery::26474_5.jpg,0.9886324113506837,1.0,0.9794562821081394,0.9866639685663456,0.01671618467877134,0.0075400554362270444,1.0,1.0
deberta_v3_base_mean_pool,vehicle,vehicle::train_images::19666_c077_02.jpg,control_synonym,semantic_preserving,0.9816389795622898,1,49,5,0.004719383521408216,1.0,vehicle::gallery_images::20762_c156_00.jpg,0.9769195960408816,1.0,0.9608719464492704,0.9736810992425545,0.020767033113019417,0.004719383521408216,1.0,1.0
deberta_v3_base_mean_pool,vehicle,vehicle::train_images::19666_c077_02.jpg,control_one_fact,semantic_changed,0.9798630535039367,2,49,5,-0.0013114750156258959,0.8,vehicle::gallery_images::20762_c156_00.jpg,0.9811745285195625,0.9795918367346939,0.9567730814308895,0.9699647529002479,0.023089972073047194,-0.0013114750156258959,0.0,0.5
deberta_v3_base_mean_pool,vehicle,vehicle::query_images::20204_c041_01.jpg,control_synonym,semantic_preserving,0.974521901009768,5,49,5,-0.0018821734250394906,0.6,vehicle::train_images::06987_c051_04.jpg,0.9764040744348075,0.9183673469387755,0.959348910190021,0.9754479438772207,0.01517299081974699,-0.0018821734250394906,0.0,0.2
deberta_v3_base_mean_pool,vehicle,vehicle::query_images::20204_c041_01.jpg,control_one_fact,semantic_changed,0.976392960832699,2,49,5,-0.0013137568481788042,0.8,vehicle::train_images::06987_c051_04.jpg,0.9777067176808778,0.9795918367346939,0.951796796538752,0.9722896554593893,0.024596164293946954,-0.0013137568481788042,0.0,0.5
deberta_v3_base_mean_pool,vehicle,vehicle::gallery_images::20591_c110_03.jpg,control_synonym,semantic_preserving,0.9813186191372185,1,49,5,0.0017122618284064473,1.0,vehicle::train_images::08361_c094_04.jpg,0.9796063573088121,1.0,0.9606030326973001,0.9775402033106615,0.020715586439918443,0.0017122618284064473,1.0,1.0
deberta_v3_base_mean_pool,vehicle,vehicle::gallery_images::20591_c110_03.jpg,control_one_fact,semantic_changed,0.9779659374254797,1,49,5,0.003903944889384392,1.0,vehicle::gallery_images::20401_c023_03.jpg,0.9744008296436223,1.0,0.9548851411578348,0.9732718226507417,0.02308079626764481,0.0035651077818573684,1.0,1.0
deberta_v3_base_mean_pool,vehicle,vehicle::train_images::13184_c012_02.jpg,control_synonym,semantic_preserving,0.9873329404952901,1,49,5,0.0003004780164991283,1.0,vehicle::train_images::07345_c110_03.jpg,0.987032462478791,1.0,0.9634413604542655,0.9843116442965316,0.02389158004102454,0.0003004780164991283,1.0,1.0
deberta_v3_base_mean_pool,vehicle,vehicle::train_images::13184_c012_02.jpg,control_one_fact,semantic_changed,0.98448506554793,1,49,5,0.0005226968755382977,1.0,vehicle::train_images::07345_c110_03.jpg,0.9839623686723917,1.0,0.9613143587644191,0.9813170255024224,0.023170706783510964,0.0005226968755382977,1.0,1.0
deberta_v3_base_mean_pool,vehicle,vehicle::query_images::21022_c078_01.jpg,control_synonym,semantic_preserving,0.9494265680135924,42,49,5,-0.005831639172953262,0.4,vehicle::train_images::08361_c094_04.jpg,0.9734094302561291,0.16326530612244897,0.9604467157847214,0.9728778324034616,-0.01102014777112903,-0.023982862242536762,0.0,0.023809523809523808
deberta_v3_base_mean_pool,vehicle,vehicle::query_images::21022_c078_01.jpg,control_one_fact,semantic_changed,0.9631051150455101,24,49,5,-0.00458637472460266,0.4,vehicle::train_images::07345_c110_03.jpg,0.9747630354144965,0.5306122448979592,0.9629296829414911,0.9709733476058771,0.00017543210401904652,-0.011657920368986385,0.0,0.041666666666666664
deberta_v3_base_mean_pool,face,face::train::170623.jpg,control_synonym,semantic_preserving,0.9581116282525609,35,49,5,-0.008006242738915925,0.0,face::train::091980.jpg,0.9748631933614983,0.30612244897959184,0.9619455365641087,0.9714689017018003,-0.00383390831154784,-0.016751565108937383,0.0,0.02857142857142857
deberta_v3_base_mean_pool,face,face::train::170623.jpg,control_one_fact,semantic_changed,0.958644629709624,37,49,5,-0.008421273893837178,0.0,face::train::091980.jpg,0.9751385537317382,0.2653061224489796,0.9639017897840513,0.9727076573715318,-0.005257160074427225,-0.016493924022114137,0.0,0.02702702702702703
deberta_v3_base_mean_pool,face,face::test::189457.jpg,control_one_fact,semantic_changed,0.9652050640599708,38,49,5,-0.007553338768506723,0.4,face::train::141457.jpg,0.9806373772135348,0.24489795918367346,0.9715626711761493,0.978448010529836,-0.006357607116178499,-0.015432313153564081,0.0,0.02631578947368421
deberta_v3_base_mean_pool,face,face::train::081413.jpg,control_one_fact,semantic_changed,0.9493365541491818,7,49,5,-0.002111744095944612,0.8,face::train::141457.jpg,0.955569760514608,0.8775510204081632,0.9398417373289573,0.9523265466863674,0.009494816820224572,-0.006233206365426125,0.0,0.14285714285714285
deberta_v3_base_mean_pool,face,face::test::186223.jpg,control_synonym,semantic_preserving,0.9272174298759905,39,49,5,-0.011804817556664293,0.6,face::train::091980.jpg,0.958307744471969,0.22448979591836735,0.9389014613354132,0.9519455999121214,-0.01168403145942265,-0.03109031459597844,0.0,0.02564102564102564
deberta_v3_base_mean_pool,face,face::test::186223.jpg,control_one_fact,semantic_changed,0.9246590386885603,39,49,5,-0.01202055565457294,0.6,face::train::091980.jpg,0.9565191290927102,0.22448979591836735,0.9366795943431332,0.9503861464620232,-0.01202055565457294,-0.03186009040414994,0.0,0.02564102564102564
deberta_v3_base_mean_pool,face,face::train::137722.jpg,control_synonym,semantic_preserving,0.9594407997366957,9,49,5,-0.0032558788467084154,0.6,face::train::141457.jpg,0.9630366977920403,0.8367346938775511,0.953609828356823,0.9620047760511098,0.0058309713798727625,-0.0035958980553445485,0.0,0.1111111111111111
deberta_v3_base_mean_pool,face,face::train::137722.jpg,control_one_fact,semantic_changed,0.9592959226640021,14,49,5,-0.00369910241767768,0.4,face::train::141457.jpg,0.9651045572501987,0.7346938775510204,0.9543662052217541,0.9624383744612087,0.004929717442248016,-0.005808634586196626,0.0,0.07142857142857142
deberta_v3_base_mean_pool,person,person::train::06597_2.jpg,control_synonym,semantic_preserving,0.9955603095309595,1,49,5,0.005671812427566869,1.0,person::query::26943_3.jpg,0.9898884971033927,1.0,0.9592582602133544,0.9827133808631225,0.03630204931760517,0.005671812427566869,1.0,1.0
deberta_v3_base_mean_pool,person,person::train::10977_1.jpg,control_synonym,semantic_preserving,0.990604779697439,1,49,5,0.006224288718872484,1.0,person::train::00197_4.png,0.9875552599279502,1.0,0.976185702090525,0.9847384903183063,0.014419077606913966,0.003049519769488751,1.0,1.0
deberta_v3_base_mean_pool,person,person::train::10977_1.jpg,control_one_fact,semantic_changed,0.9905794476195318,2,49,5,0.0022383671194456944,1.0,person::train::00197_4.png,0.9913397577894452,0.9795918367346939,0.9728483118308646,0.9884545062519355,0.01773113578866714,-0.0007603101699134029,0.0,0.5
deberta_v3_base_mean_pool,person,person::train::12050_5.jpg,control_synonym,semantic_preserving,0.9751087881784508,16,49,5,-0.004196728504059943,0.6,person::train::00197_4.png,0.9905313855171199,0.6938775510204082,0.9668520913516134,0.9866339711432491,0.008256696826837384,-0.01542259733866913,0.0,0.0625
deberta_v3_base_mean_pool,person,person::train::12050_5.jpg,control_one_fact,semantic_changed,0.9750787925652669,17,49,5,-0.004816967929536231,0.6,person::train::00197_4.png,0.9918996791715909,0.673469387755102,0.9685899107053199,0.9874646948933423,0.006488881859947004,-0.01682088660632408,0.0,0.058823529411764705
deberta_v3_base_mean_pool,person,person::train::08529_4.jpg,control_synonym,semantic_preserving,0.9854547499925496,6,49,5,-0.0003577512844074038,0.8,person::train::00197_4.png,0.9874156740366186,0.8979591836734694,0.9770736569138525,0.9859361261484422,0.008381093078697055,-0.0019609240440690012,0.0,0.16666666666666666
deberta_v3_base_mean_pool,person,person::train::08529_4.jpg,control_one_fact,semantic_changed,0.9864911110045748,3,49,5,0.0004919909301834835,1.0,person::train::00197_4.png,0.9899022553581657,0.9591836734693877,0.9771250575468711,0.9859527018337795,0.009366053457703694,-0.0034111443535909114,0.0,0.3333333333333333
deberta_v3_base_mean_pool,person,person::train::01742_4.jpg,control_synonym,semantic_preserving,0.9869177006961217,3,49,5,0.0001848202185142922,1.0,person::train::00197_4.png,0.9901551639294572,0.9591836734693877,0.9779808385401758,0.9865106578486604,0.008936862155945913,-0.0032374632333355136,0.0,0.3333333333333333
deberta_v3_base_mean_pool,person,person::train::01742_4.jpg,control_one_fact,semantic_changed,0.9816043418994764,9,49,5,-0.002850348736783692,0.8,person::train::00197_4.png,0.9917909061216896,0.8367346938775511,0.9741654470150226,0.9850443333483194,0.007438894884453817,-0.010186564222213201,0.0,0.1111111111111111
deberta_v3_base_mean_pool,person,person::train::05158_3.jpg,control_synonym,semantic_preserving,0.9705631093891751,7,49,5,0.0026731873771987935,1.0,person::train::08529_4.jpg,0.9797362619754104,0.8775510204081632,0.9612680194436807,0.9745411010112922,0.009295089945494439,-0.0091731525862353,0.0,0.14285714285714285
deberta_v3_base_mean_pool,person,person::train::05158_3.jpg,control_one_fact,semantic_changed,0.975273308744421,6,49,5,0.0018982051680637158,1.0,person::train::08529_4.jpg,0.9828757321511566,0.8979591836734694,0.9655751194770044,0.9782250910678423,0.009698189267416613,-0.00760242340673567,0.0,0.16666666666666666
deberta_v3_base_mean_pool,person,person::train::02167_1.jpg,control_synonym,semantic_preserving,0.9822739392914285,10,49,5,-0.002469596727359913,0.6,person::train::10977_1.jpg,0.9863631110261651,0.8163265306122449,0.976088147890338,0.9844612729594033,0.006185791401090435,-0.004089171734736663,0.0,0.1
deberta_v3_base_mean_pool,person,person::train::02167_1.jpg,control_one_fact,semantic_changed,0.9821963462911811,10,49,5,-0.0016218791874474947,0.6,person::query::14604_1.png,0.986920029402417,0.8163265306122449,0.9768750413739482,0.9854612270274288,0.005321304917232927,-0.004723683111235832,0.0,0.1
deberta_v3_base_mean_pool,person,person::train::00233_10.png,control_synonym,semantic_preserving,0.9905488074300761,2,49,5,-6.626923951369434e-05,0.8,person::train::06597_2.jpg,0.9906150766695898,0.9795918367346939,0.965821762789991,0.9849193121460817,0.024727044640085127,-6.626923951369434e-05,0.0,0.5
deberta_v3_base_mean_pool,person,person::train::00233_10.png,control_one_fact,semantic_changed,0.989665035487729,1,49,5,0.0016907139961908069,1.0,person::train::06597_2.jpg,0.9879743214915382,1.0,0.9649233801949428,0.9846371334429028,0.024741655292786158,0.0016907139961908069,1.0,1.0
deberta_v3_base_mean_pool,person,person::train::01108_7.png,control_synonym,semantic_preserving,0.9808044426701708,20,49,5,0.004552179816763813,1.0,person::train::00197_4.png,0.991530114145612,0.6122448979591837,0.9762522628534069,0.9876941056985793,0.004552179816763813,-0.010725671475441234,0.0,0.05
deberta_v3_base_mean_pool,person,person::train::06085_7.jpg,control_synonym,semantic_preserving,0.9647883254018554,22,49,5,-0.00029351197560445463,0.8,person::train::00197_4.png,0.9870905825750653,0.5714285714285714,0.9611140450014577,0.9850723796216837,0.0036742804003977447,-0.022302257173209883,0.0,0.045454545454545456
deberta_v3_base_mean_pool,person,person::train::06085_7.jpg,control_one_fact,semantic_changed,0.96896805934593,22,49,5,-9.220745559834764e-05,0.8,person::train::00197_4.png,0.9890022469631733,0.5714285714285714,0.9668388636872179,0.9877518787858919,0.0021291956587120575,-0.020034187617243293,0.0,0.045454545454545456
deberta_v3_base_mean_pool,person,person::train::12462_1.jpg,control_synonym,semantic_preserving,0.9958573939838768,1,49,5,0.009466420239308215,1.0,person::gallery::27153_5.jpg,0.9863909737445686,1.0,0.9692200903602085,0.9839368185806308,0.02663730362366834,0.009466420239308215,1.0,1.0
deberta_v3_base_mean_pool,person,person::train::12462_1.jpg,control_one_fact,semantic_changed,0.9973940662964922,1,49,5,0.00986231021695294,1.0,person::gallery::15309_3.png,0.9875317560795392,1.0,0.9732382796991625,0.9853084948633464,0.024155786597329643,0.00986231021695294,1.0,1.0
deberta_v3_base_mean_pool,person,person::train::01924_2.jpg,control_synonym,semantic_preserving,0.985346533496921,2,49,5,0.002667230004800736,1.0,person::train::00197_4.png,0.9903837832792414,0.9795918367346939,0.9755610508444089,0.9826635007490876,0.009785482652512112,-0.005037249782320341,0.0,0.5
deberta_v3_base_mean_pool,person,person::train::01924_2.jpg,control_one_fact,semantic_changed,0.9832361663771454,3,49,5,0.004833767512048115,1.0,person::train::00197_4.png,0.9912315643042346,0.9591836734693877,0.972676759313903,0.9814536674958424,0.010559407063242432,-0.007995397927089254,0.0,0.3333333333333333
deberta_v3_base_mean_pool,person,person::train::00969_2.png,control_synonym,semantic_preserving,0.9823233990607392,5,49,5,-0.0017131029237849038,0.8,person::train::03736_1.jpg,0.9846813498211013,0.9183673469387755,0.9709709449329067,0.9825133071610349,0.011352454127832479,-0.0023579507603621597,0.0,0.2
deberta_v3_base_mean_pool,person,person::train::00969_2.png,control_one_fact,semantic_changed,0.9821121325018853,6,49,5,0.0013548854219900264,1.0,person::train::09634_1.jpg,0.9853575510044347,0.8979591836734694,0.9745177728560586,0.9835805291408009,0.007594359645826776,-0.0032454185025493354,0.0,0.16666666666666666
deberta_v3_base_mean_pool,person,person::train::09634_1.jpg,control_synonym,semantic_preserving,0.9796363392101299,9,49,5,-0.003999083815845905,0.4,person::gallery::15309_3.png,0.9845268396091121,0.8367346938775511,0.9695206226153436,0.983439547060777,0.010115716594786384,-0.0048905003989822005,0.0,0.1111111111111111
deberta_v3_base_mean_pool,person,person::train::09634_1.jpg,control_one_fact,semantic_changed,0.9814814978940124,9,49,5,-0.005757918218078251,0.4,person::gallery::15309_3.png,0.9878407224085158,0.8367346938775511,0.9711815601225895,0.9853118940701661,0.010299937771422907,-0.0063592245145034365,0.0,0.1111111111111111
deberta_v3_base_mean_pool,person,person::train::11561_6.jpg,control_synonym,semantic_preserving,0.9872734897724672,2,49,5,0.0072519431133378776,1.0,person::train::00197_4.png,0.9885865510857077,0.9795918367346939,0.9674016275749006,0.9800339984632129,0.019871862197566648,-0.0013130613132404934,0.0,0.5
deberta_v3_base_mean_pool,person,person::train::11561_6.jpg,control_one_fact,semantic_changed,0.987385188487435,2,49,5,0.0076206281158183176,1.0,person::train::00197_4.png,0.9913492943896116,0.9795918367346939,0.9712451043593319,0.9797014909272638,0.016140084128103083,-0.003964105902176662,0.0,0.5
deberta_v3_base_mean_pool,person,person::train::08528_6.jpg,control_one_fact,semantic_changed,0.9837576059477451,3,49,5,0.004570695901113253,1.0,person::train::10977_1.jpg,0.9853278663999729,0.9591836734693877,0.9742951320857053,0.9828659433605038,0.0094624738620398,-0.0015702604522278563,0.0,0.3333333333333333
deberta_v3_base_mean_pool,person,person::train::01287_5.jpg,control_synonym,semantic_preserving,0.9854800660256835,1,49,5,0.00910082552039082,1.0,person::train::11561_6.jpg,0.9818927318732642,1.0,0.9710438185739976,0.9797678090109998,0.014436247451685924,0.003587334152419297,1.0,1.0
deberta_v3_base_mean_pool,person,person::train::01287_5.jpg,control_one_fact,semantic_changed,0.9845832789464805,1,49,5,0.008779428057433147,1.0,person::train::00197_4.png,0.9839029736280406,1.0,0.9714843352438889,0.9804840891035207,0.01309894370259157,0.0006803053184398777,1.0,1.0
deberta_v3_base_mean_pool,person,person::train::10252_1.jpg,control_synonym,semantic_preserving,0.9678208529532643,35,49,5,-0.008958599603843487,0.4,person::train::10977_1.jpg,0.9874232374645328,0.30612244897959184,0.9725425560954076,0.9844560111948352,-0.004721703142143374,-0.0196023845112685,0.0,0.02857142857142857
deberta_v3_base_mean_pool,person,person::train::10252_1.jpg,control_one_fact,semantic_changed,0.9718107785147916,32,49,5,-0.0075011065015554435,0.4,person::train::10977_1.jpg,0.9877100279737857,0.3673469387755102,0.9746312202882665,0.9844305614878748,-0.0028204417734749576,-0.015899249458994125,0.0,0.03125
deberta_v3_base_mean_pool,person,person::train::08924_1.jpg,control_synonym,semantic_preserving,0.9912344344963657,1,49,5,0.0010781601898467441,1.0,person::train::06597_2.jpg,0.990156274306519,1.0,0.9665197498245309,0.9871769939816974,0.024714684671834797,0.0010781601898467441,1.0,1.0
deberta_v3_base_mean_pool,person,person::train::02319_1.jpg,control_synonym,semantic_preserving,0.972366488386559,32,49,5,-0.0009593032683047342,0.8,person::train::00197_4.png,0.9894518845896942,0.3673469387755102,0.9762824687035211,0.9840152550242632,-0.003915980316962053,-0.017085396203135206,0.0,0.03125
deberta_v3_base_mean_pool,person,person::train::02319_1.jpg,control_one_fact,semantic_changed,0.9743438245886253,34,49,5,-0.002129562719826117,0.6,person::train::00197_4.png,0.9907643915185032,0.32653061224489793,0.9786993411502192,0.9857531189498789,-0.004355516561593831,-0.01642056692987781,0.0,0.029411764705882353
deberta_v3_base_mean_pool,person,person::train::09715_3.jpg,control_synonym,semantic_preserving,0.9904919969042663,1,49,5,0.007522810456467854,1.0,person::gallery::15309_3.png,0.9829691864477984,1.0,0.969428479215602,0.9813577308223997,0.021063517688664213,0.007522810456467854,1.0,1.0
deberta_v3_base_mean_pool,person,person::train::09715_3.jpg,control_one_fact,semantic_changed,0.9898528539308905,1,49,5,0.0034502090611059355,1.0,person::gallery::27153_5.jpg,0.9864026448697846,1.0,0.9709984687103396,0.9842773078308066,0.01885438522055094,0.0034502090611059355,1.0,1.0
deberta_v3_base_mean_pool,person,person::train::13508_2.jpg,control_synonym,semantic_preserving,0.9721942917427857,9,49,5,-0.0019530083452358182,0.8,person::query::26943_3.jpg,0.9751086403476423,0.8367346938775511,0.9554884157283513,0.9741404630811682,0.016705876014434407,-0.0029143486048566203,0.0,0.1111111111111111
deberta_v3_base_mean_pool,person,person::train::13508_2.jpg,control_one_fact,semantic_changed,0.9753997217517587,7,49,5,-0.0005117631970684711,0.6,person::train::00197_4.png,0.9775473505534619,0.8775510204081632,0.9591805868270092,0.9761314263820037,0.016219134924749468,-0.002147628801703161,0.0,0.14285714285714285
deberta_v3_base_mean_pool,person,person::train::09751_6.jpg,control_synonym,semantic_preserving,0.9653662279996318,21,49,5,0.0017238661219669549,1.0,person::query::26943_3.jpg,0.9865281133967718,0.5918367346938775,0.9629478284088802,0.9844991366376638,0.00241839959075163,-0.021161885397140034,0.0,0.047619047619047616
deberta_v3_base_mean_pool,person,person::train::09751_6.jpg,control_one_fact,semantic_changed,0.9663922719052951,19,49,5,0.0007534859462565713,1.0,person::query::26943_3.jpg,0.9874988276464168,0.6326530612244898,0.9640081609303778,0.9844304700420741,0.0023841109749173084,-0.021106555741121746,0.0,0.05263157894736842
deberta_v3_base_mean_pool,person,person::train::11903_4.jpg,control_synonym,semantic_preserving,0.9729866921054744,8,49,5,-0.0021223713747207107,0.6,person::train::10977_1.jpg,0.9797805470949115,0.8571428571428571,0.9517383611299159,0.9770487314576982,0.02124833097555845,-0.006793854989437076,0.0,0.125
deberta_v3_base_mean_pool,person,person::train::11903_4.jpg,control_one_fact,semantic_changed,0.971721670630842,9,49,5,-0.002802571678235166,0.6,person::query::26943_3.jpg,0.9807559154900962,0.8367346938775511,0.9498386789586548,0.9783338015504077,0.021882991672187213,-0.009034244859254192,0.0,0.1111111111111111
deberta_v3_base_mean_pool,person,person::train::03720_4.jpg,control_synonym,semantic_preserving,0.9814311719493503,16,49,5,-0.001440187053736608,0.8,person::train::00197_4.png,0.9894096191855141,0.6938775510204082,0.9790427944590985,0.9854995280681814,0.0023883774902517807,-0.00797844723616381,0.0,0.0625
deberta_v3_base_mean_pool,person,person::train::03720_4.jpg,control_one_fact,semantic_changed,0.9801111733056787,25,49,5,-8.640224193223744e-05,0.8,person::train::00197_4.png,0.9918772533774267,0.5102040816326531,0.9797767771980552,0.9866051448646788,0.00033439610762342475,-0.011766080071748064,0.0,0.04
deberta_v3_base_mean_pool,person,person::train::26249_12.jpg,control_synonym,semantic_preserving,0.9896392658469747,2,49,5,0.008069326982617975,1.0,person::train::00197_4.png,0.990115309157319,0.9795918367346939,0.9768517893111518,0.9862465991909999,0.012787476535822906,-0.0004760433103443429,0.0,0.5
deberta_v3_base_mean_pool,person,person::train::26249_12.jpg,control_one_fact,semantic_changed,0.9898469184927481,1,49,5,0.00710031434667413,1.0,person::train::00197_4.png,0.9877313555916377,1.0,0.9781652161507084,0.9861925428281455,0.01168170234203969,0.0021155629011103683,1.0,1.0
deberta_v3_base_mean_pool,person,person::train::08634_3.jpg,control_synonym,semantic_preserving,0.9758285372724648,7,49,5,-0.0010605885086002464,0.8,person::train::09634_1.jpg,0.9880053579061548,0.8775510204081632,0.9658422417704774,0.9789186100678277,0.009986295501987374,-0.012176820633690077,0.0,0.14285714285714285
deberta_v3_base_mean_pool,person,person::train::08634_3.jpg,control_one_fact,semantic_changed,0.9722044027353063,6,49,5,-0.0001226760844446062,0.8,person::train::09634_1.jpg,0.9854577974639991,0.8979591836734694,0.9622872016156689,0.9742370039729218,0.009917201119637342,-0.013253394728692802,0.0,0.16666666666666666
deberta_v3_base_mean_pool,person,person::train::00837_3.png,control_synonym,semantic_preserving,0.9808245623898533,7,49,5,-0.004012555892954461,0.8,person::train::00197_4.png,0.9858105094472065,0.8775510204081632,0.9706991277606154,0.983337085428115,0.010125434629237873,-0.004985947057353224,0.0,0.14285714285714285
deberta_v3_base_mean_pool,person,person::train::00837_3.png,control_one_fact,semantic_changed,0.9829286600951656,8,49,5,-0.0032372652731897933,0.8,person::query::27008_3.jpg,0.9861659253683553,0.8571428571428571,0.9725038500231663,0.9852843320926248,0.010424810071999246,-0.0032372652731897933,0.0,0.125
deberta_v3_base_mean_pool,person,person::query::27008_3.jpg,control_synonym,semantic_preserving,0.9821248141584203,1,49,5,0.00026520319198575226,1.0,person::query::26943_3.jpg,0.9818596109664346,1.0,0.9546374854353186,0.979567792796145,0.027487328723101778,0.00026520319198575226,1.0,1.0
deberta_v3_base_mean_pool,person,person::query::27008_3.jpg,control_one_fact,semantic_changed,0.9835152487139643,1,49,5,0.0004924891251648633,1.0,person::query::26943_3.jpg,0.9830227595887995,1.0,0.9538327709148515,0.9777859645297303,0.029682477799112816,0.0004924891251648633,1.0,1.0
deberta_v3_base_mean_pool,person,person::query::14994_1.png,control_synonym,semantic_preserving,0.9674081183128738,29,49,5,-0.004607531897235062,0.6,person::train::00197_4.png,0.9890300026508634,0.42857142857142855,0.9692888628850304,0.9776647421443706,-0.0018807445721565896,-0.021621884337989616,0.0,0.034482758620689655
deberta_v3_base_mean_pool,person,person::query::14994_1.png,control_one_fact,semantic_changed,0.9694244291263265,31,49,5,-0.0049479823780268495,0.6,person::train::00197_4.png,0.9906037194805504,0.3877551020408163,0.9710445739027389,0.978929143935307,-0.0016201447764123689,-0.021179290354223834,0.0,0.03225806451612903
deberta_v3_base_mean_pool,person,person::query::14459_1.png,control_synonym,semantic_preserving,0.9849465725627535,1,49,5,0.0010557660409338254,1.0,person::train::06597_2.jpg,0.9838908065218197,1.0,0.9490886393850066,0.9744800588526902,0.03585793317774688,0.0010557660409338254,1.0,1.0
deberta_v3_base_mean_pool,person,person::query::14459_1.png,control_one_fact,semantic_changed,0.9853854184079516,1,49,5,0.00039036432909467234,1.0,person::train::06597_2.jpg,0.9849950540788569,1.0,0.9511477353383427,0.9761261492805486,0.03423768306960884,0.00039036432909467234,1.0,1.0
deberta_v3_base_mean_pool,person,person::query::26943_3.jpg,control_synonym,semantic_preserving,0.9980654674383089,1,49,5,0.005787313220399826,1.0,person::train::06597_2.jpg,0.9922781542179091,1.0,0.9680928034074214,0.9896132733602151,0.029972664030887497,0.005787313220399826,1.0,1.0
deberta_v3_base_mean_pool,person,person::query::26943_3.jpg,control_one_fact,semantic_changed,0.9984871747492493,1,49,5,0.00286813816591891,1.0,person::train::06597_2.jpg,0.9956190365833304,1.0,0.9676669063895247,0.9894534881818207,0.030820268359724623,0.00286813816591891,1.0,1.0
deberta_v3_base_mean_pool,person,person::query::26789_3.jpg,control_synonym,semantic_preserving,0.9504976506701602,47,49,5,-0.01980946864040256,0.0,person::query::26943_3.jpg,0.9861010605826469,0.061224489795918366,0.9669270103208312,0.9844052190948449,-0.01642935965067094,-0.03560340991248667,0.0,0.02127659574468085
deberta_v3_base_mean_pool,person,person::query::26789_3.jpg,control_one_fact,semantic_changed,0.9566887354894503,43,49,5,-0.016072943820015784,0.0,person::gallery::27153_5.jpg,0.986644665338574,0.14285714285714285,0.9691706842935601,0.9860118876421388,-0.0124819488041098,-0.029955929849123653,0.0,0.023255813953488372
deberta_v3_base_mean_pool,person,person::query::26935_2.jpg,control_synonym,semantic_preserving,0.9619851196572871,44,49,5,-0.011133352660964935,0.4,person::train::00197_4.png,0.9900267444173031,0.12244897959183673,0.9732265268207546,0.9855173230004752,-0.011241407163467554,-0.028041624760016037,0.0,0.022727272727272728
deberta_v3_base_mean_pool,person,person::query::26935_2.jpg,control_one_fact,semantic_changed,0.9625869647825184,39,49,5,-0.01144479353543748,0.6,person::train::00197_4.png,0.9901877891643238,0.22448979591836735,0.9718264399974497,0.9865510798492837,-0.009239475214931292,-0.027600824381805444,0.0,0.02564102564102564
deberta_v3_base_mean_pool,person,person::query::27100_1.jpg,control_synonym,semantic_preserving,0.9774007037894102,20,49,5,-0.0045379612123167545,0.4,person::train::10977_1.jpg,0.9909920405844368,0.6122448979591837,0.9748165215035107,0.9842265268232593,0.0025841822858995167,-0.013591336795026554,0.0,0.05
deberta_v3_base_mean_pool,person,person::query::26761_2.jpg,control_synonym,semantic_preserving,0.9739287938281728,31,49,5,-0.004472244509644008,0.6,person::train::08924_1.jpg,0.9888940745085042,0.3877551020408163,0.9770265496166614,0.9879618401524712,-0.0030977557884885876,-0.014965280680331428,0.0,0.03225806451612903
deberta_v3_base_mean_pool,person,person::gallery::27153_5.jpg,control_synonym,semantic_preserving,0.9880579139103794,2,49,5,-0.0014867305567332068,0.8,person::query::26943_3.jpg,0.9895446444671127,0.9795918367346939,0.9575653882323762,0.9806534887074403,0.0304925256780032,-0.0014867305567332068,0.0,0.5
deberta_v3_base_mean_pool,person,person::gallery::27153_5.jpg,control_one_fact,semantic_changed,0.9887702793155283,2,49,5,-0.0019383216464360364,0.8,person::query::26943_3.jpg,0.9907086009619643,0.9795918367346939,0.9605914933026651,0.983264697565736,0.028178786012863166,-0.0019383216464360364,0.0,0.5
deberta_v3_base_mean_pool,person,person::gallery::26789_1.jpg,control_synonym,semantic_preserving,0.99581571701017,1,49,5,0.005475337993826046,1.0,person::gallery::27153_5.jpg,0.990340379016344,1.0,0.9722827602482937,0.987360064225499,0.023532956761876278,0.005475337993826046,1.0,1.0
deberta_v3_base_mean_pool,person,person::gallery::26721_4.jpg,control_synonym,semantic_preserving,0.9353433609685868,43,49,5,-0.017538790825407213,0.6,person::train::06597_2.jpg,0.9795870509570801,0.14285714285714285,0.9542006566695715,0.9747775467743555,-0.01885729570098471,-0.04424368998849326,0.0,0.023255813953488372
deberta_v3_base_mean_pool,person,person::gallery::26991_3.jpg,control_synonym,semantic_preserving,0.975815630059086,15,49,5,0.0002651326788346564,1.0,person::train::00197_4.png,0.9862694674620784,0.7142857142857143,0.9688457737314985,0.9839772497221256,0.006969856327587509,-0.010453837402992439,0.0,0.06666666666666667
deberta_v3_base_mean_pool,person,person::gallery::26991_3.jpg,control_one_fact,semantic_changed,0.9753124799366449,16,49,5,-0.0015121498618720919,0.8,person::train::00197_4.png,0.9872269062861037,0.6938775510204082,0.9688388454758554,0.9842353124727937,0.0064736344607895235,-0.011914426349458718,0.0,0.0625
deberta_v3_base_mean_pool,person,person::gallery::26735_2.jpg,control_synonym,semantic_preserving,0.9740780305085526,15,49,5,0.004680648896147499,1.0,person::train::00197_4.png,0.9867311535741861,0.7142857142857143,0.9637966867510622,0.9841075551812485,0.010281343757490347,-0.012653123065633487,0.0,0.06666666666666667
deberta_v3_base_mean_pool,person,person::gallery::26735_2.jpg,control_one_fact,semantic_changed,0.974597060619068,15,49,5,0.0046608211397873855,1.0,person::train::06597_2.jpg,0.9871649860392242,0.7142857142857143,0.9634097767742685,0.9860488591031425,0.0111872838447995,-0.012567925420156167,0.0,0.06666666666666667
deberta_v3_base_mean_pool,person,person::gallery::14888_1.png,control_synonym,semantic_preserving,0.9772338881349657,16,49,5,0.0005251850072072184,1.0,person::train::00197_4.png,0.9875754887044265,0.6938775510204082,0.9706291552404072,0.9839892705104595,0.00660473289455854,-0.010341600569460763,0.0,0.0625
deberta_v3_base_mean_pool,person,person::gallery::14888_1.png,control_one_fact,semantic_changed,0.976905957577356,19,49,5,-0.000654533657482137,0.8,person::train::00197_4.png,0.9891798502856171,0.6326530612244898,0.9716278858245655,0.9845012258482382,0.005278071752790492,-0.01227389270826107,0.0,0.05263157894736842
deberta_v3_base_mean_pool,person,person::gallery::26774_3.jpg,control_synonym,semantic_preserving,0.9680684330778908,28,49,5,-0.007033993359073953,0.6,person::train::00197_4.png,0.9895456138116518,0.4489795918367347,0.9702960257054551,0.9848449173422604,-0.0022275926275643343,-0.021477180733761037,0.0,0.03571428571428571
deberta_v3_base_mean_pool,person,person::gallery::26774_3.jpg,control_one_fact,semantic_changed,0.9721490968786596,26,49,5,-0.005814937616478444,0.6,person::train::00197_4.png,0.9905892462713064,0.4897959183673469,0.9739558198444753,0.9862939332521652,-0.0018067229658157435,-0.01844014939264682,0.0,0.038461538461538464
deberta_v3_base_mean_pool,person,person::gallery::15309_3.png,control_synonym,semantic_preserving,0.9954887603726462,1,49,5,0.0006529143117380842,1.0,person::train::06597_2.jpg,0.9948358460609081,1.0,0.9719056452927168,0.9885416156941212,0.023583115079929384,0.0006529143117380842,1.0,1.0
deberta_v3_base_mean_pool,person,person::gallery::15194_3.png,control_synonym,semantic_preserving,0.9805444369600415,13,49,5,0.0008750232313476936,1.0,person::train::00197_4.png,0.9870310182683093,0.7551020408163265,0.9734209273683407,0.984083740435993,0.007123509591700716,-0.006486581308267847,0.0,0.07692307692307693
deberta_v3_base_mean_pool,vehicle,vehicle::train_images::13608_c139_04.jpg,control_synonym,semantic_preserving,0.9838368545119974,1,49,5,0.01107677439820487,1.0,vehicle::train_images::19057_c170_04.jpg,0.9800056353015105,1.0,0.9608696369301297,0.9761508354508222,0.022967217581867705,0.0038312192104869025,1.0,1.0
deberta_v3_base_mean_pool,vehicle,vehicle::train_images::13608_c139_04.jpg,control_one_fact,semantic_changed,0.982948604279319,1,49,5,0.015055699653035326,1.0,vehicle::train_images::19057_c170_04.jpg,0.9757065103298402,1.0,0.9588233416703639,0.9711144177611105,0.02412526260895509,0.007242093949478723,1.0,1.0
deberta_v3_base_mean_pool,vehicle,vehicle::train_images::12849_c170_02.jpg,control_one_fact,semantic_changed,0.9717874739790018,14,49,5,-0.002023673928864156,0.6,vehicle::train_images::13608_c139_04.jpg,0.9797545088233641,0.7346938775510204,0.9675323522498965,0.9774514004684566,0.004255121729105249,-0.007967034844362342,0.0,0.07142857142857142
deberta_v3_base_mean_pool,vehicle,vehicle::train_images::10839_c110_00.jpg,control_one_fact,semantic_changed,0.9555089055392509,2,49,5,0.0035960201904470246,1.0,vehicle::gallery_images::21216_c003_04.jpg,0.9606844213930051,0.9795918367346939,0.9368770256212493,0.9531749298914483,0.018631879918001637,-0.005175515853754198,0.0,0.5
deberta_v3_base_mean_pool,vehicle,vehicle::train_images::02440_c090_02.jpg,control_synonym,semantic_preserving,0.9703837115067211,21,49,5,-0.005433299182625251,0.4,vehicle::gallery_images::20401_c023_03.jpg,0.9823593263834829,0.5918367346938775,0.9660109876372698,0.9781492743042047,0.0043727238694513115,-0.011975614876761798,0.0,0.047619047619047616
deberta_v3_base_mean_pool,vehicle,vehicle::train_images::02440_c090_02.jpg,control_one_fact,semantic_changed,0.9655884565733369,22,49,5,-0.006232599846021203,0.4,vehicle::gallery_images::20401_c023_03.jpg,0.9793159051849004,0.5714285714285714,0.9604835515764193,0.9752497858689526,0.005104904996917625,-0.013727448611563497,0.0,0.045454545454545456
deberta_v3_base_mean_pool,vehicle,vehicle::train_images::12341_c073_00.jpg,control_synonym,semantic_preserving,0.948777161039549,4,49,5,0.004565169188523566,1.0,vehicle::gallery_images::21216_c003_04.jpg,0.9628472270831585,0.9387755102040817,0.927192981080436,0.9504280645413449,0.021584179959112992,-0.014070066043609497,0.0,0.25
deberta_v3_base_mean_pool,vehicle,vehicle::train_images::12341_c073_00.jpg,control_one_fact,semantic_changed,0.9402188944071886,5,49,5,0.006788248713077927,1.0,vehicle::gallery_images::21216_c003_04.jpg,0.9577777964005381,0.9183673469387755,0.9187690355133461,0.9413392266531186,0.021449858893842544,-0.01755890199334942,0.0,0.2
deberta_v3_base_mean_pool,vehicle,vehicle::train_images::18263_c110_02.jpg,control_one_fact,semantic_changed,0.959496172243441,1,49,5,0.009143609798583197,1.0,vehicle::train_images::08361_c094_04.jpg,0.9503525624448578,1.0,0.9175927527658647,0.9423078285551522,0.041903419477576254,0.009143609798583197,1.0,1.0
deberta_v3_base_mean_pool,vehicle,vehicle::train_images::10529_c003_02.jpg,control_one_fact,semantic_changed,0.9525937535625736,18,49,5,-0.010374654479172518,0.6,vehicle::gallery_images::21216_c003_04.jpg,0.96920519438692,0.6530612244897959,0.94777640494925,0.9624262818546905,0.004817348613323613,-0.016611440824346402,0.0,0.05555555555555555
deberta_v3_base_mean_pool,vehicle,vehicle::train_images::08854_c110_02.jpg,control_synonym,semantic_preserving,0.978618952693178,2,49,5,-0.002576971581565446,0.8,vehicle::train_images::14133_c170_01.jpg,0.9811959242747434,0.9795918367346939,0.9651859957264937,0.9763486988097149,0.01343295696668434,-0.002576971581565446,0.0,0.5
deberta_v3_base_mean_pool,vehicle,vehicle::train_images::08854_c110_02.jpg,control_one_fact,semantic_changed,0.979551309873432,3,49,5,-0.00026760617737575654,0.6,vehicle::train_images::06987_c051_04.jpg,0.9798189160508077,0.9591836734693877,0.960879905520835,0.9758461374473207,0.018671404352596954,-0.00026760617737575654,0.0,0.3333333333333333
deberta_v3_base_mean_pool,vehicle,vehicle::train_images::19263_c030_03.jpg,control_synonym,semantic_preserving,0.9726303404037229,3,49,5,-0.0023096551742765037,0.6,vehicle::train_images::13608_c139_04.jpg,0.9749399955779994,0.9591836734693877,0.9597052308770045,0.9677066579621806,0.012925109526718326,-0.0023096551742765037,0.0,0.3333333333333333
deberta_v3_base_mean_pool,vehicle,vehicle::train_images::19263_c030_03.jpg,control_one_fact,semantic_changed,0.9734738136496746,3,49,5,-0.0061080113022766724,0.8,vehicle::train_images::13608_c139_04.jpg,0.9795818249519512,0.9591836734693877,0.9600845783887773,0.9710263981233902,0.013389235260897303,-0.0061080113022766724,0.0,0.3333333333333333
deberta_v3_base_mean_pool,vehicle,vehicle::train_images::07345_c110_03.jpg,control_one_fact,semantic_changed,0.937763892507578,22,49,5,-0.012137359145182436,0.8,vehicle::gallery_images::21216_c003_04.jpg,0.9666591822344628,0.5714285714285714,0.9365345404342433,0.9527044504985679,0.001229352073334633,-0.02889528972688482,0.0,0.045454545454545456
deberta_v3_base_mean_pool,vehicle,vehicle::train_images::19520_c034_01.jpg,control_synonym,semantic_preserving,0.9699808651166251,8,49,5,0.0002349925894616911,1.0,vehicle::query_images::20949_c003_01.jpg,0.9742337334160187,0.8571428571428571,0.9611252879701998,0.9725504789211575,0.008855577146425264,-0.004252868299393642,0.0,0.125
deberta_v3_base_mean_pool,vehicle,vehicle::train_images::19520_c034_01.jpg,control_one_fact,semantic_changed,0.9719954850446331,15,49,5,-0.002462405111182009,0.4,vehicle::query_images::20949_c003_01.jpg,0.9782083282418086,0.7142857142857143,0.9655173602514695,0.9766971581047565,0.006478124793163564,-0.006212843197175522,0.0,0.06666666666666667
deberta_v3_base_mean_pool,vehicle,vehicle::train_images::16253_c139_00.jpg,control_synonym,semantic_preserving,0.973790157927156,1,49,5,0.013041153877063394,1.0,vehicle::train_images::16614_c041_04.jpg,0.9607490040500926,1.0,0.9397395276516481,0.9582886307783561,0.03405063027550781,0.013041153877063394,1.0,1.0
deberta_v3_base_mean_pool,vehicle,vehicle::train_images::16253_c139_00.jpg,control_one_fact,semantic_changed,0.977280744188378,1,49,5,0.020953652442226245,1.0,vehicle::train_images::16614_c041_04.jpg,0.9563270917461517,1.0,0.9238263804456935,0.9521128883733253,0.05345436374268442,0.020953652442226245,1.0,1.0
deberta_v3_base_mean_pool,vehicle,vehicle::train_images::06987_c051_04.jpg,control_synonym,semantic_preserving,0.9814414792960173,2,49,5,0.002213370910335799,1.0,vehicle::train_images::19057_c170_04.jpg,0.9824597275461437,0.9795918367346939,0.9607635031637081,0.977458512427807,0.02067797613230926,-0.001018248250126419,0.0,0.5
deberta_v3_base_mean_pool,vehicle,vehicle::train_images::06987_c051_04.jpg,control_one_fact,semantic_changed,0.9782235523663038,1,49,5,0.0016728442701418045,1.0,vehicle::query_images::20204_c041_01.jpg,0.976550708096162,1.0,0.9576083326843104,0.9748445837812296,0.020615219681993313,0.0016728442701418045,1.0,1.0
deberta_v3_base_mean_pool,vehicle,vehicle::train_images::05685_c100_04.jpg,control_synonym,semantic_preserving,0.9785678571661393,2,49,5,-0.0001212449220507894,0.8,vehicle::query_images::20949_c003_01.jpg,0.97868910208819,0.9795918367346939,0.9612192717007446,0.9747346843659492,0.01734858546539464,-0.0001212449220507894,0.0,0.5
deberta_v3_base_mean_pool,vehicle,vehicle::train_images::05685_c100_04.jpg,control_one_fact,semantic_changed,0.9822764446393095,1,49,5,0.004553523164999351,1.0,vehicle::train_images::19057_c170_04.jpg,0.9777229214743102,1.0,0.9638770479631387,0.97678274930481,0.018399396676170854,0.004553523164999351,1.0,1.0
deberta_v3_base_mean_pool,vehicle,vehicle::train_images::16614_c041_04.jpg,control_synonym,semantic_preserving,0.9614913744418729,12,49,5,-0.0008513964817489228,0.8,vehicle::train_images::13608_c139_04.jpg,0.9673745489284635,0.7755102040816326,0.956370184989876,0.967008158370695,0.00512118945199691,-0.005883174486590592,0.0,0.08333333333333333
deberta_v3_base_mean_pool,vehicle,vehicle::train_images::16614_c041_04.jpg,control_one_fact,semantic_changed,0.9666832697415555,3,49,5,0.004133419340821565,1.0,vehicle::train_images::13608_c139_04.jpg,0.9688172197901992,0.9591836734693877,0.9516677685333271,0.9646214162739877,0.015015501208228366,-0.0021339500486436958,0.0,0.3333333333333333
deberta_v3_base_mean_pool,vehicle,vehicle::train_images::13946_c012_04.jpg,control_one_fact,semantic_changed,0.9237810773515394,41,49,5,-0.01862465332218677,0.2,vehicle::train_images::04455_c078_00.jpg,0.9521873613355436,0.1836734693877551,0.9368030654335913,0.9485493153723649,-0.013021988082051905,-0.028406283984004244,0.0,0.024390243902439025
deberta_v3_base_mean_pool,vehicle,vehicle::train_images::14133_c170_01.jpg,control_one_fact,semantic_changed,0.9884357193330521,1,49,5,0.013083726798724382,1.0,vehicle::train_images::06987_c051_04.jpg,0.9753519925343277,1.0,0.9537072642366364,0.9737727060971505,0.034728455096415645,0.013083726798724382,1.0,1.0
deberta_v3_base_mean_pool,vehicle,vehicle::train_images::16747_c163_03.jpg,control_one_fact,semantic_changed,0.9430656096969375,12,49,5,-0.004203720540894129,0.8,vehicle::gallery_images::20535_c170_02.jpg,0.9535356038957054,0.7755102040816326,0.9358523638331804,0.950024405231983,0.007213245863757156,-0.010469994198767818,0.0,0.08333333333333333
deberta_v3_base_mean_pool,vehicle,vehicle::train_images::05432_c163_04.jpg,control_synonym,semantic_preserving,0.9556058886372996,15,49,5,-0.009459120562362311,0.2,vehicle::gallery_images::20762_c156_00.jpg,0.9660900001577073,0.7142857142857143,0.9492530061248485,0.964178536093799,0.00635288251245103,-0.010484111520407735,0.0,0.06666666666666667
deberta_v3_base_mean_pool,vehicle,vehicle::train_images::05432_c163_04.jpg,control_one_fact,semantic_changed,0.9328328161577152,28,49,5,-0.02605697373590632,0.4,vehicle::gallery_images::20762_c156_00.jpg,0.965764854478425,0.4489795918367347,0.935661454742269,0.9560249364276927,-0.002828638584553844,-0.03293203832070979,0.0,0.03571428571428571
deberta_v3_base_mean_pool,vehicle,vehicle::train_images::19057_c170_04.jpg,control_synonym,semantic_preserving,0.9808636443567929,1,49,5,0.01024843192933722,1.0,vehicle::train_images::13608_c139_04.jpg,0.9730977191451017,1.0,0.9520843742062044,0.9697310852367413,0.028779270150588454,0.0077659252116911714,1.0,1.0
deberta_v3_base_mean_pool,vehicle,vehicle::train_images::19057_c170_04.jpg,control_one_fact,semantic_changed,0.9833430318529366,1,49,5,0.007376686874296268,1.0,vehicle::train_images::07345_c110_03.jpg,0.9759663449786403,1.0,0.9535796327818414,0.9728790748337837,0.029763399071095153,0.007376686874296268,1.0,1.0
deberta_v3_base_mean_pool,vehicle,vehicle::train_images::04455_c078_00.jpg,control_synonym,semantic_preserving,0.9831047009437586,1,49,5,0.010983754275309288,1.0,vehicle::train_images::19057_c170_04.jpg,0.9775519672797285,1.0,0.9536086219227744,0.9707078417296849,0.029496079020984167,0.005552733664030085,1.0,1.0
deberta_v3_base_mean_pool,vehicle,vehicle::train_images::04455_c078_00.jpg,control_one_fact,semantic_changed,0.9848328984290634,1,49,5,0.012032438427239889,1.0,vehicle::train_images::19057_c170_04.jpg,0.9793374770520916,1.0,0.9553834968780357,0.9726148266030319,0.02944940155102771,0.0054954213769717875,1.0,1.0
deberta_v3_base_mean_pool,vehicle,vehicle::train_images::14387_c163_04.jpg,control_one_fact,semantic_changed,0.963080829782497,27,49,5,-0.008108865878247218,0.2,vehicle::train_images::13608_c139_04.jpg,0.97572120913234,0.46938775510204084,0.965435752992776,0.9745253751770138,-0.0023549232102789697,-0.012640379349842967,0.0,0.037037037037037035
deberta_v3_base_mean_pool,vehicle,vehicle::train_images::09221_c139_03.jpg,control_synonym,semantic_preserving,0.9591993589397824,34,49,5,-0.02311512916811631,0.0,vehicle::train_images::07345_c110_03.jpg,0.9850421737766414,0.32653061224489793,0.9643431922435106,0.9826062039979044,-0.005143833303728251,-0.025842814836859018,0.0,0.029411764705882353
deberta_v3_base_mean_pool,vehicle,vehicle::train_images::09221_c139_03.jpg,control_one_fact,semantic_changed,0.9500214563267024,44,49,5,-0.027377521266475968,0.0,vehicle::train_images::05685_c100_04.jpg,0.9813392473891873,0.12244897959183673,0.9641386845006052,0.9785462354352067,-0.014117228173902818,-0.03131779106248489,0.0,0.022727272727272728
deberta_v3_base_mean_pool,vehicle,vehicle::train_images::04724_c110_02.jpg,control_one_fact,semantic_changed,0.9599236272310208,5,49,5,0.0017409773931181816,1.0,vehicle::train_images::05685_c100_04.jpg,0.966407146174453,0.9183673469387755,0.9475795527292811,0.9637789815082183,0.012344074501739688,-0.006483518943432243,0.0,0.2
deberta_v3_base_mean_pool,vehicle,vehicle::train_images::08361_c094_04.jpg,control_one_fact,semantic_changed,0.9674129037762565,1,49,5,0.0013173058183147957,1.0,vehicle::gallery_images::20401_c023_03.jpg,0.9660955979579418,1.0,0.9517610941964888,0.9640338806097251,0.01565180957976775,0.0013173058183147957,1.0,1.0
deberta_v3_base_mean_pool,vehicle,vehicle::train_images::03678_c014_03.jpg,control_synonym,semantic_preserving,0.9848406477133975,2,49,5,-0.0023704165337938843,0.8,vehicle::query_images::20949_c003_01.jpg,0.9872110642471914,0.9795918367346939,0.96524503988068,0.980810425219932,0.01959560783271752,-0.0023704165337938843,0.0,0.5
deberta_v3_base_mean_pool,vehicle,vehicle::train_images::03678_c014_03.jpg,control_one_fact,semantic_changed,0.9843861465215388,2,49,5,-0.0022682050043636437,0.8,vehicle::query_images::20949_c003_01.jpg,0.9866543515259024,0.9795918367346939,0.967350704803424,0.9810440718146851,0.017035441718114774,-0.0022682050043636437,0.0,0.5
deberta_v3_base_mean_pool,vehicle,vehicle::query_images::20039_c015_00.jpg,control_synonym,semantic_preserving,0.9751140996185905,16,49,5,-0.00791185702566255,0.6,vehicle::train_images::19057_c170_04.jpg,0.9869437979367134,0.6938775510204082,0.9717997435394694,0.9836163863129019,0.003314356079121117,-0.011829698318122861,0.0,0.0625
deberta_v3_base_mean_pool,vehicle,vehicle::query_images::20039_c015_00.jpg,control_one_fact,semantic_changed,0.9745888740938564,17,49,5,-0.005872292705354387,0.6,vehicle::train_images::19057_c170_04.jpg,0.9857726799475808,0.673469387755102,0.9711496383621393,0.9826589459242483,0.0034392357317171163,-0.01118380585372436,0.0,0.058823529411764705
deberta_v3_base_mean_pool,vehicle,vehicle::query_images::20298_c122_00.jpg,control_one_fact,semantic_changed,0.8814825755177431,49,49,5,-0.05294480988656369,0.0,vehicle::train_images::16253_c139_00.jpg,0.9653150465130794,0.02040816326530612,0.9329843612843406,0.9533177956716701,-0.051501785766597474,-0.0838324709953363,0.0,0.02040816326530612
deberta_v3_base_mean_pool,vehicle,vehicle::query_images::21010_c163_01.jpg,control_synonym,semantic_preserving,0.9745983775351976,8,49,5,-0.005524079772320389,0.2,vehicle::train_images::08361_c094_04.jpg,0.980122457307518,0.8571428571428571,0.9646163337207436,0.9783460665265583,0.009982043814454,-0.005524079772320389,0.0,0.125
deberta_v3_base_mean_pool,vehicle,vehicle::query_images::21010_c163_01.jpg,control_one_fact,semantic_changed,0.9715073148653822,10,49,5,-0.004895209073937812,0.2,vehicle::train_images::08361_c094_04.jpg,0.97640252393932,0.8163265306122449,0.9601266423262456,0.9752616756454967,0.01138067253913666,-0.004895209073937812,0.0,0.1
deberta_v3_base_mean_pool,vehicle,vehicle::query_images::20249_c003_00.jpg,control_synonym,semantic_preserving,0.9445479603775034,14,49,5,-0.009597219429339776,0.8,vehicle::gallery_images::21216_c003_04.jpg,0.9648523447143025,0.7346938775510204,0.9372741156481325,0.9569416087833372,0.007273844729370982,-0.020304384336799042,0.0,0.07142857142857142
deberta_v3_base_mean_pool,vehicle,vehicle::query_images::20249_c003_00.jpg,control_one_fact,semantic_changed,0.9615781659282978,6,49,5,-0.0003718541198863834,0.8,vehicle::gallery_images::21216_c003_04.jpg,0.9655445257656636,0.8979591836734694,0.9481391240735378,0.9619668653806902,0.01343904185475997,-0.003966359837365818,0.0,0.16666666666666666
deberta_v3_base_mean_pool,vehicle,vehicle::query_images::20506_c051_01.jpg,control_synonym,semantic_preserving,0.9554652299243521,19,49,5,-0.007573247856708876,0.6,vehicle::train_images::04455_c078_00.jpg,0.9673192154905378,0.6326530612244898,0.9518207191500199,0.9633818331630785,0.0036445107743322547,-0.011853985566185665,0.0,0.05263157894736842
deberta_v3_base_mean_pool,vehicle,vehicle::query_images::20506_c051_01.jpg,control_one_fact,semantic_changed,0.9646581908878313,3,49,5,0.0031793318088316758,1.0,vehicle::train_images::13608_c139_04.jpg,0.9653813110512086,0.9591836734693877,0.9523044629528074,0.962421450765506,0.012353727935023984,-0.0007231201633772777,0.0,0.3333333333333333
deberta_v3_base_mean_pool,vehicle,vehicle::query_images::21112_c079_00.jpg,control_synonym,semantic_preserving,0.97730281823969,2,49,5,-0.002165295647118426,0.8,vehicle::query_images::20949_c003_01.jpg,0.9794681138868084,0.9795918367346939,0.961611962980019,0.9753558923590291,0.015690855259670955,-0.002165295647118426,0.0,0.5
deberta_v3_base_mean_pool,vehicle,vehicle::query_images::21112_c079_00.jpg,control_one_fact,semantic_changed,0.976540876757226,2,49,5,-0.0009843600401225894,0.8,vehicle::query_images::20949_c003_01.jpg,0.9775252367973486,0.9795918367346939,0.9616053363362058,0.9742755357653016,0.014935540421020188,-0.0009843600401225894,0.0,0.5
deberta_v3_base_mean_pool,vehicle,vehicle::query_images::20949_c003_01.jpg,control_synonym,semantic_preserving,0.9790123766605889,1,49,5,0.004608054324937494,1.0,vehicle::train_images::03678_c014_03.jpg,0.9744043223356514,1.0,0.9588962478425678,0.9712106642778849,0.02011612881802116,0.004608054324937494,1.0,1.0
deberta_v3_base_mean_pool,vehicle,vehicle::query_images::20949_c003_01.jpg,control_one_fact,semantic_changed,0.9782402583681475,1,49,5,0.0029468818385527396,1.0,vehicle::train_images::03678_c014_03.jpg,0.9752933765295948,1.0,0.9605901892499897,0.971715218176519,0.017650069118157807,0.0029468818385527396,1.0,1.0
deberta_v3_base_mean_pool,vehicle,vehicle::query_images::20272_c102_00.jpg,control_one_fact,semantic_changed,0.9769024105817179,2,49,5,-0.004171983199974694,0.8,vehicle::gallery_images::20762_c156_00.jpg,0.9810743937816926,0.9795918367346939,0.9601710711781112,0.9749561220750462,0.016731339403606715,-0.004171983199974694,0.0,0.5
deberta_v3_base_mean_pool,vehicle,vehicle::gallery_images::20535_c170_02.jpg,control_one_fact,semantic_changed,0.9764250779172075,1,49,5,0.005016345849939929,1.0,vehicle::gallery_images::20762_c156_00.jpg,0.9714087320672675,1.0,0.9463358026567633,0.9626971009950449,0.030089275260444137,0.005016345849939929,1.0,1.0
deberta_v3_base_mean_pool,vehicle,vehicle::gallery_images::20877_c110_00.jpg,control_synonym,semantic_preserving,0.942502741837094,7,49,5,-0.004794411913623842,0.8,vehicle::train_images::09221_c139_03.jpg,0.9558339588625085,0.8775510204081632,0.9289409828214865,0.9488191508463376,0.013561759015607522,-0.01333121702541451,0.0,0.14285714285714285
deberta_v3_base_mean_pool,vehicle,vehicle::gallery_images::20877_c110_00.jpg,control_one_fact,semantic_changed,0.9385931560928342,40,49,5,-0.02294711702229657,0.2,vehicle::train_images::13608_c139_04.jpg,0.9671110429457398,0.20408163265306123,0.951389634005519,0.9623102980195221,-0.01279647791268479,-0.028517886852905572,0.0,0.025
deberta_v3_base_mean_pool,vehicle,vehicle::gallery_images::20159_c003_00.jpg,control_one_fact,semantic_changed,0.9793910956066572,1,49,5,0.004775621565245247,1.0,vehicle::gallery_images::20401_c023_03.jpg,0.9774352420715673,1.0,0.9611631399963987,0.9731276296394513,0.018227955610258473,0.0019558535350898687,1.0,1.0
deberta_v3_base_mean_pool,vehicle,vehicle::gallery_images::21199_c014_04.jpg,control_synonym,semantic_preserving,0.9836679732705482,4,49,5,-0.0019303626152573639,0.8,vehicle::gallery_images::20762_c156_00.jpg,0.9855983358858056,0.9387755102040817,0.9708542110275236,0.9834829855459013,0.012813762243024662,-0.0019303626152573639,0.0,0.25
deberta_v3_base_mean_pool,vehicle,vehicle::gallery_images::21199_c014_04.jpg,control_one_fact,semantic_changed,0.9840412725081462,2,49,5,-0.0019900115362301296,0.8,vehicle::gallery_images::20762_c156_00.jpg,0.9860312840443763,0.9795918367346939,0.964059096896584,0.9783786930707662,0.019982175611562236,-0.0019900115362301296,0.0,0.5
deberta_v3_base_mean_pool,vehicle,vehicle::gallery_images::20762_c156_00.jpg,control_synonym,semantic_preserving,0.9768744638835984,1,49,5,0.0021651086032572486,1.0,vehicle::train_images::13608_c139_04.jpg,0.9747093552803412,1.0,0.9537389302023553,0.9687882749594166,0.023135533681243103,0.0021651086032572486,1.0,1.0
deberta_v3_base_mean_pool,vehicle,vehicle::gallery_images::20762_c156_00.jpg,control_one_fact,semantic_changed,0.9849089223652724,1,49,5,0.008665206347329257,1.0,vehicle::train_images::13608_c139_04.jpg,0.9762437160179431,1.0,0.9520979588489094,0.9678640245183,0.032810963516363034,0.008665206347329257,1.0,1.0
deberta_v3_base_mean_pool,vehicle,vehicle::gallery_images::20070_c017_01.jpg,control_one_fact,semantic_changed,0.9857065098656301,2,49,5,-0.0011914681689190187,0.8,vehicle::train_images::19057_c170_04.jpg,0.9868979780345492,0.9795918367346939,0.9618565490246291,0.9793186794679049,0.023849960841000994,-0.0011914681689190187,0.0,0.5
deberta_v3_base_mean_pool,vehicle,vehicle::gallery_images::21216_c003_04.jpg,control_one_fact,semantic_changed,0.966826617900458,1,49,5,0.01944358197247731,1.0,vehicle::train_images::10839_c110_00.jpg,0.9473830359279807,1.0,0.9196430556447082,0.9409498673677192,0.04718356225574982,0.01944358197247731,1.0,1.0
deberta_v3_base_mean_pool,vehicle,vehicle::gallery_images::20559_c170_01.jpg,control_synonym,semantic_preserving,0.9834652591185227,3,49,5,-0.002897343152667431,0.8,vehicle::train_images::19057_c170_04.jpg,0.9863626022711901,0.9591836734693877,0.9589955781722379,0.9833777368443896,0.024469680946284766,-0.002897343152667431,0.0,0.3333333333333333
deberta_v3_base_mean_pool,vehicle,vehicle::gallery_images::20559_c170_01.jpg,control_one_fact,semantic_changed,0.982494985995738,4,49,5,-0.002960122640787488,0.6,vehicle::train_images::19057_c170_04.jpg,0.9854551086365255,0.9387755102040817,0.957700893981837,0.9820942330100269,0.024794092013901037,-0.002960122640787488,0.0,0.25
deberta_v3_base_mean_pool,vehicle,vehicle::gallery_images::20401_c023_03.jpg,control_synonym,semantic_preserving,0.985477325840832,1,49,5,0.005197637978862746,1.0,vehicle::train_images::19057_c170_04.jpg,0.9854197106769284,1.0,0.9643830935923686,0.9802698188195161,0.021094232248463407,5.761516390367927e-05,1.0,1.0
deberta_v3_base_mean_pool,vehicle,vehicle::gallery_images::20401_c023_03.jpg,control_one_fact,semantic_changed,0.9832063672144631,1,49,5,0.00740048308654051,1.0,vehicle::train_images::19057_c170_04.jpg,0.9807953042855775,1.0,0.9607137399879624,0.9761580330483841,0.022492627226500694,0.002411062928885599,1.0,1.0
deberta_v3_base_mean_pool,face,face::train::071174.jpg,control_synonym,semantic_preserving,0.9623345337961646,16,49,5,-0.0030355416243836864,0.8,face::train::092618.jpg,0.9705008125025375,0.6938775510204082,0.9585567644682818,0.9696068429805511,0.003777769327882874,-0.008166278706372876,0.0,0.0625
deberta_v3_base_mean_pool,face,face::train::071174.jpg,control_one_fact,semantic_changed,0.9623059591556602,15,49,5,-0.002578014273327267,0.8,face::train::141457.jpg,0.9708595592753733,0.7142857142857143,0.9580874846355488,0.9688325661493442,0.0042184745201113705,-0.008553600119713067,0.0,0.06666666666666667
deberta_v3_base_mean_pool,face,face::train::166091.jpg,control_one_fact,semantic_changed,0.9624207672828874,27,49,5,-0.0036579646746249805,0.6,face::train::141457.jpg,0.9732690138633934,0.46938775510204084,0.9626843998894837,0.9703036802351341,-0.00026363260659634236,-0.010848246580505982,0.0,0.037037037037037035
deberta_v3_base_mean_pool,face,face::train::157804.jpg,control_one_fact,semantic_changed,0.9748599033771771,2,49,5,0.0004635406871426051,1.0,face::train::141457.jpg,0.9754170426724829,0.9795918367346939,0.9673387715123039,0.9740855394635426,0.007521131864873243,-0.0005571392953057641,0.0,0.5
deberta_v3_base_mean_pool,face,face::train::091980.jpg,control_one_fact,semantic_changed,0.9744612917945747,1,49,5,0.0032577203165672364,1.0,face::train::141457.jpg,0.974259736372881,1.0,0.9609271170742065,0.970858663059683,0.01353417472036822,0.0002015554216937554,1.0,1.0
deberta_v3_base_mean_pool,face,face::train::121281.jpg,control_one_fact,semantic_changed,0.9447680894550754,30,49,5,-0.005082632024655531,0.4,face::train::141457.jpg,0.9638764832063195,0.40816326530612246,0.9482706640504824,0.961497429745533,-0.0035025745954070375,-0.019108393751244068,0.0,0.03333333333333333
deberta_v3_base_mean_pool,face,face::train::114832.jpg,control_one_fact,semantic_changed,0.9572873775209568,13,49,5,-0.006456347085873726,0.6,face::train::091980.jpg,0.9654424343929765,0.7551020408163265,0.9495623600898602,0.9637220163823286,0.007725017431096659,-0.008155056872019673,0.0,0.07692307692307693
deberta_v3_base_mean_pool,face,face::train::090489.jpg,control_one_fact,semantic_changed,0.9618567367533394,9,49,5,-0.0011594820984049958,0.8,face::train::091980.jpg,0.9670644933550049,0.8367346938775511,0.9553102169710095,0.9653475224838196,0.006546519782329896,-0.005207756601665503,0.0,0.1111111111111111
deberta_v3_base_mean_pool,face,face::train::008309.jpg,control_one_fact,semantic_changed,0.9429601243787477,9,49,5,-0.0021717662736238097,0.8,face::train::091980.jpg,0.9535352038774203,0.8367346938775511,0.9345203329507124,0.9495638488917385,0.008439791428035304,-0.010575079498672646,0.0,0.1111111111111111
deberta_v3_base_mean_pool,face,face::train::129132.jpg,control_synonym,semantic_preserving,0.953418604164811,23,49,5,-0.0048220340030066255,0.2,face::train::091980.jpg,0.9693428044386727,0.5510204081632653,0.9511969438825175,0.96564562956993,0.002221660282293425,-0.015924200273861766,0.0,0.043478260869565216
deberta_v3_base_mean_pool,face,face::train::129132.jpg,control_one_fact,semantic_changed,0.9552966961595784,21,49,5,-0.004711668212136089,0.2,face::train::091980.jpg,0.9691492446072115,0.5918367346938775,0.9534295980225764,0.9667029143481991,0.0018670981370019213,-0.013852548447633173,0.0,0.047619047619047616
deberta_v3_base_mean_pool,face,face::train::053065.jpg,control_synonym,semantic_preserving,0.9582537307263236,38,49,5,-0.006761988101122496,0.4,face::train::091980.jpg,0.9823885817297775,0.24489795918367346,0.9672388942940819,0.977925820866316,-0.008985163567758359,-0.024134851003453917,0.0,0.02631578947368421
deberta_v3_base_mean_pool,face,face::train::053065.jpg,control_one_fact,semantic_changed,0.9609157003742057,39,49,5,-0.00695984411658368,0.2,face::train::157804.jpg,0.9840453395617952,0.22448979591836735,0.9695535432015576,0.9797467263601192,-0.008637842827351916,-0.02312963918758948,0.0,0.02564102564102564
deberta_v3_base_mean_pool,face,face::train::178182.jpg,control_synonym,semantic_preserving,0.9754844318681917,21,49,5,-0.0028537659586700403,0.2,face::test::196611.jpg,0.981294787099885,0.5918367346938775,0.9736912917908623,0.9803659346231304,0.001793140077329336,-0.005810355231693376,0.0,0.047619047619047616
deberta_v3_base_mean_pool,face,face::train::178182.jpg,control_one_fact,semantic_changed,0.9761249686255933,25,49,5,-0.0030959240805392696,0.2,face::test::196611.jpg,0.9828342499976155,0.5102040816326531,0.9761064811291023,0.9809605539982381,1.8487496491026434e-05,-0.006709281372022202,0.0,0.04
deberta_v3_base_mean_pool,face,face::train::089537.jpg,control_synonym,semantic_preserving,0.9625761875062038,47,49,5,-0.008809295134994732,0.4,face::train::141457.jpg,0.9856073520321466,0.061224489795918366,0.9744599701521881,0.979426790857649,-0.011883782645984331,-0.023031164525942782,0.0,0.02127659574468085
deberta_v3_base_mean_pool,face,face::train::089537.jpg,control_one_fact,semantic_changed,0.9661740136473045,47,49,5,-0.008853670616296716,0.2,face::train::141457.jpg,0.9862337889843245,0.061224489795918366,0.976805792160562,0.9804783844514285,-0.010631778513257473,-0.02005977533701997,0.0,0.02127659574468085
deberta_v3_base_mean_pool,face,face::train::065762.jpg,control_one_fact,semantic_changed,0.950411122552827,49,49,5,-0.011757123569531513,0.2,face::train::141457.jpg,0.975042411708829,0.02040816326530612,0.9639594583346462,0.9716393088387995,-0.013548335781819243,-0.02463128915600199,0.0,0.02040816326530612
deberta_v3_base_mean_pool,face,face::train::168471.jpg,control_one_fact,semantic_changed,0.9379124717756481,20,49,5,-0.007621435760796991,0.6,face::train::091980.jpg,0.9613208706830565,0.6122448979591837,0.9338416768450934,0.9524406494614261,0.004070794930554622,-0.023408398907408423,0.0,0.05
deberta_v3_base_mean_pool,face,face::train::101485.jpg,control_one_fact,semantic_changed,0.9441390349212843,20,49,5,-0.007167656629882724,0.8,face::train::091980.jpg,0.9579510402271693,0.6122448979591837,0.9431004448986176,0.9544451102307352,0.0010385900226667077,-0.013812005305885,0.0,0.05
deberta_v3_base_mean_pool,face,face::train::023736.jpg,control_one_fact,semantic_changed,0.9402984950451452,24,49,5,-0.00824724450772707,0.2,face::train::091980.jpg,0.9605518715544807,0.5306122448979592,0.9379796588475898,0.9548323564535864,0.0023188361975553518,-0.020253376509335563,0.0,0.041666666666666664
deberta_v3_base_mean_pool,face,face::train::063708.jpg,control_one_fact,semantic_changed,0.9488986110298896,15,49,5,-0.00220588940575861,0.6,face::train::091980.jpg,0.9630173357718714,0.7142857142857143,0.9444341219661347,0.9570904675538131,0.004464489063754851,-0.014118724741981836,0.0,0.06666666666666667
deberta_v3_base_mean_pool,face,face::train::138886.jpg,control_synonym,semantic_preserving,0.9453626853596558,22,49,5,-0.008711778114547042,0.6,face::train::091980.jpg,0.96091282535,0.5714285714285714,0.9444250793726972,0.9578947800262119,0.0009376059869586895,-0.015550139990344158,0.0,0.045454545454545456
deberta_v3_base_mean_pool,face,face::train::138886.jpg,control_one_fact,semantic_changed,0.9463744467807771,30,49,5,-0.009134761167482908,0.6,face::train::091980.jpg,0.9627358620936258,0.40816326530612246,0.9467374249421163,0.9603218715138355,-0.00036297816133923355,-0.016361415312848737,0.0,0.03333333333333333
deberta_v3_base_mean_pool,face,face::train::149220.jpg,control_one_fact,semantic_changed,0.9626048054096884,10,49,5,-0.0004636456174677006,0.8,face::train::141457.jpg,0.9714913376728639,0.8163265306122449,0.9564689750709743,0.9654416825980678,0.006135830338714121,-0.008886532263175484,0.0,0.1
deberta_v3_base_mean_pool,face,face::train::060309.jpg,control_synonym,semantic_preserving,0.9683877018563048,8,49,5,-0.002842686536135175,0.6,face::train::141457.jpg,0.973183993774491,0.8571428571428571,0.9624234580306847,0.971111831553542,0.005964243825620108,-0.004796291918186202,0.0,0.125
deberta_v3_base_mean_pool,face,face::train::025692.jpg,control_one_fact,semantic_changed,0.9675290692099372,6,49,5,0.0008334438901852481,1.0,face::train::091980.jpg,0.972670376354114,0.8979591836734694,0.9611419514232837,0.9697181212687884,0.006387117786653462,-0.005141307144176821,0.0,0.16666666666666666
deberta_v3_base_mean_pool,face,face::train::060555.jpg,control_one_fact,semantic_changed,0.9576995271287593,20,49,5,-0.0011237500150925728,0.6,face::train::141457.jpg,0.9706166618675726,0.6122448979591837,0.955959357440639,0.9644227985339195,0.0017401696881202966,-0.012917134738813285,0.0,0.05
deberta_v3_base_mean_pool,face,face::train::150659.jpg,control_one_fact,semantic_changed,0.9474786073105554,48,49,5,-0.008946198553333118,0.4,face::train::091980.jpg,0.977091712964415,0.04081632653061224,0.9652622906125956,0.9739466624103756,-0.017783683302040165,-0.02961310565385955,0.0,0.020833333333333332
deberta_v3_base_mean_pool,face,face::train::026996.jpg,control_one_fact,semantic_changed,0.9693851318916353,42,49,5,-0.008012332741498263,0.4,face::train::141457.jpg,0.9850597604502791,0.16326530612244897,0.9771859782260938,0.983446409185737,-0.007800846334458433,-0.015674628558643766,0.0,0.023809523809523808
deberta_v3_base_mean_pool,face,face::train::042973.jpg,control_one_fact,semantic_changed,0.9771380778571097,18,49,5,-0.003163612135114624,0.6,face::train::141457.jpg,0.9858564002745309,0.6530612244897959,0.9752345565929113,0.9820057009662715,0.00190352126419846,-0.00871832241742121,0.0,0.05555555555555555
deberta_v3_base_mean_pool,face,face::train::092618.jpg,control_one_fact,semantic_changed,0.9573023731637536,2,49,5,0.007509078910001743,1.0,face::train::091980.jpg,0.9585304806124816,0.9795918367346939,0.9384953664036976,0.9525103371705541,0.018807006760055978,-0.001228107448728033,0.0,0.5
deberta_v3_base_mean_pool,face,face::train::073196.jpg,control_one_fact,semantic_changed,0.9536492154054346,38,49,5,-0.013584500424204893,0.2,face::train::101485.jpg,0.9758014993474965,0.24489795918367346,0.9588580881089592,0.9687338019003553,-0.0052088727035246585,-0.022152283942061923,0.0,0.02631578947368421
deberta_v3_base_mean_pool,face,face::train::178129.jpg,control_synonym,semantic_preserving,0.9782897867199586,21,49,5,-0.0023858662825536614,0.8,face::train::141457.jpg,0.9867041965794396,0.5918367346938775,0.9772176392741991,0.9819935936561357,0.0010721474457594526,-0.008414409859481053,0.0,0.047619047619047616
deberta_v3_base_mean_pool,face,face::train::178129.jpg,control_one_fact,semantic_changed,0.9789484008965021,22,49,5,-0.002276833138823098,0.8,face::train::141457.jpg,0.9872003501634141,0.5714285714285714,0.9775292210081978,0.9826726666261011,0.0014191798883043116,-0.008251949266911973,0.0,0.045454545454545456
deberta_v3_base_mean_pool,face,face::train::123459.jpg,control_one_fact,semantic_changed,0.965220494594229,22,49,5,-0.00867248027731371,0.4,face::train::081413.jpg,0.9751190925778905,0.5714285714285714,0.9642530080633289,0.9733216393318375,0.0009674865309000635,-0.00989859798366155,0.0,0.045454545454545456
deberta_v3_base_mean_pool,face,face::train::088914.jpg,control_synonym,semantic_preserving,0.9081062016675016,45,49,5,-0.011339579499244579,0.2,face::train::091980.jpg,0.9476169627283638,0.10204081632653061,0.9255479151457204,0.9411246070101695,-0.01744171347821888,-0.039510761060862265,0.0,0.022222222222222223
deberta_v3_base_mean_pool,face,face::train::088914.jpg,control_one_fact,semantic_changed,0.9016723822575827,45,49,5,-0.010008483442013105,0.2,face::train::091980.jpg,0.944504415812804,0.10204081632653061,0.9202249905977222,0.9375712175347416,-0.018552608340139498,-0.04283203355522125,0.0,0.022222222222222223
deberta_v3_base_mean_pool,face,face::train::141457.jpg,control_one_fact,semantic_changed,0.9707341479390397,3,49,5,0.00424773465103645,1.0,face::train::091980.jpg,0.975173514997054,0.9591836734693877,0.959822096450949,0.9690664358699274,0.010912051488090713,-0.0044393670580142874,0.0,0.3333333333333333
deberta_v3_base_mean_pool,face,face::train::001042.jpg,control_synonym,semantic_preserving,0.9799224681611021,5,49,5,0.00020082872748072855,1.0,face::train::141457.jpg,0.9824509596544007,0.9183673469387755,0.9751676926322509,0.9802901519371979,0.004754775528851174,-0.0025284914932985902,0.0,0.2
deberta_v3_base_mean_pool,face,face::train::001042.jpg,control_one_fact,semantic_changed,0.9800540107023322,7,49,5,-0.0007949872986873219,0.8,face::train::141457.jpg,0.9839358168741674,0.8775510204081632,0.9764805795636056,0.9807078203232333,0.003573431138726657,-0.0038818061718352004,0.0,0.14285714285714285
deberta_v3_base_mean_pool,face,face::train::032580.jpg,control_one_fact,semantic_changed,0.9447873092880351,41,49,5,-0.01011949627474995,0.2,face::train::157804.jpg,0.975352564541427,0.1836734693877551,0.9575765444643922,0.9717122277996358,-0.012789235176357105,-0.030565255253391932,0.0,0.024390243902439025
deberta_v3_base_mean_pool,face,face::test::185812.jpg,control_synonym,semantic_preserving,0.9666568456867337,37,49,5,-0.0014407083333857207,0.8,face::train::141457.jpg,0.9821757941523289,0.2653061224489796,0.9707266580168402,0.9777181030552371,-0.004069812330106504,-0.015518948465595206,0.0,0.02702702702702703
deberta_v3_base_mean_pool,face,face::test::189858.jpg,control_one_fact,semantic_changed,0.9216260426361093,14,49,5,-0.00396915647583751,0.6,face::train::091980.jpg,0.9318169280855592,0.7346938775510204,0.9134874391662287,0.9266310663505791,0.008138603469880601,-0.010190885449449905,0.0,0.07142857142857142
deberta_v3_base_mean_pool,face,face::test::183801.jpg,control_one_fact,semantic_changed,0.9648799329609437,28,49,5,-0.005476516992276581,0.2,face::train::141457.jpg,0.9727584141105948,0.4489795918367347,0.9661412192539023,0.9719094335711258,-0.00126128629295863,-0.007878481149651173,0.0,0.03571428571428571
deberta_v3_base_mean_pool,face,face::test::188858.jpg,control_synonym,semantic_preserving,0.9504343811671349,39,49,5,-0.008338008913333694,0.2,face::train::091980.jpg,0.9703830034005866,0.22448979591836735,0.9587723900804686,0.9682563705232734,-0.008338008913333694,-0.01994862223345173,0.0,0.02564102564102564
deberta_v3_base_mean_pool,face,face::test::188858.jpg,control_one_fact,semantic_changed,0.9550749312461996,40,49,5,-0.007811669015441169,0.2,face::train::141457.jpg,0.9716350279751667,0.20408163265306123,0.9622058186057391,0.9704297268910111,-0.007130887359539484,-0.016560096728967078,0.0,0.025
deberta_v3_base_mean_pool,face,face::test::196777.jpg,control_one_fact,semantic_changed,0.9666851138658052,6,49,5,-0.004562198881407076,0.8,face::train::091980.jpg,0.9712473127472123,0.8979591836734694,0.958929789864705,0.968915046162479,0.007755324001100239,-0.004562198881407076,0.0,0.16666666666666666
deberta_v3_base_mean_pool,face,face::test::184003.jpg,control_synonym,semantic_preserving,0.9685955959167805,11,49,5,-0.004572424232566319,0.6,face::train::091980.jpg,0.977449241560249,0.7959183673469388,0.960150689074151,0.9723253834576945,0.00844490684262944,-0.008853645643468577,0.0,0.09090909090909091
deberta_v3_base_mean_pool,face,face::test::184003.jpg,control_one_fact,semantic_changed,0.9697357418348478,11,49,5,-0.004596048336013903,0.6,face::train::091980.jpg,0.9784469083513819,0.7959183673469388,0.9620659758316019,0.9734416735706198,0.00766976600324587,-0.008711166516534141,0.0,0.09090909090909091
deberta_v3_base_mean_pool,face,face::test::201409.jpg,control_one_fact,semantic_changed,0.9586940645177204,21,49,5,-0.006074387250354363,0.2,face::train::092618.jpg,0.9709914077564172,0.5918367346938775,0.9578365797164136,0.9692890222207,0.0008574848013068737,-0.0122973432386968,0.0,0.047619047619047616
deberta_v3_base_mean_pool,face,face::test::196611.jpg,control_synonym,semantic_preserving,0.9519746395757994,5,49,5,-0.0005680165577567342,0.8,face::train::091980.jpg,0.9580186093559694,0.9183673469387755,0.9440988562365529,0.9533499689830356,0.007875783339246545,-0.0060439697801699666,0.0,0.2
deberta_v3_base_mean_pool,face,face::test::196611.jpg,control_one_fact,semantic_changed,0.9525331800375931,6,49,5,-0.000990447882789236,0.8,face::train::091980.jpg,0.9587976926631532,0.8979591836734694,0.9451432237888645,0.9540118515594534,0.007389956248728624,-0.006264512625560048,0.0,0.16666666666666666
