model,domain,sample_id,variant_type,relation,cosine,rank,negative_count,hard_negative_count,hard_set_margin,hard_negative_win_rate,hardest_sample_id,hardest_cosine,negative_percentile,negative_median,negative_p95,median_margin,hardest_margin,recall_at_1,reciprocal_rank
clip_l14,person,person::train::00197_4.png,llm_brief,information_reduced,0.9091096733422209,1,49,5,0.18672999236620536,1.0,person::train::11561_6.jpg,0.7223796809760156,1.0,0.5067926220925403,0.6275914122818456,0.40231705124968065,0.18672999236620536,1.0,1.0
clip_l14,person,person::train::00197_4.png,llm_balanced,information_reduced,0.9999999999999463,1,49,5,0.20710177831482468,1.0,person::train::11561_6.jpg,0.7928982216851216,1.0,0.44232171327175474,0.6327355101309606,0.5576782867281915,0.20710177831482468,1.0,1.0
clip_l14,person,person::train::00197_4.png,llm_detailed,information_reduced,0.9736483261505777,1,49,5,0.19587977317840544,1.0,person::train::11561_6.jpg,0.7777685529721723,1.0,0.4276719078307386,0.6266687127208812,0.5459764183198391,0.19587977317840544,1.0,1.0
clip_l14,person,person::train::00197_4.png,llm_human_description,information_reduced,0.8927889036888261,1,49,5,0.18559853097119716,1.0,person::train::11561_6.jpg,0.707190372717629,1.0,0.44317368770602106,0.6085141082047362,0.44961521598280507,0.18559853097119716,1.0,1.0
clip_l14,person,person::query::26685_1.jpg,llm_brief,information_reduced,0.8114284468349117,2,49,5,0.048156545161498365,1.0,person::train::12462_1.jpg,0.8263691249426629,0.9795918367346939,0.4833392367551662,0.7160235590780671,0.32808921007974545,-0.014940678107751237,0.0,0.5
clip_l14,person,person::query::26685_1.jpg,llm_balanced,information_reduced,0.8113088257767459,2,49,5,2.545330834913262e-05,1.0,person::train::12462_1.jpg,0.8367474315670802,0.9795918367346939,0.5441266717537709,0.7377363794791837,0.26718215402297496,-0.0254386057903343,0.0,0.5
clip_l14,person,person::query::26685_1.jpg,llm_detailed,information_reduced,0.7479107064094703,3,49,5,-0.027865921546001426,0.8,person::train::12462_1.jpg,0.8051675017265456,0.9591836734693877,0.5639846647831245,0.7113458886531601,0.18392604162634585,-0.05725679531707528,0.0,0.3333333333333333
clip_l14,person,person::query::26685_1.jpg,llm_human_description,information_reduced,0.8665370260027275,1,49,5,0.11522470769406323,1.0,person::train::06597_2.jpg,0.7513123183086643,1.0,0.5432466917465901,0.7392735095725689,0.3232903342561374,0.11522470769406323,1.0,1.0
clip_l14,person,person::gallery::26474_5.jpg,llm_brief,information_reduced,0.9270737258985535,1,49,5,0.18669996839788772,1.0,person::gallery::15194_3.png,0.7403737575006658,1.0,0.5059003466586076,0.6848141558695253,0.4211733792399459,0.18669996839788772,1.0,1.0
clip_l14,person,person::gallery::26474_5.jpg,llm_balanced,information_reduced,0.9671964286899989,1,49,5,0.16832740611427244,1.0,person::train::02167_1.jpg,0.7988690225757265,1.0,0.5740226286242394,0.7339947623904266,0.3931738000657595,0.16832740611427244,1.0,1.0
clip_l14,person,person::gallery::26474_5.jpg,llm_detailed,information_reduced,0.9603590025669816,1,49,5,0.14502604729603974,1.0,person::gallery::15194_3.png,0.8153329552709419,1.0,0.5657893821163946,0.7314465997826687,0.39456962045058697,0.14502604729603974,1.0,1.0
clip_l14,person,person::gallery::26474_5.jpg,llm_human_description,information_reduced,0.4456380991102332,13,49,5,-0.07679055272524205,0.4,person::train::05158_3.jpg,0.6596019480146231,0.7551020408163265,0.35630619793452417,0.5746154411478681,0.08933190117570905,-0.2139638489043899,0.0,0.07692307692307693
clip_l14,person,person::train::03736_1.jpg,llm_brief,information_reduced,0.8403655748930168,1,49,5,0.17533766410338236,1.0,person::train::02167_1.jpg,0.6650279107896344,1.0,0.41614776847632884,0.5820973568355812,0.42421780641668794,0.17533766410338236,1.0,1.0
clip_l14,person,person::train::03736_1.jpg,llm_balanced,information_reduced,0.9531701131537503,1,49,5,0.1751656376970312,1.0,person::train::02167_1.jpg,0.7780044754567191,1.0,0.5259099739738853,0.6934077980165291,0.42726013917986505,0.1751656376970312,1.0,1.0
clip_l14,person,person::train::03736_1.jpg,llm_detailed,information_reduced,0.9498174993461759,1,49,5,0.2202577633236653,1.0,person::train::02167_1.jpg,0.7295597360225106,1.0,0.5046935447623839,0.6690798643703683,0.44512395458379195,0.2202577633236653,1.0,1.0
clip_l14,person,person::train::03736_1.jpg,llm_human_description,information_reduced,0.8971249920794251,1,49,5,0.1687129771855027,1.0,person::train::02167_1.jpg,0.7284120148939224,1.0,0.4925556688673105,0.6460775762914179,0.4045693232121146,0.1687129771855027,1.0,1.0
clip_l14,person,person::query::14604_1.png,llm_brief,information_reduced,0.9584283308737127,1,49,5,0.24111969850482995,1.0,person::train::06085_7.jpg,0.7173086323688828,1.0,0.5228760781103947,0.6900509903145354,0.435552252763318,0.24111969850482995,1.0,1.0
clip_l14,person,person::query::14604_1.png,llm_balanced,information_reduced,0.980957462858137,1,49,5,0.2705079468180185,1.0,person::train::09715_3.jpg,0.7104495160401185,1.0,0.5196558619812499,0.68700289920892,0.4613016008768871,0.2705079468180185,1.0,1.0
clip_l14,person,person::query::14604_1.png,llm_detailed,information_reduced,0.9743057839065183,1,49,5,0.24809636421352177,1.0,person::train::09715_3.jpg,0.7262094196929966,1.0,0.5276674982940976,0.6765597898751146,0.4466382856124207,0.24809636421352177,1.0,1.0
clip_l14,person,person::query::14604_1.png,llm_human_description,information_reduced,0.9134270405375745,1,49,5,0.20315292192208123,1.0,person::train::06085_7.jpg,0.7102741186154933,1.0,0.5340831012428738,0.6527451409539597,0.37934393929470067,0.20315292192208123,1.0,1.0
clip_l14,vehicle,vehicle::train_images::19666_c077_02.jpg,llm_brief,information_reduced,0.8373616459236557,1,49,5,0.12309417459999783,1.0,vehicle::train_images::05432_c163_04.jpg,0.7467234317206648,1.0,0.5119099985472799,0.6992453297407946,0.3254516473763758,0.0906382142029909,1.0,1.0
clip_l14,vehicle,vehicle::train_images::19666_c077_02.jpg,llm_balanced,information_reduced,0.8430850277126496,1,49,5,0.17193604389906336,1.0,vehicle::train_images::05432_c163_04.jpg,0.6901019975102642,1.0,0.4780567382538531,0.6707592667566901,0.3650282894587965,0.15298303020238535,1.0,1.0
clip_l14,vehicle,vehicle::train_images::19666_c077_02.jpg,llm_detailed,information_reduced,0.8168958091824148,1,49,5,0.15233404832501685,1.0,vehicle::train_images::12849_c170_02.jpg,0.6645617608573979,1.0,0.45385329468077695,0.6523215153653262,0.3630425145016378,0.15233404832501685,1.0,1.0
clip_l14,vehicle,vehicle::train_images::19666_c077_02.jpg,llm_human_description,information_reduced,0.8271047604389432,1,49,5,0.11556510292837185,1.0,vehicle::train_images::12849_c170_02.jpg,0.7115396575105714,1.0,0.5290889655511358,0.6655747126766078,0.2980157948878074,0.11556510292837185,1.0,1.0
clip_l14,vehicle,vehicle::query_images::20204_c041_01.jpg,llm_brief,information_reduced,0.8488549758986095,2,49,5,-0.03798958800730634,0.8,vehicle::train_images::16253_c139_00.jpg,0.8868445639059158,0.9795918367346939,0.6222569236131836,0.7814991951057165,0.22659805228542584,-0.03798958800730634,0.0,0.5
clip_l14,vehicle,vehicle::query_images::20204_c041_01.jpg,llm_balanced,information_reduced,0.8872248071724684,1,49,5,0.07843700031717571,1.0,vehicle::train_images::16253_c139_00.jpg,0.8087878068552927,1.0,0.5876129554839516,0.7543355979276628,0.2996118516885168,0.07843700031717571,1.0,1.0
clip_l14,vehicle,vehicle::query_images::20204_c041_01.jpg,llm_detailed,information_reduced,0.8622252698177286,1,49,5,0.09083807839554514,1.0,vehicle::gallery_images::20159_c003_00.jpg,0.7713871914221835,1.0,0.556266752285662,0.7337307145880374,0.3059585175320666,0.09083807839554514,1.0,1.0
clip_l14,vehicle,vehicle::query_images::20204_c041_01.jpg,llm_human_description,information_reduced,0.8746966626752847,1,49,5,0.03496362091888072,1.0,vehicle::train_images::16253_c139_00.jpg,0.839733041756404,1.0,0.6300269345644693,0.796730301361443,0.24466972811081533,0.03496362091888072,1.0,1.0
clip_l14,vehicle,vehicle::gallery_images::20591_c110_03.jpg,llm_brief,information_reduced,0.8420759659174548,1,49,5,0.18665975691358905,1.0,vehicle::train_images::05432_c163_04.jpg,0.6554162090038658,1.0,0.47399276986896766,0.6119644756795469,0.36808319604848716,0.18665975691358905,1.0,1.0
clip_l14,vehicle,vehicle::gallery_images::20591_c110_03.jpg,llm_balanced,information_reduced,0.8606125263397418,1,49,5,0.24600717570190522,1.0,vehicle::train_images::16614_c041_04.jpg,0.6337025816364028,1.0,0.4391407108642615,0.5818911177879191,0.42147181547548035,0.22690994470333903,1.0,1.0
clip_l14,vehicle,vehicle::gallery_images::20591_c110_03.jpg,llm_detailed,information_reduced,0.9095685944227005,1,49,5,0.35336482104357825,1.0,vehicle::train_images::16614_c041_04.jpg,0.5899753300836541,1.0,0.4301778663198081,0.5453196182333034,0.47939072810289246,0.31959326433904645,1.0,1.0
clip_l14,vehicle,vehicle::gallery_images::20591_c110_03.jpg,llm_human_description,information_reduced,0.8799260453490996,1,49,5,0.27969305225084595,1.0,vehicle::query_images::20949_c003_01.jpg,0.6002329930982536,1.0,0.45255994858800536,0.5700337592171657,0.4273660967610942,0.27969305225084595,1.0,1.0
clip_l14,vehicle,vehicle::train_images::13184_c012_02.jpg,llm_brief,information_reduced,0.6543523763724984,22,49,5,-0.23245128225777434,0.6,vehicle::train_images::05685_c100_04.jpg,0.8868036586302728,0.5714285714285714,0.6359305502877648,0.7816499820282542,0.01842182608473364,-0.23245128225777434,0.0,0.045454545454545456
clip_l14,vehicle,vehicle::train_images::13184_c012_02.jpg,llm_balanced,information_reduced,0.9302936853528099,1,49,5,0.291736544901374,1.0,vehicle::train_images::09221_c139_03.jpg,0.6385571404514359,1.0,0.45724903597292565,0.5812569485370465,0.4730446493798842,0.291736544901374,1.0,1.0
clip_l14,vehicle,vehicle::train_images::13184_c012_02.jpg,llm_detailed,information_reduced,0.9058343046565769,1,49,5,0.26036540055864954,1.0,vehicle::train_images::09221_c139_03.jpg,0.6454689040979273,1.0,0.37366435679378157,0.5655535603579573,0.5321699478627953,0.26036540055864954,1.0,1.0
clip_l14,vehicle,vehicle::train_images::13184_c012_02.jpg,llm_human_description,information_reduced,0.6702255630061408,23,49,5,-0.1615088678992419,0.8,vehicle::train_images::05685_c100_04.jpg,0.8317344309053827,0.5510204081632653,0.6493496243011727,0.7563593490003279,0.020875938704968067,-0.1615088678992419,0.0,0.043478260869565216
clip_l14,vehicle,vehicle::query_images::21022_c078_01.jpg,llm_brief,information_reduced,0.7798124947428058,1,49,5,0.09640696047064068,1.0,vehicle::gallery_images::21199_c014_04.jpg,0.6834055342721651,1.0,0.48709277426224296,0.6226375443303859,0.29271972048056283,0.09640696047064068,1.0,1.0
clip_l14,vehicle,vehicle::query_images::21022_c078_01.jpg,llm_balanced,information_reduced,0.727944448676806,1,49,5,0.10271766957823647,1.0,vehicle::train_images::09221_c139_03.jpg,0.6534227980089009,1.0,0.4469306050343396,0.5959930595530257,0.28101384364246634,0.07452165066790506,1.0,1.0
clip_l14,vehicle,vehicle::query_images::21022_c078_01.jpg,llm_detailed,information_reduced,0.7418897288994999,1,49,5,0.09089964782328919,1.0,vehicle::train_images::09221_c139_03.jpg,0.6865719734569333,1.0,0.4838045424276879,0.604157978599403,0.258085186471812,0.05531775544256656,1.0,1.0
clip_l14,vehicle,vehicle::query_images::21022_c078_01.jpg,llm_human_description,information_reduced,0.8099997509061521,1,49,5,0.06426099469262692,1.0,vehicle::train_images::19520_c034_01.jpg,0.7457387562135251,1.0,0.5870642999672987,0.709778961875597,0.22293545093885336,0.06426099469262692,1.0,1.0
clip_l14,face,face::train::170623.jpg,llm_brief,information_reduced,0.8085154604357143,2,49,5,0.008765818651029433,1.0,face::train::141457.jpg,0.8197105802867757,0.9795918367346939,0.6872744139304471,0.7892122675821202,0.12124104650526724,-0.011195119851061364,0.0,0.5
clip_l14,face,face::train::170623.jpg,llm_balanced,information_reduced,0.8243301056310417,1,49,5,0.01721054851604764,1.0,face::train::141457.jpg,0.8210676301042316,1.0,0.7018654101263431,0.8023478323772182,0.12246469550469863,0.003262475526810138,1.0,1.0
clip_l14,face,face::train::170623.jpg,llm_detailed,information_reduced,0.9356195584303797,2,49,5,-0.008729201933821873,0.8,face::train::109762.jpg,0.9443487603642016,0.9795918367346939,0.7996848776049612,0.9041659027756576,0.13593468082541849,-0.008729201933821873,0.0,0.5
clip_l14,face,face::train::170623.jpg,llm_human_description,information_reduced,0.7742161490196476,1,49,5,0.013054110248496231,1.0,face::train::141457.jpg,0.7701368195833507,1.0,0.6473838186547514,0.749565066859361,0.12683233036489627,0.004079329436296963,1.0,1.0
clip_l14,face,face::test::189457.jpg,llm_brief,information_reduced,0.7800660113660407,7,49,5,-0.017415907205820425,0.8,face::train::114832.jpg,0.8134114804499362,0.8775510204081632,0.680642891632852,0.7907644009605764,0.09942311973318874,-0.03334546908389546,0.0,0.14285714285714285
clip_l14,face,face::test::189457.jpg,llm_balanced,information_reduced,0.8305636524856621,4,49,5,-0.009200086410247721,0.8,face::train::114832.jpg,0.855827065630371,0.9387755102040817,0.7058324952742934,0.8321539887463935,0.12473115721136874,-0.025263413144708924,0.0,0.25
clip_l14,face,face::test::189457.jpg,llm_detailed,information_reduced,0.8935181733548492,3,49,5,0.00944786373584905,1.0,face::train::114832.jpg,0.9081431572618124,0.9591836734693877,0.7660026804104222,0.8824165528806955,0.127515492944427,-0.014624983906963207,0.0,0.3333333333333333
clip_l14,face,face::test::189457.jpg,llm_human_description,information_reduced,0.726973202609636,9,49,5,-0.01445720658639349,0.6,face::train::114832.jpg,0.7449179488005497,0.8367346938775511,0.6393721857933903,0.7402256173703281,0.08760101681624577,-0.017944746190913685,0.0,0.1111111111111111
clip_l14,face,face::train::081413.jpg,llm_brief,information_reduced,0.5298768316664205,20,49,5,-0.10334598662720662,0.2,face::train::170623.jpg,0.637232622336142,0.6122448979591837,0.4967945903395449,0.6263760462887688,0.03308224132687565,-0.10735579066972145,0.0,0.05
clip_l14,face,face::train::081413.jpg,llm_balanced,information_reduced,0.6590195590438259,15,49,5,-0.08142649032796756,0.2,face::train::157804.jpg,0.7484276784545527,0.7142857142857143,0.6100392748584603,0.7379639204542143,0.0489802841853656,-0.0894081194107268,0.0,0.06666666666666667
clip_l14,face,face::train::081413.jpg,llm_detailed,information_reduced,0.8247618009490856,10,49,5,-0.012515901220511494,0.6,face::train::157804.jpg,0.8724024029455921,0.8163265306122449,0.7810603045635625,0.8384796754133517,0.04370149638552312,-0.04764060199650655,0.0,0.1
clip_l14,face,face::train::081413.jpg,llm_human_description,information_reduced,0.6586988503217629,19,49,5,-0.08988929219266473,0.2,face::train::157804.jpg,0.766527243036797,0.6326530612244898,0.6093556955383069,0.7482423719444068,0.04934315478345597,-0.10782839271503408,0.0,0.05263157894736842
clip_l14,face,face::test::186223.jpg,llm_brief,information_reduced,0.6529544913691127,18,49,5,-0.043954578709884284,0.2,face::train::082954.jpg,0.7419705374196841,0.6530612244897959,0.5963996973346417,0.7092767689008931,0.056554794034470945,-0.08901604605057145,0.0,0.05555555555555555
clip_l14,face,face::test::186223.jpg,llm_balanced,information_reduced,0.5490606976747148,11,49,5,-0.0282704326723191,0.2,face::train::082954.jpg,0.63756650152567,0.7959183673469388,0.41898147206440706,0.5779247701818527,0.1300792256103077,-0.08850580385095519,0.0,0.09090909090909091
clip_l14,face,face::test::186223.jpg,llm_detailed,information_reduced,0.6578320829528134,9,49,5,-0.032580310943612134,0.2,face::train::082954.jpg,0.7311259593966541,0.8367346938775511,0.5139995793037431,0.6858776457969552,0.1438325036490703,-0.07329387644384078,0.0,0.1111111111111111
clip_l14,face,face::test::186223.jpg,llm_human_description,information_reduced,0.526060800623873,13,49,5,-0.03485375522194967,0.2,face::train::137722.jpg,0.5835494356797029,0.7551020408163265,0.42216261782623754,0.5573155709265375,0.10389818279763541,-0.057488635055829906,0.0,0.07692307692307693
clip_l14,face,face::train::137722.jpg,llm_brief,information_reduced,0.649054845095883,1,49,5,0.03732245365925391,1.0,face::test::183801.jpg,0.611732391436629,1.0,0.49353156968525136,0.5919422349086729,0.1555232754106316,0.03732245365925391,1.0,1.0
clip_l14,face,face::train::137722.jpg,llm_balanced,information_reduced,0.6734809746199386,1,49,5,0.0642765390488168,1.0,face::test::183801.jpg,0.6092044355711218,1.0,0.4414636695367704,0.5893284266274745,0.2320173050831682,0.0642765390488168,1.0,1.0
clip_l14,face,face::train::137722.jpg,llm_detailed,information_reduced,0.7562611953350075,2,49,5,0.04313985791379582,1.0,face::train::157804.jpg,0.7567638482626596,0.9795918367346939,0.6875326124649279,0.7309531521117827,0.06872858287007955,-0.0005026529276521696,0.0,0.5
clip_l14,face,face::train::137722.jpg,llm_human_description,information_reduced,0.7241203550330534,1,49,5,0.07220812141213806,1.0,face::test::183801.jpg,0.6519122336209153,1.0,0.5086174397848092,0.6404548826154172,0.21550291524824416,0.07220812141213806,1.0,1.0
clip_l14,person,person::train::06597_2.jpg,llm_brief,information_reduced,0.9320642324198363,1,49,5,0.051096682188395914,1.0,person::train::00233_10.png,0.8809675502314404,1.0,0.5450865039418069,0.7491315749377783,0.38697772847802936,0.051096682188395914,1.0,1.0
clip_l14,person,person::train::06597_2.jpg,llm_balanced,information_reduced,0.9933337055103895,1,49,5,0.08130381454370506,1.0,person::train::00233_10.png,0.9120298909666844,1.0,0.58509072210182,0.7860396463449287,0.40824298340856946,0.08130381454370506,1.0,1.0
clip_l14,person,person::train::06597_2.jpg,llm_detailed,information_reduced,0.9933337055103895,1,49,5,0.08130381454370506,1.0,person::train::00233_10.png,0.9120298909666844,1.0,0.58509072210182,0.7860396463449287,0.40824298340856946,0.08130381454370506,1.0,1.0
clip_l14,person,person::train::06597_2.jpg,llm_human_description,information_reduced,0.8668709334848348,2,49,5,-0.008638114013499232,0.8,person::train::00233_10.png,0.875509047498334,0.9795918367346939,0.5245983046030628,0.7249761566486017,0.342272628881772,-0.008638114013499232,0.0,0.5
clip_l14,person,person::train::10977_1.jpg,llm_brief,information_reduced,0.8489647722622928,1,49,5,0.2416076465586443,1.0,person::train::10252_1.jpg,0.619571686988169,1.0,0.4157631948829067,0.5866274646894064,0.43320157737938614,0.22939308527412383,1.0,1.0
clip_l14,person,person::train::10977_1.jpg,llm_balanced,information_reduced,0.9805189628551295,1,49,5,0.31523339827285135,1.0,person::train::08634_3.jpg,0.6652855645822782,1.0,0.41196826392848174,0.586147604682447,0.5685506989266478,0.31523339827285135,1.0,1.0
clip_l14,person,person::train::10977_1.jpg,llm_detailed,information_reduced,0.9999999999998778,1,49,5,0.3318174521763493,1.0,person::train::08634_3.jpg,0.6681825478235285,1.0,0.40575709977317626,0.5677391701909864,0.5942429002267016,0.3318174521763493,1.0,1.0
clip_l14,person,person::train::10977_1.jpg,llm_human_description,information_reduced,0.9072878720324258,1,49,5,0.2910303263592201,1.0,person::train::00969_2.png,0.6162575456732057,1.0,0.39678539927807216,0.5474991847788886,0.5105024727543537,0.2910303263592201,1.0,1.0
clip_l14,person,person::train::12050_5.jpg,llm_brief,information_reduced,0.7718121959455848,1,49,5,0.13040668956442003,1.0,person::gallery::26991_3.jpg,0.6503668129381819,1.0,0.4680898826439036,0.6403198883184157,0.3037223133016812,0.12144538300740293,1.0,1.0
clip_l14,person,person::train::12050_5.jpg,llm_balanced,information_reduced,0.8445007147119077,1,49,5,0.08480644090882017,1.0,person::query::26943_3.jpg,0.7596942738030875,1.0,0.5283046808934154,0.7343052455730817,0.31619603381849226,0.08480644090882017,1.0,1.0
clip_l14,person,person::train::12050_5.jpg,llm_detailed,information_reduced,0.867935264961966,1,49,5,0.13719674260057113,1.0,person::gallery::27153_5.jpg,0.7307385223613949,1.0,0.48981532712772424,0.7011214799603113,0.3781199378342418,0.13719674260057113,1.0,1.0
clip_l14,person,person::train::12050_5.jpg,llm_human_description,information_reduced,0.7097406563639095,2,49,5,-0.022204172452902182,0.8,person::train::09751_6.jpg,0.7319448288168117,0.9795918367346939,0.32888310033149887,0.6008856661172527,0.3808575560324106,-0.022204172452902182,0.0,0.5
clip_l14,person,person::train::08529_4.jpg,llm_brief,information_reduced,0.8966287538253301,1,49,5,0.12834778907231115,1.0,person::train::08528_6.jpg,0.768280964753019,1.0,0.5304340848669378,0.6760464307942025,0.36619466895839237,0.12834778907231115,1.0,1.0
clip_l14,person,person::train::08529_4.jpg,llm_balanced,information_reduced,0.9513961476136139,1,49,5,0.12133211760629792,1.0,person::train::08528_6.jpg,0.830064030007316,1.0,0.5734158033043311,0.6999374614691776,0.37798034430928285,0.12133211760629792,1.0,1.0
clip_l14,person,person::train::08529_4.jpg,llm_detailed,information_reduced,0.9961599195166347,1,49,5,0.20371606198623204,1.0,person::train::08528_6.jpg,0.7924438575304027,1.0,0.5368751718637667,0.6611240045282794,0.4592847476528681,0.20371606198623204,1.0,1.0
clip_l14,person,person::train::08529_4.jpg,llm_human_description,information_reduced,0.9118462113603033,1,49,5,0.08968761482564569,1.0,person::train::08528_6.jpg,0.8221585965346576,1.0,0.5721437878730902,0.6829602564198156,0.33970242348721313,0.08968761482564569,1.0,1.0
clip_l14,person,person::train::01742_4.jpg,llm_brief,information_reduced,0.934200131321162,1,49,5,0.24781351536357443,1.0,person::train::03736_1.jpg,0.6863866159575875,1.0,0.4424634502336705,0.63546821771521,0.49173668108749147,0.24781351536357443,1.0,1.0
clip_l14,person,person::train::01742_4.jpg,llm_balanced,information_reduced,0.9629362129120627,1,49,5,0.2952297019931265,1.0,person::train::03736_1.jpg,0.6677065109189362,1.0,0.43700942395061454,0.6304839917979571,0.5259267889614481,0.2952297019931265,1.0,1.0
clip_l14,person,person::train::01742_4.jpg,llm_detailed,information_reduced,0.9661488432818083,1,49,5,0.3161761688866037,1.0,person::train::03736_1.jpg,0.6499726743952046,1.0,0.42260138251228363,0.6116355768110224,0.5435474607695246,0.3161761688866037,1.0,1.0
clip_l14,person,person::train::01742_4.jpg,llm_human_description,information_reduced,0.9266792320937403,1,49,5,0.28396776396476975,1.0,person::train::00969_2.png,0.6427114681289705,1.0,0.4371057872879771,0.6101610344015596,0.48957344480576315,0.28396776396476975,1.0,1.0
clip_l14,person,person::train::05158_3.jpg,llm_brief,information_reduced,0.7686405113157169,1,49,5,0.02570170318162679,1.0,person::train::01108_7.png,0.7429388081340901,1.0,0.511423716778237,0.6591560543730293,0.2572167945374799,0.02570170318162679,1.0,1.0
clip_l14,person,person::train::05158_3.jpg,llm_balanced,information_reduced,0.7456000196584899,3,49,5,-0.037823788528855595,0.8,person::train::01108_7.png,0.7834238081873455,0.9591836734693877,0.554342385838037,0.6941592804019495,0.1912576338204529,-0.037823788528855595,0.0,0.3333333333333333
clip_l14,person,person::train::05158_3.jpg,llm_detailed,information_reduced,0.721133775956935,3,49,5,-0.08334819752085565,0.8,person::train::01108_7.png,0.8044819734777906,0.9591836734693877,0.5733308237929254,0.7057662721500171,0.14780295216400952,-0.08334819752085565,0.0,0.3333333333333333
clip_l14,person,person::train::05158_3.jpg,llm_human_description,information_reduced,0.8756050055943678,1,49,5,0.07477051505813592,1.0,person::query::26761_2.jpg,0.8008344905362319,1.0,0.448022602206201,0.6732953847751558,0.42758240338816683,0.07477051505813592,1.0,1.0
clip_l14,person,person::train::02167_1.jpg,llm_brief,information_reduced,0.91276288909832,1,49,5,0.1371870725841201,1.0,person::gallery::26474_5.jpg,0.7755758165141999,1.0,0.5640485858686652,0.6988005302305063,0.3487143032296548,0.1371870725841201,1.0,1.0
clip_l14,person,person::train::02167_1.jpg,llm_balanced,information_reduced,0.9301502747754482,1,49,5,0.14632596125430197,1.0,person::gallery::26474_5.jpg,0.7838243135211462,1.0,0.5730752327152949,0.7026474417214589,0.3570750420601533,0.14632596125430197,1.0,1.0
clip_l14,person,person::train::02167_1.jpg,llm_detailed,information_reduced,0.9429113481617243,1,49,5,0.1467490280946565,1.0,person::gallery::26474_5.jpg,0.7961623200670678,1.0,0.5784397402993967,0.7123825900953528,0.3644716078623276,0.1467490280946565,1.0,1.0
clip_l14,person,person::train::02167_1.jpg,llm_human_description,information_reduced,0.9043388842559033,1,49,5,0.1608284401058977,1.0,person::gallery::26474_5.jpg,0.7435104441500056,1.0,0.5569662922108548,0.6851351573601385,0.34737259204504845,0.1608284401058977,1.0,1.0
clip_l14,person,person::train::00233_10.png,llm_brief,information_reduced,0.9526506294931837,1,49,5,0.07609178797640725,1.0,person::train::06597_2.jpg,0.8765588415167764,1.0,0.5559719977482299,0.7128841692517048,0.39667863174495377,0.07609178797640725,1.0,1.0
clip_l14,person,person::train::00233_10.png,llm_balanced,information_reduced,0.9720832278259366,1,49,5,0.03896394224709099,1.0,person::train::06597_2.jpg,0.9331192855788456,1.0,0.5887570444352417,0.7707342505223628,0.3833261833906949,0.03896394224709099,1.0,1.0
clip_l14,person,person::train::00233_10.png,llm_detailed,information_reduced,0.9550633193511947,1,49,5,0.04845843357671753,1.0,person::train::06597_2.jpg,0.9066048857744772,1.0,0.5612982797564721,0.756875523231736,0.39376503959472264,0.04845843357671753,1.0,1.0
clip_l14,person,person::train::00233_10.png,llm_human_description,information_reduced,0.9151853900907572,2,49,5,-0.003177383223953223,0.8,person::train::06597_2.jpg,0.9183627733147104,0.9795918367346939,0.5670302598846159,0.7374671379693177,0.3481551302061413,-0.003177383223953223,0.0,0.5
clip_l14,person,person::train::01108_7.png,llm_brief,information_reduced,0.9026204717615631,1,49,5,0.10949437375393078,1.0,person::gallery::26774_3.jpg,0.7931260980076323,1.0,0.5914046057716871,0.7107671503957596,0.31121586598987605,0.10949437375393078,1.0,1.0
clip_l14,person,person::train::01108_7.png,llm_balanced,information_reduced,0.905287131474148,1,49,5,0.09254895280152242,1.0,person::gallery::26774_3.jpg,0.8127381786726255,1.0,0.6131227907118331,0.7238408731665076,0.2921643407623149,0.09254895280152242,1.0,1.0
clip_l14,person,person::train::01108_7.png,llm_detailed,information_reduced,0.8843322563530152,1,49,5,0.09585805864086461,1.0,person::gallery::14888_1.png,0.7884741977121505,1.0,0.6024509901175743,0.7134085907004245,0.28188126623544085,0.09585805864086461,1.0,1.0
clip_l14,person,person::train::01108_7.png,llm_human_description,information_reduced,0.8338280021801434,1,49,5,0.08473698560761356,1.0,person::gallery::26774_3.jpg,0.7490910165725299,1.0,0.5767587154000617,0.705956267451132,0.2570692867800817,0.08473698560761356,1.0,1.0
clip_l14,person,person::train::06085_7.jpg,llm_brief,information_reduced,0.7204372292403507,3,49,5,-0.06946701704658431,0.6,person::gallery::15309_3.png,0.789904246286935,0.9591836734693877,0.5172257138322798,0.7040782678363922,0.20321151540807092,-0.06946701704658431,0.0,0.3333333333333333
clip_l14,person,person::train::06085_7.jpg,llm_balanced,information_reduced,0.8627252212119644,1,49,5,0.08916514703011302,1.0,person::gallery::15309_3.png,0.7735600741818514,1.0,0.6209274172162964,0.7394618053490887,0.24179780399566797,0.08916514703011302,1.0,1.0
clip_l14,person,person::train::06085_7.jpg,llm_detailed,information_reduced,0.874498093219485,1,49,5,0.10799052864876268,1.0,person::gallery::15309_3.png,0.7665075645707223,1.0,0.5804505157575301,0.71823100617111,0.29404757746195487,0.10799052864876268,1.0,1.0
clip_l14,person,person::train::06085_7.jpg,llm_human_description,information_reduced,0.9082255352172466,1,49,5,0.09782368285313892,1.0,person::gallery::15309_3.png,0.8104018523641077,1.0,0.5768715651024909,0.7022050810646487,0.33135397011475565,0.09782368285313892,1.0,1.0
clip_l14,person,person::train::12462_1.jpg,llm_brief,information_reduced,0.923157321118325,1,49,5,0.14949993150468732,1.0,person::train::06597_2.jpg,0.7736573896136377,1.0,0.5055789488480051,0.6937626103602929,0.4175783722703199,0.14949993150468732,1.0,1.0
clip_l14,person,person::train::12462_1.jpg,llm_balanced,information_reduced,0.9971093930273025,1,49,5,0.17142937257753776,1.0,person::train::06597_2.jpg,0.8256800204497647,1.0,0.5102558087633154,0.6911168727549659,0.48685358426398706,0.17142937257753776,1.0,1.0
clip_l14,person,person::train::12462_1.jpg,llm_detailed,information_reduced,0.9630418950046808,1,49,5,0.12869844785362772,1.0,person::train::06597_2.jpg,0.8343434471510531,1.0,0.531693247849425,0.7208103414256991,0.4313486471552559,0.12869844785362772,1.0,1.0
clip_l14,person,person::train::12462_1.jpg,llm_human_description,information_reduced,0.8917722936712698,1,49,5,0.14688384363990825,1.0,person::train::06597_2.jpg,0.7448884500313615,1.0,0.48574871563455757,0.699035177173534,0.4060235780367122,0.14688384363990825,1.0,1.0
clip_l14,person,person::train::01924_2.jpg,llm_brief,information_reduced,0.8813990596222143,1,49,5,0.18024026515135194,1.0,person::gallery::26789_1.jpg,0.7011587944708624,1.0,0.5192237637093304,0.6602420763147818,0.3621752959128839,0.18024026515135194,1.0,1.0
clip_l14,person,person::train::01924_2.jpg,llm_balanced,information_reduced,0.9462957698893109,1,49,5,0.23593013854039957,1.0,person::train::11561_6.jpg,0.7103656313489113,1.0,0.513204215393434,0.6721394844465076,0.4330915544958769,0.23593013854039957,1.0,1.0
clip_l14,person,person::train::01924_2.jpg,llm_detailed,information_reduced,0.9637375410065311,1,49,5,0.24372541230665534,1.0,person::gallery::26774_3.jpg,0.7200121286998757,1.0,0.5486519972438064,0.6884323290158307,0.41508554376272466,0.24372541230665534,1.0,1.0
clip_l14,person,person::train::01924_2.jpg,llm_human_description,information_reduced,0.696236185742136,1,49,5,0.10484522750876135,1.0,person::gallery::26774_3.jpg,0.5913909582333746,1.0,0.3862953047098625,0.5507761599625495,0.30994088103227346,0.10484522750876135,1.0,1.0
clip_l14,person,person::train::00969_2.png,llm_brief,information_reduced,0.5888020187825156,4,49,5,0.017814542387559085,1.0,person::train::08924_1.jpg,0.6648835592407403,0.9387755102040817,0.4344488062657123,0.5837332779065773,0.15435321251680328,-0.07608154045822468,0.0,0.25
clip_l14,person,person::train::00969_2.png,llm_balanced,information_reduced,0.8956148558667834,1,49,5,0.2334205643600541,1.0,person::train::10977_1.jpg,0.6664766775945568,1.0,0.5106620224287702,0.6410152856510528,0.3849528334380131,0.2291381782722266,1.0,1.0
clip_l14,person,person::train::00969_2.png,llm_detailed,information_reduced,0.93185243414954,1,49,5,0.25180480041441733,1.0,person::train::02167_1.jpg,0.6800476337351227,1.0,0.5248141682375778,0.6528635896340474,0.40703826591196224,0.25180480041441733,1.0,1.0
clip_l14,person,person::train::00969_2.png,llm_human_description,information_reduced,0.8110915250863254,1,49,5,0.23539860798804912,1.0,person::train::05158_3.jpg,0.6291658160142953,1.0,0.45739640420476524,0.5900728528762413,0.3536951208815602,0.1819257090720301,1.0,1.0
clip_l14,person,person::train::09634_1.jpg,llm_brief,information_reduced,0.7652555248902728,1,49,5,0.17027370488518734,1.0,person::train::10252_1.jpg,0.5949818200050855,1.0,0.4148846518634109,0.541165664987183,0.35037087302686193,0.17027370488518734,1.0,1.0
clip_l14,person,person::train::09634_1.jpg,llm_balanced,information_reduced,0.8890119071021653,1,49,5,0.18518206008360283,1.0,person::train::10252_1.jpg,0.7038298470185624,1.0,0.4581017257209227,0.5872653827103129,0.43091018138124254,0.18518206008360283,1.0,1.0
clip_l14,person,person::train::09634_1.jpg,llm_detailed,information_reduced,0.9587005457090562,1,49,5,0.24325696312008527,1.0,person::train::10252_1.jpg,0.7154435825889709,1.0,0.45970272738788925,0.5762981402945592,0.4989978183211669,0.24325696312008527,1.0,1.0
clip_l14,person,person::train::09634_1.jpg,llm_human_description,information_reduced,0.9216619587856671,1,49,5,0.2253776342556476,1.0,person::train::10252_1.jpg,0.6962843245300195,1.0,0.47477774047100113,0.5723986996864677,0.446884218314666,0.2253776342556476,1.0,1.0
clip_l14,person,person::train::11561_6.jpg,llm_brief,information_reduced,0.8646923010964442,1,49,5,0.1295124333596286,1.0,person::train::00197_4.png,0.7351798677368157,1.0,0.4662557056976516,0.6438639726040369,0.3984365953987926,0.1295124333596286,1.0,1.0
clip_l14,person,person::train::11561_6.jpg,llm_balanced,information_reduced,0.964358646732274,1,49,5,0.1438590150768151,1.0,person::train::00197_4.png,0.8204996316554589,1.0,0.4864804582045909,0.6983627167133157,0.4778781885276831,0.1438590150768151,1.0,1.0
clip_l14,person,person::train::11561_6.jpg,llm_detailed,information_reduced,0.9752616559001474,1,49,5,0.1708100064291066,1.0,person::train::00197_4.png,0.8044516494710408,1.0,0.4945265268918452,0.6848558378344135,0.4807351290083022,0.1708100064291066,1.0,1.0
clip_l14,person,person::train::11561_6.jpg,llm_human_description,information_reduced,0.34241188946066603,17,49,5,-0.13916932456189607,0.6,person::train::05158_3.jpg,0.6468525571301506,0.673469387755102,0.29790372690238154,0.5462683533426435,0.04450816255828449,-0.3044406676694845,0.0,0.058823529411764705
clip_l14,person,person::train::08528_6.jpg,llm_brief,information_reduced,0.8975640588674937,1,49,5,0.16805637636062876,1.0,person::query::27100_1.jpg,0.7295076825068649,1.0,0.5657034577866041,0.6977653369988004,0.33186060108088955,0.16805637636062876,1.0,1.0
clip_l14,person,person::train::08528_6.jpg,llm_balanced,information_reduced,0.9134412445637825,1,49,5,0.12421011925145065,1.0,person::train::08529_4.jpg,0.7892311253123319,1.0,0.581929369934491,0.7184895738905233,0.33151187462929155,0.12421011925145065,1.0,1.0
clip_l14,person,person::train::08528_6.jpg,llm_detailed,information_reduced,0.9054826387265128,1,49,5,0.11148752594356937,1.0,person::train::08529_4.jpg,0.7939951127829434,1.0,0.5725794899201746,0.7020466366514748,0.3329031488063382,0.11148752594356937,1.0,1.0
clip_l14,person,person::train::08528_6.jpg,llm_human_description,information_reduced,0.7585120138526765,1,49,5,0.08406581230413657,1.0,person::train::05158_3.jpg,0.7117312374442373,1.0,0.518905318423791,0.6727026318659365,0.23960669542888557,0.04678077640843925,1.0,1.0
clip_l14,person,person::train::01287_5.jpg,llm_brief,information_reduced,0.8600990446176975,1,49,5,0.24902275026367882,1.0,person::train::10252_1.jpg,0.6110762943540187,1.0,0.40986714268732116,0.5747192535561413,0.4502319019303763,0.24902275026367882,1.0,1.0
clip_l14,person,person::train::01287_5.jpg,llm_balanced,information_reduced,0.9350480262405414,1,49,5,0.23461379553993955,1.0,person::gallery::26789_1.jpg,0.7004342307006018,1.0,0.48746227046715995,0.6629510383294946,0.44758575577338144,0.23461379553993955,1.0,1.0
clip_l14,person,person::train::01287_5.jpg,llm_detailed,information_reduced,0.9052715309799021,1,49,5,0.19721553764764,1.0,person::train::10252_1.jpg,0.7080559933322621,1.0,0.49637028817590567,0.6506017174369716,0.4089012428039964,0.19721553764764,1.0,1.0
clip_l14,person,person::train::01287_5.jpg,llm_human_description,information_reduced,0.7668768919077182,1,49,5,0.22231882972087447,1.0,person::train::01924_2.jpg,0.5445580621868438,1.0,0.42125599909075345,0.5309815649945681,0.3456208928169648,0.22231882972087447,1.0,1.0
clip_l14,person,person::train::10252_1.jpg,llm_brief,information_reduced,0.8754462229433544,1,49,5,0.10235091222162884,1.0,person::train::08924_1.jpg,0.7730953107217255,1.0,0.5105553234984439,0.647632746000564,0.3648908994449105,0.10235091222162884,1.0,1.0
clip_l14,person,person::train::10252_1.jpg,llm_balanced,information_reduced,0.9356567554981793,1,49,5,0.13514135358678592,1.0,person::train::08924_1.jpg,0.8005154019113934,1.0,0.5580603563618678,0.6755949291922678,0.3775963991363115,0.13514135358678592,1.0,1.0
clip_l14,person,person::train::10252_1.jpg,llm_detailed,information_reduced,0.8946838502625283,1,49,5,0.13153331174198013,1.0,person::train::08924_1.jpg,0.7631505385205481,1.0,0.5416835291010728,0.6610177470988104,0.3530003211614555,0.13153331174198013,1.0,1.0
clip_l14,person,person::train::10252_1.jpg,llm_human_description,information_reduced,0.6315035780909674,3,49,5,0.020366453266243978,1.0,person::train::05158_3.jpg,0.6820228721600726,0.9591836734693877,0.43498942884438163,0.6177391634696457,0.19651414924658572,-0.05051929406910527,0.0,0.3333333333333333
clip_l14,person,person::train::08924_1.jpg,llm_brief,information_reduced,0.8246561997315366,1,49,5,0.07659248744411651,1.0,person::train::10252_1.jpg,0.7480637122874201,1.0,0.507847228142711,0.6561104623639842,0.3168089715888256,0.07659248744411651,1.0,1.0
clip_l14,person,person::train::08924_1.jpg,llm_balanced,information_reduced,0.9785553503151649,1,49,5,0.1995924607674896,1.0,person::train::10252_1.jpg,0.7789628895476753,1.0,0.5446028929534297,0.6681012752844645,0.43395245736173527,0.1995924607674896,1.0,1.0
clip_l14,person,person::train::08924_1.jpg,llm_detailed,information_reduced,0.9679082032463785,1,49,5,0.19381735402160105,1.0,person::train::10252_1.jpg,0.7740908492247774,1.0,0.5199523164507207,0.6408478231975699,0.4479558867956578,0.19381735402160105,1.0,1.0
clip_l14,person,person::train::08924_1.jpg,llm_human_description,information_reduced,0.9031646846058667,1,49,5,0.17784620597095568,1.0,person::train::10252_1.jpg,0.7253184786349111,1.0,0.5244942586175454,0.6765940425052536,0.37867042598832135,0.17784620597095568,1.0,1.0
clip_l14,person,person::train::02319_1.jpg,llm_brief,information_reduced,0.8177056996911504,1,49,5,0.11208707911215066,1.0,person::train::11561_6.jpg,0.7137550495119238,1.0,0.46436161853415503,0.6408988133124999,0.35334408115699534,0.10395065017922656,1.0,1.0
clip_l14,person,person::train::02319_1.jpg,llm_balanced,information_reduced,0.8582608956594834,1,49,5,0.1300530226884461,1.0,person::train::01924_2.jpg,0.7282078729710373,1.0,0.5195198344364531,0.6746980779527294,0.33874106122303027,0.1300530226884461,1.0,1.0
clip_l14,person,person::train::02319_1.jpg,llm_detailed,information_reduced,0.8733573258544756,1,49,5,0.1479654521151419,1.0,person::train::11561_6.jpg,0.7300239163458672,1.0,0.5129002725624494,0.6729792119377331,0.36045705329202615,0.1433334095086084,1.0,1.0
clip_l14,person,person::train::02319_1.jpg,llm_human_description,information_reduced,0.8505961842817757,1,49,5,0.15307409156665663,1.0,person::train::01108_7.png,0.6975220927151191,1.0,0.5199161854805219,0.6816257916436643,0.33067999880125387,0.15307409156665663,1.0,1.0
clip_l14,person,person::train::09715_3.jpg,llm_brief,information_reduced,0.9562868819515047,1,49,5,0.2337728930526296,1.0,person::query::14604_1.png,0.7225139888988751,1.0,0.41458485640487347,0.5924322403804761,0.5417020255466312,0.2337728930526296,1.0,1.0
clip_l14,person,person::train::09715_3.jpg,llm_balanced,information_reduced,0.9731412454543167,1,49,5,0.2501845302757564,1.0,person::query::14604_1.png,0.7229567151785603,1.0,0.43840182357214974,0.5781795699760798,0.5347394218821669,0.2501845302757564,1.0,1.0
clip_l14,person,person::train::09715_3.jpg,llm_detailed,information_reduced,0.9621760441101493,1,49,5,0.24125527268311941,1.0,person::query::14604_1.png,0.7209207714270299,1.0,0.4350183502586188,0.6067094642786004,0.5271576938515306,0.24125527268311941,1.0,1.0
clip_l14,person,person::train::09715_3.jpg,llm_human_description,information_reduced,0.696363189610081,2,49,5,-0.05427760854215402,0.8,person::train::05158_3.jpg,0.7506407981522351,0.9795918367346939,0.3524372699889566,0.6041548036147134,0.34392591962112445,-0.05427760854215402,0.0,0.5
clip_l14,person,person::train::13508_2.jpg,llm_brief,information_reduced,0.9082738602733471,1,49,5,0.3439022975984434,1.0,person::train::08924_1.jpg,0.5643715626749037,1.0,0.3331809067446171,0.49317542676347514,0.57509295352873,0.3439022975984434,1.0,1.0
clip_l14,person,person::train::13508_2.jpg,llm_balanced,information_reduced,0.9540302786283693,1,49,5,0.3490935255819628,1.0,person::train::08924_1.jpg,0.6049367530464065,1.0,0.35886594216486545,0.5253159082508874,0.5951643364635039,0.3490935255819628,1.0,1.0
clip_l14,person,person::train::13508_2.jpg,llm_detailed,information_reduced,0.9272590914936838,1,49,5,0.33606573665822226,1.0,person::train::08924_1.jpg,0.5911933548354615,1.0,0.3609905223310376,0.5306417479344037,0.5662685691626461,0.33606573665822226,1.0,1.0
clip_l14,person,person::train::13508_2.jpg,llm_human_description,information_reduced,0.8324730568791479,1,49,5,0.3029567924192378,1.0,person::train::08924_1.jpg,0.5295162644599101,1.0,0.3309244735969162,0.49781827468117046,0.5015485832822317,0.3029567924192378,1.0,1.0
clip_l14,person,person::train::09751_6.jpg,llm_brief,information_reduced,0.7991078401412968,1,49,5,0.0710623310294396,1.0,person::query::26943_3.jpg,0.7297062130803629,1.0,0.4467003804014378,0.6776555826259335,0.352407459739859,0.06940162706093389,1.0,1.0
clip_l14,person,person::train::09751_6.jpg,llm_balanced,information_reduced,0.7848447091607137,1,49,5,0.025606879256722892,1.0,person::query::26943_3.jpg,0.7648910155676494,1.0,0.5223053988786359,0.7266223041360709,0.2625393102820778,0.019953693593064314,1.0,1.0
clip_l14,person,person::train::09751_6.jpg,llm_detailed,information_reduced,0.7400453879150112,4,49,5,-0.005384801654534921,0.8,person::query::26943_3.jpg,0.7547647885944117,0.9387755102040817,0.5301418347507808,0.7280154291441129,0.20990355316423037,-0.014719400679400474,0.0,0.25
clip_l14,person,person::train::09751_6.jpg,llm_human_description,information_reduced,0.8662200204181425,1,49,5,0.14587008493894438,1.0,person::gallery::15309_3.png,0.7203499354791981,1.0,0.45315259744028624,0.6547969062877533,0.41306742297785626,0.14587008493894438,1.0,1.0
clip_l14,person,person::train::11903_4.jpg,llm_brief,information_reduced,0.7870111324521183,1,49,5,0.15494036282838053,1.0,person::train::09634_1.jpg,0.6320707696237378,1.0,0.44931812591657194,0.6082861116123622,0.33769300653554635,0.15494036282838053,1.0,1.0
clip_l14,person,person::train::11903_4.jpg,llm_balanced,information_reduced,0.8757580565871224,1,49,5,0.2020131508902515,1.0,person::train::09634_1.jpg,0.6737449056968708,1.0,0.4084128283042189,0.5847974123465668,0.4673452282829035,0.2020131508902515,1.0,1.0
clip_l14,person,person::train::11903_4.jpg,llm_detailed,information_reduced,0.9347851225711298,1,49,5,0.31192169009887827,1.0,person::train::09634_1.jpg,0.6228634324722515,1.0,0.37338317535925036,0.5392389159685187,0.5614019472118794,0.31192169009887827,1.0,1.0
clip_l14,person,person::train::11903_4.jpg,llm_human_description,information_reduced,0.8135386670915924,1,49,5,0.22393748557575466,1.0,person::train::10977_1.jpg,0.5896011815158377,1.0,0.3705549985130661,0.4892310818832502,0.4429836685785263,0.22393748557575466,1.0,1.0
clip_l14,person,person::train::03720_4.jpg,llm_brief,information_reduced,0.8941132656250733,1,49,5,0.2909513819181372,1.0,person::train::01924_2.jpg,0.6031618837069361,1.0,0.3808040734621809,0.5420726573593173,0.5133091921628924,0.2909513819181372,1.0,1.0
clip_l14,person,person::train::03720_4.jpg,llm_balanced,information_reduced,0.9026893648126421,1,49,5,0.25450647075394817,1.0,person::train::01924_2.jpg,0.6481828940586939,1.0,0.4350610560462384,0.5795701183521922,0.46762830876640366,0.25450647075394817,1.0,1.0
clip_l14,person,person::train::03720_4.jpg,llm_detailed,information_reduced,0.9549649011223819,1,49,5,0.29878417590280704,1.0,person::train::01924_2.jpg,0.6561807252195748,1.0,0.43565845757092003,0.5964050419237787,0.5193064435514618,0.29878417590280704,1.0,1.0
clip_l14,person,person::train::03720_4.jpg,llm_human_description,information_reduced,0.8772796420801838,1,49,5,0.26116875251891647,1.0,person::train::01924_2.jpg,0.6161108895612674,1.0,0.4204315267991102,0.5511472895844446,0.4568481152810736,0.26116875251891647,1.0,1.0
clip_l14,person,person::train::26249_12.jpg,llm_brief,information_reduced,0.6912551510424374,5,49,5,-0.1011729500014441,0.4,person::train::12462_1.jpg,0.7924281010438815,0.9183673469387755,0.527816438605434,0.7610139142615945,0.16343871243700336,-0.1011729500014441,0.0,0.2
clip_l14,person,person::train::26249_12.jpg,llm_balanced,information_reduced,0.9541701167635787,1,49,5,0.23622806777059357,1.0,person::train::00837_3.png,0.7179420489929851,1.0,0.5090630141171985,0.653362559426957,0.4451071026463802,0.23622806777059357,1.0,1.0
clip_l14,person,person::train::26249_12.jpg,llm_detailed,information_reduced,0.9542094650661995,1,49,5,0.27271790300046883,1.0,person::train::00837_3.png,0.6814915620657307,1.0,0.489119052819065,0.62005909589527,0.46509041224713454,0.27271790300046883,1.0,1.0
clip_l14,person,person::train::26249_12.jpg,llm_human_description,information_reduced,0.8312105533032041,1,49,5,0.23516504203995092,1.0,person::train::00837_3.png,0.5960455112632532,1.0,0.44616743111364054,0.5562457077000365,0.3850431221895636,0.23516504203995092,1.0,1.0
clip_l14,person,person::train::08634_3.jpg,llm_brief,information_reduced,0.8585676462724867,1,49,5,0.1469045916488605,1.0,person::train::10977_1.jpg,0.7116630546236262,1.0,0.37401987569884204,0.4857568934561251,0.4845477705736447,0.1469045916488605,1.0,1.0
clip_l14,person,person::train::08634_3.jpg,llm_balanced,information_reduced,0.8951246115045591,1,49,5,0.1646424281528187,1.0,person::train::10977_1.jpg,0.7304821833517404,1.0,0.4051510211706847,0.5428070413775405,0.48997359033387444,0.1646424281528187,1.0,1.0
clip_l14,person,person::train::08634_3.jpg,llm_detailed,information_reduced,0.9189762425919504,1,49,5,0.21439406957854323,1.0,person::train::10977_1.jpg,0.7045821730134072,1.0,0.40515726516370065,0.5373664201704751,0.5138189774282498,0.21439406957854323,1.0,1.0
clip_l14,person,person::train::08634_3.jpg,llm_human_description,information_reduced,0.5658939701705479,1,49,5,0.16909559252441625,1.0,person::train::09751_6.jpg,0.5568240341523691,1.0,0.31899711177681234,0.4878561763990316,0.24689685839373554,0.009069936018178737,1.0,1.0
clip_l14,person,person::train::00837_3.png,llm_brief,information_reduced,0.8887675484903772,1,49,5,0.14751407648504822,1.0,person::query::14994_1.png,0.741253472005329,1.0,0.5291089470848459,0.6173904472954791,0.3596586014055313,0.14751407648504822,1.0,1.0
clip_l14,person,person::train::00837_3.png,llm_balanced,information_reduced,0.940774616297738,1,49,5,0.1809789379479435,1.0,person::query::14994_1.png,0.7597956783497944,1.0,0.5784816059496372,0.6833233721705116,0.3622930103481008,0.1809789379479435,1.0,1.0
clip_l14,person,person::train::00837_3.png,llm_detailed,information_reduced,0.9647271450692728,1,49,5,0.22279834154791311,1.0,person::query::14994_1.png,0.7419288035213597,1.0,0.569918592588863,0.6527245665144665,0.3948085524804098,0.22279834154791311,1.0,1.0
clip_l14,person,person::train::00837_3.png,llm_human_description,information_reduced,0.8914355197164969,1,49,5,0.18707815607951472,1.0,person::query::14994_1.png,0.7043573636369822,1.0,0.5440051735753877,0.6627227846671119,0.34743034614110924,0.18707815607951472,1.0,1.0
clip_l14,person,person::query::27008_3.jpg,llm_brief,information_reduced,0.8226364221132424,1,49,5,0.08796187008671474,1.0,person::query::26761_2.jpg,0.7346745520265276,1.0,0.585645354990191,0.7000287433397367,0.2369910671230514,0.08796187008671474,1.0,1.0
clip_l14,person,person::query::27008_3.jpg,llm_balanced,information_reduced,0.9363796922709835,1,49,5,0.17787145830165185,1.0,person::train::08924_1.jpg,0.7585082339693316,1.0,0.5597849082593535,0.6546551451165445,0.37659478401163005,0.17787145830165185,1.0,1.0
clip_l14,person,person::query::27008_3.jpg,llm_detailed,information_reduced,0.9128031560999218,1,49,5,0.135257386789832,1.0,person::train::08924_1.jpg,0.7775457693100898,1.0,0.5604256748333878,0.6672803688545403,0.352377481266534,0.135257386789832,1.0,1.0
clip_l14,person,person::query::27008_3.jpg,llm_human_description,information_reduced,0.9116243272978612,1,49,5,0.14814983409084914,1.0,person::train::08924_1.jpg,0.7634744932070121,1.0,0.5426070146475683,0.6696913354394671,0.3690173126502929,0.14814983409084914,1.0,1.0
clip_l14,person,person::query::14994_1.png,llm_brief,information_reduced,0.8875615976733813,1,49,5,0.08934915474375527,1.0,person::train::00837_3.png,0.798212442929626,1.0,0.5530033282786597,0.6841045353168919,0.33455826939472155,0.08934915474375527,1.0,1.0
clip_l14,person,person::query::14994_1.png,llm_balanced,information_reduced,0.9271462232446588,1,49,5,0.12142609925091064,1.0,person::train::00837_3.png,0.8057201239937481,1.0,0.5827323445289199,0.6828624478627892,0.3444138787157389,0.12142609925091064,1.0,1.0
clip_l14,person,person::query::14994_1.png,llm_detailed,information_reduced,0.9642421143868138,1,49,5,0.15294388608223297,1.0,person::train::00837_3.png,0.8112982283045809,1.0,0.5966704870881552,0.7213806607746779,0.36757162729865867,0.15294388608223297,1.0,1.0
clip_l14,person,person::query::14994_1.png,llm_human_description,information_reduced,0.8966729514994418,1,49,5,0.07926460740310559,1.0,person::train::00837_3.png,0.8174083440963362,1.0,0.589532793493305,0.7276560711503692,0.3071401580061368,0.07926460740310559,1.0,1.0
clip_l14,person,person::query::14459_1.png,llm_brief,information_reduced,0.8392262165863984,1,49,5,0.14859481770899208,1.0,person::train::12462_1.jpg,0.6906313988774063,1.0,0.4896206132899557,0.6442656303359957,0.3496056032964427,0.14859481770899208,1.0,1.0
clip_l14,person,person::query::14459_1.png,llm_balanced,information_reduced,0.9554927946425069,1,49,5,0.1750763423616849,1.0,person::train::12462_1.jpg,0.780416452280822,1.0,0.5196909670386407,0.6676679266621912,0.4358018276038662,0.1750763423616849,1.0,1.0
clip_l14,person,person::query::14459_1.png,llm_detailed,information_reduced,0.9571616468595856,1,49,5,0.2024827549502043,1.0,person::train::12462_1.jpg,0.7546788919093813,1.0,0.4879818898364674,0.6482773986333236,0.4691797570231182,0.2024827549502043,1.0,1.0
clip_l14,person,person::query::14459_1.png,llm_human_description,information_reduced,0.9006143888312437,1,49,5,0.18681517888893828,1.0,person::train::12462_1.jpg,0.7137992099423054,1.0,0.49215133865498756,0.64948200583886,0.4084630501762561,0.18681517888893828,1.0,1.0
clip_l14,person,person::query::26943_3.jpg,llm_brief,information_reduced,0.8921007896262143,1,49,5,0.1637656645075647,1.0,person::query::26789_3.jpg,0.7283351251186496,1.0,0.4735250839884851,0.6836085012335462,0.4185757056377292,0.1637656645075647,1.0,1.0
clip_l14,person,person::query::26943_3.jpg,llm_balanced,information_reduced,0.9999999999998226,1,49,5,0.17433251332535338,1.0,person::gallery::15309_3.png,0.8256674866744692,1.0,0.526318082033399,0.757595852553022,0.47368191796642356,0.17433251332535338,1.0,1.0
clip_l14,person,person::query::26943_3.jpg,llm_detailed,information_reduced,1.0,1,49,5,0.1743324725233094,1.0,person::gallery::15309_3.png,0.8256675274766906,1.0,0.5263181173144744,0.7575958816280576,0.4736818826855256,0.1743324725233094,1.0,1.0
clip_l14,person,person::query::26943_3.jpg,llm_human_description,information_reduced,0.9166606063009957,1,49,5,0.14019370805529208,1.0,person::train::06597_2.jpg,0.7764668982457036,1.0,0.49854188036792746,0.7337197314241624,0.4181187259330682,0.14019370805529208,1.0,1.0
clip_l14,person,person::query::26789_3.jpg,llm_brief,information_reduced,0.9293029470838886,1,49,5,0.10127632877320258,1.0,person::query::26943_3.jpg,0.828026618310686,1.0,0.5931815896145183,0.7330122117685599,0.33612135746937033,0.10127632877320258,1.0,1.0
clip_l14,person,person::query::26789_3.jpg,llm_balanced,information_reduced,0.9296628095874276,1,49,5,0.14499636436985097,1.0,person::query::26943_3.jpg,0.7846664452175767,1.0,0.5825464713149299,0.7188813214649912,0.34711633827249777,0.14499636436985097,1.0,1.0
clip_l14,person,person::query::26789_3.jpg,llm_detailed,information_reduced,0.9380735953017415,1,49,5,0.16169922095287492,1.0,person::query::26943_3.jpg,0.7763743743488666,1.0,0.5716600100558364,0.7037562383466786,0.36641358524590506,0.16169922095287492,1.0,1.0
clip_l14,person,person::query::26789_3.jpg,llm_human_description,information_reduced,0.8974828164019246,1,49,5,0.12302633421690023,1.0,person::query::26943_3.jpg,0.7744564821850244,1.0,0.5621563776001469,0.7068793404945938,0.3353264388017777,0.12302633421690023,1.0,1.0
clip_l14,person,person::query::26935_2.jpg,llm_brief,information_reduced,0.7419073597649744,1,49,5,0.03627822172840478,1.0,person::train::08529_4.jpg,0.7056291380365696,1.0,0.4382925260040239,0.6215978119841256,0.30361483376095044,0.03627822172840478,1.0,1.0
clip_l14,person,person::query::26935_2.jpg,llm_balanced,information_reduced,0.7928745046271399,1,49,5,0.0332815349773572,1.0,person::train::08529_4.jpg,0.7595929696497827,1.0,0.48849726371965563,0.6698490124132144,0.3043772409074843,0.0332815349773572,1.0,1.0
clip_l14,person,person::query::26935_2.jpg,llm_detailed,information_reduced,0.8366126312021165,1,49,5,0.06730503894318796,1.0,person::train::08529_4.jpg,0.7693075922589285,1.0,0.4861637585965395,0.6742195357707067,0.350448872605577,0.06730503894318796,1.0,1.0
clip_l14,person,person::query::26935_2.jpg,llm_human_description,information_reduced,0.7840635386528798,1,49,5,0.06221860389870959,1.0,person::train::08528_6.jpg,0.7218449347541702,1.0,0.5301331419702605,0.6906412458722884,0.2539303966826193,0.06221860389870959,1.0,1.0
clip_l14,person,person::query::27100_1.jpg,llm_brief,information_reduced,0.8786549309320273,1,49,5,0.21318260659263466,1.0,person::train::08528_6.jpg,0.6654723243393926,1.0,0.4472543972723435,0.6225695593582118,0.4314005336596838,0.21318260659263466,1.0,1.0
clip_l14,person,person::query::27100_1.jpg,llm_balanced,information_reduced,0.9502143323675867,1,49,5,0.19106198388596352,1.0,person::train::08528_6.jpg,0.7591523484816232,1.0,0.5292055771088469,0.6687352955621267,0.4210087552587398,0.19106198388596352,1.0,1.0
clip_l14,person,person::query::27100_1.jpg,llm_detailed,information_reduced,0.9999999999999439,1,49,5,0.25419708337321756,1.0,person::train::08528_6.jpg,0.7458029166267264,1.0,0.5453224424572816,0.7013975997208156,0.45467755754266237,0.25419708337321756,1.0,1.0
clip_l14,person,person::query::27100_1.jpg,llm_human_description,information_reduced,0.8869994907034505,1,49,5,0.1588938450628261,1.0,person::query::14604_1.png,0.7281056456406244,1.0,0.5144865105219276,0.6624089149928207,0.3725129801815229,0.1588938450628261,1.0,1.0
clip_l14,person,person::query::26761_2.jpg,llm_brief,information_reduced,0.7560887752844585,2,49,5,-0.01636710592684576,0.8,person::train::01108_7.png,0.7724558812113043,0.9795918367346939,0.553951250750351,0.6984299203837047,0.2021375245341075,-0.01636710592684576,0.0,0.5
clip_l14,person,person::query::26761_2.jpg,llm_balanced,information_reduced,0.8220757077821331,2,49,5,-0.01747403958214122,0.8,person::train::01108_7.png,0.8395497473642743,0.9795918367346939,0.61941721923806,0.7614964307927885,0.2026584885440731,-0.01747403958214122,0.0,0.5
clip_l14,person,person::query::26761_2.jpg,llm_detailed,information_reduced,0.8321972422018911,2,49,5,-0.008592898946097716,0.8,person::train::01108_7.png,0.8407901411479888,0.9795918367346939,0.6128739220027908,0.7584566544097151,0.21932332019910028,-0.008592898946097716,0.0,0.5
clip_l14,person,person::query::26761_2.jpg,llm_human_description,information_reduced,0.7547692654733653,2,49,5,-0.047049723097383866,0.8,person::train::05158_3.jpg,0.8018189885707492,0.9795918367346939,0.3697767307947444,0.6096686862011037,0.38499253467862093,-0.047049723097383866,0.0,0.5
clip_l14,person,person::gallery::27153_5.jpg,llm_brief,information_reduced,0.8531302901949023,1,49,5,0.0946540110040206,1.0,person::gallery::15309_3.png,0.7584762791908817,1.0,0.4999919525718766,0.6592530096814602,0.35313833762302566,0.0946540110040206,1.0,1.0
clip_l14,person,person::gallery::27153_5.jpg,llm_balanced,information_reduced,0.9521025247240823,1,49,5,0.17971740492072186,1.0,person::gallery::15309_3.png,0.7723851198033604,1.0,0.5119890412679353,0.7058316656695387,0.440113483456147,0.17971740492072186,1.0,1.0
clip_l14,person,person::gallery::27153_5.jpg,llm_detailed,information_reduced,0.9161840830071611,1,49,5,0.08736095949127287,1.0,person::gallery::15309_3.png,0.8288231235158883,1.0,0.5362563152319242,0.7283426259783142,0.37992776777523696,0.08736095949127287,1.0,1.0
clip_l14,person,person::gallery::27153_5.jpg,llm_human_description,information_reduced,0.8533835629303012,1,49,5,0.08470571063973154,1.0,person::gallery::15309_3.png,0.7686778522905696,1.0,0.48545621299415664,0.7034518372602448,0.3679273499361445,0.08470571063973154,1.0,1.0
clip_l14,person,person::gallery::26789_1.jpg,llm_brief,information_reduced,0.901436782507296,1,49,5,0.20340566579225272,1.0,person::query::26943_3.jpg,0.6980311167150433,1.0,0.518091627069784,0.628735441592998,0.383345155437512,0.20340566579225272,1.0,1.0
clip_l14,person,person::gallery::26789_1.jpg,llm_balanced,information_reduced,0.9999999999999518,1,49,5,0.2648647328356035,1.0,person::query::26943_3.jpg,0.7351352671643483,1.0,0.5787469049228589,0.6973667466439922,0.42125309507709296,0.2648647328356035,1.0,1.0
clip_l14,person,person::gallery::26789_1.jpg,llm_detailed,information_reduced,0.9999999999999998,1,49,5,0.2648647412330618,1.0,person::query::26943_3.jpg,0.735135258766938,1.0,0.5787469017219169,0.6973667433758445,0.4212530982780829,0.2648647412330618,1.0,1.0
clip_l14,person,person::gallery::26789_1.jpg,llm_human_description,information_reduced,0.8195078079976096,1,49,5,0.13908264279616334,1.0,person::gallery::26721_4.jpg,0.7536644617231283,1.0,0.5007548264153664,0.6672005063244203,0.3187529815822432,0.0658433462744813,1.0,1.0
clip_l14,person,person::gallery::26721_4.jpg,llm_brief,information_reduced,0.7949529077656573,1,49,5,0.02064606892688714,1.0,person::query::26761_2.jpg,0.7743068388387702,1.0,0.5801998046761128,0.7397835905404837,0.21475310308954454,0.02064606892688714,1.0,1.0
clip_l14,person,person::gallery::26721_4.jpg,llm_balanced,information_reduced,0.7568647514953235,3,49,5,-0.04874694155546344,0.8,person::gallery::26789_1.jpg,0.805611693050787,0.9591836734693877,0.6216524329426282,0.7407928864678069,0.13521231855269533,-0.04874694155546344,0.0,0.3333333333333333
clip_l14,person,person::gallery::26721_4.jpg,llm_detailed,information_reduced,0.7275468909367774,4,49,5,-0.08793880525377584,0.8,person::gallery::26789_1.jpg,0.8154856961905532,0.9387755102040817,0.5713986503932964,0.7295482959665045,0.15614824054348098,-0.08793880525377584,0.0,0.25
clip_l14,person,person::gallery::26721_4.jpg,llm_human_description,information_reduced,0.7790711893222166,2,49,5,-0.03623141922358841,0.8,person::train::05158_3.jpg,0.815302608545805,0.9795918367346939,0.5186160105453812,0.6859604546485767,0.26045517877683544,-0.03623141922358841,0.0,0.5
clip_l14,person,person::gallery::26991_3.jpg,llm_brief,information_reduced,0.8404054706248725,1,49,5,0.14361636850594217,1.0,person::gallery::26735_2.jpg,0.6967891021189303,1.0,0.5011762376358837,0.6328965594614122,0.33922923298898877,0.14361636850594217,1.0,1.0
clip_l14,person,person::gallery::26991_3.jpg,llm_balanced,information_reduced,0.9041138807216922,1,49,5,0.19507005204960914,1.0,person::gallery::26735_2.jpg,0.709043828672083,1.0,0.5552299081566221,0.6740094710776765,0.3488839725650701,0.19507005204960914,1.0,1.0
clip_l14,person,person::gallery::26991_3.jpg,llm_detailed,information_reduced,0.9198735841661843,1,49,5,0.19638798980340066,1.0,person::gallery::26735_2.jpg,0.7234855943627836,1.0,0.5127583598364573,0.6046018199179108,0.4071152243297269,0.19638798980340066,1.0,1.0
clip_l14,person,person::gallery::26991_3.jpg,llm_human_description,information_reduced,0.8501489861963683,1,49,5,0.1605902131520287,1.0,person::gallery::26735_2.jpg,0.6895587730443395,1.0,0.5032210005851967,0.6415051299337359,0.34692798561117155,0.1605902131520287,1.0,1.0
clip_l14,person,person::gallery::26735_2.jpg,llm_brief,information_reduced,0.8142462849011659,1,49,5,0.15752804356889527,1.0,person::train::06085_7.jpg,0.6698755264561174,1.0,0.48967938831666924,0.6424846787422945,0.32456689658449667,0.14437075844504854,1.0,1.0
clip_l14,person,person::gallery::26735_2.jpg,llm_balanced,information_reduced,0.9279627006624902,1,49,5,0.20966625419578033,1.0,person::gallery::26991_3.jpg,0.7182964464667099,1.0,0.5741252482737204,0.7007610293583344,0.35383745238876985,0.20966625419578033,1.0,1.0
clip_l14,person,person::gallery::26735_2.jpg,llm_detailed,information_reduced,0.9338983758747197,1,49,5,0.21263724356049718,1.0,person::gallery::26991_3.jpg,0.7212611323142225,1.0,0.5758373811086555,0.7042600713140384,0.35806099476606423,0.21263724356049718,1.0,1.0
clip_l14,person,person::gallery::26735_2.jpg,llm_human_description,information_reduced,0.7277174220126451,1,49,5,0.10250395088239928,1.0,person::train::09751_6.jpg,0.6896863312398994,1.0,0.4772360173301883,0.6246108674013771,0.25048140468245683,0.03803109077274569,1.0,1.0
clip_l14,person,person::gallery::14888_1.png,llm_brief,information_reduced,0.9083461334299939,1,49,5,0.11065645036411509,1.0,person::gallery::26774_3.jpg,0.7976896830658788,1.0,0.5271801789313164,0.6727675404789631,0.3811659544986775,0.11065645036411509,1.0,1.0
clip_l14,person,person::gallery::14888_1.png,llm_balanced,information_reduced,0.9407077674764007,1,49,5,0.16584617951304814,1.0,person::gallery::26774_3.jpg,0.7748615879633526,1.0,0.568306471489378,0.716331802142889,0.37240129598702276,0.16584617951304814,1.0,1.0
clip_l14,person,person::gallery::14888_1.png,llm_detailed,information_reduced,0.9490938834590248,1,49,5,0.16921374859935234,1.0,person::gallery::26774_3.jpg,0.7798801348596724,1.0,0.566865036310165,0.713367836664137,0.38222884714885974,0.16921374859935234,1.0,1.0
clip_l14,person,person::gallery::14888_1.png,llm_human_description,information_reduced,0.8019603960435158,1,49,5,0.04314389473962521,1.0,person::gallery::26774_3.jpg,0.7588165013038906,1.0,0.491426462795683,0.629934756852797,0.3105339332478328,0.04314389473962521,1.0,1.0
clip_l14,person,person::gallery::26774_3.jpg,llm_brief,information_reduced,0.9216427473084954,1,49,5,0.11724383363394675,1.0,person::gallery::14888_1.png,0.8043989136745486,1.0,0.5819413305629579,0.7395073084411433,0.33970141674553744,0.11724383363394675,1.0,1.0
clip_l14,person,person::gallery::26774_3.jpg,llm_balanced,information_reduced,0.8682586958482718,1,49,5,0.03370253185290528,1.0,person::gallery::14888_1.png,0.8345561639953665,1.0,0.6191328529506278,0.7563113547945186,0.24912584289764395,0.03370253185290528,1.0,1.0
clip_l14,person,person::gallery::26774_3.jpg,llm_detailed,information_reduced,0.9307545334983247,1,49,5,0.09169466726477404,1.0,person::gallery::14888_1.png,0.8390598662335507,1.0,0.600343791423437,0.7356085615003566,0.33041074207488774,0.09169466726477404,1.0,1.0
clip_l14,person,person::gallery::26774_3.jpg,llm_human_description,information_reduced,0.8266831243139712,1,49,5,0.07793296040960518,1.0,person::train::01108_7.png,0.748750163904366,1.0,0.5103256126466614,0.6767888479233702,0.31635751166730974,0.07793296040960518,1.0,1.0
clip_l14,person,person::gallery::15309_3.png,llm_brief,information_reduced,0.9174351587532377,1,49,5,0.11229759412182239,1.0,person::train::06085_7.jpg,0.8051375646314153,1.0,0.5304448408452391,0.7681210526423452,0.38699031790799854,0.11229759412182239,1.0,1.0
clip_l14,person,person::gallery::15309_3.png,llm_balanced,information_reduced,0.9836375966423856,1,49,5,0.13968929787804796,1.0,person::train::00233_10.png,0.8439482987643376,1.0,0.578435823666022,0.8305136388785721,0.4052017729763636,0.13968929787804796,1.0,1.0
clip_l14,person,person::gallery::15309_3.png,llm_detailed,information_reduced,0.948629138620488,1,49,5,0.14146390951357557,1.0,person::train::06085_7.jpg,0.8071652291069125,1.0,0.5602162503017631,0.800507521235554,0.3884128883187249,0.14146390951357557,1.0,1.0
clip_l14,person,person::gallery::15309_3.png,llm_human_description,information_reduced,0.8639227512805828,1,49,5,0.08942614162511753,1.0,person::train::06597_2.jpg,0.7744966096554653,1.0,0.5342833717583212,0.7552234413636286,0.32963937952226163,0.08942614162511753,1.0,1.0
clip_l14,person,person::gallery::15194_3.png,llm_brief,information_reduced,0.8329051729724963,2,49,5,-0.0005773120304777279,0.8,person::gallery::26474_5.jpg,0.8334824850029741,0.9795918367346939,0.5418306940797672,0.6848443614391941,0.2910744788927291,-0.0005773120304777279,0.0,0.5
clip_l14,person,person::gallery::15194_3.png,llm_balanced,information_reduced,0.9123023483639346,1,49,5,0.1037474187505586,1.0,person::gallery::26474_5.jpg,0.808554929613376,1.0,0.5593209288258281,0.7138813322782559,0.3529814195381066,0.1037474187505586,1.0,1.0
clip_l14,person,person::gallery::15194_3.png,llm_detailed,information_reduced,0.8969242979714791,1,49,5,0.09882840374539836,1.0,person::gallery::26474_5.jpg,0.7980958942260807,1.0,0.537013380474014,0.6899170849282006,0.35991091749746507,0.09882840374539836,1.0,1.0
clip_l14,person,person::gallery::15194_3.png,llm_human_description,information_reduced,0.6820012810566607,1,49,5,0.07246744695197294,1.0,person::train::06085_7.jpg,0.628222350642538,1.0,0.40962190330479076,0.6000520838635557,0.27237937775186993,0.05377893041412274,1.0,1.0
clip_l14,vehicle,vehicle::train_images::13608_c139_04.jpg,llm_brief,information_reduced,0.7349057097680051,4,49,5,-0.05736271113750202,0.8,vehicle::query_images::20204_c041_01.jpg,0.7922684209055071,0.9387755102040817,0.5763359554801986,0.7324410537541869,0.1585697542878065,-0.05736271113750202,0.0,0.25
clip_l14,vehicle,vehicle::train_images::13608_c139_04.jpg,llm_balanced,information_reduced,0.9063182323045855,1,49,5,0.27053074692785684,1.0,vehicle::query_images::20204_c041_01.jpg,0.6357874853767287,1.0,0.4968732208929917,0.5956050812669432,0.40944501141159384,0.27053074692785684,1.0,1.0
clip_l14,vehicle,vehicle::train_images::13608_c139_04.jpg,llm_detailed,information_reduced,0.8685423365623655,1,49,5,0.2973697826247266,1.0,vehicle::train_images::09221_c139_03.jpg,0.6164616725692877,1.0,0.4709081297988899,0.5822933358867288,0.39763420676347555,0.2520806639930777,1.0,1.0
clip_l14,vehicle,vehicle::train_images::13608_c139_04.jpg,llm_human_description,information_reduced,0.8519857743270554,1,49,5,0.08248344626214121,1.0,vehicle::query_images::20204_c041_01.jpg,0.7695023280649141,1.0,0.6194380586814694,0.7258224106955911,0.23254771564558596,0.08248344626214121,1.0,1.0
clip_l14,vehicle,vehicle::train_images::12849_c170_02.jpg,llm_brief,information_reduced,0.8222299376193455,2,49,5,-0.011247394154892287,0.8,vehicle::train_images::05432_c163_04.jpg,0.8334773317742378,0.9795918367346939,0.5298803527970023,0.7353446028679919,0.2923495848223432,-0.011247394154892287,0.0,0.5
clip_l14,vehicle,vehicle::train_images::12849_c170_02.jpg,llm_balanced,information_reduced,0.8688172638200105,1,49,5,0.07289584623153267,1.0,vehicle::train_images::05432_c163_04.jpg,0.7959214175884778,1.0,0.5140051131554465,0.713334520795079,0.35481215066456395,0.07289584623153267,1.0,1.0
clip_l14,vehicle,vehicle::train_images::12849_c170_02.jpg,llm_detailed,information_reduced,0.8483338698714212,1,49,5,0.026592106426951312,1.0,vehicle::train_images::05432_c163_04.jpg,0.8217417634444699,1.0,0.5336184081572664,0.7288102924010242,0.3147154617141549,0.026592106426951312,1.0,1.0
clip_l14,vehicle,vehicle::train_images::12849_c170_02.jpg,llm_human_description,information_reduced,0.9145106914227351,1,49,5,0.06872498092112767,1.0,vehicle::train_images::05432_c163_04.jpg,0.8457857105016074,1.0,0.5703601884822761,0.7486245286798338,0.344150502940459,0.06872498092112767,1.0,1.0
clip_l14,vehicle,vehicle::train_images::10839_c110_00.jpg,llm_brief,information_reduced,0.7280421384897108,3,49,5,0.07540603262876522,1.0,vehicle::gallery_images::20535_c170_02.jpg,0.7751586401453424,0.9591836734693877,0.5132080021109557,0.6643430610569822,0.21483413637875504,-0.04711650165563164,0.0,0.3333333333333333
clip_l14,vehicle,vehicle::train_images::10839_c110_00.jpg,llm_balanced,information_reduced,0.7070476617382554,2,49,5,0.09878597365817188,1.0,vehicle::gallery_images::20535_c170_02.jpg,0.7326045986753114,0.9795918367346939,0.4964662647641389,0.6364265545491108,0.21058139697411649,-0.025556936937055963,0.0,0.5
clip_l14,vehicle,vehicle::train_images::10839_c110_00.jpg,llm_detailed,information_reduced,0.7215268513155526,1,49,5,0.1587089430504487,1.0,vehicle::gallery_images::20535_c170_02.jpg,0.6757738811698499,1.0,0.4789140702981031,0.5788548510511164,0.24261278101744949,0.045752970145702676,1.0,1.0
clip_l14,vehicle,vehicle::train_images::10839_c110_00.jpg,llm_human_description,information_reduced,0.8254695642187878,1,49,5,0.133264638112763,1.0,vehicle::gallery_images::21216_c003_04.jpg,0.7341027598386338,1.0,0.5939784585023604,0.6823889199719158,0.2314911057164274,0.09136680438015399,1.0,1.0
clip_l14,vehicle,vehicle::train_images::02440_c090_02.jpg,llm_brief,information_reduced,0.8180056307506873,1,49,5,0.2527912277802068,1.0,vehicle::train_images::18263_c110_02.jpg,0.5652144029704805,1.0,0.45127716566200704,0.5242451849496101,0.3667284650886803,0.2527912277802068,1.0,1.0
clip_l14,vehicle,vehicle::train_images::02440_c090_02.jpg,llm_balanced,information_reduced,0.7999739013502412,1,49,5,0.3568847052874147,1.0,vehicle::query_images::21010_c163_01.jpg,0.44308919606282643,1.0,0.32255195186608426,0.4196148687822414,0.4774219494841569,0.3568847052874147,1.0,1.0
clip_l14,vehicle,vehicle::train_images::02440_c090_02.jpg,llm_detailed,information_reduced,0.8891727356141093,1,49,5,0.41652395953785637,1.0,vehicle::train_images::19057_c170_04.jpg,0.4999290579832212,1.0,0.3479779941364936,0.4361329959599827,0.5411947414776157,0.3892436776308881,1.0,1.0
clip_l14,vehicle,vehicle::train_images::02440_c090_02.jpg,llm_human_description,information_reduced,0.8578050789681961,1,49,5,0.36393678073663216,1.0,vehicle::query_images::21010_c163_01.jpg,0.493868298231564,1.0,0.33030458405329777,0.42264758490833737,0.5275004949148984,0.36393678073663216,1.0,1.0
clip_l14,vehicle,vehicle::train_images::12341_c073_00.jpg,llm_brief,information_reduced,0.8129642668808996,1,49,5,0.12011645431107232,1.0,vehicle::train_images::16614_c041_04.jpg,0.7509920450591314,1.0,0.5506371035800562,0.6924535060751695,0.2623271633008434,0.0619722218217682,1.0,1.0
clip_l14,vehicle,vehicle::train_images::12341_c073_00.jpg,llm_balanced,information_reduced,0.7676800989805908,1,49,5,0.12391025685497037,1.0,vehicle::train_images::16614_c041_04.jpg,0.7480835049990138,1.0,0.49823880815909943,0.640300337929276,0.2694412908214913,0.019596593981576982,1.0,1.0
clip_l14,vehicle,vehicle::train_images::12341_c073_00.jpg,llm_detailed,information_reduced,0.8563016549672906,1,49,5,0.15798256936423594,1.0,vehicle::train_images::16614_c041_04.jpg,0.7593221117845681,1.0,0.5604725274497984,0.6948803296002569,0.29582912751749224,0.0969795431827225,1.0,1.0
clip_l14,vehicle,vehicle::train_images::12341_c073_00.jpg,llm_human_description,information_reduced,0.9013454700295631,1,49,5,0.12284415147605998,1.0,vehicle::query_images::20249_c003_00.jpg,0.7785013185535031,1.0,0.6419606497394811,0.740700650236054,0.25938482029008203,0.12284415147605998,1.0,1.0
clip_l14,vehicle,vehicle::train_images::18263_c110_02.jpg,llm_brief,information_reduced,0.8285921954269706,1,49,5,0.18639617855753965,1.0,vehicle::train_images::08361_c094_04.jpg,0.642196016869431,1.0,0.4653538002808622,0.605611357348294,0.3632383951461084,0.18639617855753965,1.0,1.0
clip_l14,vehicle,vehicle::train_images::18263_c110_02.jpg,llm_balanced,information_reduced,0.7745760317197912,1,49,5,0.13814889274823616,1.0,vehicle::train_images::08361_c094_04.jpg,0.636427138971555,1.0,0.4576962104782131,0.5799828663943924,0.3168798212415781,0.13814889274823616,1.0,1.0
clip_l14,vehicle,vehicle::train_images::18263_c110_02.jpg,llm_detailed,information_reduced,0.7270364168300802,1,49,5,0.15224421347872452,1.0,vehicle::gallery_images::20762_c156_00.jpg,0.5968823667039392,1.0,0.4231377332980189,0.5546084639119423,0.30389868353206134,0.130154050126141,1.0,1.0
clip_l14,vehicle,vehicle::train_images::18263_c110_02.jpg,llm_human_description,information_reduced,0.895691256045537,1,49,5,0.14538927213782293,1.0,vehicle::train_images::08361_c094_04.jpg,0.7503019839077141,1.0,0.5733231956125373,0.7041966206457191,0.3223680604329997,0.14538927213782293,1.0,1.0
clip_l14,vehicle,vehicle::train_images::10529_c003_02.jpg,llm_brief,information_reduced,0.6005176511472525,2,49,5,0.015789565069291855,1.0,vehicle::gallery_images::20535_c170_02.jpg,0.6015601672826143,0.9795918367346939,0.4324350568505442,0.5622269885885034,0.16808259429670835,-0.0010425161353617707,0.0,0.5
clip_l14,vehicle,vehicle::train_images::10529_c003_02.jpg,llm_balanced,information_reduced,0.7095142505691103,1,49,5,0.08039415797939886,1.0,vehicle::gallery_images::20535_c170_02.jpg,0.6616853231985347,1.0,0.5126503725905287,0.6146233756420367,0.19686387797858163,0.04782892737057565,1.0,1.0
clip_l14,vehicle,vehicle::train_images::10529_c003_02.jpg,llm_detailed,information_reduced,0.6736110824202022,1,49,5,0.11638302493747654,1.0,vehicle::train_images::08361_c094_04.jpg,0.5572280574827256,1.0,0.4247443278768679,0.5338689047391776,0.2488667545433343,0.11638302493747654,1.0,1.0
clip_l14,vehicle,vehicle::train_images::10529_c003_02.jpg,llm_human_description,information_reduced,0.7508217428476641,1,49,5,0.11233313891647856,1.0,vehicle::train_images::05685_c100_04.jpg,0.6384886039311856,1.0,0.5164206500366778,0.6075718215397643,0.2344010928109863,0.11233313891647856,1.0,1.0
clip_l14,vehicle,vehicle::train_images::15907_c041_04.jpg,llm_brief,information_reduced,0.8216995271680679,1,49,5,0.2958006268020431,1.0,vehicle::train_images::04922_c023_01.jpg,0.5486310474734896,1.0,0.423760870610835,0.5198830176392478,0.39793865655723293,0.27306847969457837,1.0,1.0
clip_l14,vehicle,vehicle::train_images::15907_c041_04.jpg,llm_balanced,information_reduced,0.9046811494359496,1,49,5,0.3431975936583612,1.0,vehicle::train_images::04922_c023_01.jpg,0.6063786145208614,1.0,0.42647668648660575,0.5251986833723137,0.4782044629493438,0.2983025349150882,1.0,1.0
clip_l14,vehicle,vehicle::train_images::15907_c041_04.jpg,llm_detailed,information_reduced,0.873925547780836,1,49,5,0.3334174863213468,1.0,vehicle::train_images::04922_c023_01.jpg,0.5732529471393694,1.0,0.3983554336105912,0.5008542454712224,0.47557011417024475,0.3006726006414666,1.0,1.0
clip_l14,vehicle,vehicle::train_images::15907_c041_04.jpg,llm_human_description,information_reduced,0.9145149990639707,1,49,5,0.2986172058791734,1.0,vehicle::train_images::04922_c023_01.jpg,0.6415253286446134,1.0,0.5062556202780433,0.5987487255424775,0.40825937878592744,0.2729896704193573,1.0,1.0
clip_l14,vehicle,vehicle::train_images::08854_c110_02.jpg,llm_brief,information_reduced,0.8755599708541656,1,49,5,0.04576716990294527,1.0,vehicle::train_images::05685_c100_04.jpg,0.8297928009512203,1.0,0.6718299499697922,0.8002422963687571,0.20373002088437342,0.04576716990294527,1.0,1.0
clip_l14,vehicle,vehicle::train_images::08854_c110_02.jpg,llm_balanced,information_reduced,0.8460596479153575,1,49,5,0.08274085916433327,1.0,vehicle::train_images::05685_c100_04.jpg,0.7633187887510242,1.0,0.6197109486970339,0.7147173885708863,0.22634869921832357,0.08274085916433327,1.0,1.0
clip_l14,vehicle,vehicle::train_images::08854_c110_02.jpg,llm_detailed,information_reduced,0.8221692588771791,1,49,5,0.03689156255818571,1.0,vehicle::train_images::05685_c100_04.jpg,0.7852776963189934,1.0,0.621133410525738,0.7400776933590614,0.20103584835144106,0.03689156255818571,1.0,1.0
clip_l14,vehicle,vehicle::train_images::08854_c110_02.jpg,llm_human_description,information_reduced,0.8911495671057459,1,49,5,0.04340940757973022,1.0,vehicle::train_images::05685_c100_04.jpg,0.8477401595260157,1.0,0.6848040455759806,0.8181258403961005,0.20634552152976526,0.04340940757973022,1.0,1.0
clip_l14,vehicle,vehicle::train_images::04922_c023_01.jpg,llm_brief,information_reduced,0.8255983808732746,1,49,5,0.2838084126798449,1.0,vehicle::train_images::15907_c041_04.jpg,0.5417899681934297,1.0,0.36645356927476674,0.4631087554180229,0.4591448115985079,0.2838084126798449,1.0,1.0
clip_l14,vehicle,vehicle::train_images::04922_c023_01.jpg,llm_balanced,information_reduced,0.8266591952572497,1,49,5,0.26917090096207164,1.0,vehicle::gallery_images::20401_c023_03.jpg,0.5647865032324939,1.0,0.3791589438134164,0.4879197335466008,0.4475002514438333,0.2618726920247558,1.0,1.0
clip_l14,vehicle,vehicle::train_images::04922_c023_01.jpg,llm_detailed,information_reduced,0.8270020443405844,1,49,5,0.292471614349339,1.0,vehicle::gallery_images::20401_c023_03.jpg,0.5723428837236554,1.0,0.3635458674740635,0.4832197626656187,0.46345617686652096,0.25465916061692906,1.0,1.0
clip_l14,vehicle,vehicle::train_images::04922_c023_01.jpg,llm_human_description,information_reduced,0.7389908543918557,1,49,5,0.021633801745024384,1.0,vehicle::train_images::06987_c051_04.jpg,0.7259213461799314,1.0,0.6203987019397578,0.7145732366265505,0.11859215245209798,0.013069508211924319,1.0,1.0
clip_l14,vehicle,vehicle::train_images::19263_c030_03.jpg,llm_brief,information_reduced,0.8460970618837045,1,49,5,0.24568074233394943,1.0,vehicle::train_images::13608_c139_04.jpg,0.600416319549755,1.0,0.4561506152507215,0.5687308253753153,0.389946446632983,0.24568074233394943,1.0,1.0
clip_l14,vehicle,vehicle::train_images::19263_c030_03.jpg,llm_balanced,information_reduced,0.8881478183381251,1,49,5,0.22896978508557175,1.0,vehicle::train_images::13608_c139_04.jpg,0.6591780332525533,1.0,0.4988251536512712,0.6105872353112951,0.38932266468685384,0.22896978508557175,1.0,1.0
clip_l14,vehicle,vehicle::train_images::19263_c030_03.jpg,llm_detailed,information_reduced,0.9082922232968027,1,49,5,0.26250429651555807,1.0,vehicle::train_images::13608_c139_04.jpg,0.6457879267812446,1.0,0.4857011185771299,0.5897566479365416,0.4225911047196728,0.26250429651555807,1.0,1.0
clip_l14,vehicle,vehicle::train_images::19263_c030_03.jpg,llm_human_description,information_reduced,0.9228114199257993,1,49,5,0.20797689936606512,1.0,vehicle::train_images::10529_c003_02.jpg,0.7148345205597342,1.0,0.5978791028912536,0.7101140839925496,0.3249323170345457,0.20797689936606512,1.0,1.0
clip_l14,vehicle,vehicle::train_images::07345_c110_03.jpg,llm_brief,information_reduced,0.8265189065733933,1,49,5,0.14835268651978772,1.0,vehicle::query_images::20506_c051_01.jpg,0.6781662200536056,1.0,0.5303789926771224,0.6364622289615369,0.2961399138962709,0.14835268651978772,1.0,1.0
clip_l14,vehicle,vehicle::train_images::07345_c110_03.jpg,llm_balanced,information_reduced,0.8950775112165688,1,49,5,0.26324005682034024,1.0,vehicle::train_images::19263_c030_03.jpg,0.6318374543962285,1.0,0.5024930659058783,0.6097598895903469,0.3925844453106905,0.26324005682034024,1.0,1.0
clip_l14,vehicle,vehicle::train_images::07345_c110_03.jpg,llm_detailed,information_reduced,0.9359354717270019,1,49,5,0.3447224711029204,1.0,vehicle::train_images::09221_c139_03.jpg,0.636407820048806,1.0,0.4931682309173841,0.5828393265697916,0.44276724080961777,0.29952765167819584,1.0,1.0
clip_l14,vehicle,vehicle::train_images::07345_c110_03.jpg,llm_human_description,information_reduced,0.8288498458975059,1,49,5,0.18702735113332625,1.0,vehicle::train_images::03678_c014_03.jpg,0.6418224947641796,1.0,0.5379062762534011,0.6158977381360834,0.2909435696441047,0.18702735113332625,1.0,1.0
clip_l14,vehicle,vehicle::train_images::19520_c034_01.jpg,llm_brief,information_reduced,0.7802098724021976,1,49,5,0.07893404373929847,1.0,vehicle::query_images::20506_c051_01.jpg,0.7012758286628992,1.0,0.5006235223113125,0.6481145889313714,0.27958635009088517,0.07893404373929847,1.0,1.0
clip_l14,vehicle,vehicle::train_images::19520_c034_01.jpg,llm_balanced,information_reduced,0.7769485434535981,1,49,5,0.18218381161333796,1.0,vehicle::query_images::20506_c051_01.jpg,0.5947647318402601,1.0,0.4530937454267432,0.5806394142753672,0.3238547980268549,0.18218381161333796,1.0,1.0
clip_l14,vehicle,vehicle::train_images::19520_c034_01.jpg,llm_detailed,information_reduced,0.7753218693335305,1,49,5,0.20601970390110613,1.0,vehicle::train_images::02440_c090_02.jpg,0.5894924189237298,1.0,0.426300169102774,0.5681563135548882,0.3490217002307565,0.1858294504098007,1.0,1.0
clip_l14,vehicle,vehicle::train_images::19520_c034_01.jpg,llm_human_description,information_reduced,0.8045312644353231,1,49,5,0.18266204239024408,1.0,vehicle::query_images::21112_c079_00.jpg,0.6486276879256343,1.0,0.47096313903102927,0.6209151327827348,0.3335681254042938,0.15590357650968878,1.0,1.0
clip_l14,vehicle,vehicle::train_images::16253_c139_00.jpg,llm_brief,information_reduced,0.8423508661079678,1,49,5,0.07477253135280904,1.0,vehicle::query_images::20204_c041_01.jpg,0.7675783347551588,1.0,0.5424827984683835,0.7238733704641888,0.2998680676395843,0.07477253135280904,1.0,1.0
clip_l14,vehicle,vehicle::train_images::16253_c139_00.jpg,llm_balanced,information_reduced,0.8794670365188971,1,49,5,0.05190339703051705,1.0,vehicle::query_images::20204_c041_01.jpg,0.8275636394883801,1.0,0.608928425158316,0.75655628780758,0.2705386113605811,0.05190339703051705,1.0,1.0
clip_l14,vehicle,vehicle::train_images::16253_c139_00.jpg,llm_detailed,information_reduced,0.8111742671091875,1,49,5,0.008877617133792759,1.0,vehicle::query_images::20204_c041_01.jpg,0.8022966499753947,1.0,0.56713471648922,0.7339000299374461,0.24403955061996752,0.008877617133792759,1.0,1.0
clip_l14,vehicle,vehicle::train_images::16253_c139_00.jpg,llm_human_description,information_reduced,0.8786626449263175,1,49,5,0.058584569894068794,1.0,vehicle::query_images::20204_c041_01.jpg,0.8200780750322487,1.0,0.6237043339755772,0.768451783822165,0.2549583109507403,0.058584569894068794,1.0,1.0
clip_l14,vehicle,vehicle::train_images::06987_c051_04.jpg,llm_brief,information_reduced,0.8495997873003908,1,49,5,0.015840068166093846,1.0,vehicle::train_images::08854_c110_02.jpg,0.8337597191342969,1.0,0.6505254593601502,0.7746538509446507,0.1990743279402406,0.015840068166093846,1.0,1.0
clip_l14,vehicle,vehicle::train_images::06987_c051_04.jpg,llm_balanced,information_reduced,0.8006821856880322,1,49,5,0.09098877330298949,1.0,vehicle::train_images::08854_c110_02.jpg,0.7096934123850427,1.0,0.5676717147539951,0.6840345666130687,0.23301047093403704,0.09098877330298949,1.0,1.0
clip_l14,vehicle,vehicle::train_images::06987_c051_04.jpg,llm_detailed,information_reduced,0.7650221626356253,1,49,5,0.11715063860774455,1.0,vehicle::train_images::09221_c139_03.jpg,0.6989407560439652,1.0,0.5189101484916612,0.6399729382350143,0.2461120141439641,0.06608140659166006,1.0,1.0
clip_l14,vehicle,vehicle::train_images::06987_c051_04.jpg,llm_human_description,information_reduced,0.8971078087925599,1,49,5,0.1205443563673716,1.0,vehicle::query_images::20949_c003_01.jpg,0.7765634524251883,1.0,0.6325974074548961,0.7606996039936199,0.2645104013376638,0.1205443563673716,1.0,1.0
clip_l14,vehicle,vehicle::train_images::05685_c100_04.jpg,llm_brief,information_reduced,0.8651868317667529,1,49,5,0.08263496686139826,1.0,vehicle::train_images::13946_c012_04.jpg,0.80632691074089,1.0,0.6191883052431093,0.7648733426960332,0.24599852652364362,0.058859921025862905,1.0,1.0
clip_l14,vehicle,vehicle::train_images::05685_c100_04.jpg,llm_balanced,information_reduced,0.8862967444331115,1,49,5,0.13748117969606166,1.0,vehicle::gallery_images::21216_c003_04.jpg,0.7488155647370498,1.0,0.6087062268792508,0.7201495347544292,0.27759051755386066,0.13748117969606166,1.0,1.0
clip_l14,vehicle,vehicle::train_images::05685_c100_04.jpg,llm_detailed,information_reduced,0.905996075603891,1,49,5,0.12143364949747115,1.0,vehicle::gallery_images::21216_c003_04.jpg,0.7845624261064198,1.0,0.6349023694216218,0.7533537520027637,0.27109370618226913,0.12143364949747115,1.0,1.0
clip_l14,vehicle,vehicle::train_images::05685_c100_04.jpg,llm_human_description,information_reduced,0.9147041727498467,1,49,5,0.10192778705200056,1.0,vehicle::gallery_images::21216_c003_04.jpg,0.8127763856978462,1.0,0.6790469450739655,0.8019214732287211,0.23565722767588126,0.10192778705200056,1.0,1.0
clip_l14,vehicle,vehicle::train_images::16614_c041_04.jpg,llm_brief,information_reduced,0.8199462152265855,1,49,5,0.16409895655223672,1.0,vehicle::train_images::05432_c163_04.jpg,0.6612963266441418,1.0,0.47829207058202794,0.6310361059945911,0.34165414464455757,0.15864988858244367,1.0,1.0
clip_l14,vehicle,vehicle::train_images::16614_c041_04.jpg,llm_balanced,information_reduced,0.8860534447849948,1,49,5,0.260353159845351,1.0,vehicle::gallery_images::20591_c110_03.jpg,0.6257002849396438,1.0,0.44232157142897066,0.5983849086581224,0.44373187335602415,0.260353159845351,1.0,1.0
clip_l14,vehicle,vehicle::train_images::16614_c041_04.jpg,llm_detailed,information_reduced,0.8756037040035949,1,49,5,0.2566349635742232,1.0,vehicle::gallery_images::20591_c110_03.jpg,0.6189687404293717,1.0,0.4074196475669237,0.570044990115848,0.46818405643667116,0.2566349635742232,1.0,1.0
clip_l14,vehicle,vehicle::train_images::16614_c041_04.jpg,llm_human_description,information_reduced,0.8536043165211915,1,49,5,0.1614421093429259,1.0,vehicle::train_images::12341_c073_00.jpg,0.6921622071782656,1.0,0.5244277359551668,0.6637879755933651,0.3291765805660247,0.1614421093429259,1.0,1.0
clip_l14,vehicle,vehicle::train_images::13946_c012_04.jpg,llm_brief,information_reduced,0.8050606713394923,1,49,5,0.08907732240047761,1.0,vehicle::train_images::05685_c100_04.jpg,0.7159833489390147,1.0,0.5466182155924078,0.6696648942042778,0.2584424557470846,0.08907732240047761,1.0,1.0
clip_l14,vehicle,vehicle::train_images::13946_c012_04.jpg,llm_balanced,information_reduced,0.8568756699269776,1,49,5,0.08307576322598276,1.0,vehicle::train_images::05685_c100_04.jpg,0.7737999067009949,1.0,0.594742188692261,0.7281552701917263,0.2621334812347166,0.08307576322598276,1.0,1.0
clip_l14,vehicle,vehicle::train_images::13946_c012_04.jpg,llm_detailed,information_reduced,0.7817487508189123,1,49,5,0.052087360901823976,1.0,vehicle::train_images::05685_c100_04.jpg,0.7296613899170883,1.0,0.5445785483447868,0.6675846345283989,0.23717020247412546,0.052087360901823976,1.0,1.0
clip_l14,vehicle,vehicle::train_images::13946_c012_04.jpg,llm_human_description,information_reduced,0.8986541642375231,1,49,5,0.11744404501329797,1.0,vehicle::train_images::05685_c100_04.jpg,0.7812101192242251,1.0,0.6132600528179554,0.7375937010197438,0.2853941114195677,0.11744404501329797,1.0,1.0
clip_l14,vehicle,vehicle::train_images::14133_c170_01.jpg,llm_brief,information_reduced,0.7544719835953343,1,49,5,0.14128183473016664,1.0,vehicle::query_images::20204_c041_01.jpg,0.6131901488651677,1.0,0.433732823408761,0.5643327850762228,0.3207391601865733,0.14128183473016664,1.0,1.0
clip_l14,vehicle,vehicle::train_images::14133_c170_01.jpg,llm_balanced,information_reduced,0.8581787000528858,1,49,5,0.1742958010644493,1.0,vehicle::query_images::20204_c041_01.jpg,0.6838828989884365,1.0,0.4904229606625623,0.6119288580984537,0.36775573939032347,0.1742958010644493,1.0,1.0
clip_l14,vehicle,vehicle::train_images::14133_c170_01.jpg,llm_detailed,information_reduced,0.746189168451104,1,49,5,0.1656917774843032,1.0,vehicle::train_images::19057_c170_04.jpg,0.6610947505920827,1.0,0.3982157029535162,0.5421438092832265,0.34797346549758773,0.08509441785902128,1.0,1.0
clip_l14,vehicle,vehicle::train_images::14133_c170_01.jpg,llm_human_description,information_reduced,0.853775493935877,1,49,5,0.09338918368992188,1.0,vehicle::query_images::20204_c041_01.jpg,0.7603863102459552,1.0,0.5572356867063701,0.7201906720618186,0.2965398072295069,0.09338918368992188,1.0,1.0
clip_l14,vehicle,vehicle::train_images::16747_c163_03.jpg,llm_brief,information_reduced,0.6595257216175932,2,49,5,-0.044572671982930134,0.8,vehicle::train_images::03678_c014_03.jpg,0.7040983936005233,0.9795918367346939,0.5052898645077734,0.6181583322088819,0.1542358571098198,-0.044572671982930134,0.0,0.5
clip_l14,vehicle,vehicle::train_images::16747_c163_03.jpg,llm_balanced,information_reduced,0.7009221281456055,2,49,5,-0.01263829892129964,0.8,vehicle::train_images::03678_c014_03.jpg,0.7135604270669051,0.9795918367346939,0.5182941867581603,0.6351230812881526,0.1826279413874452,-0.01263829892129964,0.0,0.5
clip_l14,vehicle,vehicle::train_images::16747_c163_03.jpg,llm_detailed,information_reduced,0.6079732418517186,2,49,5,0.011390684704843612,1.0,vehicle::train_images::07345_c110_03.jpg,0.6779120939000082,0.9795918367346939,0.4268713430183132,0.5799123573821497,0.18110189883340544,-0.06993885204828953,0.0,0.5
clip_l14,vehicle,vehicle::train_images::16747_c163_03.jpg,llm_human_description,information_reduced,0.8418434050276652,1,49,5,0.05894695698190244,1.0,vehicle::train_images::03678_c014_03.jpg,0.7828964480457627,1.0,0.5693712658866532,0.6708769540239717,0.272472139141012,0.05894695698190244,1.0,1.0
clip_l14,vehicle,vehicle::train_images::05432_c163_04.jpg,llm_brief,information_reduced,0.911717761316006,1,49,5,0.08049516955997771,1.0,vehicle::query_images::20249_c003_00.jpg,0.8312225917560283,1.0,0.5583774388654963,0.7823788419627646,0.3533403224505097,0.08049516955997771,1.0,1.0
clip_l14,vehicle,vehicle::train_images::05432_c163_04.jpg,llm_balanced,information_reduced,0.9418801689773632,1,49,5,0.0871495943495092,1.0,vehicle::query_images::20249_c003_00.jpg,0.854730574627854,1.0,0.5741365593566957,0.8123359886257826,0.36774360962066743,0.0871495943495092,1.0,1.0
clip_l14,vehicle,vehicle::train_images::05432_c163_04.jpg,llm_detailed,information_reduced,0.9022669966385687,1,49,5,0.09751519069090808,1.0,vehicle::train_images::12849_c170_02.jpg,0.8047518059476606,1.0,0.5224855696517774,0.7898207952521901,0.3797814269867913,0.09751519069090808,1.0,1.0
clip_l14,vehicle,vehicle::train_images::05432_c163_04.jpg,llm_human_description,information_reduced,0.936036796247267,1,49,5,0.033839997330115,1.0,vehicle::query_images::20249_c003_00.jpg,0.902196798917152,1.0,0.6523133327710053,0.8419988104883489,0.28372346347626165,0.033839997330115,1.0,1.0
clip_l14,vehicle,vehicle::train_images::19057_c170_04.jpg,llm_brief,information_reduced,0.7739337660218066,1,49,5,0.2093389970568994,1.0,vehicle::train_images::09221_c139_03.jpg,0.5645947689649072,1.0,0.4000791599260197,0.5105119892194812,0.3738546060957869,0.2093389970568994,1.0,1.0
clip_l14,vehicle,vehicle::train_images::19057_c170_04.jpg,llm_balanced,information_reduced,0.8508773898081454,1,49,5,0.23701526911213744,1.0,vehicle::gallery_images::20559_c170_01.jpg,0.613862120696008,1.0,0.38094114295913617,0.5384729281900897,0.46993624684900925,0.23701526911213744,1.0,1.0
clip_l14,vehicle,vehicle::train_images::19057_c170_04.jpg,llm_detailed,information_reduced,0.9710708819732449,1,49,5,0.4179620862985828,1.0,vehicle::gallery_images::20559_c170_01.jpg,0.5531087956746621,1.0,0.2737122892238515,0.48779878916322095,0.6973585927493934,0.4179620862985828,1.0,1.0
clip_l14,vehicle,vehicle::train_images::19057_c170_04.jpg,llm_human_description,information_reduced,0.8465272606886608,1,49,5,0.2716225560595077,1.0,vehicle::query_images::21010_c163_01.jpg,0.6037521400952556,1.0,0.45659152857092616,0.5748138507146098,0.38993573211773463,0.24277512059340522,1.0,1.0
clip_l14,vehicle,vehicle::train_images::04455_c078_00.jpg,llm_brief,information_reduced,0.8217570130167983,1,49,5,0.03723357568822194,1.0,vehicle::gallery_images::20159_c003_00.jpg,0.7845234373285763,1.0,0.5321234099043219,0.6946222456931164,0.2896336031124763,0.03723357568822194,1.0,1.0
clip_l14,vehicle,vehicle::train_images::04455_c078_00.jpg,llm_balanced,information_reduced,0.7550275836200757,1,49,5,0.0309729816219797,1.0,vehicle::gallery_images::20159_c003_00.jpg,0.724054601998096,1.0,0.4764289016936314,0.6106260783223495,0.2785986819264443,0.0309729816219797,1.0,1.0
clip_l14,vehicle,vehicle::train_images::04455_c078_00.jpg,llm_detailed,information_reduced,0.8832249905301929,1,49,5,0.12962404874854816,1.0,vehicle::gallery_images::20159_c003_00.jpg,0.7536009417816447,1.0,0.5618302599469154,0.6919964655686702,0.3213947305832775,0.12962404874854816,1.0,1.0
clip_l14,vehicle,vehicle::train_images::04455_c078_00.jpg,llm_human_description,information_reduced,0.8240156846092603,1,49,5,0.04909181968408771,1.0,vehicle::gallery_images::20159_c003_00.jpg,0.7749238649251726,1.0,0.5723300412409403,0.6961316972002637,0.25168564336832,0.04909181968408771,1.0,1.0
clip_l14,vehicle,vehicle::train_images::14387_c163_04.jpg,llm_brief,information_reduced,0.8259846346472359,1,49,5,0.16356772542679487,1.0,vehicle::gallery_images::20535_c170_02.jpg,0.6770499573758768,1.0,0.4731448650864031,0.6497892245099431,0.35283976956083285,0.14893467727135912,1.0,1.0
clip_l14,vehicle,vehicle::train_images::14387_c163_04.jpg,llm_balanced,information_reduced,0.8070733706299525,1,49,5,0.22194517365411592,1.0,vehicle::gallery_images::20535_c170_02.jpg,0.5959575964400556,1.0,0.424299973956223,0.5649150340501364,0.38277339667372956,0.2111157741898969,1.0,1.0
clip_l14,vehicle,vehicle::train_images::14387_c163_04.jpg,llm_detailed,information_reduced,0.8028268643316547,1,49,5,0.22623141260651014,1.0,vehicle::gallery_images::20535_c170_02.jpg,0.5877411149902945,1.0,0.42916968939240174,0.5561446084051775,0.373657174939253,0.21508574934136027,1.0,1.0
clip_l14,vehicle,vehicle::train_images::14387_c163_04.jpg,llm_human_description,information_reduced,0.8320279245200649,1,49,5,0.146227525189479,1.0,vehicle::gallery_images::21216_c003_04.jpg,0.6996168896310411,1.0,0.538784149585477,0.6830157292854678,0.29324377493458786,0.13241103488902384,1.0,1.0
clip_l14,vehicle,vehicle::train_images::09221_c139_03.jpg,llm_brief,information_reduced,0.792898640843074,1,49,5,0.09173860698742464,1.0,vehicle::train_images::05685_c100_04.jpg,0.7011600338556494,1.0,0.5467905695510771,0.6436020420676757,0.24610807129199697,0.09173860698742464,1.0,1.0
clip_l14,vehicle,vehicle::train_images::09221_c139_03.jpg,llm_balanced,information_reduced,0.7581145960047045,1,49,5,0.04615057477170492,1.0,vehicle::train_images::03678_c014_03.jpg,0.7341318769319116,1.0,0.5786167801494894,0.6925805480920172,0.17949781585521518,0.023982719072792924,1.0,1.0
clip_l14,vehicle,vehicle::train_images::09221_c139_03.jpg,llm_detailed,information_reduced,0.8562093327223315,1,49,5,0.12628496881437168,1.0,vehicle::train_images::05685_c100_04.jpg,0.7299243639079598,1.0,0.5747229308478248,0.672323981754203,0.2814864018745067,0.12628496881437168,1.0,1.0
clip_l14,vehicle,vehicle::train_images::09221_c139_03.jpg,llm_human_description,information_reduced,0.8325795506675873,1,49,5,0.16462320407828868,1.0,vehicle::train_images::05685_c100_04.jpg,0.6679563465892986,1.0,0.539521010449634,0.6480719570212162,0.2930585402179533,0.16462320407828868,1.0,1.0
clip_l14,vehicle,vehicle::train_images::04724_c110_02.jpg,llm_brief,information_reduced,0.8274984126949674,1,49,5,0.06191666844474686,1.0,vehicle::query_images::20506_c051_01.jpg,0.7655817442502205,1.0,0.5820944797402287,0.6948382174620636,0.24540393295473872,0.06191666844474686,1.0,1.0
clip_l14,vehicle,vehicle::train_images::04724_c110_02.jpg,llm_balanced,information_reduced,0.8958797355162278,1,49,5,0.08807499602038393,1.0,vehicle::query_images::20506_c051_01.jpg,0.8078047394958439,1.0,0.6500165524220459,0.7659286788706963,0.24586318309418187,0.08807499602038393,1.0,1.0
clip_l14,vehicle,vehicle::train_images::04724_c110_02.jpg,llm_detailed,information_reduced,0.8230179255303627,1,49,5,0.08237271619414555,1.0,vehicle::train_images::09221_c139_03.jpg,0.7493574085588349,1.0,0.6048045135751721,0.716370448030779,0.21821341195519062,0.07366051697152776,1.0,1.0
clip_l14,vehicle,vehicle::train_images::04724_c110_02.jpg,llm_human_description,information_reduced,0.9100500595735217,1,49,5,0.0750195862705606,1.0,vehicle::query_images::20506_c051_01.jpg,0.8350304733029611,1.0,0.6456680824388894,0.7871585579704453,0.2643819771346323,0.0750195862705606,1.0,1.0
clip_l14,vehicle,vehicle::train_images::08361_c094_04.jpg,llm_brief,information_reduced,0.6915281676358442,1,49,5,0.07814066730162161,1.0,vehicle::train_images::09221_c139_03.jpg,0.6227401155987297,1.0,0.44284156213831455,0.6019746107293129,0.2486866054975297,0.06878805203711458,1.0,1.0
clip_l14,vehicle,vehicle::train_images::08361_c094_04.jpg,llm_balanced,information_reduced,0.8396031138779394,1,49,5,0.08263263495111328,1.0,vehicle::gallery_images::20762_c156_00.jpg,0.7569704789268261,1.0,0.5445064072297257,0.6750916398835191,0.29509670664821375,0.08263263495111328,1.0,1.0
clip_l14,vehicle,vehicle::train_images::08361_c094_04.jpg,llm_detailed,information_reduced,0.8071257326422769,1,49,5,0.09748358241054722,1.0,vehicle::gallery_images::20762_c156_00.jpg,0.7096421502317297,1.0,0.48640904580013367,0.6177118197065725,0.3207166868421433,0.09748358241054722,1.0,1.0
clip_l14,vehicle,vehicle::train_images::08361_c094_04.jpg,llm_human_description,information_reduced,0.7644611412140292,1,49,5,0.07314103404272343,1.0,vehicle::gallery_images::20762_c156_00.jpg,0.6913201071713058,1.0,0.46697432724868215,0.5838457860347709,0.29748681396534704,0.07314103404272343,1.0,1.0
clip_l14,vehicle,vehicle::train_images::03678_c014_03.jpg,llm_brief,information_reduced,0.8312745749074394,1,49,5,0.1393839162034406,1.0,vehicle::train_images::05685_c100_04.jpg,0.6918906587039988,1.0,0.5254082386862773,0.6170528077336027,0.3058663362211621,0.1393839162034406,1.0,1.0
clip_l14,vehicle,vehicle::train_images::03678_c014_03.jpg,llm_balanced,information_reduced,0.7288021184435899,1,49,5,0.18956057979576213,1.0,vehicle::gallery_images::20401_c023_03.jpg,0.6298933162468674,1.0,0.4159477136796093,0.6079164129900756,0.3128544047639806,0.09890880219672249,1.0,1.0
clip_l14,vehicle,vehicle::train_images::03678_c014_03.jpg,llm_detailed,information_reduced,0.6391610731091643,3,49,5,0.1526462923227792,1.0,vehicle::train_images::09221_c139_03.jpg,0.6726438448594502,0.9591836734693877,0.3857623654122273,0.6161646550862615,0.25339870769693695,-0.03348277175028591,0.0,0.3333333333333333
clip_l14,vehicle,vehicle::train_images::03678_c014_03.jpg,llm_human_description,information_reduced,0.8821383761648941,1,49,5,0.1458345770282824,1.0,vehicle::train_images::16747_c163_03.jpg,0.7363037991366117,1.0,0.5834243711428173,0.6964774551533274,0.2987140050220768,0.1458345770282824,1.0,1.0
clip_l14,vehicle,vehicle::query_images::20039_c015_00.jpg,llm_brief,information_reduced,0.751368957846917,1,49,5,0.1430306815827238,1.0,vehicle::train_images::05685_c100_04.jpg,0.6083382762641932,1.0,0.42194348011345584,0.5039435469331726,0.3294254777334612,0.1430306815827238,1.0,1.0
clip_l14,vehicle,vehicle::query_images::20039_c015_00.jpg,llm_balanced,information_reduced,0.7096731153682212,1,49,5,0.2248905695363751,1.0,vehicle::train_images::13184_c012_02.jpg,0.537476213202184,1.0,0.3173095912688025,0.486198225636106,0.3923635240994187,0.17219690216603722,1.0,1.0
clip_l14,vehicle,vehicle::query_images::20039_c015_00.jpg,llm_detailed,information_reduced,0.7688493008219607,1,49,5,0.22140762403877023,1.0,vehicle::train_images::13184_c012_02.jpg,0.5724233811669791,1.0,0.3819774350330816,0.5435959799510377,0.38687186578887905,0.19642591965498157,1.0,1.0
clip_l14,vehicle,vehicle::query_images::20039_c015_00.jpg,llm_human_description,information_reduced,0.7557382650221749,1,49,5,0.20630587977731996,1.0,vehicle::train_images::05685_c100_04.jpg,0.5494323852448549,1.0,0.40821048693126155,0.505311087929636,0.34752777809091334,0.20630587977731996,1.0,1.0
clip_l14,vehicle,vehicle::query_images::20298_c122_00.jpg,llm_brief,information_reduced,0.796234966047475,1,49,5,0.06855501103440242,1.0,vehicle::train_images::13946_c012_04.jpg,0.7276799550130726,1.0,0.5008961231552884,0.6370846931879693,0.2953388428921866,0.06855501103440242,1.0,1.0
clip_l14,vehicle,vehicle::query_images::20298_c122_00.jpg,llm_balanced,information_reduced,0.8942131200209859,1,49,5,0.17066466802108005,1.0,vehicle::train_images::13946_c012_04.jpg,0.7235484519999058,1.0,0.5339258673860572,0.6548150785834137,0.36028725263492867,0.17066466802108005,1.0,1.0
clip_l14,vehicle,vehicle::query_images::20298_c122_00.jpg,llm_detailed,information_reduced,0.8317411610118596,1,49,5,0.1462172623356871,1.0,vehicle::train_images::05685_c100_04.jpg,0.6913304562751137,1.0,0.5146495173793884,0.638216580049568,0.3170916436324712,0.14041070473674588,1.0,1.0
clip_l14,vehicle,vehicle::query_images::20298_c122_00.jpg,llm_human_description,information_reduced,0.8920844976810142,1,49,5,0.12549179110728026,1.0,vehicle::train_images::13946_c012_04.jpg,0.7665927065737339,1.0,0.5720651664164449,0.7103498536532652,0.3200193312645693,0.12549179110728026,1.0,1.0
clip_l14,vehicle,vehicle::query_images::21010_c163_01.jpg,llm_brief,information_reduced,0.6367462108394176,1,49,5,0.10104931970934972,1.0,vehicle::train_images::05432_c163_04.jpg,0.604705910742933,1.0,0.4114308387067298,0.5306045393927109,0.22531537213268782,0.03204030009648462,1.0,1.0
clip_l14,vehicle,vehicle::query_images::21010_c163_01.jpg,llm_balanced,information_reduced,0.624698557831575,1,49,5,0.15481506457908373,1.0,vehicle::train_images::05432_c163_04.jpg,0.5440891344290562,1.0,0.3922177360048491,0.4999374661396616,0.23248082182672591,0.08060942340251886,1.0,1.0
clip_l14,vehicle,vehicle::query_images::21010_c163_01.jpg,llm_detailed,information_reduced,0.6478067917542112,1,49,5,0.2671142926034542,1.0,vehicle::train_images::19057_c170_04.jpg,0.5521336955328824,1.0,0.33921639172191237,0.4938326472448244,0.3085904000322988,0.0956730962213288,1.0,1.0
clip_l14,vehicle,vehicle::query_images::21010_c163_01.jpg,llm_human_description,information_reduced,0.8126019901990511,1,49,5,0.22212113443421178,1.0,vehicle::query_images::21112_c079_00.jpg,0.5904808557648393,1.0,0.4815374926631996,0.5645813376693256,0.3310644975358515,0.22212113443421178,1.0,1.0
clip_l14,vehicle,vehicle::query_images::20249_c003_00.jpg,llm_brief,information_reduced,0.8312226072289663,2,49,5,-0.08049515714880096,0.8,vehicle::train_images::05432_c163_04.jpg,0.9117177643777673,0.9795918367346939,0.558377447759026,0.7823788451498386,0.27284515946994037,-0.08049515714880096,0.0,0.5
clip_l14,vehicle,vehicle::query_images::20249_c003_00.jpg,llm_balanced,information_reduced,0.8247782831390271,2,49,5,-0.036825291635801616,0.8,vehicle::train_images::05432_c163_04.jpg,0.8616035747748287,0.9795918367346939,0.5483462580130385,0.7646956074318358,0.27643202512598863,-0.036825291635801616,0.0,0.5
clip_l14,vehicle,vehicle::query_images::20249_c003_00.jpg,llm_detailed,information_reduced,0.880546697579131,2,49,5,-0.0307073023727783,0.8,vehicle::train_images::05432_c163_04.jpg,0.9112539999519093,0.9795918367346939,0.5824127681131872,0.7912579137291896,0.29813392946594375,-0.0307073023727783,0.0,0.5
clip_l14,vehicle,vehicle::query_images::20249_c003_00.jpg,llm_human_description,information_reduced,0.9264929029576796,1,49,5,0.030338336100494856,1.0,vehicle::train_images::05432_c163_04.jpg,0.8961545668571848,1.0,0.6607055126363728,0.8436928200454656,0.2657873903213068,0.030338336100494856,1.0,1.0
clip_l14,vehicle,vehicle::query_images::20506_c051_01.jpg,llm_brief,information_reduced,0.8317851047123533,1,49,5,0.1174704860189798,1.0,vehicle::train_images::04724_c110_02.jpg,0.7143146186933735,1.0,0.47486559470199646,0.5793014733293365,0.3569195100103569,0.1174704860189798,1.0,1.0
clip_l14,vehicle,vehicle::query_images::20506_c051_01.jpg,llm_balanced,information_reduced,0.8532441855248514,1,49,5,0.1033536105833297,1.0,vehicle::train_images::04724_c110_02.jpg,0.7498905749415217,1.0,0.5260104780829348,0.6430842899303282,0.3272337074419166,0.1033536105833297,1.0,1.0
clip_l14,vehicle,vehicle::query_images::20506_c051_01.jpg,llm_detailed,information_reduced,0.8261487839153829,1,49,5,0.09774659988184953,1.0,vehicle::train_images::04724_c110_02.jpg,0.7284021840335334,1.0,0.5158171663321254,0.625698290057799,0.31033161758325756,0.09774659988184953,1.0,1.0
clip_l14,vehicle,vehicle::query_images::20506_c051_01.jpg,llm_human_description,information_reduced,0.9055418610414028,1,49,5,0.05262723784733048,1.0,vehicle::train_images::04724_c110_02.jpg,0.8529146231940723,1.0,0.6237496675062028,0.760402824298026,0.2817921935352,0.05262723784733048,1.0,1.0
clip_l14,vehicle,vehicle::query_images::21112_c079_00.jpg,llm_brief,information_reduced,0.7079463400608721,1,49,5,0.04698083676398457,1.0,vehicle::train_images::18263_c110_02.jpg,0.6609655032968875,1.0,0.47119659747760345,0.6315923399683191,0.23674974258326864,0.04698083676398457,1.0,1.0
clip_l14,vehicle,vehicle::query_images::21112_c079_00.jpg,llm_balanced,information_reduced,0.6973939428508829,1,49,5,0.17137251568695266,1.0,vehicle::train_images::09221_c139_03.jpg,0.5886379275571997,1.0,0.4138363947909696,0.5491048721963357,0.28355754805991323,0.10875601529368317,1.0,1.0
clip_l14,vehicle,vehicle::query_images::21112_c079_00.jpg,llm_detailed,information_reduced,0.8652607314255104,1,49,5,0.2798855562621635,1.0,vehicle::train_images::18263_c110_02.jpg,0.5853751751633469,1.0,0.4579858645256603,0.5753702495443178,0.4072748668998501,0.2798855562621635,1.0,1.0
clip_l14,vehicle,vehicle::query_images::21112_c079_00.jpg,llm_human_description,information_reduced,0.885303701671075,1,49,5,0.21939407523772592,1.0,vehicle::query_images::21010_c163_01.jpg,0.6659096264333491,1.0,0.5168876450164641,0.6401391279625741,0.36841605665461086,0.21939407523772592,1.0,1.0
clip_l14,vehicle,vehicle::query_images::20949_c003_01.jpg,llm_brief,information_reduced,0.8058535764397783,5,49,5,-0.08061643704934185,0.6,vehicle::train_images::16253_c139_00.jpg,0.8864700134891201,0.9183673469387755,0.6298685428773358,0.8139547962692287,0.17598503356244244,-0.08061643704934185,0.0,0.2
clip_l14,vehicle,vehicle::query_images::20949_c003_01.jpg,llm_balanced,information_reduced,0.8014905700699094,4,49,5,-0.03485799243099219,0.6,vehicle::query_images::20204_c041_01.jpg,0.8363485625009016,0.9387755102040817,0.6267745744488533,0.7983183610750353,0.1747159956210561,-0.03485799243099219,0.0,0.25
clip_l14,vehicle,vehicle::query_images::20949_c003_01.jpg,llm_detailed,information_reduced,0.7856044643842742,1,49,5,0.07141390279287052,1.0,vehicle::query_images::20204_c041_01.jpg,0.7141905615914037,1.0,0.5447016036672043,0.6869256880607478,0.2409028607170699,0.07141390279287052,1.0,1.0
clip_l14,vehicle,vehicle::query_images::20949_c003_01.jpg,llm_human_description,information_reduced,0.8939571453339129,1,49,5,0.09503995242090502,1.0,vehicle::gallery_images::20877_c110_00.jpg,0.7989171929130079,1.0,0.62934430789,0.7809134101286237,0.26461283744391295,0.09503995242090502,1.0,1.0
clip_l14,vehicle,vehicle::query_images::20272_c102_00.jpg,llm_brief,information_reduced,0.7901279829003299,1,49,5,0.019862842793668345,1.0,vehicle::train_images::05432_c163_04.jpg,0.7702651401066616,1.0,0.5025348844527617,0.6907614026579838,0.2875930984475682,0.019862842793668345,1.0,1.0
clip_l14,vehicle,vehicle::query_images::20272_c102_00.jpg,llm_balanced,information_reduced,0.8660634771877392,1,49,5,0.13113877186520495,1.0,vehicle::train_images::12849_c170_02.jpg,0.7349247053225343,1.0,0.4569608213822627,0.6490467397436267,0.40910265580547656,0.13113877186520495,1.0,1.0
clip_l14,vehicle,vehicle::query_images::20272_c102_00.jpg,llm_detailed,information_reduced,0.8442253275371894,1,49,5,0.1042782790111012,1.0,vehicle::train_images::05432_c163_04.jpg,0.7399470485260882,1.0,0.47656469165744636,0.6487935659626386,0.367660635879743,0.1042782790111012,1.0,1.0
clip_l14,vehicle,vehicle::query_images::20272_c102_00.jpg,llm_human_description,information_reduced,0.8145506017918601,3,49,5,-0.007401259064830357,0.6,vehicle::train_images::12849_c170_02.jpg,0.8219518608566905,0.9591836734693877,0.593033374622732,0.7902295304787111,0.22151722716912814,-0.007401259064830357,0.0,0.3333333333333333
clip_l14,vehicle,vehicle::gallery_images::20535_c170_02.jpg,llm_brief,information_reduced,0.8690721505553867,1,49,5,0.09568694854368176,1.0,vehicle::gallery_images::21216_c003_04.jpg,0.7733852020117049,1.0,0.5075991180886292,0.6665458673858704,0.36147303246675744,0.09568694854368176,1.0,1.0
clip_l14,vehicle,vehicle::gallery_images::20535_c170_02.jpg,llm_balanced,information_reduced,0.9347360693357883,1,49,5,0.10825808207615939,1.0,vehicle::gallery_images::21216_c003_04.jpg,0.826477987259629,1.0,0.5587194841841775,0.7016569985123838,0.37601658515161085,0.10825808207615939,1.0,1.0
clip_l14,vehicle,vehicle::gallery_images::20535_c170_02.jpg,llm_detailed,information_reduced,0.9240700077553985,1,49,5,0.10954232456987756,1.0,vehicle::gallery_images::21216_c003_04.jpg,0.8145276831855209,1.0,0.5532737297017039,0.690877872863865,0.37079627805369464,0.10954232456987756,1.0,1.0
clip_l14,vehicle,vehicle::gallery_images::20535_c170_02.jpg,llm_human_description,information_reduced,0.9359567096623771,1,49,5,0.026930580970176088,1.0,vehicle::gallery_images::21216_c003_04.jpg,0.909026128692201,1.0,0.6341418073358289,0.7876181437733545,0.3018149023265482,0.026930580970176088,1.0,1.0
clip_l14,vehicle,vehicle::gallery_images::20877_c110_00.jpg,llm_brief,information_reduced,0.7621654637151984,7,49,5,-0.08743415406859745,0.2,vehicle::train_images::08854_c110_02.jpg,0.8495996177837959,0.8775510204081632,0.6655886079343871,0.8072741439327441,0.09657685578081132,-0.08743415406859745,0.0,0.14285714285714285
clip_l14,vehicle,vehicle::gallery_images::20877_c110_00.jpg,llm_balanced,information_reduced,0.7551370576942875,4,49,5,-0.0551201303008082,0.4,vehicle::train_images::08854_c110_02.jpg,0.8102571879950957,0.9387755102040817,0.6183840576588984,0.7571109112896298,0.13675300003538915,-0.0551201303008082,0.0,0.25
clip_l14,vehicle,vehicle::gallery_images::20877_c110_00.jpg,llm_detailed,information_reduced,0.7617975221187725,1,49,5,0.14664378483427298,1.0,vehicle::gallery_images::20559_c170_01.jpg,0.7199202698612249,1.0,0.4799860118784754,0.6294535900488368,0.2818115102402971,0.04187725225754757,1.0,1.0
clip_l14,vehicle,vehicle::gallery_images::20877_c110_00.jpg,llm_human_description,information_reduced,0.8214304384863513,1,49,5,0.07792979285206025,1.0,vehicle::query_images::20949_c003_01.jpg,0.7435006456342911,1.0,0.5620992265768114,0.7010075471276271,0.2593312119095399,0.07792979285206025,1.0,1.0
clip_l14,vehicle,vehicle::gallery_images::20159_c003_00.jpg,llm_brief,information_reduced,0.7284089429777961,1,49,5,0.03538217968828394,1.0,vehicle::train_images::05432_c163_04.jpg,0.7177360065500655,1.0,0.4993621928995571,0.6655351251943653,0.22904675007823905,0.010672936427730595,1.0,1.0
clip_l14,vehicle,vehicle::gallery_images::20159_c003_00.jpg,llm_balanced,information_reduced,0.7514901775797006,1,49,5,0.1443047305758608,1.0,vehicle::train_images::12849_c170_02.jpg,0.6461253535355418,1.0,0.44312710450444637,0.6041868551841305,0.30836307307525423,0.10536482404415881,1.0,1.0
clip_l14,vehicle,vehicle::gallery_images::20159_c003_00.jpg,llm_detailed,information_reduced,0.7787345488193738,1,49,5,0.18502741328055106,1.0,vehicle::train_images::05432_c163_04.jpg,0.6160559387174285,1.0,0.4585946256061463,0.593562721370528,0.3201399232132275,0.1626786101019453,1.0,1.0
clip_l14,vehicle,vehicle::gallery_images::20159_c003_00.jpg,llm_human_description,information_reduced,0.8292643047498434,1,49,5,0.06054318089887234,1.0,vehicle::train_images::04455_c078_00.jpg,0.768721123850971,1.0,0.5813569383237963,0.715947028388195,0.24790736642604705,0.06054318089887234,1.0,1.0
clip_l14,vehicle,vehicle::gallery_images::21199_c014_04.jpg,llm_brief,information_reduced,0.7422035884778687,1,49,5,0.08527789308529532,1.0,vehicle::train_images::05685_c100_04.jpg,0.6569256953925734,1.0,0.47602934787887297,0.5930762669848535,0.26617424059899575,0.08527789308529532,1.0,1.0
clip_l14,vehicle,vehicle::gallery_images::21199_c014_04.jpg,llm_balanced,information_reduced,0.8573413713056255,1,49,5,0.26324620532676124,1.0,vehicle::train_images::05685_c100_04.jpg,0.5940951659788642,1.0,0.45166717716288934,0.5773529693945911,0.40567419414273614,0.26324620532676124,1.0,1.0
clip_l14,vehicle,vehicle::gallery_images::21199_c014_04.jpg,llm_detailed,information_reduced,0.8126313914862193,1,49,5,0.21988897339369817,1.0,vehicle::train_images::05685_c100_04.jpg,0.5927424180925212,1.0,0.46329229348382617,0.586204280102792,0.34933909800239316,0.21988897339369817,1.0,1.0
clip_l14,vehicle,vehicle::gallery_images::21199_c014_04.jpg,llm_human_description,information_reduced,0.8099419265475619,1,49,5,0.08046734705547587,1.0,vehicle::train_images::05685_c100_04.jpg,0.729474579492086,1.0,0.5960926041590691,0.6932057758383147,0.21384932238849286,0.08046734705547587,1.0,1.0
clip_l14,vehicle,vehicle::gallery_images::20762_c156_00.jpg,llm_brief,information_reduced,0.7795553622530033,1,49,5,0.12922471931139112,1.0,vehicle::train_images::19666_c077_02.jpg,0.6503306429416121,1.0,0.4756578585381456,0.6015627271902986,0.3038975037148577,0.12922471931139112,1.0,1.0
clip_l14,vehicle,vehicle::gallery_images::20762_c156_00.jpg,llm_balanced,information_reduced,0.8691549990278067,1,49,5,0.2144416173387823,1.0,vehicle::train_images::19666_c077_02.jpg,0.6547133816890244,1.0,0.5194931498152344,0.6026419620410266,0.34966184921257226,0.2144416173387823,1.0,1.0
clip_l14,vehicle,vehicle::gallery_images::20762_c156_00.jpg,llm_detailed,information_reduced,0.8503983843851988,1,49,5,0.21999609393333308,1.0,vehicle::train_images::19666_c077_02.jpg,0.6304022904518657,1.0,0.49444748627046275,0.5783471126800697,0.355950898114736,0.21999609393333308,1.0,1.0
clip_l14,vehicle,vehicle::gallery_images::20762_c156_00.jpg,llm_human_description,information_reduced,0.8844963827343794,1,49,5,0.09788758892413474,1.0,vehicle::train_images::08361_c094_04.jpg,0.7866087938102446,1.0,0.6321517522472249,0.764830321668889,0.2523446304871545,0.09788758892413474,1.0,1.0
clip_l14,vehicle,vehicle::gallery_images::20070_c017_01.jpg,llm_brief,information_reduced,0.8175715066615062,1,49,5,0.31871821508868736,1.0,vehicle::train_images::09221_c139_03.jpg,0.4988532915728189,1.0,0.36202640586477675,0.4513496490769709,0.4555451007967295,0.31871821508868736,1.0,1.0
clip_l14,vehicle,vehicle::gallery_images::20070_c017_01.jpg,llm_balanced,information_reduced,0.8461047755634357,1,49,5,0.33510390228512366,1.0,vehicle::train_images::09221_c139_03.jpg,0.511000873278312,1.0,0.2919674269388207,0.46064836325421016,0.554137348624615,0.33510390228512366,1.0,1.0
clip_l14,vehicle,vehicle::gallery_images::20070_c017_01.jpg,llm_detailed,information_reduced,0.9129465571864728,1,49,5,0.3307227906565412,1.0,vehicle::gallery_images::20559_c170_01.jpg,0.5822237665299316,1.0,0.2722478963568621,0.5290478171601856,0.6406986608296107,0.3307227906565412,1.0,1.0
clip_l14,vehicle,vehicle::gallery_images::20070_c017_01.jpg,llm_human_description,information_reduced,0.7346291481471399,1,49,5,0.11469350296528069,1.0,vehicle::query_images::20949_c003_01.jpg,0.6441691149258458,1.0,0.4730457307273004,0.6054575625501998,0.2615834174198395,0.09046003322129403,1.0,1.0
clip_l14,vehicle,vehicle::gallery_images::21216_c003_04.jpg,llm_brief,information_reduced,0.7550797274941888,2,49,5,-0.09057070701347025,0.8,vehicle::gallery_images::20535_c170_02.jpg,0.8456504345076591,0.9795918367346939,0.4979137247001963,0.6477676661996559,0.25716600279399254,-0.09057070701347025,0.0,0.5
clip_l14,vehicle,vehicle::gallery_images::21216_c003_04.jpg,llm_balanced,information_reduced,0.8611217546700836,2,49,5,-0.04086517280363333,0.8,vehicle::gallery_images::20535_c170_02.jpg,0.9019869274737169,0.9795918367346939,0.5647840551814851,0.720008466220139,0.29633769948859845,-0.04086517280363333,0.0,0.5
clip_l14,vehicle,vehicle::gallery_images::21216_c003_04.jpg,llm_detailed,information_reduced,0.8245900244490313,2,49,5,-0.06215537022862738,0.8,vehicle::gallery_images::20535_c170_02.jpg,0.8867453946776587,0.9795918367346939,0.5319985061582796,0.6881732989139467,0.2925915182907517,-0.06215537022862738,0.0,0.5
clip_l14,vehicle,vehicle::gallery_images::21216_c003_04.jpg,llm_human_description,information_reduced,0.9114781912987932,1,49,5,0.04317433478678889,1.0,vehicle::gallery_images::20535_c170_02.jpg,0.8683038565120043,1.0,0.6484236153104252,0.7810825945092115,0.2630545759883679,0.04317433478678889,1.0,1.0
clip_l14,vehicle,vehicle::gallery_images::20559_c170_01.jpg,llm_brief,information_reduced,0.8430496060022733,1,49,5,0.1845702925230921,1.0,vehicle::train_images::09221_c139_03.jpg,0.6584793134791812,1.0,0.45892776472855296,0.5999534517894266,0.38412184127372034,0.1845702925230921,1.0,1.0
clip_l14,vehicle,vehicle::gallery_images::20559_c170_01.jpg,llm_balanced,information_reduced,0.9372592308846671,1,49,5,0.25463067849872956,1.0,vehicle::gallery_images::20877_c110_00.jpg,0.6826285523859376,1.0,0.4382602812110695,0.5730094487341623,0.4989989496735976,0.25463067849872956,1.0,1.0
clip_l14,vehicle,vehicle::gallery_images::20559_c170_01.jpg,llm_detailed,information_reduced,0.9342141098145846,1,49,5,0.2782338068137734,1.0,vehicle::gallery_images::20877_c110_00.jpg,0.6559803030008112,1.0,0.37189392768502444,0.5812060719715532,0.5623201821295603,0.2782338068137734,1.0,1.0
clip_l14,vehicle,vehicle::gallery_images::20559_c170_01.jpg,llm_human_description,information_reduced,0.8508837738012412,1,49,5,0.13516034968823964,1.0,vehicle::gallery_images::20877_c110_00.jpg,0.7157234241130016,1.0,0.4897464248003386,0.6374955524687917,0.36113734900090266,0.13516034968823964,1.0,1.0
clip_l14,vehicle,vehicle::gallery_images::20401_c023_03.jpg,llm_brief,information_reduced,0.809084233122052,1,49,5,0.37048727067760756,1.0,vehicle::train_images::03678_c014_03.jpg,0.514971602017791,1.0,0.3954300414915818,0.4997013674231079,0.41365419163047024,0.294112631104261,1.0,1.0
clip_l14,vehicle,vehicle::gallery_images::20401_c023_03.jpg,llm_balanced,information_reduced,0.9274870571054957,1,49,5,0.447382576588932,1.0,vehicle::train_images::09221_c139_03.jpg,0.48010448051656374,1.0,0.26528824151026753,0.4307369107590381,0.6621988155952282,0.447382576588932,1.0,1.0
clip_l14,vehicle,vehicle::gallery_images::20401_c023_03.jpg,llm_detailed,information_reduced,0.9723714141682134,1,49,5,0.45080653171000584,1.0,vehicle::train_images::09221_c139_03.jpg,0.5215648824582075,1.0,0.3024272485183365,0.4780022664554512,0.6699441656498768,0.45080653171000584,1.0,1.0
clip_l14,vehicle,vehicle::gallery_images::20401_c023_03.jpg,llm_human_description,information_reduced,0.8766144659041348,1,49,5,0.31991099811093804,1.0,vehicle::train_images::09221_c139_03.jpg,0.5567034677931968,1.0,0.4521873154569062,0.5041572950868298,0.4244271504472286,0.31991099811093804,1.0,1.0
clip_l14,face,face::train::071174.jpg,llm_brief,information_reduced,0.7213992015339841,2,49,5,0.02624443193526016,1.0,face::train::137722.jpg,0.7251410205870266,0.9795918367346939,0.5147761406227859,0.681916664385575,0.2066230609111982,-0.0037418190530424944,0.0,0.5
clip_l14,face,face::train::071174.jpg,llm_balanced,information_reduced,0.6812594661647249,2,49,5,0.027949873113975787,1.0,face::train::137722.jpg,0.6914773230922646,0.9795918367346939,0.48242236452681275,0.6478324412710302,0.19883710163791213,-0.010217856927539737,0.0,0.5
clip_l14,face,face::train::071174.jpg,llm_detailed,information_reduced,0.8119402087371106,3,49,5,-0.00420178449213382,0.6,face::train::089537.jpg,0.8161419932292444,0.9591836734693877,0.6334895860145731,0.8065780323092816,0.17845062272253753,-0.00420178449213382,0.0,0.3333333333333333
clip_l14,face,face::train::071174.jpg,llm_human_description,information_reduced,0.6616676500896139,2,49,5,0.028852076270371896,1.0,face::train::137722.jpg,0.6677160976223762,0.9795918367346939,0.4761567184249974,0.6267687937387608,0.18551093166461652,-0.006048447532762236,0.0,0.5
clip_l14,face,face::train::166091.jpg,llm_brief,information_reduced,0.6802313625309789,21,49,5,-0.08862636571394766,0.4,face::train::170623.jpg,0.7971429055242274,0.5918367346938775,0.6544394017642465,0.7691805768946411,0.025791960766732402,-0.11691154299324846,0.0,0.047619047619047616
clip_l14,face,face::train::166091.jpg,llm_balanced,information_reduced,0.7200655181071485,22,49,5,-0.06825081244823528,0.2,face::train::157804.jpg,0.8187652643574042,0.5714285714285714,0.6930538715673609,0.8021351079657579,0.027011646539787604,-0.09869974625025568,0.0,0.045454545454545456
clip_l14,face,face::train::166091.jpg,llm_detailed,information_reduced,0.8120638893553012,18,49,5,-0.0345272020242523,0.4,face::train::114832.jpg,0.8656967220182603,0.6530612244897959,0.7425487000539281,0.8481539305121493,0.06951518930137301,-0.05363283266295915,0.0,0.05555555555555555
clip_l14,face,face::train::166091.jpg,llm_human_description,information_reduced,0.6289566021035142,15,49,5,-0.03975508858706989,0.4,face::train::157804.jpg,0.7004286314333262,0.7142857142857143,0.5999617026507197,0.6845090733570397,0.028994899452794543,-0.071472029329812,0.0,0.06666666666666667
clip_l14,face,face::train::157804.jpg,llm_brief,information_reduced,0.8133362209131665,4,49,5,-0.002854008231806482,0.8,face::train::170623.jpg,0.816190229144973,0.9387755102040817,0.6813563231619104,0.8117442384448063,0.13197989775125607,-0.002854008231806482,0.0,0.25
clip_l14,face,face::train::157804.jpg,llm_balanced,information_reduced,0.8303473113793083,1,49,5,0.0038913837335402546,1.0,face::train::170623.jpg,0.826455927645768,1.0,0.6753926449091292,0.807383502885932,0.15495466647017908,0.0038913837335402546,1.0,1.0
clip_l14,face,face::train::157804.jpg,llm_detailed,information_reduced,0.9305205389911301,1,49,5,0.02488381179554533,1.0,face::train::141457.jpg,0.9056367271955847,1.0,0.7700923551133887,0.8841983399883897,0.16042818387774138,0.02488381179554533,1.0,1.0
clip_l14,face,face::train::157804.jpg,llm_human_description,information_reduced,0.7950918530969416,2,49,5,-0.00023656460768473053,0.8,face::train::170623.jpg,0.7953284177046264,0.9795918367346939,0.6721939843485912,0.7920093132107681,0.1228978687483504,-0.00023656460768473053,0.0,0.5
clip_l14,face,face::train::091980.jpg,llm_brief,information_reduced,0.7421855766310946,3,49,5,-0.01273207452742342,0.8,face::train::178129.jpg,0.754917651158518,0.9591836734693877,0.6302940839683291,0.7127167852950486,0.11189149266276555,-0.01273207452742342,0.0,0.3333333333333333
clip_l14,face,face::train::091980.jpg,llm_balanced,information_reduced,0.7982635184019745,1,49,5,0.03565108441248488,1.0,face::train::178129.jpg,0.7626124339894896,1.0,0.5943410025245254,0.7471911125938601,0.20392251587744914,0.03565108441248488,1.0,1.0
clip_l14,face,face::train::091980.jpg,llm_detailed,information_reduced,0.8603714456624229,1,49,5,0.01020772556267946,1.0,face::train::178129.jpg,0.8501637200997434,1.0,0.7022601467565002,0.8393222577341023,0.15811129890592268,0.01020772556267946,1.0,1.0
clip_l14,face,face::train::091980.jpg,llm_human_description,information_reduced,0.7647440106490102,2,49,5,-0.008700814240160337,0.8,face::train::178129.jpg,0.7734448248891705,0.9795918367346939,0.6262489075687587,0.7413582725372208,0.13849510308025148,-0.008700814240160337,0.0,0.5
clip_l14,face,face::train::121281.jpg,llm_brief,information_reduced,0.6457373801344368,25,49,5,-0.055494079361659954,0.2,face::train::001042.jpg,0.7285970448427354,0.5102040816326531,0.6442847751810865,0.7085405071699193,0.0014526049533503116,-0.08285966470829853,0.0,0.04
clip_l14,face,face::train::121281.jpg,llm_balanced,information_reduced,0.6237250809338307,26,49,5,-0.045623097037292504,0.2,face::train::065762.jpg,0.71498476387956,0.4897959183673469,0.6241638452225078,0.6846357438829971,-0.00043876428867706263,-0.09125968294572928,0.0,0.038461538461538464
clip_l14,face,face::train::121281.jpg,llm_detailed,information_reduced,0.815118008803134,7,49,5,7.293301694333287e-05,1.0,face::train::114832.jpg,0.8493310484787349,0.8775510204081632,0.7941037804867437,0.8292708866866331,0.021014228316390327,-0.034213039675600854,0.0,0.14285714285714285
clip_l14,face,face::train::121281.jpg,llm_human_description,information_reduced,0.5293711042096654,22,49,5,-0.03689944775188869,0.2,face::train::065762.jpg,0.6740440528612397,0.5714285714285714,0.5193840535516828,0.6165107839063483,0.009987050657982555,-0.14467294865157432,0.0,0.045454545454545456
clip_l14,face,face::train::114832.jpg,llm_brief,information_reduced,0.7913464147389395,1,49,5,0.021551541277659347,1.0,face::train::170623.jpg,0.7804710742235059,1.0,0.6501957477945711,0.7632109743013311,0.1411506669443684,0.010875340515433596,1.0,1.0
clip_l14,face,face::train::114832.jpg,llm_balanced,information_reduced,0.8023798394327588,1,49,5,0.013668170611913055,1.0,face::train::170623.jpg,0.7934963601184375,1.0,0.6565061850233402,0.7663183377493756,0.14587365440941857,0.008883479314321319,1.0,1.0
clip_l14,face,face::train::114832.jpg,llm_detailed,information_reduced,0.8896607688832932,1,49,5,0.0008863628339188523,1.0,face::test::201409.jpg,0.8887744060493743,1.0,0.7234203715959602,0.8511889204671002,0.16624039728733297,0.0008863628339188523,1.0,1.0
clip_l14,face,face::train::114832.jpg,llm_human_description,information_reduced,0.7724504769508653,2,49,5,0.009950604981580069,1.0,face::train::157804.jpg,0.7852252449595265,0.9795918367346939,0.6467786094588595,0.764071069265555,0.12567186749200587,-0.012774768008661175,0.0,0.5
clip_l14,face,face::train::090489.jpg,llm_brief,information_reduced,0.6900288721857807,6,49,5,-0.010635063157956703,0.4,face::train::114832.jpg,0.7016933103621799,0.8979591836734694,0.6403077970518257,0.6951809652037936,0.04972107513395496,-0.011664438176399172,0.0,0.16666666666666666
clip_l14,face,face::train::090489.jpg,llm_balanced,information_reduced,0.716264651288185,5,49,5,-0.00813198996910236,0.4,face::train::001042.jpg,0.7258982757192949,0.9183673469387755,0.6626724303829169,0.7189807352190584,0.05359222090526805,-0.009633624431109933,0.0,0.2
clip_l14,face,face::train::090489.jpg,llm_detailed,information_reduced,0.8368073531093783,1,49,5,0.013284183559590712,1.0,face::train::178182.jpg,0.8235231695497875,1.0,0.7768170277725731,0.8119681746139551,0.05999032533680515,0.013284183559590712,1.0,1.0
clip_l14,face,face::train::090489.jpg,llm_human_description,information_reduced,0.718945637445213,7,49,5,-0.022746488801144382,0.4,face::train::178129.jpg,0.7416921262463574,0.8775510204081632,0.6288503177250122,0.7363432917054932,0.0900953197202008,-0.022746488801144382,0.0,0.14285714285714285
clip_l14,face,face::train::008309.jpg,llm_brief,information_reduced,0.7407562255706681,8,49,5,-0.03888419423996592,0.4,face::train::023736.jpg,0.7818191336023526,0.8571428571428571,0.626399205111583,0.7765959854325928,0.11435702045908513,-0.04106290803168444,0.0,0.125
clip_l14,face,face::train::008309.jpg,llm_balanced,information_reduced,0.791232389846122,5,49,5,-0.0331523920615735,0.4,face::train::170623.jpg,0.8243847819076955,0.9183673469387755,0.6600489529873874,0.7985825566118119,0.13118343685873457,-0.0331523920615735,0.0,0.2
clip_l14,face,face::train::008309.jpg,llm_detailed,information_reduced,0.8962903501956123,2,49,5,-0.01017266083894608,0.8,face::train::109762.jpg,0.9064630110345584,0.9795918367346939,0.7537818933354374,0.8819002071515348,0.14250845686017488,-0.01017266083894608,0.0,0.5
clip_l14,face,face::train::008309.jpg,llm_human_description,information_reduced,0.7810050927404629,4,49,5,-0.022671384558765495,0.6,face::train::170623.jpg,0.8036764772992284,0.9387755102040817,0.665301178389336,0.7925158889333804,0.11570391435112692,-0.022671384558765495,0.0,0.25
clip_l14,face,face::train::129132.jpg,llm_brief,information_reduced,0.6777010795628806,7,49,5,-0.029417273966327984,0.4,face::train::141457.jpg,0.7071183535292086,0.8775510204081632,0.57549839572824,0.6935115485750912,0.1022026838346406,-0.029417273966327984,0.0,0.14285714285714285
clip_l14,face,face::train::129132.jpg,llm_balanced,information_reduced,0.6397321468453705,7,49,5,-0.032265852996875344,0.6,face::train::157804.jpg,0.676237006580904,0.8775510204081632,0.5465952571422681,0.6456181338675077,0.09313688970310241,-0.036504859735533524,0.0,0.14285714285714285
clip_l14,face,face::train::129132.jpg,llm_detailed,information_reduced,0.8700368065167697,5,49,5,-0.016672226758544073,0.6,face::train::157804.jpg,0.8908899328053511,0.9183673469387755,0.7803266046366564,0.8807099919067312,0.08971020188011336,-0.02085312628858138,0.0,0.2
clip_l14,face,face::train::129132.jpg,llm_human_description,information_reduced,0.5729985083769509,5,49,5,-0.019399335961936326,0.8,face::train::157804.jpg,0.6222884449002244,0.9183673469387755,0.48342321595120896,0.5759322580989651,0.08957529242574191,-0.049289936523273514,0.0,0.2
clip_l14,face,face::train::053065.jpg,llm_brief,information_reduced,0.8121033851408602,8,49,5,-0.04791033137515699,0.4,face::train::178129.jpg,0.8600137165160172,0.8571428571428571,0.7055689192921744,0.826701748264287,0.10653446584868587,-0.04791033137515699,0.0,0.125
clip_l14,face,face::train::053065.jpg,llm_balanced,information_reduced,0.8083662616717918,5,49,5,-0.04650446242048567,0.6,face::train::178129.jpg,0.8548707240922775,0.9183673469387755,0.6891284148082217,0.8141698252519253,0.11923784686357008,-0.04650446242048567,0.0,0.2
clip_l14,face,face::train::053065.jpg,llm_detailed,information_reduced,0.9284535061115764,1,49,5,0.01825224396782632,1.0,face::test::188858.jpg,0.9102012621437501,1.0,0.7722762850004532,0.8869931313574958,0.1561772211111232,0.01825224396782632,1.0,1.0
clip_l14,face,face::train::053065.jpg,llm_human_description,information_reduced,0.7759539661829065,6,49,5,-0.0514869102873613,0.4,face::train::178129.jpg,0.8274408764702678,0.8979591836734694,0.6627221982290564,0.7882010771780908,0.11323176795385004,-0.0514869102873613,0.0,0.16666666666666666
clip_l14,face,face::train::143554.jpg,llm_brief,information_reduced,0.4734899542759978,17,49,5,-0.030975221075668635,0.0,face::train::082954.jpg,0.5731415209342798,0.673469387755102,0.41229266513367163,0.5060933400913228,0.061197289142326194,-0.09965156665828201,0.0,0.058823529411764705
clip_l14,face,face::train::143554.jpg,llm_balanced,information_reduced,0.49807498836837044,2,49,5,0.07557425712551552,1.0,face::train::082954.jpg,0.5013509413663492,0.9795918367346939,0.3260583489726604,0.43897843259038133,0.17201663939571005,-0.003275952997978726,0.0,0.5
clip_l14,face,face::train::143554.jpg,llm_detailed,information_reduced,0.5486884263399615,1,49,5,0.08655029100044676,1.0,face::train::082954.jpg,0.5403433400050122,1.0,0.32932481189079027,0.475819765677131,0.21936361444917124,0.008345086334949348,1.0,1.0
clip_l14,face,face::train::143554.jpg,llm_human_description,information_reduced,0.4473299878592256,2,49,5,0.08033234255877814,1.0,face::train::082954.jpg,0.45892890046762247,0.9795918367346939,0.27339244048806743,0.3937506579133878,0.17393754737115819,-0.01159891260839685,0.0,0.5
clip_l14,face,face::train::178182.jpg,llm_brief,information_reduced,0.7799839972862976,5,49,5,-0.0178984190585163,0.6,face::train::101485.jpg,0.7978824163448139,0.9183673469387755,0.660921124653691,0.7861956902119293,0.11906287263260662,-0.0178984190585163,0.0,0.2
clip_l14,face,face::train::178182.jpg,llm_balanced,information_reduced,0.8242329177392721,4,49,5,-0.02006678970398912,0.6,face::train::101485.jpg,0.8442997074432612,0.9387755102040817,0.6895328240069583,0.8259674457757663,0.13470009373231384,-0.02006678970398912,0.0,0.25
clip_l14,face,face::train::178182.jpg,llm_detailed,information_reduced,0.8529608095223127,3,49,5,-0.01470310053606494,0.6,face::train::101485.jpg,0.8676639100583776,0.9591836734693877,0.7193022043453743,0.850361996439106,0.1336586051769384,-0.01470310053606494,0.0,0.3333333333333333
clip_l14,face,face::train::178182.jpg,llm_human_description,information_reduced,0.7554233629596869,6,49,5,-0.017267842127169808,0.8,face::train::101485.jpg,0.7726912050868567,0.8979591836734694,0.6266798127952142,0.7635126393810198,0.1287435501644727,-0.017267842127169808,0.0,0.16666666666666666
clip_l14,face,face::train::063618.jpg,llm_brief,information_reduced,0.665231287166316,11,49,5,-0.08645284779181184,0.6,face::train::157804.jpg,0.7516841349581278,0.7959183673469388,0.5887266818362437,0.7150893066448036,0.0765046053300723,-0.08645284779181184,0.0,0.09090909090909091
clip_l14,face,face::train::063618.jpg,llm_balanced,information_reduced,0.6971464845024411,10,49,5,-0.0791117990057657,0.6,face::train::157804.jpg,0.7762582835082068,0.8163265306122449,0.6189084173273869,0.7363692200860085,0.07823806717505422,-0.0791117990057657,0.0,0.1
clip_l14,face,face::train::063618.jpg,llm_detailed,information_reduced,0.8146039230095345,9,49,5,-0.06278374046468915,0.6,face::train::157804.jpg,0.8773876634742237,0.8367346938775511,0.7339848788858543,0.846559203421987,0.08061904412368026,-0.06278374046468915,0.0,0.1111111111111111
clip_l14,face,face::train::063618.jpg,llm_human_description,information_reduced,0.6838258629759263,12,49,5,-0.08853091239846111,0.6,face::train::157804.jpg,0.7723567753743874,0.7755102040816326,0.6190045626480044,0.7471319955943037,0.06482130032792188,-0.08853091239846111,0.0,0.08333333333333333
clip_l14,face,face::train::089537.jpg,llm_brief,information_reduced,0.791598444010137,8,49,5,-0.042232036881729385,0.4,face::train::101485.jpg,0.8338304808918664,0.8571428571428571,0.664086425122028,0.8096979787858641,0.12751201888810904,-0.042232036881729385,0.0,0.125
clip_l14,face,face::train::089537.jpg,llm_balanced,information_reduced,0.7659740235881201,9,49,5,-0.038831388364322095,0.4,face::train::101485.jpg,0.8048054119524422,0.8367346938775511,0.6345694715559936,0.7738707303071038,0.13140455203212642,-0.038831388364322095,0.0,0.1111111111111111
clip_l14,face,face::train::089537.jpg,llm_detailed,information_reduced,0.8885343702878021,3,49,5,-0.009743018322221797,0.6,face::train::101485.jpg,0.8982773886100239,0.9591836734693877,0.7186715872296374,0.8833094372263686,0.1698627830581647,-0.009743018322221797,0.0,0.3333333333333333
clip_l14,face,face::train::089537.jpg,llm_human_description,information_reduced,0.7242674453774414,6,49,5,-0.011407866084749196,0.6,face::train::082954.jpg,0.7480892819535251,0.8979591836734694,0.5785079251278366,0.7338780529402125,0.1457595202496048,-0.02382183657608372,0.0,0.16666666666666666
clip_l14,face,face::train::065762.jpg,llm_brief,information_reduced,0.7711411975061291,1,49,5,0.02643856106635034,1.0,face::train::023736.jpg,0.7563910004058411,1.0,0.6655939812462313,0.7399258165007279,0.10554721625989782,0.01475019710028802,1.0,1.0
clip_l14,face,face::train::065762.jpg,llm_balanced,information_reduced,0.8097409087987016,2,49,5,-0.002460960744895435,0.8,face::train::001042.jpg,0.8122018695435971,0.9795918367346939,0.7546979855465663,0.8026442872314702,0.055042923252135334,-0.002460960744895435,0.0,0.5
clip_l14,face,face::train::065762.jpg,llm_detailed,information_reduced,0.8491017931428071,1,49,5,0.020010866256514936,1.0,face::train::023736.jpg,0.8318889166838568,1.0,0.7596488484449341,0.8292616082021269,0.08945294469787302,0.01721287645895031,1.0,1.0
clip_l14,face,face::train::065762.jpg,llm_human_description,information_reduced,0.8069380301156331,1,49,5,0.029161886134503656,1.0,face::train::001042.jpg,0.7777761439811295,1.0,0.6894441327878156,0.7514727973489023,0.11749389732781756,0.029161886134503656,1.0,1.0
clip_l14,face,face::train::168471.jpg,llm_brief,information_reduced,0.6516345736105689,18,49,5,-0.06078272633928039,0.2,face::train::082954.jpg,0.7676304140462556,0.6530612244897959,0.5631320917092177,0.7162339957724388,0.08850248190135113,-0.11599584043568678,0.0,0.05555555555555555
clip_l14,face,face::train::168471.jpg,llm_balanced,information_reduced,0.7170565069796593,17,49,5,-0.04438516764905032,0.4,face::train::082954.jpg,0.7995506954156223,0.673469387755102,0.6167969678047039,0.7746041950422263,0.10025953917495534,-0.08249418843596301,0.0,0.058823529411764705
clip_l14,face,face::train::168471.jpg,llm_detailed,information_reduced,0.8199282827223255,18,49,5,-0.037400534853428535,0.2,face::train::178129.jpg,0.8708950621941123,0.6530612244897959,0.7551107118308851,0.8615199821798081,0.06481757089144047,-0.05096677947178674,0.0,0.05555555555555555
clip_l14,face,face::train::168471.jpg,llm_human_description,information_reduced,0.6842592897957505,20,49,5,-0.06806947373589312,0.4,face::train::025692.jpg,0.7698633342271572,0.6122448979591837,0.5992471839032284,0.746985805654942,0.08501210589252206,-0.08560404443140679,0.0,0.05
clip_l14,face,face::train::101485.jpg,llm_brief,information_reduced,0.6247624495406162,1,49,5,0.026831183253871127,1.0,face::train::082954.jpg,0.6117769442467711,1.0,0.533273086873863,0.5961304947151189,0.09148936266675323,0.012985505293845123,1.0,1.0
clip_l14,face,face::train::101485.jpg,llm_balanced,information_reduced,0.6845783257798179,1,49,5,0.021589361696287668,1.0,face::train::025692.jpg,0.6827721848066673,1.0,0.5424647110574335,0.676520464219055,0.14211361472238437,0.0018061409731505718,1.0,1.0
clip_l14,face,face::train::101485.jpg,llm_detailed,information_reduced,0.8575167239543073,1,49,5,0.00623369957792641,1.0,face::train::090489.jpg,0.8512830243763809,1.0,0.7064283668585063,0.8344689905064588,0.15108835709580104,0.00623369957792641,1.0,1.0
clip_l14,face,face::train::101485.jpg,llm_human_description,information_reduced,0.6512940415471475,2,49,5,0.019980510769497917,1.0,face::train::025692.jpg,0.6578262467994365,0.9795918367346939,0.5155443607977861,0.6347786706666568,0.13574968074936145,-0.006532205252288925,0.0,0.5
clip_l14,face,face::train::023736.jpg,llm_brief,information_reduced,0.7253523401153634,2,49,5,0.0015883888715286787,1.0,face::train::170623.jpg,0.7368588738233044,0.9795918367346939,0.5998497282567992,0.7107341829274946,0.12550261185856426,-0.011506533707940969,0.0,0.5
clip_l14,face,face::train::023736.jpg,llm_balanced,information_reduced,0.8047035715924282,2,49,5,0.01898644130251359,1.0,face::train::170623.jpg,0.8070384384655013,0.9795918367346939,0.6812548732743379,0.7888340054620177,0.12344869831809036,-0.0023348668730730493,0.0,0.5
clip_l14,face,face::train::023736.jpg,llm_detailed,information_reduced,0.9065573914184611,1,49,5,0.011444333745793123,1.0,face::train::170623.jpg,0.9009078459892721,1.0,0.7851153376686553,0.8936802569748553,0.12144205374980588,0.005649545429189051,1.0,1.0
clip_l14,face,face::train::023736.jpg,llm_human_description,information_reduced,0.702401734219678,3,49,5,0.008306635581557975,1.0,face::train::170623.jpg,0.7146985942485229,0.9591836734693877,0.5974966568730911,0.6920021158059054,0.10490507734658694,-0.012296860028844891,0.0,0.3333333333333333
clip_l14,face,face::train::063708.jpg,llm_brief,information_reduced,0.5914299158883956,19,49,5,-0.06804705916459486,0.4,face::train::141457.jpg,0.6802814214644359,0.6326530612244898,0.568057494793516,0.6712020132229628,0.02337242109487958,-0.08885150557604038,0.0,0.05263157894736842
clip_l14,face,face::train::063708.jpg,llm_balanced,information_reduced,0.6379751066449574,22,49,5,-0.05546249683672433,0.0,face::train::157804.jpg,0.7346362804986086,0.5714285714285714,0.6347710436689038,0.7275951131036561,0.003204062976053579,-0.09666117385365125,0.0,0.045454545454545456
clip_l14,face,face::train::063708.jpg,llm_detailed,information_reduced,0.7201837007327043,19,49,5,-0.05216240516538462,0.2,face::train::157804.jpg,0.8167460868198051,0.6326530612244898,0.6947435904152364,0.7975080766635083,0.025440110317467957,-0.09656238608710077,0.0,0.05263157894736842
clip_l14,face,face::train::063708.jpg,llm_human_description,information_reduced,0.6217677219022624,28,49,5,-0.0787857989381342,0.0,face::train::170623.jpg,0.7441041795739333,0.4489795918367347,0.634873187986279,0.7328446053026466,-0.013105466084016637,-0.1223364576716709,0.0,0.03571428571428571
clip_l14,face,face::train::138886.jpg,llm_brief,information_reduced,0.7443384341436463,7,49,5,-0.006170163360753711,0.6,face::train::090489.jpg,0.7645228670694173,0.8775510204081632,0.6098434233450895,0.7517950052737514,0.13449501079855686,-0.02018443292577099,0.0,0.14285714285714285
clip_l14,face,face::train::138886.jpg,llm_balanced,information_reduced,0.7846579224917638,11,49,5,-0.011148949141114639,0.4,face::train::101485.jpg,0.8146856804525696,0.7959183673469388,0.6346930218063429,0.7994294664565846,0.1499649006854209,-0.030027757960805812,0.0,0.09090909090909091
clip_l14,face,face::train::138886.jpg,llm_detailed,information_reduced,0.8927492663056464,4,49,5,-0.02105300691508416,0.6,face::train::101485.jpg,0.9157288571944601,0.9387755102040817,0.7493216418026449,0.8957782166194362,0.1434276245030015,-0.022979590888813628,0.0,0.25
clip_l14,face,face::train::138886.jpg,llm_human_description,information_reduced,0.7329006177619553,9,49,5,-0.0072225706924697874,0.6,face::train::082954.jpg,0.76921911835129,0.8367346938775511,0.5887804258796514,0.7504155297009651,0.14412019188230385,-0.036318500589334723,0.0,0.1111111111111111
clip_l14,face,face::train::149220.jpg,llm_brief,information_reduced,0.3289513041305159,35,49,5,-0.055201283707757676,0.2,face::train::091980.jpg,0.4066547207814349,0.30612244897959184,0.34830193440792934,0.3901304992450735,-0.01935063027741346,-0.07770341665091901,0.0,0.02857142857142857
clip_l14,face,face::train::149220.jpg,llm_balanced,information_reduced,0.3432119367420303,34,49,5,-0.05019642439375149,0.2,face::train::091980.jpg,0.4194782113141716,0.32653061224489793,0.3545570694478012,0.4078304369645508,-0.011345132705770866,-0.0762662745721413,0.0,0.029411764705882353
clip_l14,face,face::train::149220.jpg,llm_detailed,information_reduced,0.6369211062793567,14,49,5,-0.020270058186171003,0.2,face::train::157804.jpg,0.6840416822888558,0.7346938775510204,0.6107993743444631,0.6640257104227865,0.026121731934893644,-0.04712057600949904,0.0,0.07142857142857142
clip_l14,face,face::train::149220.jpg,llm_human_description,information_reduced,0.4535056135640591,17,49,5,-0.02740166681544598,0.2,face::train::008309.jpg,0.49716636504794653,0.673469387755102,0.4384216307870429,0.4850943570336361,0.015083982777016225,-0.04366075148388743,0.0,0.058823529411764705
clip_l14,face,face::train::060309.jpg,llm_brief,information_reduced,0.5389600575250737,13,49,5,-0.058909690454313046,0.4,face::train::157804.jpg,0.5978697479793867,0.7551020408163265,0.4578734054201383,0.577972760554556,0.08108665210493538,-0.058909690454313046,0.0,0.07692307692307693
clip_l14,face,face::train::060309.jpg,llm_balanced,information_reduced,0.6157274976386362,12,49,5,-0.05727255752674176,0.6,face::train::157804.jpg,0.673000055165378,0.7755102040816326,0.5372323295514494,0.6509082660384393,0.07849516808718682,-0.05727255752674176,0.0,0.08333333333333333
clip_l14,face,face::train::060309.jpg,llm_detailed,information_reduced,0.7856425584704304,4,49,5,-0.04972879372149974,0.6,face::train::141457.jpg,0.8353713521919301,0.9387755102040817,0.6927582349728336,0.7907782130610853,0.09288432349759679,-0.04972879372149974,0.0,0.25
clip_l14,face,face::train::060309.jpg,llm_human_description,information_reduced,0.4963134084674736,11,49,5,-0.041999646587390416,0.4,face::train::157804.jpg,0.538313055054864,0.7959183673469388,0.4187663275414266,0.5101984163417953,0.07754708092604701,-0.041999646587390416,0.0,0.09090909090909091
clip_l14,face,face::train::025692.jpg,llm_brief,information_reduced,0.7250310380977358,3,49,5,0.008060502162440808,1.0,face::train::178129.jpg,0.7564637035348503,0.9591836734693877,0.6320963622840922,0.7166823760051596,0.09293467581364367,-0.031432665437114427,0.0,0.3333333333333333
clip_l14,face,face::train::025692.jpg,llm_balanced,information_reduced,0.792124365460944,2,49,5,0.007387482304879622,1.0,face::train::178129.jpg,0.803942408261334,0.9795918367346939,0.6501488827882828,0.7831902373520652,0.14197548267266125,-0.011818042800390005,0.0,0.5
clip_l14,face,face::train::025692.jpg,llm_detailed,information_reduced,0.8841175146465482,1,49,5,0.0008461736462089808,1.0,face::train::090489.jpg,0.8832713410003392,1.0,0.7205689055419272,0.8697251552188437,0.163548609104621,0.0008461736462089808,1.0,1.0
clip_l14,face,face::train::025692.jpg,llm_human_description,information_reduced,0.7619757092966253,3,49,5,0.021854011557760122,1.0,face::train::178129.jpg,0.7794333401657558,0.9591836734693877,0.6374338178962564,0.7427277295961191,0.12454189140036886,-0.017457630869130547,0.0,0.3333333333333333
clip_l14,face,face::train::060555.jpg,llm_brief,information_reduced,0.7610850915639664,6,49,5,-0.02844162130510841,0.6,face::train::141457.jpg,0.7895267128690748,0.8979591836734694,0.6351716966226515,0.7746934275792974,0.12591339494131493,-0.02844162130510841,0.0,0.16666666666666666
clip_l14,face,face::train::060555.jpg,llm_balanced,information_reduced,0.752244787942122,7,49,5,-0.039402230570504626,0.4,face::train::141457.jpg,0.7916470185126266,0.8775510204081632,0.6237583918336587,0.7774649597515843,0.12848639610846335,-0.039402230570504626,0.0,0.14285714285714285
clip_l14,face,face::train::060555.jpg,llm_detailed,information_reduced,0.872565335331881,4,49,5,-0.03961898882336934,0.6,face::train::141457.jpg,0.9121843241552503,0.9387755102040817,0.7680342528181087,0.8742863847030985,0.1045310825137723,-0.03961898882336934,0.0,0.25
clip_l14,face,face::train::060555.jpg,llm_human_description,information_reduced,0.7289568856578948,9,49,5,-0.06412314512620132,0.6,face::train::170623.jpg,0.7934339138830516,0.8367346938775511,0.6340243565098773,0.7731634129323378,0.09493252914801753,-0.06447702822515677,0.0,0.1111111111111111
clip_l14,face,face::train::150659.jpg,llm_brief,information_reduced,0.6825989904877515,12,49,5,-0.03812227598556861,0.4,face::train::101485.jpg,0.7207212664733201,0.7755102040816326,0.5822904954185415,0.7019079778670709,0.10030849506921002,-0.03812227598556861,0.0,0.08333333333333333
clip_l14,face,face::train::150659.jpg,llm_balanced,information_reduced,0.723920236486224,12,49,5,-0.04341461858101914,0.4,face::train::101485.jpg,0.7673348550672431,0.7755102040816326,0.6038648496669345,0.7531184821458105,0.1200553868192894,-0.04341461858101914,0.0,0.08333333333333333
clip_l14,face,face::train::150659.jpg,llm_detailed,information_reduced,0.8712625554695506,3,49,5,-0.003103948466012474,0.6,face::train::101485.jpg,0.874366503935563,0.9591836734693877,0.738596114716535,0.8649196784220368,0.1326664407530156,-0.003103948466012474,0.0,0.3333333333333333
clip_l14,face,face::train::150659.jpg,llm_human_description,information_reduced,0.6971885630723097,14,49,5,-0.044004549486073574,0.2,face::train::101485.jpg,0.7411931125583833,0.7346938775510204,0.6008179260563404,0.7304187267717903,0.09637063701596926,-0.044004549486073574,0.0,0.07142857142857142
clip_l14,face,face::train::026996.jpg,llm_brief,information_reduced,0.7070644987198679,5,49,5,-0.03808355013249609,0.8,face::train::178129.jpg,0.745148048852364,0.9183673469387755,0.6246436683428025,0.7230397029920458,0.08242083037706538,-0.03808355013249609,0.0,0.2
clip_l14,face,face::train::026996.jpg,llm_balanced,information_reduced,0.7428835023557905,11,49,5,-0.0645075876180582,0.6,face::train::178129.jpg,0.8073910899738487,0.7959183673469388,0.6572871647752354,0.7699036256679546,0.08559633758055507,-0.0645075876180582,0.0,0.09090909090909091
clip_l14,face,face::train::026996.jpg,llm_detailed,information_reduced,0.8246999134182347,11,49,5,-0.05581562689566144,0.6,face::train::178129.jpg,0.8805155403138961,0.7959183673469388,0.7417205548369628,0.8615462143579029,0.08297935858127192,-0.05581562689566144,0.0,0.09090909090909091
clip_l14,face,face::train::026996.jpg,llm_human_description,information_reduced,0.6911737548553443,16,49,5,-0.06255965461015223,0.6,face::train::025692.jpg,0.7567647259949224,0.6938775510204082,0.6028869091945694,0.7376015424404921,0.08828684566077483,-0.06559097113957812,0.0,0.0625
clip_l14,face,face::train::082954.jpg,llm_brief,information_reduced,0.7276069105721368,1,49,5,0.12335302893228728,1.0,face::train::091980.jpg,0.6124703654185841,1.0,0.48179247298601163,0.5946990868200255,0.24581443758612515,0.11513654515355265,1.0,1.0
clip_l14,face,face::train::082954.jpg,llm_balanced,information_reduced,0.767299982555028,1,49,5,0.10014688074911948,1.0,face::train::091980.jpg,0.6765281611672513,1.0,0.513701260159199,0.6635785007208601,0.2535987223958289,0.09077182138777662,1.0,1.0
clip_l14,face,face::train::082954.jpg,llm_detailed,information_reduced,0.8799274894015218,1,49,5,0.057788143209411724,1.0,face::train::101485.jpg,0.82213934619211,1.0,0.6720276451036686,0.8077046185410264,0.20789984429785313,0.057788143209411724,1.0,1.0
clip_l14,face,face::train::082954.jpg,llm_human_description,information_reduced,0.7533835224068124,1,49,5,0.09470994371290331,1.0,face::train::091980.jpg,0.6956684601720298,1.0,0.4782295286695494,0.6523584370544417,0.275153993737263,0.05771506223478262,1.0,1.0
clip_l14,face,face::train::042973.jpg,llm_brief,information_reduced,0.6971124624579916,20,49,5,-0.1003461027923136,0.0,face::train::101485.jpg,0.7974585652503052,0.6122448979591837,0.6427695173021115,0.7797588712032515,0.05434294515588012,-0.1003461027923136,0.0,0.05
clip_l14,face,face::train::042973.jpg,llm_balanced,information_reduced,0.7324651025228219,20,49,5,-0.10239320384420325,0.0,face::train::101485.jpg,0.8348583063670252,0.6122448979591837,0.6582487473834441,0.8208528046580948,0.07421635513937785,-0.10239320384420325,0.0,0.05
clip_l14,face,face::train::042973.jpg,llm_detailed,information_reduced,0.8032245780809462,19,49,5,-0.07491925884799211,0.0,face::train::101485.jpg,0.8781438369289383,0.6326530612244898,0.7067375815189463,0.8596782604099058,0.09648699656199988,-0.07491925884799211,0.0,0.05263157894736842
clip_l14,face,face::train::042973.jpg,llm_human_description,information_reduced,0.6985207213227069,20,49,5,-0.08461962757694241,0.0,face::train::025692.jpg,0.786481899824893,0.6122448979591837,0.6445908219818769,0.7822444792167492,0.053929899340830034,-0.0879611785021861,0.0,0.05
clip_l14,face,face::train::092618.jpg,llm_brief,information_reduced,0.6566333497391054,2,49,5,-0.019289814559351193,0.8,face::train::114832.jpg,0.6759231642984566,0.9795918367346939,0.5576657511607993,0.6286560414347415,0.09896759857830606,-0.019289814559351193,0.0,0.5
clip_l14,face,face::train::092618.jpg,llm_balanced,information_reduced,0.6640597545529328,2,49,5,-0.02970691533953629,0.8,face::train::114832.jpg,0.693766669892469,0.9795918367346939,0.5690878663726339,0.6487889039545337,0.09497188818029889,-0.02970691533953629,0.0,0.5
clip_l14,face,face::train::092618.jpg,llm_detailed,information_reduced,0.8499826407284023,2,49,5,-0.003144091601632204,0.8,face::train::114832.jpg,0.8531267323300346,0.9795918367346939,0.7059000027899736,0.814172864336036,0.1440826379384288,-0.003144091601632204,0.0,0.5
clip_l14,face,face::train::092618.jpg,llm_human_description,information_reduced,0.5794639623496612,3,49,5,-0.016693135465807418,0.8,face::train::114832.jpg,0.5961570978154687,0.9591836734693877,0.4919340224347066,0.5684118664218797,0.08752993991495467,-0.016693135465807418,0.0,0.3333333333333333
clip_l14,face,face::train::073196.jpg,llm_brief,information_reduced,0.7196957918488748,13,49,5,-0.04594832119709058,0.6,face::train::109762.jpg,0.7769685613118114,0.7551020408163265,0.6305940046272176,0.7713930595243538,0.08910178722165718,-0.05727276946293658,0.0,0.07692307692307693
clip_l14,face,face::train::073196.jpg,llm_balanced,information_reduced,0.7559420793279463,9,49,5,-0.03887343765181517,0.4,face::train::023736.jpg,0.7948155169797615,0.8367346938775511,0.6638773634408786,0.7807071741654269,0.09206471588706777,-0.03887343765181517,0.0,0.1111111111111111
clip_l14,face,face::train::073196.jpg,llm_detailed,information_reduced,0.8640166994105809,14,49,5,-0.014983938978062605,0.8,face::test::201409.jpg,0.9007630716608688,0.7346938775510204,0.7883980740385479,0.8961261765877743,0.07561862537203301,-0.03674637225028787,0.0,0.07142857142857142
clip_l14,face,face::train::073196.jpg,llm_human_description,information_reduced,0.6072988718494812,16,49,5,-0.06026899264372343,0.2,face::train::170623.jpg,0.6820002524435852,0.6938775510204082,0.5741895543211395,0.6595252464939555,0.033109317528341675,-0.07470138059410403,0.0,0.0625
clip_l14,face,face::train::178129.jpg,llm_brief,information_reduced,0.7442934353218689,1,49,5,0.019278712633328032,1.0,face::train::157804.jpg,0.7256294523354465,1.0,0.6679444433616997,0.7218150129319494,0.0763489919601692,0.018663982986422356,1.0,1.0
clip_l14,face,face::train::178129.jpg,llm_balanced,information_reduced,0.767121340282861,1,49,5,0.015477686709327032,1.0,face::train::170623.jpg,0.7605315366600326,1.0,0.6961484887180373,0.7326508552969802,0.0709728515648238,0.006589803622828461,1.0,1.0
clip_l14,face,face::train::178129.jpg,llm_detailed,information_reduced,0.8197008525298914,17,49,5,0.021989470315953774,1.0,face::train::170623.jpg,0.890600779678349,0.673469387755102,0.7842094633991522,0.8727904779209362,0.03549138913073924,-0.07089992714845761,0.0,0.058823529411764705
clip_l14,face,face::train::178129.jpg,llm_human_description,information_reduced,0.7218976282656274,3,49,5,0.03994089981992621,1.0,face::train::157804.jpg,0.7318548881801809,0.9591836734693877,0.6642378790119864,0.7170536368638256,0.057659749253641035,-0.009957259914553429,0.0,0.3333333333333333
clip_l14,face,face::train::123459.jpg,llm_brief,information_reduced,0.652889552505948,15,49,5,-0.05100588505630832,0.2,face::train::170623.jpg,0.7362874032318332,0.7142857142857143,0.6011255081644473,0.7104974421159572,0.051764044341500726,-0.08339785072588513,0.0,0.06666666666666667
clip_l14,face,face::train::123459.jpg,llm_balanced,information_reduced,0.7230210345429234,14,49,5,-0.04724747781882066,0.2,face::train::170623.jpg,0.7985403320045051,0.7346938775510204,0.6454870950830616,0.7722375740773312,0.07753393945986187,-0.0755192974615817,0.0,0.07142857142857142
clip_l14,face,face::train::123459.jpg,llm_detailed,information_reduced,0.8686002252815679,6,49,5,-0.008317460667652266,0.6,face::train::114832.jpg,0.8769176859492201,0.8979591836734694,0.7575361384933296,0.8722663559281453,0.11106408678823831,-0.008317460667652266,0.0,0.16666666666666666
clip_l14,face,face::train::123459.jpg,llm_human_description,information_reduced,0.7374475685182116,15,49,5,-0.06718045815564055,0.2,face::train::170623.jpg,0.8084323258493011,0.7142857142857143,0.6820753521510061,0.797468572376348,0.05537221636720546,-0.07098475733108955,0.0,0.06666666666666667
clip_l14,face,face::train::088914.jpg,llm_brief,information_reduced,0.5570285316216566,1,49,5,0.03396065428122097,1.0,face::train::170623.jpg,0.5539272317693316,1.0,0.44196596478207145,0.5386049298456588,0.1150625668395851,0.00310129985232499,1.0,1.0
clip_l14,face,face::train::088914.jpg,llm_balanced,information_reduced,0.6185712967799151,4,49,5,0.017735878548762907,1.0,face::train::170623.jpg,0.6369545597356451,0.9387755102040817,0.5092772154111533,0.6175925217716646,0.10929408136876173,-0.018383262955730006,0.0,0.25
clip_l14,face,face::train::088914.jpg,llm_detailed,information_reduced,0.6568456403279295,1,49,5,0.03496485887890255,1.0,face::train::157804.jpg,0.6427649670847977,1.0,0.5280174949964112,0.621731283728531,0.12882814533151832,0.01408067324313178,1.0,1.0
clip_l14,face,face::train::088914.jpg,llm_human_description,information_reduced,0.5521694511762325,4,49,5,0.010570750739907209,1.0,face::train::170623.jpg,0.5708314089300666,0.9387755102040817,0.4632635708905415,0.5593247803917807,0.08890588028569102,-0.018661957753834058,0.0,0.25
clip_l14,face,face::train::141457.jpg,llm_brief,information_reduced,0.4789841117144686,3,49,5,-0.0158572858971332,0.8,face::train::157804.jpg,0.4948413976116018,0.9591836734693877,0.380047614863788,0.4678717835024933,0.09893649685068057,-0.0158572858971332,0.0,0.3333333333333333
clip_l14,face,face::train::141457.jpg,llm_balanced,information_reduced,0.5737699467026367,2,49,5,-0.011830874140473346,0.8,face::train::157804.jpg,0.58560082084311,0.9795918367346939,0.4583615313581948,0.5547204560551352,0.1154084153444419,-0.011830874140473346,0.0,0.5
clip_l14,face,face::train::141457.jpg,llm_detailed,information_reduced,0.8969410012316074,1,49,5,0.01945779834916228,1.0,face::train::157804.jpg,0.8774832028824451,1.0,0.7289423707929406,0.8486564186226648,0.1679986304386668,0.01945779834916228,1.0,1.0
clip_l14,face,face::train::141457.jpg,llm_human_description,information_reduced,0.45520951244594154,2,49,5,-0.0077015847074669574,0.8,face::train::157804.jpg,0.4629110971534085,0.9795918367346939,0.3444452590638559,0.4305865359051337,0.11076425338208562,-0.0077015847074669574,0.0,0.5
clip_l14,face,face::train::001042.jpg,llm_brief,information_reduced,0.7568457414193486,9,49,5,-0.004839228048943323,0.8,face::train::170623.jpg,0.7921254705651768,0.8367346938775511,0.7160493460668986,0.7713264916010636,0.04079639535244994,-0.03527972914582822,0.0,0.1111111111111111
clip_l14,face,face::train::001042.jpg,llm_balanced,information_reduced,0.7667602960855968,11,49,5,-0.009955960315436219,0.8,face::train::170623.jpg,0.8081706641371329,0.7959183673469388,0.7275074359187784,0.789454482922005,0.03925286016681839,-0.041410368051536084,0.0,0.09090909090909091
clip_l14,face,face::train::001042.jpg,llm_detailed,information_reduced,0.8662593953474511,1,49,5,0.003668795257976587,1.0,face::train::065762.jpg,0.8625906000894745,1.0,0.7368809257437464,0.7847147874214747,0.1293784696037047,0.003668795257976587,1.0,1.0
clip_l14,face,face::train::001042.jpg,llm_human_description,information_reduced,0.7355925888375734,3,49,5,0.02049046732140236,1.0,face::train::141457.jpg,0.7598557181565492,0.9591836734693877,0.667071629924033,0.7282761936433311,0.06852095891354038,-0.024263129318975785,0.0,0.3333333333333333
clip_l14,face,face::train::032580.jpg,llm_brief,information_reduced,0.7669250497833116,9,49,5,-0.03710111268876903,0.2,face::train::170623.jpg,0.8040261624720806,0.8367346938775511,0.6470707496905848,0.7829119534048263,0.1198543000927268,-0.03710111268876903,0.0,0.1111111111111111
clip_l14,face,face::train::032580.jpg,llm_balanced,information_reduced,0.816126417545331,2,49,5,0.003949082469862586,1.0,face::train::023736.jpg,0.816375580487332,0.9795918367346939,0.6939586289624169,0.8128728104189277,0.1221677885829141,-0.0002491629420010577,0.0,0.5
clip_l14,face,face::train::032580.jpg,llm_detailed,information_reduced,0.9074666116132095,1,49,5,0.010564149909229048,1.0,face::test::185812.jpg,0.8969024617039805,1.0,0.7714295858083311,0.8925845161240027,0.13603702580487842,0.010564149909229048,1.0,1.0
clip_l14,face,face::train::032580.jpg,llm_human_description,information_reduced,0.7712867321343893,4,49,5,-0.0049829753297852,0.8,face::train::141457.jpg,0.7855718782618255,0.9387755102040817,0.6549978281176072,0.7724070656385774,0.11628890401678205,-0.014285146127436255,0.0,0.25
clip_l14,face,face::train::109762.jpg,llm_brief,information_reduced,0.7982641655069349,3,49,5,-0.013539985332370996,0.6,face::train::170623.jpg,0.8118041508393059,0.9591836734693877,0.6743028622243943,0.7900422138450132,0.12396130328254062,-0.013539985332370996,0.0,0.3333333333333333
clip_l14,face,face::train::109762.jpg,llm_balanced,information_reduced,0.7936758400121031,2,49,5,-0.016244914594493842,0.8,face::train::170623.jpg,0.809920754606597,0.9795918367346939,0.6797316606067652,0.7874698724661977,0.11394417940533796,-0.016244914594493842,0.0,0.5
clip_l14,face,face::train::109762.jpg,llm_detailed,information_reduced,0.8974752163903598,1,49,5,0.0032890757169351525,1.0,face::train::170623.jpg,0.8941861406734246,1.0,0.7673030274986119,0.8863556387498432,0.13017218889174786,0.0032890757169351525,1.0,1.0
clip_l14,face,face::train::109762.jpg,llm_human_description,information_reduced,0.8015062058302788,4,49,5,-0.01465239418118458,0.6,face::train::141457.jpg,0.8161586000114633,0.9387755102040817,0.6989282265011739,0.8038228571051536,0.10257797932910484,-0.01465239418118458,0.0,0.25
clip_l14,face,face::test::185812.jpg,llm_brief,information_reduced,0.6873779666450668,12,49,5,-0.040941021493175245,0.4,face::train::170623.jpg,0.7361417917053952,0.7755102040816326,0.592604937351453,0.7268027116600226,0.09477302929361375,-0.04876382506032839,0.0,0.08333333333333333
clip_l14,face,face::test::185812.jpg,llm_balanced,information_reduced,0.7390268860916802,9,49,5,-0.03323173795017109,0.4,face::train::170623.jpg,0.7877040808852696,0.8367346938775511,0.6283409960491895,0.7722315330016427,0.11068589004249074,-0.04867719479358934,0.0,0.1111111111111111
clip_l14,face,face::test::185812.jpg,llm_detailed,information_reduced,0.9020869617186758,1,49,5,0.012566683206511886,1.0,face::test::201409.jpg,0.8895202785121639,1.0,0.7428206906245317,0.8792746655620591,0.15926627109414404,0.012566683206511886,1.0,1.0
clip_l14,face,face::test::185812.jpg,llm_human_description,information_reduced,0.6935448487300526,16,49,5,-0.07776359397333432,0.4,face::train::170623.jpg,0.7810725511226273,0.6938775510204082,0.629200848497397,0.7677811154661125,0.06434400023265563,-0.08752770239257468,0.0,0.0625
clip_l14,face,face::test::189858.jpg,llm_brief,information_reduced,0.6143630451100899,10,49,5,-0.03310379324120949,0.8,face::train::090489.jpg,0.6609176859554028,0.8163265306122449,0.5249988042249258,0.6420296213863057,0.08936424088516404,-0.04655464084531291,0.0,0.1
clip_l14,face,face::test::189858.jpg,llm_balanced,information_reduced,0.5952825043332004,18,49,5,-0.06209235081770026,0.2,face::train::082954.jpg,0.7068588786730092,0.6530612244897959,0.52541002102936,0.655309471151413,0.06987248330384044,-0.11157637433980883,0.0,0.05555555555555555
clip_l14,face,face::test::189858.jpg,llm_detailed,information_reduced,0.7566188651145678,6,49,5,-0.015408487973894047,0.6,face::train::082954.jpg,0.787038773686001,0.8979591836734694,0.6271575527219526,0.7623998067032545,0.12946131239261516,-0.030419908571433174,0.0,0.16666666666666666
clip_l14,face,face::test::189858.jpg,llm_human_description,information_reduced,0.47012459044481597,22,49,5,-0.04997780201851737,0.2,face::train::090489.jpg,0.5476752955753698,0.5714285714285714,0.4631589251977277,0.5323705703501,0.0069656652470882485,-0.07755070513055379,0.0,0.045454545454545456
clip_l14,face,face::test::183801.jpg,llm_brief,information_reduced,0.6976005528442495,10,49,5,-0.048252567430468796,0.4,face::train::178129.jpg,0.7458531202747183,0.8163265306122449,0.6028630742407157,0.7208540073599736,0.09473747860353376,-0.048252567430468796,0.0,0.1
clip_l14,face,face::test::183801.jpg,llm_balanced,information_reduced,0.7900815596453341,3,49,5,-0.002931921526547976,0.8,face::train::178129.jpg,0.7930134811718821,0.9591836734693877,0.6479655729839355,0.7714104998319026,0.14211598666139857,-0.002931921526547976,0.0,0.3333333333333333
clip_l14,face,face::test::183801.jpg,llm_detailed,information_reduced,0.8871335745659842,1,49,5,0.005651225323513143,1.0,face::test::196611.jpg,0.881482349242471,1.0,0.7463254955630909,0.8675734387193127,0.14080807900289327,0.005651225323513143,1.0,1.0
clip_l14,face,face::test::183801.jpg,llm_human_description,information_reduced,0.7260453770446574,9,49,5,-0.06220555591824739,0.4,face::train::178129.jpg,0.7882509329629048,0.8367346938775511,0.6386194725633543,0.7417018909740527,0.08742590448130316,-0.06220555591824739,0.0,0.1111111111111111
clip_l14,face,face::test::188858.jpg,llm_brief,information_reduced,0.7351835393794499,8,49,5,-0.01775906190486931,0.8,face::train::101485.jpg,0.7632123688016097,0.8571428571428571,0.6166594518934981,0.7499557979749452,0.11852408748595178,-0.028028829422159784,0.0,0.125
clip_l14,face,face::test::188858.jpg,llm_balanced,information_reduced,0.7800037511108611,9,49,5,-0.027087019758549102,0.4,face::train::025692.jpg,0.8198588443911156,0.8367346938775511,0.6466365505708771,0.8041993383023971,0.13336720053998397,-0.039855093280254494,0.0,0.1111111111111111
clip_l14,face,face::test::188858.jpg,llm_detailed,information_reduced,0.8774348985908931,2,49,5,-0.0036388725768564667,0.8,face::test::196611.jpg,0.8810737711677495,0.9795918367346939,0.7116215839246147,0.8740269642453863,0.16581331466627836,-0.0036388725768564667,0.0,0.5
clip_l14,face,face::test::188858.jpg,llm_human_description,information_reduced,0.7018800891499731,5,49,5,-0.008280792602012643,0.8,face::train::101485.jpg,0.722616351403661,0.9183673469387755,0.5717135938742134,0.7082406919108492,0.13016649527575974,-0.020736262253687854,0.0,0.2
clip_l14,face,face::test::196777.jpg,llm_brief,information_reduced,0.7615214827573553,16,49,5,-0.06263935236800977,0.0,face::train::170623.jpg,0.8333498235715211,0.6938775510204082,0.6948015294054597,0.8229723479460976,0.06671995335189562,-0.07182834081416578,0.0,0.0625
clip_l14,face,face::test::196777.jpg,llm_balanced,information_reduced,0.7788094231232345,17,49,5,-0.060770829682231575,0.0,face::train::114832.jpg,0.8474463315511576,0.673469387755102,0.7098782942228516,0.8363586979260386,0.06893112890038289,-0.06863690842792303,0.0,0.058823529411764705
clip_l14,face,face::test::196777.jpg,llm_detailed,information_reduced,0.8624696186792332,7,49,5,-0.04833989908714498,0.6,face::test::201409.jpg,0.9108095177663782,0.8775510204081632,0.7579068422885434,0.8764919910503516,0.10456277639068978,-0.04833989908714498,0.0,0.14285714285714285
clip_l14,face,face::test::196777.jpg,llm_human_description,information_reduced,0.7468097448244957,19,49,5,-0.05576713371259212,0.0,face::train::114832.jpg,0.8089958342879914,0.6326530612244898,0.6910879250060408,0.8019965071330551,0.05572181981845492,-0.062186089463495686,0.0,0.05263157894736842
clip_l14,face,face::test::184003.jpg,llm_brief,information_reduced,0.7411306520576421,14,49,5,-0.054108674424533154,0.2,face::train::114832.jpg,0.7952393264821752,0.7346938775510204,0.6584152408701347,0.7825914293228076,0.08271541118750736,-0.054108674424533154,0.0,0.07142857142857142
clip_l14,face,face::test::184003.jpg,llm_balanced,information_reduced,0.8274291225122288,11,49,5,-0.03961968211188149,0.2,face::train::114832.jpg,0.8670488046241103,0.7959183673469388,0.7386317671252443,0.858536517164255,0.08879735538698452,-0.03961968211188149,0.0,0.09090909090909091
clip_l14,face,face::test::184003.jpg,llm_detailed,information_reduced,0.865789102416388,8,49,5,-0.03677683537330867,0.4,face::train::114832.jpg,0.9025659377896966,0.8571428571428571,0.7646860953889199,0.8771339183804003,0.1011030070274681,-0.03677683537330867,0.0,0.125
clip_l14,face,face::test::184003.jpg,llm_human_description,information_reduced,0.7866026020975788,15,49,5,-0.054336052754041186,0.2,face::train::170623.jpg,0.8430512654162765,0.7142857142857143,0.7232580836007938,0.8368525204464158,0.06334451849678502,-0.05644866331869769,0.0,0.06666666666666667
clip_l14,face,face::test::201409.jpg,llm_brief,information_reduced,0.8363215493947795,1,49,5,0.009446519835277556,1.0,face::train::170623.jpg,0.826875029559502,1.0,0.6731216017605315,0.8001543207070323,0.16319994763424805,0.009446519835277556,1.0,1.0
clip_l14,face,face::test::201409.jpg,llm_balanced,information_reduced,0.837892821162298,2,49,5,-0.00619877442785377,0.8,face::train::114832.jpg,0.8440915955901518,0.9795918367346939,0.6996350009851732,0.8300017485482236,0.13825782017712485,-0.00619877442785377,0.0,0.5
clip_l14,face,face::test::201409.jpg,llm_detailed,information_reduced,0.9021027248138089,1,49,5,0.004902722148543592,1.0,face::train::114832.jpg,0.8972000026652653,1.0,0.7467764670054522,0.8697236631039631,0.15532625780835674,0.004902722148543592,1.0,1.0
clip_l14,face,face::test::201409.jpg,llm_human_description,information_reduced,0.6308860375247761,13,49,5,-0.04020455093325637,0.2,face::train::001042.jpg,0.6714875120524049,0.7551020408163265,0.5583047980085599,0.6694041245323986,0.0725812395162162,-0.040601474527628745,0.0,0.07692307692307693
clip_l14,face,face::test::196611.jpg,llm_brief,information_reduced,0.729561132237134,5,49,5,-0.032413318367717436,0.6,face::train::178129.jpg,0.7619744506048515,0.9183673469387755,0.6173381198416905,0.7384726128439016,0.11222301239544352,-0.032413318367717436,0.0,0.2
clip_l14,face,face::test::196611.jpg,llm_balanced,information_reduced,0.6376154475276625,6,49,5,-0.004276539585991168,0.6,face::train::091980.jpg,0.6701267853033952,0.8979591836734694,0.4959872902681375,0.6449988772771115,0.14162815725952504,-0.032511337775732674,0.0,0.16666666666666666
clip_l14,face,face::test::196611.jpg,llm_detailed,information_reduced,0.9150327739199013,1,49,5,0.027917064883400844,1.0,face::train::138886.jpg,0.8912141803661839,1.0,0.7389949661178306,0.8859154678432852,0.1760378078020708,0.023818593553717404,1.0,1.0
clip_l14,face,face::test::196611.jpg,llm_human_description,information_reduced,0.5167593198995153,4,49,5,-0.006819879008513996,0.8,face::train::025692.jpg,0.5335157420499512,0.9387755102040817,0.37972244361262036,0.5202764469094738,0.13703687628689493,-0.016756422150435935,0.0,0.25
clip_l14,person,person::train::00197_4.png,llm_attribute_list,information_reduced,0.8052022103197491,1,49,5,0.16294177117890507,1.0,person::train::11561_6.jpg,0.6422604391408441,1.0,0.39597142369781524,0.5891668081543321,0.4092307866219339,0.16294177117890507,1.0,1.0
clip_l14,person,person::train::00197_4.png,llm_distinctive_first,information_reduced,0.956376806389879,1,49,5,0.17035904622736509,1.0,person::train::11561_6.jpg,0.7860177601625139,1.0,0.4268735768620133,0.6280663923769336,0.5295032295278657,0.17035904622736509,1.0,1.0
clip_l14,person,person::train::03736_1.jpg,llm_attribute_list,information_reduced,0.7401684836232848,1,49,5,0.05527111729344425,1.0,person::train::02167_1.jpg,0.6848973663298406,1.0,0.5075540154862427,0.6557134665799584,0.23261446813704212,0.05527111729344425,1.0,1.0
clip_l14,person,person::train::03736_1.jpg,llm_distinctive_first,information_reduced,0.9560371465622146,1,49,5,0.16167196240103687,1.0,person::train::02167_1.jpg,0.7943651841611777,1.0,0.5134276119187455,0.6970527421668262,0.4426095346434691,0.16167196240103687,1.0,1.0
clip_l14,person,person::train::06597_2.jpg,llm_attribute_list,information_reduced,0.6548023502173299,7,49,5,-0.07083648772286844,0.4,person::gallery::26721_4.jpg,0.7390935360976896,0.8775510204081632,0.3879050326310388,0.7097496172426251,0.2668973175862911,-0.08429118588035966,0.0,0.14285714285714285
clip_l14,person,person::train::06597_2.jpg,llm_distinctive_first,information_reduced,0.9253537255785451,1,49,5,0.07083230177043875,1.0,person::train::00233_10.png,0.8545214238081064,1.0,0.5341472752689405,0.7268883267407927,0.39120645030960466,0.07083230177043875,1.0,1.0
clip_l14,person,person::train::10977_1.jpg,llm_attribute_list,information_reduced,0.9211970190382288,1,49,5,0.3081092884407959,1.0,person::train::08634_3.jpg,0.6130877305974329,1.0,0.3365341044578176,0.5006478344085018,0.5846629145804112,0.3081092884407959,1.0,1.0
clip_l14,person,person::train::10977_1.jpg,llm_distinctive_first,information_reduced,0.9407385807083981,1,49,5,0.2818080968914154,1.0,person::train::08634_3.jpg,0.6589304838169827,1.0,0.3826262768628144,0.5556983971132329,0.5581123038455837,0.2818080968914154,1.0,1.0
clip_l14,person,person::train::12050_5.jpg,llm_attribute_list,information_reduced,0.8863999901628964,1,49,5,0.11636410189734725,1.0,person::query::26685_1.jpg,0.7700358882655491,1.0,0.39522544224637557,0.6427913906228454,0.4911745479165208,0.11636410189734725,1.0,1.0
clip_l14,person,person::train::12050_5.jpg,llm_distinctive_first,information_reduced,0.7921429471615311,1,49,5,0.07845466306708304,1.0,person::gallery::26991_3.jpg,0.7356802805767706,1.0,0.5031174861616425,0.7147387612509338,0.2890254609998886,0.05646266658476051,1.0,1.0
clip_l14,person,person::train::08529_4.jpg,llm_attribute_list,information_reduced,0.714595234729245,1,49,5,0.07582946878833385,1.0,person::query::26935_2.jpg,0.7099630319871486,1.0,0.45586834462427694,0.6373956930850206,0.2587268901049681,0.004632202742096414,1.0,1.0
clip_l14,person,person::train::08529_4.jpg,llm_distinctive_first,information_reduced,0.8728397058864066,1,49,5,0.10387591168531207,1.0,person::train::08528_6.jpg,0.7689637942010945,1.0,0.5563159047721624,0.6696062823995608,0.31652380111424416,0.10387591168531207,1.0,1.0
clip_l14,person,person::train::01742_4.jpg,llm_attribute_list,information_reduced,0.9303103163373003,1,49,5,0.27283656864996986,1.0,person::train::00197_4.png,0.6574737476873305,1.0,0.4429401505282808,0.6301902218015857,0.48737016580901954,0.27283656864996986,1.0,1.0
clip_l14,person,person::train::01742_4.jpg,llm_distinctive_first,information_reduced,0.9318262730453029,1,49,5,0.2655732995644986,1.0,person::train::03736_1.jpg,0.6662529734808043,1.0,0.4277674536728317,0.6228066325224563,0.5040588193724711,0.2655732995644986,1.0,1.0
clip_l14,person,person::train::05158_3.jpg,llm_attribute_list,information_reduced,0.8307347531903803,1,49,5,0.07925059976729176,1.0,person::query::26761_2.jpg,0.7514841534230885,1.0,0.3867328739593189,0.6331363160599578,0.4440018792310614,0.07925059976729176,1.0,1.0
clip_l14,person,person::train::05158_3.jpg,llm_distinctive_first,information_reduced,0.762042296656733,2,49,5,-0.03271781278494712,0.8,person::train::01108_7.png,0.7947601094416801,0.9795918367346939,0.5444212007086586,0.6944203704578769,0.21762109594807433,-0.03271781278494712,0.0,0.5
clip_l14,person,person::train::02167_1.jpg,llm_attribute_list,information_reduced,0.8885921692586509,1,49,5,0.13332114702917508,1.0,person::gallery::26474_5.jpg,0.7552710222294758,1.0,0.5319360120582999,0.6866194692973108,0.35665615720035104,0.13332114702917508,1.0,1.0
clip_l14,person,person::train::02167_1.jpg,llm_distinctive_first,information_reduced,0.8605753464735925,1,49,5,0.13763818075532563,1.0,person::gallery::26474_5.jpg,0.7229371657182668,1.0,0.518946826979485,0.6774156419077536,0.34162851949410744,0.13763818075532563,1.0,1.0
clip_l14,person,person::train::00233_10.png,llm_attribute_list,information_reduced,0.7538337459236932,2,49,5,0.04239278182709083,1.0,person::query::26685_1.jpg,0.7554591119875376,0.9795918367346939,0.40829262234858626,0.7133824707749831,0.34554112357510697,-0.0016253660638443357,0.0,0.5
clip_l14,person,person::train::00233_10.png,llm_distinctive_first,information_reduced,0.9090365073558346,2,49,5,-0.003963754186244506,0.8,person::train::06597_2.jpg,0.9130002615420791,0.9795918367346939,0.5361526792729971,0.7271461063304194,0.3728838280828375,-0.003963754186244506,0.0,0.5
clip_l14,person,person::train::01108_7.png,llm_attribute_list,information_reduced,0.844736808250611,1,49,5,0.052484831645543406,1.0,person::query::26761_2.jpg,0.7922519766050676,1.0,0.5120143842560274,0.7202585797317681,0.3327224239945836,0.052484831645543406,1.0,1.0
clip_l14,person,person::train::01108_7.png,llm_distinctive_first,information_reduced,0.9261370372371436,1,49,5,0.12870639923308147,1.0,person::gallery::26774_3.jpg,0.7974306380040621,1.0,0.5908627126436737,0.7082504880717633,0.33527432459346984,0.12870639923308147,1.0,1.0
clip_l14,person,person::train::06085_7.jpg,llm_attribute_list,information_reduced,0.8928369739278412,1,49,5,0.12856340702438418,1.0,person::gallery::15309_3.png,0.764273566903457,1.0,0.5790906041600274,0.7064596889009767,0.3137463697678138,0.12856340702438418,1.0,1.0
clip_l14,person,person::train::06085_7.jpg,llm_distinctive_first,information_reduced,0.8640642951573272,1,49,5,0.16103606385931823,1.0,person::gallery::15309_3.png,0.703028231298009,1.0,0.5244294257114774,0.6711465198551289,0.33963486944584975,0.16103606385931823,1.0,1.0
clip_l14,person,person::train::12462_1.jpg,llm_attribute_list,information_reduced,0.7293894539766184,2,49,5,-0.10330265600067223,0.8,person::query::26685_1.jpg,0.8326921099772906,0.9795918367346939,0.43866919810565647,0.6599222701358706,0.2907202558709619,-0.10330265600067223,0.0,0.5
clip_l14,person,person::train::12462_1.jpg,llm_distinctive_first,information_reduced,0.9269211073714939,1,49,5,0.2038946714926304,1.0,person::train::06597_2.jpg,0.7230264358788635,1.0,0.4957241620619564,0.6473969361326742,0.4311969453095375,0.2038946714926304,1.0,1.0
clip_l14,person,person::train::01924_2.jpg,llm_attribute_list,information_reduced,0.9269456789010565,1,49,5,0.2435102475734756,1.0,person::gallery::26774_3.jpg,0.6834354313275809,1.0,0.5060442560619189,0.6383834849379305,0.42090142283913756,0.2435102475734756,1.0,1.0
clip_l14,person,person::train::01924_2.jpg,llm_distinctive_first,information_reduced,0.9217688163113954,1,49,5,0.2521644858417591,1.0,person::train::11561_6.jpg,0.6696043304696363,1.0,0.4769208225059004,0.6263793343408272,0.444847993805495,0.2521644858417591,1.0,1.0
clip_l14,person,person::train::00969_2.png,llm_attribute_list,information_reduced,0.9091346339975226,1,49,5,0.25907720275976986,1.0,person::gallery::15194_3.png,0.6500574312377527,1.0,0.49511894144901375,0.6417335931069897,0.41401569254850884,0.25907720275976986,1.0,1.0
clip_l14,person,person::train::00969_2.png,llm_distinctive_first,information_reduced,0.8810944253400715,1,49,5,0.26936944137763075,1.0,person::train::10977_1.jpg,0.6727601126470982,1.0,0.44305224222374545,0.5944957705031086,0.4380421831163261,0.2083343126929733,1.0,1.0
clip_l14,person,person::train::09634_1.jpg,llm_attribute_list,information_reduced,0.8172037397225911,1,49,5,0.1585795388470419,1.0,person::train::10252_1.jpg,0.6586242008755492,1.0,0.4536821531552578,0.58201101851965,0.3635215865673333,0.1585795388470419,1.0,1.0
clip_l14,person,person::train::09634_1.jpg,llm_distinctive_first,information_reduced,0.8760295668018707,1,49,5,0.1703141869231033,1.0,person::train::10252_1.jpg,0.7057153798787674,1.0,0.46767986315135696,0.592326312401508,0.40834970365051376,0.1703141869231033,1.0,1.0
clip_l14,person,person::train::11561_6.jpg,llm_attribute_list,information_reduced,0.8875074835467793,1,49,5,0.12595475001788692,1.0,person::train::00197_4.png,0.7615527335288924,1.0,0.47865897495816706,0.6696446632393858,0.40884850858861227,0.12595475001788692,1.0,1.0
clip_l14,person,person::train::11561_6.jpg,llm_distinctive_first,information_reduced,0.9501406253773518,1,49,5,0.1863623836054379,1.0,person::train::00197_4.png,0.7637782417719139,1.0,0.49035011888054103,0.6844457224937942,0.45979050649681075,0.1863623836054379,1.0,1.0
clip_l14,person,person::train::08528_6.jpg,llm_attribute_list,information_reduced,0.6950432898772299,2,49,5,0.06078845558152024,1.0,person::train::05158_3.jpg,0.698766765697609,0.9795918367346939,0.45398675528172006,0.6528486994607882,0.2410565345955098,-0.0037234758203791296,0.0,0.5
clip_l14,person,person::train::08528_6.jpg,llm_distinctive_first,information_reduced,0.9169320679679724,1,49,5,0.12144579762039198,1.0,person::train::08529_4.jpg,0.7954862703475805,1.0,0.5577429711695846,0.699096116551971,0.35918909679838784,0.12144579762039198,1.0,1.0
clip_l14,person,person::train::01287_5.jpg,llm_attribute_list,information_reduced,0.6251988841799705,1,49,5,0.14467332365285107,1.0,person::train::05158_3.jpg,0.6019284320343291,1.0,0.36986815242855386,0.5485579383930582,0.25533073175141663,0.023270452145641385,1.0,1.0
clip_l14,person,person::train::01287_5.jpg,llm_distinctive_first,information_reduced,0.9042077182314894,1,49,5,0.24935384188239418,1.0,person::train::01742_4.jpg,0.6548538763490952,1.0,0.462619912871419,0.6138981633744218,0.44158780536007036,0.24935384188239418,1.0,1.0
clip_l14,person,person::train::10252_1.jpg,llm_attribute_list,information_reduced,0.8701423467297417,1,49,5,0.15577575130578214,1.0,person::train::08924_1.jpg,0.7143665954239595,1.0,0.5423286949634164,0.6740463263649354,0.32781365176632526,0.15577575130578214,1.0,1.0
clip_l14,person,person::train::10252_1.jpg,llm_distinctive_first,information_reduced,0.9094487178121093,1,49,5,0.14179035509957527,1.0,person::train::08924_1.jpg,0.7676583627125341,1.0,0.5402438520546187,0.6304629186610334,0.3692048657574907,0.14179035509957527,1.0,1.0
clip_l14,person,person::train::08924_1.jpg,llm_attribute_list,information_reduced,0.5112505294859823,4,49,5,0.048057711256508095,1.0,person::train::05158_3.jpg,0.5689041671600195,0.9387755102040817,0.3350504528772421,0.5128467069248923,0.17620007660874015,-0.057653637674037195,0.0,0.25
clip_l14,person,person::train::08924_1.jpg,llm_distinctive_first,information_reduced,0.8846505183844858,1,49,5,0.17138571239266587,1.0,person::train::10252_1.jpg,0.71326480599182,1.0,0.4848143720991848,0.6486326657029804,0.399836146285301,0.17138571239266587,1.0,1.0
clip_l14,person,person::train::02319_1.jpg,llm_attribute_list,information_reduced,0.883514376007942,1,49,5,0.17382127842834894,1.0,person::query::26761_2.jpg,0.7096930975795931,1.0,0.43209323899376517,0.6074350893941407,0.45142113701417685,0.17382127842834894,1.0,1.0
clip_l14,person,person::train::02319_1.jpg,llm_distinctive_first,information_reduced,0.8736252823054117,1,49,5,0.1699492490593938,1.0,person::train::01108_7.png,0.7036760332460179,1.0,0.5117038509256513,0.6867877659419664,0.3619214313797604,0.1699492490593938,1.0,1.0
clip_l14,person,person::train::09715_3.jpg,llm_attribute_list,information_reduced,0.70435961645738,2,49,5,-0.022831305101615795,0.8,person::train::05158_3.jpg,0.7271909215589958,0.9795918367346939,0.30508752734327416,0.542951263030134,0.39927208911410583,-0.022831305101615795,0.0,0.5
clip_l14,person,person::train::09715_3.jpg,llm_distinctive_first,information_reduced,0.9239890771926003,1,49,5,0.28272046210316537,1.0,person::query::14604_1.png,0.6412686150894349,1.0,0.3997762698493858,0.5765003126475117,0.5242128073432144,0.28272046210316537,1.0,1.0
clip_l14,person,person::train::13508_2.jpg,llm_attribute_list,information_reduced,0.8970772707133727,1,49,5,0.37382100539596164,1.0,person::train::08924_1.jpg,0.5232562653174111,1.0,0.34733356808483695,0.4764755023431848,0.5497437026285358,0.37382100539596164,1.0,1.0
clip_l14,person,person::train::13508_2.jpg,llm_distinctive_first,information_reduced,0.93427256651689,1,49,5,0.3567556706940812,1.0,person::train::08924_1.jpg,0.5775168958228087,1.0,0.3593036844618134,0.5169560848744348,0.5749688820550766,0.3567556706940812,1.0,1.0
clip_l14,person,person::train::09751_6.jpg,llm_attribute_list,information_reduced,0.9011202821796068,1,49,5,0.2297478708510352,1.0,person::gallery::15309_3.png,0.6713724113285716,1.0,0.4018722688390276,0.6450035541825861,0.4992480133405792,0.2297478708510352,1.0,1.0
clip_l14,person,person::train::09751_6.jpg,llm_distinctive_first,information_reduced,0.7898431979592342,1,49,5,0.07629672130821463,1.0,person::gallery::15309_3.png,0.7135464766510196,1.0,0.4972549640432591,0.6716524056010358,0.2925882339159751,0.07629672130821463,1.0,1.0
clip_l14,person,person::train::11903_4.jpg,llm_attribute_list,information_reduced,0.890122550736383,1,49,5,0.29618561810317656,1.0,person::gallery::26991_3.jpg,0.5939369326332065,1.0,0.4258994618339888,0.531247590343856,0.4642230889023942,0.29618561810317656,1.0,1.0
clip_l14,person,person::train::11903_4.jpg,llm_distinctive_first,information_reduced,0.9299762563966454,1,49,5,0.32604878818723404,1.0,person::train::09634_1.jpg,0.6039274682094113,1.0,0.37253320147358,0.5258066245571734,0.5574430549230653,0.32604878818723404,1.0,1.0
clip_l14,person,person::train::03720_4.jpg,llm_attribute_list,information_reduced,0.9312705193335771,1,49,5,0.31050380846357695,1.0,person::train::02319_1.jpg,0.6207667108700001,1.0,0.39617316136151737,0.5744971989752163,0.5350973579720597,0.31050380846357695,1.0,1.0
clip_l14,person,person::train::03720_4.jpg,llm_distinctive_first,information_reduced,0.9123600311085633,1,49,5,0.28830920743852206,1.0,person::train::01924_2.jpg,0.6240508236700413,1.0,0.39837914518807693,0.5753216723307085,0.5139808859204864,0.28830920743852206,1.0,1.0
clip_l14,person,person::train::26249_12.jpg,llm_attribute_list,information_reduced,0.9385973860852889,1,49,5,0.2591170707737842,1.0,person::train::00837_3.png,0.6794803153115047,1.0,0.49997114306813367,0.6521262611742187,0.4386262430171552,0.2591170707737842,1.0,1.0
clip_l14,person,person::train::26249_12.jpg,llm_distinctive_first,information_reduced,0.9397108581780979,1,49,5,0.2253184267644932,1.0,person::train::00837_3.png,0.7143924314136046,1.0,0.5184068063766585,0.6464306519139089,0.42130405180143937,0.2253184267644932,1.0,1.0
clip_l14,person,person::train::08634_3.jpg,llm_attribute_list,information_reduced,0.94590315257548,1,49,5,0.3057477675243774,1.0,person::train::10977_1.jpg,0.6401553850511026,1.0,0.4601311923815535,0.5707364785143637,0.4857719601939265,0.3057477675243774,1.0,1.0
clip_l14,person,person::train::08634_3.jpg,llm_distinctive_first,information_reduced,0.9131710761400132,1,49,5,0.2677225455660899,1.0,person::train::10977_1.jpg,0.6454485305739234,1.0,0.40231202873617744,0.5436757951696827,0.5108590474038358,0.2677225455660899,1.0,1.0
clip_l14,person,person::train::00837_3.png,llm_attribute_list,information_reduced,0.7250757119716039,1,49,5,0.06310322400843826,1.0,person::query::14994_1.png,0.6619724879631657,1.0,0.49001411654685456,0.6138377904019986,0.23506159542474936,0.06310322400843826,1.0,1.0
clip_l14,person,person::train::00837_3.png,llm_distinctive_first,information_reduced,0.9166639891912334,1,49,5,0.17265438361744634,1.0,person::query::14994_1.png,0.744009605573787,1.0,0.5543286604262512,0.6424337625689281,0.3623353287649822,0.17265438361744634,1.0,1.0
clip_l14,person,person::query::26685_1.jpg,llm_attribute_list,information_reduced,0.8855686376582181,1,49,5,0.12696827499015406,1.0,person::train::12050_5.jpg,0.7586003626680641,1.0,0.4503837347313186,0.6833980079548616,0.43518490292689954,0.12696827499015406,1.0,1.0
clip_l14,person,person::query::26685_1.jpg,llm_distinctive_first,information_reduced,0.8852091572038768,1,49,5,0.12382672103930992,1.0,person::train::00233_10.png,0.7613824361645669,1.0,0.541384233979038,0.725651273629809,0.3438249232248388,0.12382672103930992,1.0,1.0
clip_l14,person,person::query::14604_1.png,llm_attribute_list,information_reduced,0.8635592245165391,1,49,5,0.13285819361165752,1.0,person::train::06085_7.jpg,0.7307010309048816,1.0,0.5298003959161872,0.6552981505443841,0.3337588286003519,0.13285819361165752,1.0,1.0
clip_l14,person,person::query::14604_1.png,llm_distinctive_first,information_reduced,0.9139949626089974,1,49,5,0.19381278070616004,1.0,person::train::06085_7.jpg,0.7201821819028373,1.0,0.49783922091949595,0.6474522499699406,0.4161557416895014,0.19381278070616004,1.0,1.0
clip_l14,person,person::query::27008_3.jpg,llm_attribute_list,information_reduced,0.8324864332855824,1,49,5,0.10911073920195069,1.0,person::query::26761_2.jpg,0.7233756940836317,1.0,0.5036404903536978,0.6552189202019663,0.3288459429318845,0.10911073920195069,1.0,1.0
clip_l14,person,person::query::27008_3.jpg,llm_distinctive_first,information_reduced,0.9070577034061184,1,49,5,0.17157023708564778,1.0,person::train::08924_1.jpg,0.7354874663204706,1.0,0.5234092674485021,0.6294151710697516,0.3836484359576162,0.17157023708564778,1.0,1.0
clip_l14,person,person::query::14994_1.png,llm_attribute_list,information_reduced,0.912793389662369,1,49,5,0.14254261918509958,1.0,person::train::00837_3.png,0.7702507704772694,1.0,0.5843347354868766,0.7032307494645436,0.32845865417549236,0.14254261918509958,1.0,1.0
clip_l14,person,person::query::14994_1.png,llm_distinctive_first,information_reduced,0.9241249568319874,1,49,5,0.15261254467404117,1.0,person::train::00837_3.png,0.7715124121579462,1.0,0.5518788175159679,0.6701271362614457,0.37224613931601946,0.15261254467404117,1.0,1.0
clip_l14,person,person::query::14459_1.png,llm_attribute_list,information_reduced,0.866241098844335,1,49,5,0.1856654207438888,1.0,person::train::12462_1.jpg,0.6805756781004462,1.0,0.4905342586752197,0.651532225785325,0.37570684016911526,0.1856654207438888,1.0,1.0
clip_l14,person,person::query::14459_1.png,llm_distinctive_first,information_reduced,0.9338965107359604,1,49,5,0.25210741523561553,1.0,person::train::12462_1.jpg,0.6817890955003448,1.0,0.461793973950309,0.6084714183063509,0.47210253678565134,0.25210741523561553,1.0,1.0
clip_l14,person,person::query::26943_3.jpg,llm_attribute_list,information_reduced,0.63802194450887,2,49,5,0.014407279246859361,1.0,person::train::09751_6.jpg,0.7062778397202042,0.9795918367346939,0.3231968430748851,0.6223069523872173,0.31482510143398484,-0.06825589521133424,0.0,0.5
clip_l14,person,person::query::26943_3.jpg,llm_distinctive_first,information_reduced,0.8779585764675245,1,49,5,0.13516786905079736,1.0,person::gallery::15309_3.png,0.7427907074167271,1.0,0.4927000005510903,0.724965966268383,0.3852585759164342,0.13516786905079736,1.0,1.0
clip_l14,person,person::query::26789_3.jpg,llm_attribute_list,information_reduced,0.8482516248383363,1,49,5,0.14186153869882645,1.0,person::query::26943_3.jpg,0.7063900861395098,1.0,0.5322557452356054,0.679857031721643,0.3159958796027309,0.14186153869882645,1.0,1.0
clip_l14,person,person::query::26789_3.jpg,llm_distinctive_first,information_reduced,0.8862133362512472,1,49,5,0.1797095527407877,1.0,person::gallery::26735_2.jpg,0.7065037835104595,1.0,0.5094135383911311,0.6756094896580197,0.3767997978601161,0.1797095527407877,1.0,1.0
clip_l14,person,person::query::26935_2.jpg,llm_attribute_list,information_reduced,0.8565907337654419,1,49,5,0.2802885094443933,1.0,person::query::26761_2.jpg,0.5763022243210486,1.0,0.39845451120431874,0.5628520197912661,0.4581362225611232,0.2802885094443933,1.0,1.0
clip_l14,person,person::query::26935_2.jpg,llm_distinctive_first,information_reduced,0.831508611003098,1,49,5,0.10036008056877166,1.0,person::train::08529_4.jpg,0.7311485304343264,1.0,0.4542331849481026,0.6378755322343316,0.3772754260549954,0.10036008056877166,1.0,1.0
clip_l14,person,person::query::27100_1.jpg,llm_attribute_list,information_reduced,0.8566864185137659,1,49,5,0.18374225416158407,1.0,person::train::06085_7.jpg,0.6900378424552076,1.0,0.5093526292511045,0.6583557361477255,0.34733378926266145,0.16664857605855832,1.0,1.0
clip_l14,person,person::query::27100_1.jpg,llm_distinctive_first,information_reduced,0.8821985062669526,1,49,5,0.1840071880714248,1.0,person::train::08528_6.jpg,0.6981913181955278,1.0,0.47145987567666336,0.6125393895248377,0.41073863059028926,0.1840071880714248,1.0,1.0
clip_l14,person,person::query::26761_2.jpg,llm_attribute_list,information_reduced,0.8779278419431235,1,49,5,0.0596458965816824,1.0,person::train::05158_3.jpg,0.818281945361441,1.0,0.5006307458062194,0.7197116582658034,0.3772970961369041,0.0596458965816824,1.0,1.0
clip_l14,person,person::query::26761_2.jpg,llm_distinctive_first,information_reduced,0.8371240556547674,1,49,5,0.007818109226296333,1.0,person::train::01108_7.png,0.8293059464284711,1.0,0.5897702352873624,0.7514111118883853,0.24735382036740505,0.007818109226296333,1.0,1.0
clip_l14,person,person::gallery::26474_5.jpg,llm_attribute_list,information_reduced,0.9164781056163644,1,49,5,0.14976717943939233,1.0,person::gallery::15194_3.png,0.7667109261769721,1.0,0.5180704047428366,0.6982129271536149,0.39840770087352784,0.14976717943939233,1.0,1.0
clip_l14,person,person::gallery::26474_5.jpg,llm_distinctive_first,information_reduced,0.9530773823349767,1,49,5,0.15909462630795979,1.0,person::gallery::15194_3.png,0.793982756027017,1.0,0.5627871062805834,0.7025802202548282,0.39029027605439337,0.15909462630795979,1.0,1.0
clip_l14,person,person::gallery::27153_5.jpg,llm_attribute_list,information_reduced,0.7782980214745574,1,49,5,0.0994954097843842,1.0,person::query::26685_1.jpg,0.6873622550654523,1.0,0.39896686866346165,0.6778379013647126,0.37933115281109575,0.09093576640910506,1.0,1.0
clip_l14,person,person::gallery::27153_5.jpg,llm_distinctive_first,information_reduced,0.9400989930563896,1,49,5,0.16756472072168982,1.0,person::gallery::15309_3.png,0.7725342723346997,1.0,0.544063370662216,0.6986744739163082,0.39603562239417356,0.16756472072168982,1.0,1.0
clip_l14,person,person::gallery::26789_1.jpg,llm_attribute_list,information_reduced,0.8109121229720071,1,49,5,0.2177844887151652,1.0,person::gallery::26721_4.jpg,0.7498644289215038,1.0,0.4611460098848018,0.5951997401084991,0.3497661130872053,0.061047694050503254,1.0,1.0
clip_l14,person,person::gallery::26789_1.jpg,llm_distinctive_first,information_reduced,0.8806106653464159,1,49,5,0.1825286691010226,1.0,person::gallery::26721_4.jpg,0.7163264618846881,1.0,0.5367056948548624,0.6641113530216904,0.34390497049155344,0.16428420346172778,1.0,1.0
clip_l14,person,person::gallery::26721_4.jpg,llm_attribute_list,information_reduced,0.890137076642401,1,49,5,0.08407270672807621,1.0,person::train::05158_3.jpg,0.8060643699143248,1.0,0.46970204532061666,0.641509287028936,0.4204350313217844,0.08407270672807621,1.0,1.0
clip_l14,person,person::gallery::26721_4.jpg,llm_distinctive_first,information_reduced,0.7991952349341225,1,49,5,0.01971755638509598,1.0,person::gallery::26789_1.jpg,0.7794776785490265,1.0,0.5786137241182329,0.6944001653207565,0.22058151081588961,0.01971755638509598,1.0,1.0
clip_l14,person,person::gallery::26991_3.jpg,llm_attribute_list,information_reduced,0.9089174096161281,1,49,5,0.19628237123208447,1.0,person::gallery::27153_5.jpg,0.7126350383840436,1.0,0.5429061714750019,0.6421508102597114,0.36601123814112624,0.19628237123208447,1.0,1.0
clip_l14,person,person::gallery::26991_3.jpg,llm_distinctive_first,information_reduced,0.9113816100579841,1,49,5,0.25283750996380805,1.0,person::gallery::26735_2.jpg,0.6585441000941761,1.0,0.5085044866571723,0.6234935019682576,0.40287712340081183,0.25283750996380805,1.0,1.0
clip_l14,person,person::gallery::26735_2.jpg,llm_attribute_list,information_reduced,0.8886229799169003,1,49,5,0.2206169072673484,1.0,person::train::06085_7.jpg,0.6830005856721881,1.0,0.5336148819862384,0.6418178147095828,0.3550080979306619,0.20562239424471218,1.0,1.0
clip_l14,person,person::gallery::26735_2.jpg,llm_distinctive_first,information_reduced,0.9367057813865851,1,49,5,0.24224006395766362,1.0,person::gallery::26991_3.jpg,0.6944657174289215,1.0,0.5302349299755986,0.6663720901644464,0.4064708514109865,0.24224006395766362,1.0,1.0
clip_l14,person,person::gallery::14888_1.png,llm_attribute_list,information_reduced,0.8325978882920012,1,49,5,0.10493829074228234,1.0,person::gallery::26774_3.jpg,0.7276595975497189,1.0,0.5082598653877598,0.6297767285548665,0.3243380229042414,0.10493829074228234,1.0,1.0
clip_l14,person,person::gallery::14888_1.png,llm_distinctive_first,information_reduced,0.8773387814817586,1,49,5,0.1778070173771773,1.0,person::gallery::26774_3.jpg,0.6995317641045813,1.0,0.5083960157047775,0.6492592090444969,0.36894276577698104,0.1778070173771773,1.0,1.0
clip_l14,person,person::gallery::26774_3.jpg,llm_attribute_list,information_reduced,0.8718748399213854,1,49,5,0.0920851404260693,1.0,person::gallery::14888_1.png,0.7797896994953161,1.0,0.578519279115219,0.7276451769062933,0.2933555608061663,0.0920851404260693,1.0,1.0
clip_l14,person,person::gallery::26774_3.jpg,llm_distinctive_first,information_reduced,0.8473424837620214,1,49,5,0.07352201801008262,1.0,person::gallery::14888_1.png,0.7738204657519387,1.0,0.5513969761413129,0.7309245160085711,0.2959455076207085,0.07352201801008262,1.0,1.0
clip_l14,person,person::gallery::15309_3.png,llm_attribute_list,information_reduced,0.761618463191381,1,49,5,0.10973070357247272,1.0,person::train::09751_6.jpg,0.7571610845653687,1.0,0.37412953581669117,0.6808372463814297,0.3874889273746899,0.004457378626012365,1.0,1.0
clip_l14,person,person::gallery::15309_3.png,llm_distinctive_first,information_reduced,0.8779152662425497,1,49,5,0.1022542946799253,1.0,person::gallery::27153_5.jpg,0.7756609715626244,1.0,0.5182945400225873,0.7584131237712911,0.35962072621996233,0.1022542946799253,1.0,1.0
clip_l14,person,person::gallery::15194_3.png,llm_attribute_list,information_reduced,0.8251082822403224,1,49,5,0.20678194444514353,1.0,person::gallery::26474_5.jpg,0.6183263377951789,1.0,0.460144448410226,0.5960884220387466,0.3649638338300964,0.20678194444514353,1.0,1.0
clip_l14,person,person::gallery::15194_3.png,llm_distinctive_first,information_reduced,0.8971584794845304,1,49,5,0.10250547468450377,1.0,person::gallery::26474_5.jpg,0.7946530048000267,1.0,0.5362760942257312,0.7026733414471243,0.36088238525879923,0.10250547468450377,1.0,1.0
clip_l14,vehicle,vehicle::train_images::19666_c077_02.jpg,llm_attribute_list,information_reduced,0.9685813032496351,1,49,5,0.1740032857043059,1.0,vehicle::train_images::14387_c163_04.jpg,0.7945780175453292,1.0,0.6261398862744905,0.7686809305577611,0.34244141697514463,0.1740032857043059,1.0,1.0
clip_l14,vehicle,vehicle::train_images::19666_c077_02.jpg,llm_distinctive_first,information_reduced,0.8241587229976379,1,49,5,0.17058844748274982,1.0,vehicle::train_images::05432_c163_04.jpg,0.6536018224727982,1.0,0.45477865683372104,0.6481020375657993,0.3693800661639169,0.17055690052483974,1.0,1.0
clip_l14,vehicle,vehicle::train_images::13184_c012_02.jpg,llm_attribute_list,information_reduced,0.7460859848538509,10,49,5,-0.08920883665827573,0.8,vehicle::train_images::05685_c100_04.jpg,0.8352948215121266,0.8163265306122449,0.6622586441281382,0.7813282868037672,0.08382734072571274,-0.08920883665827573,0.0,0.1
clip_l14,vehicle,vehicle::train_images::13184_c012_02.jpg,llm_distinctive_first,information_reduced,0.9216503581738174,1,49,5,0.300699865297667,1.0,vehicle::train_images::09221_c139_03.jpg,0.6209504928761503,1.0,0.4064270686378333,0.5749778159766741,0.5152232895359841,0.300699865297667,1.0,1.0
clip_l14,vehicle,vehicle::train_images::13608_c139_04.jpg,llm_attribute_list,information_reduced,0.925808953595827,1,49,5,0.1393954876550899,1.0,vehicle::query_images::20204_c041_01.jpg,0.7864134659407371,1.0,0.6284088833994558,0.7418028644873326,0.29740007019637127,0.1393954876550899,1.0,1.0
clip_l14,vehicle,vehicle::train_images::13608_c139_04.jpg,llm_distinctive_first,information_reduced,0.8566382100663864,1,49,5,0.31452733059121074,1.0,vehicle::train_images::09221_c139_03.jpg,0.5894667577054893,1.0,0.4318683384380807,0.560457101267827,0.4247698716283057,0.2671714523608971,1.0,1.0
clip_l14,vehicle,vehicle::train_images::12849_c170_02.jpg,llm_attribute_list,information_reduced,0.9540463422410045,1,49,5,0.043410976671864,1.0,vehicle::query_images::20249_c003_00.jpg,0.9106353655691405,1.0,0.656467898656703,0.8392596792479571,0.2975784435843015,0.043410976671864,1.0,1.0
clip_l14,vehicle,vehicle::train_images::12849_c170_02.jpg,llm_distinctive_first,information_reduced,0.8725727279695201,1,49,5,0.065987408146984,1.0,vehicle::query_images::20272_c102_00.jpg,0.8065853198225361,1.0,0.4970116202912149,0.7059504610411743,0.37556110767830525,0.065987408146984,1.0,1.0
clip_l14,vehicle,vehicle::train_images::10839_c110_00.jpg,llm_attribute_list,information_reduced,0.9102907168282138,1,49,5,0.13761159517759192,1.0,vehicle::train_images::06987_c051_04.jpg,0.7726791216506219,1.0,0.6259895407321682,0.735385549741729,0.28430117609604566,0.13761159517759192,1.0,1.0
clip_l14,vehicle,vehicle::train_images::10839_c110_00.jpg,llm_distinctive_first,information_reduced,0.6303988610545794,1,49,5,0.1354131518992946,1.0,vehicle::gallery_images::20535_c170_02.jpg,0.6164776899348037,1.0,0.4148148065025048,0.540563764484646,0.21558405455207463,0.013921171119775755,1.0,1.0
clip_l14,vehicle,vehicle::train_images::02440_c090_02.jpg,llm_attribute_list,information_reduced,0.8251578684847318,1,49,5,0.22327246574972137,1.0,vehicle::gallery_images::20877_c110_00.jpg,0.6018854027350105,1.0,0.4123275337065297,0.5386167022722539,0.41283033477820213,0.22327246574972137,1.0,1.0
clip_l14,vehicle,vehicle::train_images::02440_c090_02.jpg,llm_distinctive_first,information_reduced,0.8368302620072696,1,49,5,0.4306332089632494,1.0,vehicle::train_images::19057_c170_04.jpg,0.5050571515897591,1.0,0.2830110625113162,0.3846217625882462,0.5538191994959534,0.33177311041751056,1.0,1.0
clip_l14,vehicle,vehicle::train_images::12341_c073_00.jpg,llm_attribute_list,information_reduced,0.9215260473751261,1,49,5,0.12119589564131372,1.0,vehicle::query_images::20249_c003_00.jpg,0.8003301517338124,1.0,0.6735712936942673,0.769791358308023,0.24795475368085884,0.12119589564131372,1.0,1.0
clip_l14,vehicle,vehicle::train_images::12341_c073_00.jpg,llm_distinctive_first,information_reduced,0.8062444001347681,1,49,5,0.13068545601955084,1.0,vehicle::train_images::16614_c041_04.jpg,0.7589495012925067,1.0,0.5122303128539072,0.6526649644346972,0.29401408728086087,0.047294898842261346,1.0,1.0
clip_l14,vehicle,vehicle::train_images::18263_c110_02.jpg,llm_attribute_list,information_reduced,0.8982927544236031,1,49,5,0.16759487115094285,1.0,vehicle::train_images::08361_c094_04.jpg,0.7306978832726603,1.0,0.6021447656939578,0.7238622732112312,0.2961479887296453,0.16759487115094285,1.0,1.0
clip_l14,vehicle,vehicle::train_images::18263_c110_02.jpg,llm_distinctive_first,information_reduced,0.7270364168300802,1,49,5,0.15224421347872452,1.0,vehicle::gallery_images::20762_c156_00.jpg,0.5968823667039392,1.0,0.4231377332980189,0.5546084639119423,0.30389868353206134,0.130154050126141,1.0,1.0
clip_l14,vehicle,vehicle::train_images::10529_c003_02.jpg,llm_attribute_list,information_reduced,0.9025444884080664,1,49,5,0.1584613152417279,1.0,vehicle::train_images::08361_c094_04.jpg,0.7440831731663385,1.0,0.6141842611156796,0.719644305232113,0.28836022729238686,0.1584613152417279,1.0,1.0
clip_l14,vehicle,vehicle::train_images::10529_c003_02.jpg,llm_distinctive_first,information_reduced,0.6736110824202022,1,49,5,0.11638302493747654,1.0,vehicle::train_images::08361_c094_04.jpg,0.5572280574827256,1.0,0.4247443278768679,0.5338689047391776,0.2488667545433343,0.11638302493747654,1.0,1.0
clip_l14,vehicle,vehicle::train_images::15907_c041_04.jpg,llm_attribute_list,information_reduced,0.9314880781511957,1,49,5,0.22254987387495428,1.0,vehicle::train_images::12341_c073_00.jpg,0.7089382042762414,1.0,0.5865173388110345,0.6759925359580514,0.3449707393401612,0.22254987387495428,1.0,1.0
clip_l14,vehicle,vehicle::train_images::15907_c041_04.jpg,llm_distinctive_first,information_reduced,0.9046811494359496,1,49,5,0.3431975936583612,1.0,vehicle::train_images::04922_c023_01.jpg,0.6063786145208614,1.0,0.42647668648660575,0.5251986833723137,0.4782044629493438,0.2983025349150882,1.0,1.0
clip_l14,vehicle,vehicle::train_images::08854_c110_02.jpg,llm_attribute_list,information_reduced,0.9342790347982567,1,49,5,0.08774739939293508,1.0,vehicle::train_images::05685_c100_04.jpg,0.8465316354053216,1.0,0.6859794643180858,0.8175995669697776,0.24829957048017093,0.08774739939293508,1.0,1.0
clip_l14,vehicle,vehicle::train_images::08854_c110_02.jpg,llm_distinctive_first,information_reduced,0.8744613485249367,1,49,5,0.10677292986370024,1.0,vehicle::query_images::20204_c041_01.jpg,0.7676884186612365,1.0,0.6308686818255893,0.7409313926286856,0.24359266669934743,0.10677292986370024,1.0,1.0
clip_l14,vehicle,vehicle::train_images::04922_c023_01.jpg,llm_attribute_list,information_reduced,0.9096497182824306,1,49,5,0.17008896697136822,1.0,vehicle::train_images::10839_c110_00.jpg,0.7395607513110624,1.0,0.6103797617816461,0.6947860447362078,0.2992699565007845,0.17008896697136822,1.0,1.0
clip_l14,vehicle,vehicle::train_images::04922_c023_01.jpg,llm_distinctive_first,information_reduced,0.8172093360424009,1,49,5,0.27263519509784406,1.0,vehicle::gallery_images::20401_c023_03.jpg,0.5662997200604964,1.0,0.35336648106168006,0.4731177362579809,0.4638428549807208,0.2509096159819044,1.0,1.0
clip_l14,vehicle,vehicle::train_images::19263_c030_03.jpg,llm_attribute_list,information_reduced,0.8820819338823591,1,49,5,0.2035098837667657,1.0,vehicle::train_images::13608_c139_04.jpg,0.6785720501155934,1.0,0.577652750545087,0.650764152125353,0.3044291833372721,0.2035098837667657,1.0,1.0
clip_l14,vehicle,vehicle::train_images::19263_c030_03.jpg,llm_distinctive_first,information_reduced,0.9017599154984148,1,49,5,0.25046498249861027,1.0,vehicle::train_images::13608_c139_04.jpg,0.6512949329998046,1.0,0.4887499768639958,0.6004387454277847,0.41300993863441904,0.25046498249861027,1.0,1.0
clip_l14,vehicle,vehicle::train_images::07345_c110_03.jpg,llm_attribute_list,information_reduced,0.9266771905285787,1,49,5,0.2174047532457717,1.0,vehicle::gallery_images::20159_c003_00.jpg,0.709272437282807,1.0,0.5903922027122603,0.6817626969055014,0.3362849878163183,0.2174047532457717,1.0,1.0
clip_l14,vehicle,vehicle::train_images::07345_c110_03.jpg,llm_distinctive_first,information_reduced,0.9513989152193103,1,49,5,0.37994846346798494,1.0,vehicle::train_images::09221_c139_03.jpg,0.5717867037964912,1.0,0.46837196335716574,0.5590927474598703,0.48302695186214456,0.3796122114228191,1.0,1.0
clip_l14,vehicle,vehicle::train_images::19520_c034_01.jpg,llm_attribute_list,information_reduced,0.8644156409793934,1,49,5,0.04293820502809742,1.0,vehicle::train_images::18263_c110_02.jpg,0.821477435951296,1.0,0.6531597483092798,0.7631156070594126,0.21125589267011358,0.04293820502809742,1.0,1.0
clip_l14,vehicle,vehicle::train_images::19520_c034_01.jpg,llm_distinctive_first,information_reduced,0.7438087428914512,1,49,5,0.18584142261056902,1.0,vehicle::train_images::02440_c090_02.jpg,0.5860722293773886,1.0,0.38697458859870976,0.554288448535222,0.3568341542927414,0.1577365135140626,1.0,1.0
clip_l14,vehicle,vehicle::train_images::16253_c139_00.jpg,llm_attribute_list,information_reduced,0.8474432833297116,1,49,5,0.032666649839527384,1.0,vehicle::query_images::20204_c041_01.jpg,0.8147766334901843,1.0,0.6518123492829675,0.7711218172236322,0.19563093404674414,0.032666649839527384,1.0,1.0
clip_l14,vehicle,vehicle::train_images::16253_c139_00.jpg,llm_distinctive_first,information_reduced,0.8794670365188971,1,49,5,0.05190339703051705,1.0,vehicle::query_images::20204_c041_01.jpg,0.8275636394883801,1.0,0.608928425158316,0.75655628780758,0.2705386113605811,0.05190339703051705,1.0,1.0
clip_l14,vehicle,vehicle::train_images::06987_c051_04.jpg,llm_attribute_list,information_reduced,0.9241175749927262,1,49,5,0.17281037556667211,1.0,vehicle::train_images::08854_c110_02.jpg,0.7513071994260541,1.0,0.6138640589229921,0.7294540446251803,0.31025351606973406,0.17281037556667211,1.0,1.0
clip_l14,vehicle,vehicle::train_images::06987_c051_04.jpg,llm_distinctive_first,information_reduced,0.7541022729532487,1,49,5,0.14302328720899382,1.0,vehicle::train_images::09221_c139_03.jpg,0.6317339920496198,1.0,0.4753301702250533,0.6041120450242454,0.2787721027281954,0.12236828090362895,1.0,1.0
clip_l14,vehicle,vehicle::train_images::05685_c100_04.jpg,llm_attribute_list,information_reduced,0.9134533904299302,1,49,5,0.07453321800599699,1.0,vehicle::train_images::10529_c003_02.jpg,0.8389201724239332,1.0,0.7057355166907162,0.8154031680540086,0.20771787373921402,0.07453321800599699,1.0,1.0
clip_l14,vehicle,vehicle::train_images::05685_c100_04.jpg,llm_distinctive_first,information_reduced,0.9232757830037701,1,49,5,0.1505552859509962,1.0,vehicle::gallery_images::21216_c003_04.jpg,0.7727204970527739,1.0,0.6314796341051063,0.7430299750771236,0.2917961488986638,0.1505552859509962,1.0,1.0
clip_l14,vehicle,vehicle::train_images::16614_c041_04.jpg,llm_attribute_list,information_reduced,0.9416095352042061,1,49,5,0.19363368015267812,1.0,vehicle::train_images::12341_c073_00.jpg,0.747975855051528,1.0,0.5785745068482875,0.6847044304776364,0.3630350283559186,0.19363368015267812,1.0,1.0
clip_l14,vehicle,vehicle::train_images::16614_c041_04.jpg,llm_distinctive_first,information_reduced,0.8756037030388162,1,49,5,0.256634968921322,1.0,vehicle::gallery_images::20591_c110_03.jpg,0.6189687341174942,1.0,0.4074196439746377,0.5700449852844564,0.4681840590641785,0.256634968921322,1.0,1.0
clip_l14,vehicle,vehicle::train_images::13946_c012_04.jpg,llm_attribute_list,information_reduced,0.9531236094399601,1,49,5,0.10746441136988583,1.0,vehicle::train_images::19666_c077_02.jpg,0.8456591980700743,1.0,0.6730511939935063,0.8043130170799998,0.2800724154464538,0.10746441136988583,1.0,1.0
clip_l14,vehicle,vehicle::train_images::13946_c012_04.jpg,llm_distinctive_first,information_reduced,0.8568756699269776,1,49,5,0.08307576322598276,1.0,vehicle::train_images::05685_c100_04.jpg,0.7737999067009949,1.0,0.594742188692261,0.7281552701917263,0.2621334812347166,0.08307576322598276,1.0,1.0
clip_l14,vehicle,vehicle::train_images::14133_c170_01.jpg,llm_attribute_list,information_reduced,0.9207693092899515,1,49,5,0.12402423914179572,1.0,vehicle::query_images::20204_c041_01.jpg,0.7967450701481558,1.0,0.6107236960849745,0.749723309442089,0.31004561320497703,0.12402423914179572,1.0,1.0
clip_l14,vehicle,vehicle::train_images::14133_c170_01.jpg,llm_distinctive_first,information_reduced,0.8300833022128021,1,49,5,0.1952088332042805,1.0,vehicle::query_images::20204_c041_01.jpg,0.6348744690085216,1.0,0.47863776558747484,0.5807101639669754,0.3514455366253273,0.1952088332042805,1.0,1.0
clip_l14,vehicle,vehicle::train_images::16747_c163_03.jpg,llm_attribute_list,information_reduced,0.9328257171888421,1,49,5,0.10121027658254356,1.0,vehicle::train_images::03678_c014_03.jpg,0.8316154406062986,1.0,0.6620776347768985,0.766181461143205,0.2707480824119436,0.10121027658254356,1.0,1.0
clip_l14,vehicle,vehicle::train_images::16747_c163_03.jpg,llm_distinctive_first,information_reduced,0.6120525707719524,2,49,5,0.016567599797187915,1.0,vehicle::train_images::07345_c110_03.jpg,0.6839128725840733,0.9795918367346939,0.42793112679945194,0.5694156431653292,0.18412144397250046,-0.07186030181212089,0.0,0.5
clip_l14,vehicle,vehicle::train_images::05432_c163_04.jpg,llm_attribute_list,information_reduced,0.9690509127798699,1,49,5,0.05481612822651072,1.0,vehicle::query_images::20249_c003_00.jpg,0.9142347845533592,1.0,0.6361551822550418,0.856277701388261,0.3328957305248281,0.05481612822651072,1.0,1.0
clip_l14,vehicle,vehicle::train_images::05432_c163_04.jpg,llm_distinctive_first,information_reduced,0.9105042442821921,1,49,5,0.09634787364141573,1.0,vehicle::gallery_images::20535_c170_02.jpg,0.8141563706407764,1.0,0.5390015450081731,0.7985254047678761,0.371502699274019,0.09634787364141573,1.0,1.0
clip_l14,vehicle,vehicle::train_images::19057_c170_04.jpg,llm_attribute_list,information_reduced,0.5595063712452449,10,49,5,-0.10500796146223146,0.8,vehicle::gallery_images::20877_c110_00.jpg,0.6645143327074764,0.8163265306122449,0.4553465274146341,0.6064315744126371,0.10415984383061083,-0.10500796146223146,0.0,0.1
clip_l14,vehicle,vehicle::train_images::19057_c170_04.jpg,llm_distinctive_first,information_reduced,0.948439386867648,1,49,5,0.34356823781201395,1.0,vehicle::gallery_images::20559_c170_01.jpg,0.604871149055634,1.0,0.3230243407524035,0.5205739646404749,0.6254150461152445,0.34356823781201395,1.0,1.0
clip_l14,vehicle,vehicle::train_images::04455_c078_00.jpg,llm_attribute_list,information_reduced,0.9334360339300337,1,49,5,0.1588513291597834,1.0,vehicle::gallery_images::20159_c003_00.jpg,0.7745847047702503,1.0,0.5709834907872662,0.6870218955537003,0.36245254314276754,0.1588513291597834,1.0,1.0
clip_l14,vehicle,vehicle::train_images::04455_c078_00.jpg,llm_distinctive_first,information_reduced,0.71334940513425,1,49,5,0.12091427570977042,1.0,vehicle::gallery_images::20159_c003_00.jpg,0.5924351294244796,1.0,0.4304782805727212,0.4993673953729737,0.28287112456152885,0.12091427570977042,1.0,1.0
clip_l14,vehicle,vehicle::train_images::14387_c163_04.jpg,llm_attribute_list,information_reduced,0.8853688800154592,1,49,5,0.18771996452213346,1.0,vehicle::query_images::21022_c078_01.jpg,0.7100178933527402,1.0,0.5268603982806589,0.6685669640855735,0.3585084817348003,0.17535098666271898,1.0,1.0
clip_l14,vehicle,vehicle::train_images::14387_c163_04.jpg,llm_distinctive_first,information_reduced,0.8028268643316547,1,49,5,0.22623141260651014,1.0,vehicle::gallery_images::20535_c170_02.jpg,0.5877411149902945,1.0,0.42916968939240174,0.5561446084051775,0.373657174939253,0.21508574934136027,1.0,1.0
clip_l14,vehicle,vehicle::train_images::09221_c139_03.jpg,llm_attribute_list,information_reduced,0.8383103353332602,1,49,5,0.014742885460081734,1.0,vehicle::train_images::05685_c100_04.jpg,0.8235674498731784,1.0,0.6974941642212656,0.7827462673915556,0.14081617111199451,0.014742885460081734,1.0,1.0
clip_l14,vehicle,vehicle::train_images::09221_c139_03.jpg,llm_distinctive_first,information_reduced,0.8120659397657891,1,49,5,0.18162546731159257,1.0,vehicle::train_images::07345_c110_03.jpg,0.6830730822481622,1.0,0.5036843970461237,0.6297701707371223,0.30838154271966545,0.1289928575176269,1.0,1.0
clip_l14,vehicle,vehicle::train_images::04724_c110_02.jpg,llm_attribute_list,information_reduced,0.9362715515126394,1,49,5,0.03894954781266691,1.0,vehicle::query_images::20506_c051_01.jpg,0.8973220036999725,1.0,0.6449254550190356,0.7740848046409051,0.29134609649360377,0.03894954781266691,1.0,1.0
clip_l14,vehicle,vehicle::train_images::04724_c110_02.jpg,llm_distinctive_first,information_reduced,0.8385991737661077,1,49,5,0.0808978261900416,1.0,vehicle::query_images::20506_c051_01.jpg,0.7577013475760661,1.0,0.5976341039383101,0.694217560267134,0.24096506982779764,0.0808978261900416,1.0,1.0
clip_l14,vehicle,vehicle::train_images::08361_c094_04.jpg,llm_attribute_list,information_reduced,0.8282302330269173,1,49,5,0.1389189233943645,1.0,vehicle::gallery_images::20762_c156_00.jpg,0.6893113096325528,1.0,0.5121336020542266,0.5965246781229386,0.3160966309726907,0.1389189233943645,1.0,1.0
clip_l14,vehicle,vehicle::train_images::08361_c094_04.jpg,llm_distinctive_first,information_reduced,0.7565049043839155,1,49,5,0.09113802090560841,1.0,vehicle::gallery_images::20762_c156_00.jpg,0.6653668834783071,1.0,0.42694324327892363,0.5362241103830915,0.32956166110499185,0.09113802090560841,1.0,1.0
clip_l14,vehicle,vehicle::train_images::03678_c014_03.jpg,llm_attribute_list,information_reduced,0.9000212602343464,1,49,5,0.2098422865934816,1.0,vehicle::train_images::13608_c139_04.jpg,0.710447035730593,1.0,0.5673195039518713,0.6612728266646815,0.3327017562824751,0.18957422450375339,1.0,1.0
clip_l14,vehicle,vehicle::train_images::03678_c014_03.jpg,llm_distinctive_first,information_reduced,0.6938326619603977,1,49,5,0.24185085542288987,1.0,vehicle::train_images::13608_c139_04.jpg,0.5185895366576394,1.0,0.37907380795240714,0.4993682688727066,0.3147588540079906,0.17524312530275832,1.0,1.0
clip_l14,vehicle,vehicle::query_images::20204_c041_01.jpg,llm_attribute_list,information_reduced,0.9728904752325398,1,49,5,0.08875545845581245,1.0,vehicle::train_images::16253_c139_00.jpg,0.8841350167767273,1.0,0.678158522906753,0.8465275733657064,0.29473195232578675,0.08875545845581245,1.0,1.0
clip_l14,vehicle,vehicle::query_images::20204_c041_01.jpg,llm_distinctive_first,information_reduced,0.8468247464060767,1,49,5,0.0929808720737022,1.0,vehicle::gallery_images::20159_c003_00.jpg,0.7538438743323745,1.0,0.5467573369332572,0.7141407566796338,0.3000674094728195,0.0929808720737022,1.0,1.0
clip_l14,vehicle,vehicle::query_images::21022_c078_01.jpg,llm_attribute_list,information_reduced,0.9269112567217138,1,49,5,0.14235946782782893,1.0,vehicle::train_images::04724_c110_02.jpg,0.7845517888938849,1.0,0.6213487843369004,0.7583101472308318,0.3055624723848134,0.14235946782782893,1.0,1.0
clip_l14,vehicle,vehicle::query_images::21022_c078_01.jpg,llm_distinctive_first,information_reduced,0.7520522464799133,1,49,5,0.10744013217162529,1.0,vehicle::train_images::09221_c139_03.jpg,0.653990904736889,1.0,0.5005261273716413,0.6311646889407817,0.25152611910827205,0.09806134174302428,1.0,1.0
clip_l14,vehicle,vehicle::query_images::20039_c015_00.jpg,llm_attribute_list,information_reduced,0.8082329803864237,1,49,5,0.20836375159224063,1.0,vehicle::query_images::20949_c003_01.jpg,0.599869228794183,1.0,0.4729834416061454,0.5813914005351603,0.33524953878027824,0.20836375159224063,1.0,1.0
clip_l14,vehicle,vehicle::query_images::20039_c015_00.jpg,llm_distinctive_first,information_reduced,0.6688392749966471,1,49,5,0.252455383284974,1.0,vehicle::train_images::13184_c012_02.jpg,0.5367983754121568,1.0,0.27870936563076926,0.49728559554647034,0.3901299093658778,0.13204089958449028,1.0,1.0
clip_l14,vehicle,vehicle::query_images::20298_c122_00.jpg,llm_attribute_list,information_reduced,0.9757826356312717,1,49,5,0.1845392101313953,1.0,vehicle::train_images::13946_c012_04.jpg,0.7912434254998764,1.0,0.5601480798976073,0.6811206220191006,0.41563455573366437,0.1845392101313953,1.0,1.0
clip_l14,vehicle,vehicle::query_images::20298_c122_00.jpg,llm_distinctive_first,information_reduced,0.8942131200209859,1,49,5,0.17066466802108005,1.0,vehicle::train_images::13946_c012_04.jpg,0.7235484519999058,1.0,0.5339258673860572,0.6548150785834137,0.36028725263492867,0.17066466802108005,1.0,1.0
clip_l14,vehicle,vehicle::query_images::21010_c163_01.jpg,llm_attribute_list,information_reduced,0.863072755370883,1,49,5,0.24234948485036178,1.0,vehicle::train_images::09221_c139_03.jpg,0.6500362658546058,1.0,0.5351286727991429,0.6169451481253264,0.3279440825717401,0.21303648951627718,1.0,1.0
clip_l14,vehicle,vehicle::query_images::21010_c163_01.jpg,llm_distinctive_first,information_reduced,0.7303319764344938,1,49,5,0.2764626112716029,1.0,vehicle::gallery_images::20591_c110_03.jpg,0.5322832297880324,1.0,0.3965303176950737,0.5010668632267877,0.3338016587394201,0.19804874664646133,1.0,1.0
clip_l14,vehicle,vehicle::query_images::20249_c003_00.jpg,llm_attribute_list,information_reduced,0.937265594676365,1,49,5,0.07297269562258868,1.0,vehicle::gallery_images::21216_c003_04.jpg,0.8642928990537764,1.0,0.6970359715929413,0.8120832167783324,0.24022962308342377,0.07297269562258868,1.0,1.0
clip_l14,vehicle,vehicle::query_images::20249_c003_00.jpg,llm_distinctive_first,information_reduced,0.8190442307636604,2,49,5,-0.06419559653606999,0.8,vehicle::train_images::05432_c163_04.jpg,0.8832398272997304,0.9795918367346939,0.5269160900534613,0.7783716651287378,0.2921281407101991,-0.06419559653606999,0.0,0.5
clip_l14,vehicle,vehicle::query_images::20506_c051_01.jpg,llm_attribute_list,information_reduced,0.899400074107732,1,49,5,0.11961193617681365,1.0,vehicle::train_images::04724_c110_02.jpg,0.7797881379309184,1.0,0.5380674173372886,0.6729363318856859,0.36133265677044346,0.11961193617681365,1.0,1.0
clip_l14,vehicle,vehicle::query_images::20506_c051_01.jpg,llm_distinctive_first,information_reduced,0.8166601913036482,1,49,5,0.1028534626088552,1.0,vehicle::train_images::04724_c110_02.jpg,0.713806728694793,1.0,0.5141773840647051,0.6173006335099863,0.30248280723894305,0.1028534626088552,1.0,1.0
clip_l14,vehicle,vehicle::query_images::21112_c079_00.jpg,llm_attribute_list,information_reduced,0.895544362390235,1,49,5,0.2219575865891028,1.0,vehicle::train_images::18263_c110_02.jpg,0.6735867758011322,1.0,0.5049064504171394,0.620414052129152,0.3906379119730956,0.2219575865891028,1.0,1.0
clip_l14,vehicle,vehicle::query_images::21112_c079_00.jpg,llm_distinctive_first,information_reduced,0.8654756932419876,1,49,5,0.2692431061637257,1.0,vehicle::train_images::02440_c090_02.jpg,0.6069759285051324,1.0,0.461841740956327,0.5877938359332345,0.40363395228566057,0.2584997647368552,1.0,1.0
clip_l14,vehicle,vehicle::query_images::20949_c003_01.jpg,llm_attribute_list,information_reduced,0.9212171646303275,1,49,5,0.08322568297854982,1.0,vehicle::gallery_images::20877_c110_00.jpg,0.8379914816517777,1.0,0.665036293460362,0.7952778267837032,0.2561808711699656,0.08322568297854982,1.0,1.0
clip_l14,vehicle,vehicle::query_images::20949_c003_01.jpg,llm_distinctive_first,information_reduced,0.8119399248635975,1,49,5,0.07170664112092862,1.0,vehicle::gallery_images::20877_c110_00.jpg,0.7402332837426688,1.0,0.532001751061596,0.6880766469768651,0.2799381738020015,0.07170664112092862,1.0,1.0
clip_l14,vehicle,vehicle::query_images::20272_c102_00.jpg,llm_attribute_list,information_reduced,0.8479248330572826,1,49,5,0.013653569756248096,1.0,vehicle::query_images::20249_c003_00.jpg,0.8342712633010345,1.0,0.589667280819985,0.7863689072304223,0.2582575522372976,0.013653569756248096,1.0,1.0
clip_l14,vehicle,vehicle::query_images::20272_c102_00.jpg,llm_distinctive_first,information_reduced,0.8141546439545995,1,49,5,0.09248149526363703,1.0,vehicle::train_images::05432_c163_04.jpg,0.7216731486909624,1.0,0.445942488282675,0.6260228314328473,0.36821215567192445,0.09248149526363703,1.0,1.0
clip_l14,vehicle,vehicle::gallery_images::20591_c110_03.jpg,llm_attribute_list,information_reduced,0.9363140556409274,1,49,5,0.1667478881748472,1.0,vehicle::query_images::20949_c003_01.jpg,0.7695661674660802,1.0,0.6583890171791703,0.7386397126844653,0.2779250384617571,0.1667478881748472,1.0,1.0
clip_l14,vehicle,vehicle::gallery_images::20591_c110_03.jpg,llm_distinctive_first,information_reduced,0.9184808433419879,1,49,5,0.33070164351941866,1.0,vehicle::train_images::16614_c041_04.jpg,0.6095885597854693,1.0,0.45542384724096,0.5770030345459333,0.46305699610102785,0.30889228355651854,1.0,1.0
clip_l14,vehicle,vehicle::gallery_images::20535_c170_02.jpg,llm_attribute_list,information_reduced,0.9066855078635627,2,49,5,-0.020829566670891753,0.8,vehicle::gallery_images::21216_c003_04.jpg,0.9275150745344545,0.9795918367346939,0.6751879781623228,0.8188477371572134,0.23149752970123993,-0.020829566670891753,0.0,0.5
clip_l14,vehicle,vehicle::gallery_images::20535_c170_02.jpg,llm_distinctive_first,information_reduced,0.9240700158687049,1,49,5,0.10954231953599136,1.0,vehicle::gallery_images::21216_c003_04.jpg,0.8145276963327135,1.0,0.5532737377424088,0.690877899322637,0.370796278126296,0.10954231953599136,1.0,1.0
clip_l14,vehicle,vehicle::gallery_images::20877_c110_00.jpg,llm_attribute_list,information_reduced,0.9216299146787066,1,49,5,0.2027980229986015,1.0,vehicle::gallery_images::20559_c170_01.jpg,0.7459134899577419,1.0,0.5592894351666883,0.709476257491823,0.3623404795120183,0.17571642472096471,1.0,1.0
clip_l14,vehicle,vehicle::gallery_images::20877_c110_00.jpg,llm_distinctive_first,information_reduced,0.9011706909684345,1,49,5,0.22353667848274938,1.0,vehicle::gallery_images::20559_c170_01.jpg,0.7550694345714845,1.0,0.5030146637181351,0.6555506516571412,0.3981560272502994,0.14610125639695004,1.0,1.0
clip_l14,vehicle,vehicle::gallery_images::20159_c003_00.jpg,llm_attribute_list,information_reduced,0.898719492180938,1,49,5,0.05166329569858752,1.0,vehicle::train_images::04455_c078_00.jpg,0.8470561964823505,1.0,0.6654541090913788,0.7843758987027235,0.23326538308955924,0.05166329569858752,1.0,1.0
clip_l14,vehicle,vehicle::gallery_images::20159_c003_00.jpg,llm_distinctive_first,information_reduced,0.7972575282896232,1,49,5,0.1859051671086186,1.0,vehicle::train_images::12849_c170_02.jpg,0.631968122339561,1.0,0.4704801042842028,0.6087180683150196,0.32677742400542037,0.16528940595006214,1.0,1.0
clip_l14,vehicle,vehicle::gallery_images::21199_c014_04.jpg,llm_attribute_list,information_reduced,0.8747389519305022,1,49,5,0.047313527653604415,1.0,vehicle::train_images::05685_c100_04.jpg,0.8274254242768978,1.0,0.6447331469573725,0.73938652096941,0.23000580497312972,0.047313527653604415,1.0,1.0
clip_l14,vehicle,vehicle::gallery_images::21199_c014_04.jpg,llm_distinctive_first,information_reduced,0.8401865492803275,1,49,5,0.25415511504391364,1.0,vehicle::train_images::05685_c100_04.jpg,0.5860314342364139,1.0,0.4574049798268563,0.5713491254490968,0.38278156945347125,0.25415511504391364,1.0,1.0
clip_l14,vehicle,vehicle::gallery_images::20762_c156_00.jpg,llm_attribute_list,information_reduced,0.9146521741192836,1,49,5,0.1661411059284067,1.0,vehicle::train_images::19666_c077_02.jpg,0.7485110681908769,1.0,0.6049078323735747,0.7260624947461147,0.30974434174570886,0.1661411059284067,1.0,1.0
clip_l14,vehicle,vehicle::gallery_images::20762_c156_00.jpg,llm_distinctive_first,information_reduced,0.8595004345220129,1,49,5,0.2253145010461678,1.0,vehicle::train_images::19666_c077_02.jpg,0.6341859334758451,1.0,0.4958411543315766,0.5768087425380236,0.36365928019043625,0.2253145010461678,1.0,1.0
clip_l14,vehicle,vehicle::gallery_images::20070_c017_01.jpg,llm_attribute_list,information_reduced,0.8750657494256096,1,49,5,0.27619810151730606,1.0,vehicle::gallery_images::20877_c110_00.jpg,0.5988676479083035,1.0,0.438925058030659,0.5562522385025126,0.43614069139495054,0.27619810151730606,1.0,1.0
clip_l14,vehicle,vehicle::gallery_images::20070_c017_01.jpg,llm_distinctive_first,information_reduced,0.9132186552732614,1,49,5,0.33314174771113936,1.0,vehicle::gallery_images::20559_c170_01.jpg,0.580076907562122,1.0,0.2868866727092306,0.49086454588143275,0.6263319825640308,0.33314174771113936,1.0,1.0
clip_l14,vehicle,vehicle::gallery_images::21216_c003_04.jpg,llm_attribute_list,information_reduced,0.9542425197389246,1,49,5,0.028022418942470928,1.0,vehicle::gallery_images::20535_c170_02.jpg,0.9262201007964537,1.0,0.6534205569583079,0.8160596066687482,0.3008219627806167,0.028022418942470928,1.0,1.0
clip_l14,vehicle,vehicle::gallery_images::21216_c003_04.jpg,llm_distinctive_first,information_reduced,0.861121744940723,2,49,5,-0.04086518220031554,0.8,vehicle::gallery_images::20535_c170_02.jpg,0.9019869271410386,0.9795918367346939,0.5647840441764562,0.7200084162709895,0.2963377007642668,-0.04086518220031554,0.0,0.5
clip_l14,vehicle,vehicle::gallery_images::20559_c170_01.jpg,llm_attribute_list,information_reduced,0.9143690018251832,1,49,5,0.14942905407623785,1.0,vehicle::gallery_images::20877_c110_00.jpg,0.7649399477489454,1.0,0.48729695098714293,0.6177177244639857,0.4270720508380403,0.14942905407623785,1.0,1.0
clip_l14,vehicle,vehicle::gallery_images::20559_c170_01.jpg,llm_distinctive_first,information_reduced,0.8719761428180177,1,49,5,0.18178724054330897,1.0,vehicle::gallery_images::20877_c110_00.jpg,0.6901889022747087,1.0,0.4488546905130262,0.5725007106056803,0.42312145230499154,0.18178724054330897,1.0,1.0
clip_l14,vehicle,vehicle::gallery_images::20401_c023_03.jpg,llm_attribute_list,information_reduced,0.9310249213932028,1,49,5,0.4765053431560482,1.0,vehicle::train_images::09221_c139_03.jpg,0.4545195782371546,1.0,0.2544177302910088,0.42052023387628323,0.676607191102194,0.4765053431560482,1.0,1.0
clip_l14,vehicle,vehicle::gallery_images::20401_c023_03.jpg,llm_distinctive_first,information_reduced,0.912067466296909,1,49,5,0.45524065399906316,1.0,vehicle::train_images::09221_c139_03.jpg,0.4568268122978459,1.0,0.23151719128536768,0.414591769052442,0.6805502750115413,0.45524065399906316,1.0,1.0
clip_l14,face,face::train::170623.jpg,llm_attribute_list,information_reduced,0.8075078569775087,25,49,5,0.005958650806547672,1.0,face::train::001042.jpg,0.8579496281448479,0.5102040816326531,0.8056909861509576,0.8490292917299935,0.0018168708265511313,-0.05044177116733917,0.0,0.04
clip_l14,face,face::train::170623.jpg,llm_distinctive_first,information_reduced,0.8027688356678674,4,49,5,0.0002850750709783023,1.0,face::test::183801.jpg,0.8152345529396289,0.9387755102040817,0.7496855678370342,0.8028625461091983,0.05308326783083317,-0.01246571727176149,0.0,0.25
clip_l14,face,face::train::081413.jpg,llm_attribute_list,information_reduced,0.8298722158120884,23,49,5,-0.04867980373408676,0.6,face::train::149220.jpg,0.8986537990798702,0.5510204081632653,0.8268529033081551,0.8701726473083709,0.00301931250393328,-0.06878158326778183,0.0,0.043478260869565216
clip_l14,face,face::train::081413.jpg,llm_distinctive_first,information_reduced,0.8166948665442296,12,49,5,-0.014305131380518366,0.4,face::train::157804.jpg,0.8707129820459838,0.7755102040816326,0.7581159920360706,0.8433297748167785,0.05857887450815902,-0.05401811550175417,0.0,0.08333333333333333
clip_l14,face,face::train::137722.jpg,llm_attribute_list,information_reduced,0.8204473774644444,15,49,5,-0.024040382167863417,0.2,face::train::089537.jpg,0.8444877596323078,0.7142857142857143,0.7862978964698495,0.8390046703593921,0.034149480994594916,-0.024040382167863417,0.0,0.06666666666666667
clip_l14,face,face::train::137722.jpg,llm_distinctive_first,information_reduced,0.6995050599722049,1,49,5,0.06743700817301934,1.0,face::train::123459.jpg,0.6513431855887724,1.0,0.5992010411422711,0.6374990885075684,0.10030401882993378,0.04816187438343256,1.0,1.0
clip_l14,face,face::train::071174.jpg,llm_attribute_list,information_reduced,0.871738959872834,1,49,5,0.027312614895862453,1.0,face::train::001042.jpg,0.8470548281988636,1.0,0.8020487787777905,0.8428808839830413,0.06969018109504355,0.024684131673970433,1.0,1.0
clip_l14,face,face::train::071174.jpg,llm_distinctive_first,information_reduced,0.6300547479104093,2,49,5,0.035085432922728144,1.0,face::train::137722.jpg,0.6408112041603659,0.9795918367346939,0.5436333499416401,0.5963784955342324,0.08642139796876913,-0.01075645624995658,0.0,0.5
clip_l14,face,face::train::166091.jpg,llm_attribute_list,information_reduced,0.8291832105670046,15,49,5,0.008115068993588048,1.0,face::train::001042.jpg,0.8817332945558518,0.7142857142857143,0.8164430127327741,0.8493223379773037,0.012740197834230527,-0.052550083988847196,0.0,0.06666666666666667
clip_l14,face,face::train::166091.jpg,llm_distinctive_first,information_reduced,0.793386993121746,13,49,5,-0.028295325144246708,0.4,face::train::170623.jpg,0.842529659106061,0.7551020408163265,0.7534674353884279,0.8301592420482274,0.03991955773331812,-0.04914266598431505,0.0,0.07692307692307693
clip_l14,face,face::train::157804.jpg,llm_attribute_list,information_reduced,0.8338141307924511,16,49,5,-0.024676437926688277,0.4,face::train::001042.jpg,0.8817065022470875,0.6938775510204082,0.8157322225450632,0.8583750030644873,0.01808190824738798,-0.04789237145463632,0.0,0.0625
clip_l14,face,face::train::157804.jpg,llm_distinctive_first,information_reduced,0.8280239190339774,1,49,5,0.02242791204531902,1.0,face::train::141457.jpg,0.8055960069886584,1.0,0.6877087328989098,0.7803043779597196,0.14031518613506766,0.02242791204531902,1.0,1.0
clip_l14,face,face::train::091980.jpg,llm_attribute_list,information_reduced,0.8556374611543445,5,49,5,-0.0026410667500151863,0.6,face::train::001042.jpg,0.8590257197389845,0.9183673469387755,0.8029617013128936,0.8575170108419309,0.0526757598414509,-0.0033882585846399804,0.0,0.2
clip_l14,face,face::train::091980.jpg,llm_distinctive_first,information_reduced,0.8550449608137286,1,49,5,0.05649771662105252,1.0,face::train::008309.jpg,0.8163359018764236,1.0,0.7493986107028539,0.790674662038966,0.10564635011087475,0.03870905893730503,1.0,1.0
clip_l14,face,face::train::121281.jpg,llm_attribute_list,information_reduced,0.8814605796743318,3,49,5,0.011839493629382303,1.0,face::train::001042.jpg,0.8888867856915399,0.9591836734693877,0.8258150374318569,0.8669087149809241,0.055645542242474866,-0.007426206017208115,0.0,0.3333333333333333
clip_l14,face,face::train::121281.jpg,llm_distinctive_first,information_reduced,0.7824297645363976,8,49,5,-0.004371926063988063,0.6,face::train::008309.jpg,0.8112586864736917,0.8571428571428571,0.760672667982536,0.7906275567500194,0.0217570965538616,-0.02882892193729414,0.0,0.125
clip_l14,face,face::train::114832.jpg,llm_attribute_list,information_reduced,0.8355057465492176,27,49,5,-0.019301426870070415,0.4,face::train::065762.jpg,0.8845744381402966,0.46938775510204084,0.8358895983603682,0.8667618592425854,-0.00038385181115063727,-0.04906869159107896,0.0,0.037037037037037035
clip_l14,face,face::train::114832.jpg,llm_distinctive_first,information_reduced,0.8597852138393857,1,49,5,0.0161878702133601,1.0,face::test::201409.jpg,0.8435973436260256,1.0,0.7302384440517825,0.8211897963865732,0.12954676978760316,0.0161878702133601,1.0,1.0
clip_l14,face,face::train::090489.jpg,llm_attribute_list,information_reduced,0.8625724285648046,4,49,5,0.02764615444427565,1.0,face::train::065762.jpg,0.8940031874650038,0.9387755102040817,0.813502856386409,0.867492594038897,0.04906957217839569,-0.031430758900199196,0.0,0.25
clip_l14,face,face::train::090489.jpg,llm_distinctive_first,information_reduced,0.7757681163306702,1,49,5,0.005513919690308677,1.0,face::train::101485.jpg,0.7702541966403615,1.0,0.7227153358289288,0.7611207203436695,0.05305278050174145,0.005513919690308677,1.0,1.0
clip_l14,face,face::train::008309.jpg,llm_attribute_list,information_reduced,0.8574754310220716,4,49,5,0.007328304303287458,1.0,face::train::001042.jpg,0.8731019555446894,0.9387755102040817,0.795461145947233,0.8584367607746808,0.06201428507483853,-0.015626524522617813,0.0,0.25
clip_l14,face,face::train::008309.jpg,llm_distinctive_first,information_reduced,0.6871239844134476,1,49,5,0.026861831541813652,1.0,face::test::185812.jpg,0.6637534355697114,1.0,0.6025835276208165,0.6546182814732044,0.08454045679263111,0.023370548843736128,1.0,1.0
clip_l14,face,face::train::129132.jpg,llm_attribute_list,information_reduced,0.8656296552662397,6,49,5,-0.012530224902115306,0.8,face::train::065762.jpg,0.9006153217559334,0.8979591836734694,0.8220241263409157,0.8752113426163137,0.04360552892532399,-0.0349856664896937,0.0,0.16666666666666666
clip_l14,face,face::train::129132.jpg,llm_distinctive_first,information_reduced,0.7177662579726034,2,49,5,-0.023029859905417505,0.8,face::train::141457.jpg,0.7407961178780209,0.9795918367346939,0.6414050634791909,0.7166550724930731,0.0763611944934125,-0.023029859905417505,0.0,0.5
clip_l14,face,face::train::053065.jpg,llm_attribute_list,information_reduced,0.8751524757495626,2,49,5,0.024540647266125815,1.0,face::train::001042.jpg,0.8803840403069578,0.9795918367346939,0.8170551411196748,0.8540197974912802,0.058097334629887754,-0.005231564557395263,0.0,0.5
clip_l14,face,face::train::053065.jpg,llm_distinctive_first,information_reduced,0.8330972637624722,7,49,5,0.008606269178758397,1.0,face::train::123459.jpg,0.850709257901875,0.8775510204081632,0.7920902099086403,0.8395317742424173,0.041007053853831854,-0.017611994139402842,0.0,0.14285714285714285
clip_l14,face,face::train::143554.jpg,llm_attribute_list,information_reduced,0.7631629782490453,39,49,5,-0.060530324344423736,0.0,face::train::065762.jpg,0.8476175928744029,0.22448979591836735,0.7933042188701943,0.836574924828863,-0.03014124062114898,-0.08445461462535753,0.0,0.02564102564102564
clip_l14,face,face::train::143554.jpg,llm_distinctive_first,information_reduced,0.6192747469261672,1,49,5,0.059877197093429535,1.0,face::train::082954.jpg,0.6092377854436102,1.0,0.5105831057275263,0.5653230509311691,0.10869164119864094,0.01003696148255706,1.0,1.0
clip_l14,face,face::train::178182.jpg,llm_attribute_list,information_reduced,0.8217557051455299,18,49,5,-0.023785448515469265,0.2,face::train::071174.jpg,0.8455411536609991,0.6530612244897959,0.8008469304027176,0.839779467201036,0.020908774742812275,-0.023785448515469265,0.0,0.05555555555555555
clip_l14,face,face::train::178182.jpg,llm_distinctive_first,information_reduced,0.7447313014782474,19,49,5,-0.051981111826049586,0.6,face::train::001042.jpg,0.8285104927153262,0.6326530612244898,0.7257296322009268,0.7924204319460403,0.01900166927732061,-0.08377919123707878,0.0,0.05263157894736842
clip_l14,face,face::train::063618.jpg,llm_attribute_list,information_reduced,0.8266573021049107,25,49,5,-0.034620216558927,0.4,face::train::141457.jpg,0.8721702105084415,0.5102040816326531,0.8257472370903455,0.8695111597162533,0.0009100650145652533,-0.04551290840353073,0.0,0.04
clip_l14,face,face::train::063618.jpg,llm_distinctive_first,information_reduced,0.8099746087960111,14,49,5,-0.04831593849572058,0.4,face::train::157804.jpg,0.8582905472917317,0.7346938775510204,0.7773972560948679,0.8464946328280659,0.03257735270114326,-0.04831593849572058,0.0,0.07142857142857142
clip_l14,face,face::train::089537.jpg,llm_attribute_list,information_reduced,0.8916621137933329,1,49,5,0.0391403731007689,1.0,face::train::168471.jpg,0.8554156349194768,1.0,0.8041325296741273,0.8501779520891348,0.08752958411920564,0.036246478873856125,1.0,1.0
clip_l14,face,face::train::089537.jpg,llm_distinctive_first,information_reduced,0.7650725384821415,35,49,5,-0.050811154575237105,0.2,face::train::114832.jpg,0.8220854003923841,0.30612244897959184,0.7864493241745341,0.8163433579968892,-0.02137678569239254,-0.057012861910242574,0.0,0.02857142857142857
clip_l14,face,face::train::065762.jpg,llm_attribute_list,information_reduced,0.9341020226876001,1,49,5,0.04538604321646389,1.0,face::train::073196.jpg,0.8887159794711362,1.0,0.7911046005997737,0.8637186856926478,0.1429974220878264,0.04538604321646389,1.0,1.0
clip_l14,face,face::train::065762.jpg,llm_distinctive_first,information_reduced,0.8291747347531928,4,49,5,-0.0022233397904571905,0.8,face::train::114832.jpg,0.8331466761020713,0.9387755102040817,0.8007828800017216,0.8270667829625258,0.028391854751471213,-0.0039719413488784605,0.0,0.25
clip_l14,face,face::train::168471.jpg,llm_attribute_list,information_reduced,0.8794689279162471,2,49,5,-0.0034758700333330506,0.8,face::train::090489.jpg,0.8829447979495801,0.9795918367346939,0.8320813153141586,0.8706267802773854,0.04738761260208846,-0.0034758700333330506,0.0,0.5
clip_l14,face,face::train::168471.jpg,llm_distinctive_first,information_reduced,0.7376875908780214,6,49,5,-0.01531583497016853,0.8,face::train::091980.jpg,0.8161137227131201,0.8979591836734694,0.6932340410442316,0.7560970940002546,0.044453549833789796,-0.07842613183509872,0.0,0.16666666666666666
clip_l14,face,face::train::101485.jpg,llm_attribute_list,information_reduced,0.8768290556588705,1,49,5,0.007654564811367948,1.0,face::train::090489.jpg,0.8691744908475025,1.0,0.8176102438621906,0.861023361105247,0.05921881179667987,0.007654564811367948,1.0,1.0
clip_l14,face,face::train::101485.jpg,llm_distinctive_first,information_reduced,0.6278205096073091,5,49,5,0.029008125886479386,1.0,face::train::091980.jpg,0.6630515291208869,0.9183673469387755,0.5396189743858895,0.6324188322362498,0.0882015352214196,-0.03523101951357788,0.0,0.2
clip_l14,face,face::train::023736.jpg,llm_attribute_list,information_reduced,0.8791513075396342,5,49,5,-0.0037402111743969346,0.8,face::train::065762.jpg,0.8896598856770435,0.9183673469387755,0.8303342923749573,0.8808322321128502,0.04881701516467696,-0.010508578137409241,0.0,0.2
clip_l14,face,face::train::023736.jpg,llm_distinctive_first,information_reduced,0.7842038308317612,3,49,5,0.013025621084116201,1.0,face::train::170623.jpg,0.8006824625838288,0.9591836734693877,0.6892878143633805,0.781940512629234,0.09491601646838066,-0.016478631752067652,0.0,0.3333333333333333
clip_l14,face,face::train::063708.jpg,llm_attribute_list,information_reduced,0.8623558857036677,7,49,5,-0.004424210023897257,0.8,face::train::065762.jpg,0.9006800610180823,0.8775510204081632,0.8307889446606846,0.8794350137388028,0.03156694104298308,-0.038324175314414566,0.0,0.14285714285714285
clip_l14,face,face::train::063708.jpg,llm_distinctive_first,information_reduced,0.7024197853763641,34,49,5,-0.056761728250623644,0.2,face::train::157804.jpg,0.8017440457651679,0.32653061224489793,0.7268271551478442,0.792536208744644,-0.02440736977148017,-0.09932426038880382,0.0,0.029411764705882353
clip_l14,face,face::train::138886.jpg,llm_attribute_list,information_reduced,0.8186561859440171,34,49,5,-0.035671969907889345,0.2,face::train::001042.jpg,0.8948190493355961,0.32653061224489793,0.8317036284269399,0.867096197280338,-0.013047442482922778,-0.07616286339157896,0.0,0.029411764705882353
clip_l14,face,face::train::138886.jpg,llm_distinctive_first,information_reduced,0.7659216257381345,8,49,5,-0.03535316857143034,0.8,face::train::091980.jpg,0.8111785431608309,0.8571428571428571,0.7390540989504515,0.7890023726083424,0.026867526787683005,-0.04525691742269644,0.0,0.125
clip_l14,face,face::train::149220.jpg,llm_attribute_list,information_reduced,0.8771332942313892,2,49,5,0.01849630049827322,1.0,face::train::001042.jpg,0.8813367147561142,0.9795918367346939,0.8228936858982742,0.8581379633416607,0.05423960833311503,-0.004203420524724999,0.0,0.5
clip_l14,face,face::train::149220.jpg,llm_distinctive_first,information_reduced,0.6047023605175008,4,49,5,-0.021294835037781956,0.8,face::test::185812.jpg,0.6259971955552828,0.9387755102040817,0.5585839488981544,0.6039147481204777,0.04611841161934638,-0.021294835037781956,0.0,0.25
clip_l14,face,face::train::060309.jpg,llm_attribute_list,information_reduced,0.8290321351804231,15,49,5,-0.043719049154507084,0.2,face::train::141457.jpg,0.8727511843349302,0.7142857142857143,0.8056515398679801,0.85743493827831,0.023380595312442964,-0.043719049154507084,0.0,0.06666666666666667
clip_l14,face,face::train::060309.jpg,llm_distinctive_first,information_reduced,0.6113905172059975,6,49,5,-0.02855958979742579,0.4,face::train::088914.jpg,0.6423154317240741,0.8979591836734694,0.5428128480622534,0.626185271073632,0.06857766914374408,-0.030924914518076663,0.0,0.16666666666666666
clip_l14,face,face::train::025692.jpg,llm_attribute_list,information_reduced,0.8440756895159669,5,49,5,0.0031197616111019455,1.0,face::train::065762.jpg,0.8695405172164303,0.9183673469387755,0.8186942014890692,0.8529559157875393,0.02538148802689766,-0.025464827700463433,0.0,0.2
clip_l14,face,face::train::025692.jpg,llm_distinctive_first,information_reduced,0.7406849345587599,31,49,5,-0.04602368022943282,0.2,face::train::032580.jpg,0.8433654586973971,0.3877551020408163,0.7642017571187237,0.8215256696126425,-0.02351682255996379,-0.10268052413863715,0.0,0.03225806451612903
clip_l14,face,face::train::060555.jpg,llm_attribute_list,information_reduced,0.8826238104506205,2,49,5,0.011956721612962795,1.0,face::train::065762.jpg,0.8919258383062709,0.9795918367346939,0.8153531907042193,0.8680050674036706,0.06727061974640125,-0.009302027855650374,0.0,0.5
clip_l14,face,face::train::060555.jpg,llm_distinctive_first,information_reduced,0.8109363135848796,4,49,5,-0.010946475076336615,0.6,face::train::157804.jpg,0.8314347290919324,0.9387755102040817,0.7182884390982553,0.8118809282821556,0.09264787448662426,-0.02049841550705278,0.0,0.25
clip_l14,face,face::train::150659.jpg,llm_attribute_list,information_reduced,0.8738922005203714,1,49,5,0.03158181885240052,1.0,face::train::073196.jpg,0.8474771039024046,1.0,0.8109313464954235,0.8426325793743031,0.06296085402494789,0.026415096617966816,1.0,1.0
clip_l14,face,face::train::150659.jpg,llm_distinctive_first,information_reduced,0.6787605169766476,8,49,5,-0.00956393171574943,0.8,face::train::178129.jpg,0.7153126111784383,0.8571428571428571,0.648765800189932,0.6882986433199014,0.029994716786715614,-0.03655209420179062,0.0,0.125
clip_l14,face,face::train::026996.jpg,llm_attribute_list,information_reduced,0.8594040225937503,6,49,5,-0.012136615789845373,0.8,face::train::168471.jpg,0.8715406383835956,0.8979591836734694,0.8207633263941725,0.8653167796985214,0.03864069619957777,-0.012136615789845373,0.0,0.16666666666666666
clip_l14,face,face::train::026996.jpg,llm_distinctive_first,information_reduced,0.6731980681974813,7,49,5,0.010117445502735634,1.0,face::train::157804.jpg,0.7107755939916651,0.8775510204081632,0.6403899958711061,0.6819732425490596,0.03280807232637517,-0.03757752579418383,0.0,0.14285714285714285
clip_l14,face,face::train::082954.jpg,llm_attribute_list,information_reduced,0.8076229949464855,13,49,5,-0.010598414159778802,0.8,face::train::090489.jpg,0.8427528600065416,0.7551020408163265,0.793399686638058,0.8379960251926366,0.01422330830842744,-0.03512986506005611,0.0,0.07692307692307693
clip_l14,face,face::train::082954.jpg,llm_distinctive_first,information_reduced,0.7783454028345886,1,49,5,0.03600822809143178,1.0,face::train::091980.jpg,0.7588325466021429,1.0,0.7034676518532366,0.7442598631479066,0.07487775098135208,0.019512856232445697,1.0,1.0
clip_l14,face,face::train::042973.jpg,llm_attribute_list,information_reduced,0.8641362827717081,2,49,5,0.024219514795091546,1.0,face::train::065762.jpg,0.8871708382954473,0.9795918367346939,0.8125008612375522,0.8521745811618247,0.0516354215341559,-0.02303455552373923,0.0,0.5
clip_l14,face,face::train::042973.jpg,llm_distinctive_first,information_reduced,0.7435248970678682,39,49,5,-0.04180756917412165,0.2,face::train::157804.jpg,0.8205776876697564,0.22448979591836735,0.7664500049752123,0.8015418466016957,-0.022925107907344144,-0.07705279060188819,0.0,0.02564102564102564
clip_l14,face,face::train::092618.jpg,llm_attribute_list,information_reduced,0.8761831876312083,2,49,5,0.017261706616862105,1.0,face::train::090489.jpg,0.8838334131999214,0.9795918367346939,0.8279975904610238,0.8616335159939977,0.04818559717018445,-0.007650225568713087,0.0,0.5
clip_l14,face,face::train::092618.jpg,llm_distinctive_first,information_reduced,0.7772293773376928,9,49,5,-0.01336956047567539,0.8,face::train::157804.jpg,0.8025793604813767,0.8367346938775511,0.7377583400795109,0.7917668997713058,0.03947103725818191,-0.025349983143683863,0.0,0.1111111111111111
clip_l14,face,face::train::073196.jpg,llm_attribute_list,information_reduced,0.8805160297347971,1,49,5,0.03518772037429896,1.0,face::train::065762.jpg,0.8773229718321842,1.0,0.8223230607817908,0.8549098479077971,0.0581929689530063,0.003193057902612928,1.0,1.0
clip_l14,face,face::train::073196.jpg,llm_distinctive_first,information_reduced,0.7665464004784746,14,49,5,-0.016217297488093863,0.8,face::train::032580.jpg,0.8283160094519839,0.7346938775510204,0.7235269276055261,0.810524892574303,0.043019472872948494,-0.06176960897350936,0.0,0.07142857142857142
clip_l14,face,face::train::178129.jpg,llm_attribute_list,information_reduced,0.8732688717310408,2,49,5,0.005124707272057827,1.0,face::train::001042.jpg,0.8792135174467454,0.9795918367346939,0.8216267954829681,0.8666498537971993,0.05164207624807271,-0.005944645715704522,0.0,0.5
clip_l14,face,face::train::178129.jpg,llm_distinctive_first,information_reduced,0.6784057065129987,4,49,5,-0.003046093476360978,0.8,face::train::001042.jpg,0.6966234567128927,0.9387755102040817,0.617045831042432,0.6760126783999897,0.06135987547056665,-0.018217750199894023,0.0,0.25
clip_l14,face,face::train::123459.jpg,llm_attribute_list,information_reduced,0.8895523106456786,1,49,5,0.03356826030772342,1.0,face::train::001042.jpg,0.8876561333563932,1.0,0.826697225099125,0.8668500541248934,0.06285508554655361,0.0018961772892854833,1.0,1.0
clip_l14,face,face::train::123459.jpg,llm_distinctive_first,information_reduced,0.8189020586937557,8,49,5,-0.007049062181318733,0.6,face::train::170623.jpg,0.8430355251293393,0.8571428571428571,0.7557599934188974,0.8271396012708836,0.06314206527485822,-0.024133466435583673,0.0,0.125
clip_l14,face,face::train::088914.jpg,llm_attribute_list,information_reduced,0.7843240350718681,3,49,5,-0.013610005535465652,0.6,face::train::063708.jpg,0.7979340406073337,0.9591836734693877,0.7085372445737378,0.7650632015308269,0.07578679049813031,-0.013610005535465652,0.0,0.3333333333333333
clip_l14,face,face::train::088914.jpg,llm_distinctive_first,information_reduced,0.6609724182665,1,49,5,0.057178602005216184,1.0,face::train::157804.jpg,0.6185860058705117,1.0,0.5493068478735357,0.6024280402740667,0.11166557039296432,0.04238641239598828,1.0,1.0
clip_l14,face,face::train::141457.jpg,llm_attribute_list,information_reduced,0.8370701163695098,8,49,5,-0.00022204334649034152,0.8,face::train::065762.jpg,0.8586536080920582,0.8571428571428571,0.8078012231448473,0.846562918501619,0.02926889322466253,-0.021583491722548365,0.0,0.125
clip_l14,face,face::train::141457.jpg,llm_distinctive_first,information_reduced,0.6420683957716125,2,49,5,0.016627525182360436,1.0,face::train::088914.jpg,0.6502076292317154,0.9795918367346939,0.5464782024992905,0.6146132871100422,0.09559019327232199,-0.008139233460102924,0.0,0.5
clip_l14,face,face::train::001042.jpg,llm_attribute_list,information_reduced,0.8641503863509161,1,49,5,0.004959730752532865,1.0,face::train::065762.jpg,0.8591906555983833,1.0,0.8039216714122039,0.8422279584392744,0.06022871493871218,0.004959730752532865,1.0,1.0
clip_l14,face,face::train::001042.jpg,llm_distinctive_first,information_reduced,0.8093653045609558,1,49,5,0.026590380524556534,1.0,face::test::185812.jpg,0.8054441216189293,1.0,0.7491790973275758,0.7867153635887737,0.060186207233379974,0.00392118294202648,1.0,1.0
clip_l14,face,face::train::032580.jpg,llm_attribute_list,information_reduced,0.8774774280645153,2,49,5,0.01591143936793049,1.0,face::train::149220.jpg,0.8779193657753279,0.9795918367346939,0.827381446361637,0.8682206777753966,0.05009598170287832,-0.0004419377108125788,0.0,0.5
clip_l14,face,face::train::032580.jpg,llm_distinctive_first,information_reduced,0.8347517511743732,6,49,5,-0.0203131294686687,0.2,face::train::109762.jpg,0.8608381512254542,0.8979591836734694,0.7293428921449148,0.8456566713137218,0.1054088590294584,-0.026086400051080982,0.0,0.16666666666666666
clip_l14,face,face::train::109762.jpg,llm_attribute_list,information_reduced,0.8509984337627969,10,49,5,-0.032910658256165126,0.6,face::train::023736.jpg,0.8839090920189621,0.8163265306122449,0.8184792713366679,0.8740610756922961,0.03251916242612907,-0.032910658256165126,0.0,0.1
clip_l14,face,face::train::109762.jpg,llm_distinctive_first,information_reduced,0.8259822774534362,4,49,5,-0.005672662884230295,0.8,face::train::032580.jpg,0.8332133112137263,0.9387755102040817,0.7361459633371167,0.827910828718282,0.08983631411631954,-0.0072310337602901065,0.0,0.25
clip_l14,face,face::test::189457.jpg,llm_attribute_list,information_reduced,0.8007756756768158,20,49,5,-0.022752593259937726,0.6,face::train::073196.jpg,0.8235282689367536,0.6122448979591837,0.7937752088774356,0.8211463408869999,0.007000466799380267,-0.022752593259937726,0.0,0.05
clip_l14,face,face::test::189457.jpg,llm_distinctive_first,information_reduced,0.8209395470133996,6,49,5,-0.006468117974402832,0.6,face::train::114832.jpg,0.8513684311602163,0.8979591836734694,0.7334849605801828,0.8269822812140217,0.0874545864332168,-0.03042888414681677,0.0,0.16666666666666666
clip_l14,face,face::test::186223.jpg,llm_attribute_list,information_reduced,0.8463599293515939,2,49,5,0.0036658073664537216,1.0,face::train::053065.jpg,0.848820124274102,0.9795918367346939,0.7865678764215986,0.8402103987758093,0.05979205292999523,-0.002460194922508152,0.0,0.5
clip_l14,face,face::test::186223.jpg,llm_distinctive_first,information_reduced,0.6436665204385298,19,49,5,-0.051206370816127667,0.2,face::train::082954.jpg,0.7137053754245226,0.6326530612244898,0.5888790466710164,0.6958025738890079,0.05478747376751336,-0.07003885498599283,0.0,0.05263157894736842
clip_l14,face,face::test::185812.jpg,llm_attribute_list,information_reduced,0.8415110968277091,5,49,5,0.0011598162308203985,1.0,face::train::001042.jpg,0.8839895056902699,0.9183673469387755,0.7895008663504524,0.8535840203582055,0.052010230477256725,-0.042478408862560824,0.0,0.2
clip_l14,face,face::test::185812.jpg,llm_distinctive_first,information_reduced,0.6878887382827221,15,49,5,-0.0434321014088761,0.2,face::train::088914.jpg,0.7331303886302074,0.7142857142857143,0.6502124290250855,0.7245097323048721,0.03767630925763665,-0.045241650347485285,0.0,0.06666666666666667
clip_l14,face,face::test::189858.jpg,llm_attribute_list,information_reduced,0.8039835093017287,17,49,5,-0.015160800583846168,0.6,face::train::065762.jpg,0.8561205551812174,0.673469387755102,0.7911898703911466,0.8389215266618673,0.01279363891058205,-0.05213704587948875,0.0,0.058823529411764705
clip_l14,face,face::test::189858.jpg,llm_distinctive_first,information_reduced,0.6985911965150939,32,49,5,-0.03669458119444635,0.0,face::train::082954.jpg,0.738178944598431,0.3673469387755102,0.7089521449851717,0.7334688190020596,-0.010360948470077735,-0.03958774808333709,0.0,0.03125
clip_l14,face,face::test::183801.jpg,llm_attribute_list,information_reduced,0.8646423402491392,2,49,5,0.012474436231187713,1.0,face::train::168471.jpg,0.8669035611503435,0.9795918367346939,0.8226847344249036,0.8522781785989649,0.04195760582423558,-0.002261220901204286,0.0,0.5
clip_l14,face,face::test::183801.jpg,llm_distinctive_first,information_reduced,0.6461747749830005,33,49,5,-0.019526580348553813,0.2,face::train::123459.jpg,0.7112399101863807,0.3469387755102041,0.664742152083592,0.7084867194752129,-0.01856737710059153,-0.0650651352033802,0.0,0.030303030303030304
clip_l14,face,face::test::188858.jpg,llm_attribute_list,information_reduced,0.8781012666232728,3,49,5,-0.004781135459374197,0.8,face::train::001042.jpg,0.9031209471831568,0.9591836734693877,0.8244963006312931,0.870176580686699,0.053604965991979725,-0.025019680559884017,0.0,0.3333333333333333
clip_l14,face,face::test::188858.jpg,llm_distinctive_first,information_reduced,0.7916619865127881,2,49,5,-0.0013577643516186066,0.8,face::test::196611.jpg,0.7930197508644067,0.9795918367346939,0.7167748788191894,0.7818347424430804,0.07488710769359863,-0.0013577643516186066,0.0,0.5
clip_l14,face,face::test::196777.jpg,llm_attribute_list,information_reduced,0.8098039733734359,19,49,5,-0.05586593798770656,0.2,face::train::065762.jpg,0.898038253682794,0.6326530612244898,0.79838895595535,0.8728015298995035,0.011415017418085927,-0.08823428030935809,0.0,0.05263157894736842
clip_l14,face,face::test::196777.jpg,llm_distinctive_first,information_reduced,0.8023429530652092,13,49,5,-0.05373611072826168,0.2,face::train::092618.jpg,0.8560790637934709,0.7551020408163265,0.744929147577467,0.8287627617755141,0.05741380548774222,-0.05373611072826168,0.0,0.07692307692307693
clip_l14,face,face::test::184003.jpg,llm_attribute_list,information_reduced,0.8523080789836229,11,49,5,-0.0429543627598582,0.4,face::train::065762.jpg,0.9265374328288979,0.7959183673469388,0.8127420710787056,0.8776018656137012,0.03956600790491738,-0.07422935384527496,0.0,0.09090909090909091
clip_l14,face,face::test::184003.jpg,llm_distinctive_first,information_reduced,0.8283365183117022,11,49,5,-0.011237889720730587,0.8,face::train::123459.jpg,0.8698506048263145,0.7959183673469388,0.7912150090091272,0.8448601409840946,0.03712150930257496,-0.0415140865146123,0.0,0.09090909090909091
clip_l14,face,face::test::201409.jpg,llm_attribute_list,information_reduced,0.8385135881161929,20,49,5,-0.01891590235295504,0.2,face::train::001042.jpg,0.893941859883605,0.6122448979591837,0.8346172531202877,0.8638617746316742,0.0038963349959052485,-0.05542827176741205,0.0,0.05
clip_l14,face,face::test::201409.jpg,llm_distinctive_first,information_reduced,0.8545017774619427,1,49,5,0.0003652100449427209,1.0,face::train::032580.jpg,0.854136567417,1.0,0.7798619627647716,0.8431281586351828,0.07463981469717107,0.0003652100449427209,1.0,1.0
clip_l14,face,face::test::196611.jpg,llm_attribute_list,information_reduced,0.8343759617916882,16,49,5,-0.01243396137049213,0.4,face::train::001042.jpg,0.8697307258211124,0.6938775510204082,0.8197959404523971,0.8537764184628672,0.014580021339291038,-0.03535476402942428,0.0,0.0625
clip_l14,face,face::test::196611.jpg,llm_distinctive_first,information_reduced,0.7583870574439031,2,49,5,0.013093508340883964,1.0,face::train::091980.jpg,0.7612161410397553,0.9795918367346939,0.6612066754720346,0.7430664777622791,0.09718038197186851,-0.002829083595852211,0.0,0.5
clip_l14,person,person::train::00197_4.png,control_synonym,semantic_preserving,0.9978998932649445,1,49,5,0.20976057885025978,1.0,person::train::11561_6.jpg,0.7881393144146848,1.0,0.4410880901897754,0.6303952979174537,0.5568118030751692,0.20976057885025978,1.0,1.0
clip_l14,person,person::train::00197_4.png,control_one_fact,semantic_changed,0.9154471332513451,1,49,5,0.21253711502820216,1.0,person::train::11561_6.jpg,0.7029100182231429,1.0,0.46104311602925374,0.6681415364279859,0.45440401722209134,0.21253711502820216,1.0,1.0
clip_l14,person,person::query::26685_1.jpg,control_synonym,semantic_preserving,0.8243812574442324,2,49,5,0.016743423729316698,1.0,person::train::12462_1.jpg,0.8305344841296168,0.9795918367346939,0.5437355395531014,0.7366971041870711,0.280645717891131,-0.0061532266853844275,0.0,0.5
clip_l14,person,person::query::26685_1.jpg,control_one_fact,semantic_changed,0.6991869081852139,6,49,5,-0.08451614348763503,0.4,person::gallery::26789_1.jpg,0.8303377227176968,0.8979591836734694,0.5522847888313049,0.7608142556552286,0.14690211935390896,-0.1311508145324829,0.0,0.16666666666666666
clip_l14,person,person::gallery::26474_5.jpg,control_synonym,semantic_preserving,0.9679811364240848,1,49,5,0.16990654497598323,1.0,person::gallery::15194_3.png,0.7980745914481016,1.0,0.5688909346096434,0.7342951079865361,0.39909020181444144,0.16990654497598323,1.0,1.0
clip_l14,person,person::gallery::26474_5.jpg,control_one_fact,semantic_changed,0.9519604586006907,1,49,5,0.16429971606615124,1.0,person::gallery::15194_3.png,0.7876607425345394,1.0,0.5721126209845624,0.7218531699866296,0.3798478376161283,0.16429971606615124,1.0,1.0
clip_l14,person,person::train::03736_1.jpg,control_synonym,semantic_preserving,0.9548891203340342,1,49,5,0.18426155190643634,1.0,person::train::02167_1.jpg,0.7706275684275978,1.0,0.5208553733760557,0.690516039527398,0.4340337469579785,0.18426155190643634,1.0,1.0
clip_l14,person,person::train::03736_1.jpg,control_one_fact,semantic_changed,0.9469325879692624,1,49,5,0.186933936820893,1.0,person::train::02167_1.jpg,0.7599986511483694,1.0,0.5087244166391918,0.6981458594832873,0.4382081713300706,0.186933936820893,1.0,1.0
clip_l14,person,person::query::14604_1.png,control_one_fact,semantic_changed,0.9407142545117153,1,49,5,0.18743843759556,1.0,person::train::08529_4.jpg,0.7532758169161553,1.0,0.5395949389632317,0.70015289054783,0.40111931554848357,0.18743843759556,1.0,1.0
clip_l14,vehicle,vehicle::train_images::19666_c077_02.jpg,control_synonym,semantic_preserving,0.821386185652897,1,49,5,0.1651230997703006,1.0,vehicle::gallery_images::20762_c156_00.jpg,0.6747076023272298,1.0,0.4683959121710363,0.6665240897201741,0.3529902734818607,0.1466785833256672,1.0,1.0
clip_l14,vehicle,vehicle::train_images::19666_c077_02.jpg,control_one_fact,semantic_changed,0.785095884122114,1,49,5,0.07193264590709758,1.0,vehicle::train_images::14387_c163_04.jpg,0.7131632382150164,1.0,0.49743855993365,0.6450476567389201,0.28765732418846396,0.07193264590709758,1.0,1.0
clip_l14,vehicle,vehicle::query_images::20204_c041_01.jpg,control_synonym,semantic_preserving,0.8864924973829903,1,49,5,0.0829425906127903,1.0,vehicle::train_images::16253_c139_00.jpg,0.8035499067702,1.0,0.5838468526847076,0.7535972872954713,0.3026456446982827,0.0829425906127903,1.0,1.0
clip_l14,vehicle,vehicle::query_images::20204_c041_01.jpg,control_one_fact,semantic_changed,0.7410097887609629,1,49,5,0.08424675752841482,1.0,vehicle::train_images::04724_c110_02.jpg,0.740759878151618,1.0,0.6035036183175335,0.7092869082952887,0.1375061704434294,0.0002499106093448722,1.0,1.0
clip_l14,vehicle,vehicle::gallery_images::20591_c110_03.jpg,control_synonym,semantic_preserving,0.8637400696819864,1,49,5,0.23790013583011382,1.0,vehicle::train_images::16614_c041_04.jpg,0.6525363707674733,1.0,0.4461127331944471,0.605968059531351,0.41762733648753925,0.21120369891451307,1.0,1.0
clip_l14,vehicle,vehicle::gallery_images::20591_c110_03.jpg,control_one_fact,semantic_changed,0.7572208853301498,1,49,5,0.30582790612451427,1.0,vehicle::gallery_images::20535_c170_02.jpg,0.5817700292700343,1.0,0.41107011414851113,0.5650316686711956,0.3461507711816386,0.17545085606011546,1.0,1.0
clip_l14,vehicle,vehicle::train_images::13184_c012_02.jpg,control_synonym,semantic_preserving,0.906608748872183,1,49,5,0.20597535514382637,1.0,vehicle::train_images::05685_c100_04.jpg,0.7006333937283566,1.0,0.5311476105929664,0.6291400789509636,0.37546113827921657,0.20597535514382637,1.0,1.0
clip_l14,vehicle,vehicle::train_images::13184_c012_02.jpg,control_one_fact,semantic_changed,0.9013969212249935,1,49,5,0.2718878060871204,1.0,vehicle::train_images::05685_c100_04.jpg,0.6295091151378731,1.0,0.47871460306671765,0.5932088003342957,0.42268231815827584,0.2718878060871204,1.0,1.0
clip_l14,vehicle,vehicle::query_images::21022_c078_01.jpg,control_synonym,semantic_preserving,0.7208557184882048,1,49,5,0.09422589728089092,1.0,vehicle::train_images::09221_c139_03.jpg,0.656804432004491,1.0,0.4491406058968862,0.6023073932086742,0.27171511259131864,0.06405128648371383,1.0,1.0
clip_l14,vehicle,vehicle::query_images::21022_c078_01.jpg,control_one_fact,semantic_changed,0.5913237513933437,3,49,5,0.006986032167839662,1.0,vehicle::query_images::20204_c041_01.jpg,0.6305763450299946,0.9591836734693877,0.44940125558481364,0.5884572190978826,0.14192249580853006,-0.0392525936366509,0.0,0.3333333333333333
clip_l14,face,face::train::170623.jpg,control_synonym,semantic_preserving,0.8155488519274239,1,49,5,0.00628546957251408,1.0,face::train::008309.jpg,0.8092633823549098,1.0,0.7041267538061855,0.796468002531977,0.11142209812123838,0.00628546957251408,1.0,1.0
clip_l14,face,face::train::170623.jpg,control_one_fact,semantic_changed,0.8271993662267489,1,49,5,0.01976852644588778,1.0,face::train::141457.jpg,0.8102665920136098,1.0,0.6874949024537853,0.8012974549889741,0.13970446377296364,0.0169327742131391,1.0,1.0
clip_l14,face,face::test::189457.jpg,control_one_fact,semantic_changed,0.8191590746567577,4,49,5,-0.014054977478784814,0.8,face::train::114832.jpg,0.8357337236826755,0.9387755102040817,0.7046089640385789,0.8188916648115242,0.11455011061817888,-0.016574649025917765,0.0,0.25
clip_l14,face,face::train::081413.jpg,control_one_fact,semantic_changed,0.6545145874233151,15,49,5,-0.07536231484611444,0.2,face::train::157804.jpg,0.7518979156130692,0.7142857142857143,0.6044966813459264,0.7316276284438659,0.05001790607738876,-0.09738332818975404,0.0,0.06666666666666667
clip_l14,face,face::test::186223.jpg,control_synonym,semantic_preserving,0.5702922097394764,11,49,5,-0.027798343159616934,0.2,face::train::082954.jpg,0.6505247243785228,0.7959183673469388,0.45129570196150326,0.5976969255362051,0.1189965077779731,-0.08023251463904646,0.0,0.09090909090909091
clip_l14,face,face::test::186223.jpg,control_one_fact,semantic_changed,0.5293411440723732,12,49,5,-0.04706519672873555,0.2,face::train::082954.jpg,0.6363917868073106,0.7755102040816326,0.4200619527219611,0.5744662227749208,0.10927919135041209,-0.10705064273493736,0.0,0.08333333333333333
clip_l14,face,face::train::137722.jpg,control_synonym,semantic_preserving,0.689015067463508,1,49,5,0.06641508790253037,1.0,face::test::183801.jpg,0.6225999795609777,1.0,0.47893766670987614,0.6012111434608245,0.2100774007536319,0.06641508790253037,1.0,1.0
clip_l14,face,face::train::137722.jpg,control_one_fact,semantic_changed,0.666224092162987,1,49,5,0.06877916448055821,1.0,face::test::183801.jpg,0.5974449276824287,1.0,0.43220002628905374,0.5767070211719063,0.2340240658739332,0.06877916448055821,1.0,1.0
clip_l14,person,person::train::06597_2.jpg,control_synonym,semantic_preserving,0.9880322069303534,1,49,5,0.07501385871180333,1.0,person::train::00233_10.png,0.9130183482185501,1.0,0.5899209557432965,0.783701529556761,0.3981112511870569,0.07501385871180333,1.0,1.0
clip_l14,person,person::train::10977_1.jpg,control_synonym,semantic_preserving,0.9791689696185133,1,49,5,0.31280917636585936,1.0,person::train::08634_3.jpg,0.6663597932526539,1.0,0.41381772230049496,0.5912266787910592,0.5653512473180183,0.31280917636585936,1.0,1.0
clip_l14,person,person::train::10977_1.jpg,control_one_fact,semantic_changed,0.9744159690482819,1,49,5,0.3134138807722924,1.0,person::train::08634_3.jpg,0.6610020882759895,1.0,0.41004345450073526,0.5734584643141536,0.5643725145475467,0.3134138807722924,1.0,1.0
clip_l14,person,person::train::12050_5.jpg,control_synonym,semantic_preserving,0.8542154107004911,1,49,5,0.09115173903885099,1.0,person::query::26943_3.jpg,0.7630636716616401,1.0,0.5368597759051161,0.7417319575540026,0.317355634795375,0.09115173903885099,1.0,1.0
clip_l14,person,person::train::12050_5.jpg,control_one_fact,semantic_changed,0.7973074071346544,2,49,5,-0.02014882175888233,0.8,person::gallery::15309_3.png,0.8174562288935368,0.9795918367346939,0.576765647433044,0.7784392620173433,0.22054175970161038,-0.02014882175888233,0.0,0.5
clip_l14,person,person::train::08529_4.jpg,control_synonym,semantic_preserving,0.9470757752107714,1,49,5,0.12347552409996843,1.0,person::train::08528_6.jpg,0.8236002511108029,1.0,0.579216969771461,0.705879480397557,0.3678588054393104,0.12347552409996843,1.0,1.0
clip_l14,person,person::train::08529_4.jpg,control_one_fact,semantic_changed,0.8803755442816947,1,49,5,0.06808537657833214,1.0,person::query::14604_1.png,0.8122901677033626,1.0,0.5839688283741995,0.7542639877782347,0.29640671590749523,0.06808537657833214,1.0,1.0
clip_l14,person,person::train::01742_4.jpg,control_synonym,semantic_preserving,0.9652038389003523,1,49,5,0.28700151118703787,1.0,person::train::03736_1.jpg,0.6782023277133145,1.0,0.4502490746262683,0.6382539505290135,0.514954764274084,0.28700151118703787,1.0,1.0
clip_l14,person,person::train::01742_4.jpg,control_one_fact,semantic_changed,0.9564737858109529,1,49,5,0.2768831724296381,1.0,person::train::03736_1.jpg,0.6795906133813148,1.0,0.4426043827506255,0.6274824187819134,0.5138694030603274,0.2768831724296381,1.0,1.0
clip_l14,person,person::train::05158_3.jpg,control_synonym,semantic_preserving,0.7600700202742359,2,49,5,-0.036349669550133745,0.8,person::train::01108_7.png,0.7964196898243696,0.9795918367346939,0.5645663119328247,0.7065096198818585,0.19550370834141118,-0.036349669550133745,0.0,0.5
clip_l14,person,person::train::05158_3.jpg,control_one_fact,semantic_changed,0.6354964462169854,6,49,5,-0.07451577826468747,0.6,person::train::08529_4.jpg,0.724746883399258,0.8979591836734694,0.5308835898706188,0.6844012250830017,0.10461285634636663,-0.08925043718227255,0.0,0.16666666666666666
clip_l14,person,person::train::02167_1.jpg,control_synonym,semantic_preserving,0.92828829421714,1,49,5,0.1380323030384818,1.0,person::gallery::26474_5.jpg,0.7902559911786582,1.0,0.5744095756013873,0.7006856891670231,0.3538787186157527,0.1380323030384818,1.0,1.0
clip_l14,person,person::train::02167_1.jpg,control_one_fact,semantic_changed,0.9232637727833675,1,49,5,0.14961993097531323,1.0,person::gallery::26474_5.jpg,0.7736438418080542,1.0,0.5817893039742468,0.7055184330302133,0.3414744688091207,0.14961993097531323,1.0,1.0
clip_l14,person,person::train::00233_10.png,control_synonym,semantic_preserving,0.9733064041592281,1,49,5,0.03824427999491298,1.0,person::train::06597_2.jpg,0.9350621241643151,1.0,0.5950083980819028,0.7602426351800439,0.37829800607732533,0.03824427999491298,1.0,1.0
clip_l14,person,person::train::00233_10.png,control_one_fact,semantic_changed,0.9144967724629047,1,49,5,0.024748269790601962,1.0,person::train::06597_2.jpg,0.8897485026723028,1.0,0.5784478471619365,0.7697163319254233,0.3360489253009682,0.024748269790601962,1.0,1.0
clip_l14,person,person::train::01108_7.png,control_synonym,semantic_preserving,0.9054008678005543,1,49,5,0.09896406903360655,1.0,person::gallery::26774_3.jpg,0.8064367987669477,1.0,0.6068900921166177,0.7254720551962307,0.2985107756839366,0.09896406903360655,1.0,1.0
clip_l14,person,person::train::06085_7.jpg,control_synonym,semantic_preserving,0.8558095756241555,1,49,5,0.08664113797628459,1.0,person::gallery::15309_3.png,0.7691684376478709,1.0,0.6249135457750754,0.7424224565337274,0.2308960298490801,0.08664113797628459,1.0,1.0
clip_l14,person,person::train::06085_7.jpg,control_one_fact,semantic_changed,0.8464384650264305,1,49,5,0.07390625699494824,1.0,person::gallery::27153_5.jpg,0.7725322080314823,1.0,0.6030522742515964,0.7232234854987065,0.24338619077483414,0.07390625699494824,1.0,1.0
clip_l14,person,person::train::12462_1.jpg,control_synonym,semantic_preserving,0.9935401238514568,1,49,5,0.17548806401409556,1.0,person::train::06597_2.jpg,0.8180520598373613,1.0,0.5072829375777782,0.6939357176458536,0.48625718627367864,0.17548806401409556,1.0,1.0
clip_l14,person,person::train::12462_1.jpg,control_one_fact,semantic_changed,0.840549800252439,1,49,5,0.04911033359894745,1.0,person::train::06597_2.jpg,0.7914394666534915,1.0,0.4664319867603576,0.7171397026463789,0.3741178134920814,0.04911033359894745,1.0,1.0
clip_l14,person,person::train::01924_2.jpg,control_synonym,semantic_preserving,0.9473289140781183,1,49,5,0.2366336242234759,1.0,person::train::11561_6.jpg,0.7106952898546424,1.0,0.5122139825520824,0.6717128736242927,0.43511493152603586,0.2366336242234759,1.0,1.0
clip_l14,person,person::train::01924_2.jpg,control_one_fact,semantic_changed,0.9414816646727001,1,49,5,0.2245334913977587,1.0,person::train::11561_6.jpg,0.7169481732749414,1.0,0.5004727766576553,0.6728764749888019,0.4410088880150448,0.2245334913977587,1.0,1.0
clip_l14,person,person::train::00969_2.png,control_synonym,semantic_preserving,0.8980393383515756,1,49,5,0.22951428506945948,1.0,person::train::10977_1.jpg,0.6725113781629389,1.0,0.5085984415112172,0.6509534545341978,0.3894408968403583,0.22552796018863663,1.0,1.0
clip_l14,person,person::train::00969_2.png,control_one_fact,semantic_changed,0.8820908472859789,1,49,5,0.21794574320534832,1.0,person::train::02167_1.jpg,0.6641451040806305,1.0,0.5079662711710222,0.6531867287110206,0.37412457611495664,0.21794574320534832,1.0,1.0
clip_l14,person,person::train::09634_1.jpg,control_synonym,semantic_preserving,0.8852549213317766,1,49,5,0.18085895455753986,1.0,person::train::10252_1.jpg,0.7043959667742368,1.0,0.45151756919338754,0.5877016902250203,0.4337373521383891,0.18085895455753986,1.0,1.0
clip_l14,person,person::train::09634_1.jpg,control_one_fact,semantic_changed,0.8673669761306017,1,49,5,0.22051868597270574,1.0,person::train::10252_1.jpg,0.6468482901578959,1.0,0.4316546492584905,0.5758603879638862,0.43571232687211114,0.22051868597270574,1.0,1.0
clip_l14,person,person::train::11561_6.jpg,control_synonym,semantic_preserving,0.9617568076437899,1,49,5,0.1409975626135016,1.0,person::train::00197_4.png,0.8207592450302883,1.0,0.48907819592433716,0.6968960313263393,0.47267861171945275,0.1409975626135016,1.0,1.0
clip_l14,person,person::train::11561_6.jpg,control_one_fact,semantic_changed,0.8583721678553835,1,49,5,0.1042477444571247,1.0,person::train::01924_2.jpg,0.7541244233982588,1.0,0.4863324260263916,0.6663927609436686,0.3720397418289919,0.1042477444571247,1.0,1.0
clip_l14,person,person::train::08528_6.jpg,control_one_fact,semantic_changed,0.8248529256492937,1,49,5,0.1070704249283958,1.0,person::gallery::26789_1.jpg,0.7252289958802237,1.0,0.5678199126688975,0.6960259209365188,0.25703301298039616,0.09962392976906997,1.0,1.0
clip_l14,person,person::train::01287_5.jpg,control_synonym,semantic_preserving,0.9369882218599499,1,49,5,0.23679911871441306,1.0,person::gallery::26789_1.jpg,0.7001891031455368,1.0,0.48368698957572986,0.6624989557555664,0.45330123228422003,0.23679911871441306,1.0,1.0
clip_l14,person,person::train::01287_5.jpg,control_one_fact,semantic_changed,0.9305744744518334,1,49,5,0.2345451921037609,1.0,person::gallery::26789_1.jpg,0.6960292823480725,1.0,0.4796397663256845,0.6634074678105142,0.4509347081261489,0.2345451921037609,1.0,1.0
clip_l14,person,person::train::10252_1.jpg,control_synonym,semantic_preserving,0.940803000765718,1,49,5,0.14559357252879224,1.0,person::train::08924_1.jpg,0.7952094282369258,1.0,0.5628356083733679,0.6825424929448618,0.3779673923923501,0.14559357252879224,1.0,1.0
clip_l14,person,person::train::10252_1.jpg,control_one_fact,semantic_changed,0.904940492944261,1,49,5,0.13618917560795252,1.0,person::train::09634_1.jpg,0.7687513173363085,1.0,0.5604793959144986,0.7084944284344884,0.34446109702976246,0.13618917560795252,1.0,1.0
clip_l14,person,person::train::08924_1.jpg,control_synonym,semantic_preserving,0.9773955223163531,1,49,5,0.1965059087905936,1.0,person::train::10252_1.jpg,0.7808896135257595,1.0,0.5376069474744634,0.6655125642734835,0.4397885748418897,0.1965059087905936,1.0,1.0
clip_l14,person,person::train::02319_1.jpg,control_synonym,semantic_preserving,0.8660547865091281,1,49,5,0.1314931784098312,1.0,person::train::01924_2.jpg,0.7345616080992969,1.0,0.5210719124464549,0.6843870205470266,0.34498287406267325,0.1314931784098312,1.0,1.0
clip_l14,person,person::train::02319_1.jpg,control_one_fact,semantic_changed,0.8290788602195762,1,49,5,0.11322557826670354,1.0,person::train::11561_6.jpg,0.7243140143530056,1.0,0.519049946459895,0.6846751063917387,0.3100289137596812,0.10476484586657064,1.0,1.0
clip_l14,person,person::train::09715_3.jpg,control_synonym,semantic_preserving,0.9689525738294094,1,49,5,0.24285188668573487,1.0,person::query::14604_1.png,0.7261006871436745,1.0,0.4409873899515415,0.5848438728353093,0.5279651838778678,0.24285188668573487,1.0,1.0
clip_l14,person,person::train::09715_3.jpg,control_one_fact,semantic_changed,0.9128632242827168,1,49,5,0.2344598176494035,1.0,person::query::14604_1.png,0.6784034066333133,1.0,0.4473497805160456,0.6088089729158724,0.4655134437666712,0.2344598176494035,1.0,1.0
clip_l14,person,person::train::13508_2.jpg,control_synonym,semantic_preserving,0.9538052432563404,1,49,5,0.35142350156574986,1.0,person::train::08924_1.jpg,0.6023817416905906,1.0,0.3567375745322572,0.5229116032547281,0.5970676687240832,0.35142350156574986,1.0,1.0
clip_l14,person,person::train::13508_2.jpg,control_one_fact,semantic_changed,0.8656331133415919,1,49,5,0.3384255526928629,1.0,person::train::09634_1.jpg,0.527207560648729,1.0,0.3514140557581795,0.5162744504252769,0.5142190575834124,0.3384255526928629,1.0,1.0
clip_l14,person,person::train::09751_6.jpg,control_synonym,semantic_preserving,0.8068176246616738,1,49,5,0.036405973036805594,1.0,person::query::26943_3.jpg,0.7705867566963458,1.0,0.5246604321191219,0.7313390670899076,0.2821571925425519,0.03623086796532804,1.0,1.0
clip_l14,person,person::train::09751_6.jpg,control_one_fact,semantic_changed,0.7358813127895893,5,49,5,-0.04029970737985533,0.8,person::train::00233_10.png,0.7783516196042777,0.9183673469387755,0.5493523571966734,0.7394750151287202,0.18652895559291593,-0.04247030681468833,0.0,0.2
clip_l14,person,person::train::11903_4.jpg,control_synonym,semantic_preserving,0.8827958387132057,1,49,5,0.21284584684384167,1.0,person::train::09634_1.jpg,0.669949991869364,1.0,0.40834009854554243,0.5831797872301905,0.47445574016766323,0.21284584684384167,1.0,1.0
clip_l14,person,person::train::11903_4.jpg,control_one_fact,semantic_changed,0.8394763911223444,1,49,5,0.21663234938168086,1.0,person::train::08924_1.jpg,0.653997070108898,1.0,0.41439226368862614,0.6155995612481027,0.42508412743371826,0.18547932101344644,1.0,1.0
clip_l14,person,person::train::03720_4.jpg,control_synonym,semantic_preserving,0.9128005106144603,1,49,5,0.26707276791482826,1.0,person::train::01924_2.jpg,0.6457277426996321,1.0,0.42025053349277686,0.588267047747222,0.49254997712168347,0.26707276791482826,1.0,1.0
clip_l14,person,person::train::03720_4.jpg,control_one_fact,semantic_changed,0.8655405361243038,1,49,5,0.21599387236568224,1.0,person::train::11561_6.jpg,0.6495466637586216,1.0,0.4104978061607436,0.5948526211531874,0.4550427299635602,0.21599387236568224,1.0,1.0
clip_l14,person,person::train::26249_12.jpg,control_synonym,semantic_preserving,0.9510892978552522,1,49,5,0.23566051747187022,1.0,person::train::00837_3.png,0.715428780383382,1.0,0.5053336925891626,0.6489511532786806,0.4457556052660896,0.23566051747187022,1.0,1.0
clip_l14,person,person::train::26249_12.jpg,control_one_fact,semantic_changed,0.8668530874325093,1,49,5,0.15922284810048537,1.0,person::train::00837_3.png,0.707630239332024,1.0,0.4855193705035146,0.6438497727714884,0.3813337169289947,0.15922284810048537,1.0,1.0
clip_l14,person,person::train::08634_3.jpg,control_synonym,semantic_preserving,0.89098866315957,1,49,5,0.16773571343700922,1.0,person::train::10977_1.jpg,0.7232529497225608,1.0,0.39941331942512825,0.5415280976929189,0.4915753437344418,0.16773571343700922,1.0,1.0
clip_l14,person,person::train::08634_3.jpg,control_one_fact,semantic_changed,0.8912169297347926,1,49,5,0.16699044873684243,1.0,person::train::10977_1.jpg,0.7242264809979502,1.0,0.3948805719046229,0.5319190273816037,0.4963363578301697,0.16699044873684243,1.0,1.0
clip_l14,person,person::train::00837_3.png,control_synonym,semantic_preserving,0.9380116512440504,1,49,5,0.1814560013293064,1.0,person::query::14994_1.png,0.756555649914744,1.0,0.5766694839324347,0.6820119411688529,0.3613421673116157,0.1814560013293064,1.0,1.0
clip_l14,person,person::train::00837_3.png,control_one_fact,semantic_changed,0.9291830777832302,1,49,5,0.15429297404212494,1.0,person::query::14994_1.png,0.7748901037411052,1.0,0.5849751808739216,0.7030045026018551,0.34420789690930853,0.15429297404212494,1.0,1.0
clip_l14,person,person::query::27008_3.jpg,control_synonym,semantic_preserving,0.9376076895298099,1,49,5,0.18142348791455853,1.0,person::train::08924_1.jpg,0.7561842016152514,1.0,0.557294535071732,0.654592705294882,0.3803131544580779,0.18142348791455853,1.0,1.0
clip_l14,person,person::query::27008_3.jpg,control_one_fact,semantic_changed,0.815871230404444,1,49,5,0.20634055993168632,1.0,person::gallery::26991_3.jpg,0.7402060688346243,1.0,0.5300542364255051,0.6329672361219656,0.2858169939789389,0.07566516156981973,1.0,1.0
clip_l14,person,person::query::14994_1.png,control_synonym,semantic_preserving,0.9273271858689359,1,49,5,0.11253590506332212,1.0,person::train::00837_3.png,0.8147912808056138,1.0,0.5886407071788353,0.6880776086024263,0.3386864786901006,0.11253590506332212,1.0,1.0
clip_l14,person,person::query::14994_1.png,control_one_fact,semantic_changed,0.8957042252766374,1,49,5,0.0930961999997385,1.0,person::train::00837_3.png,0.8026080252768989,1.0,0.5637412500326455,0.6600682902684553,0.3319629752439919,0.0930961999997385,1.0,1.0
clip_l14,person,person::query::14459_1.png,control_synonym,semantic_preserving,0.9559320785112557,1,49,5,0.19034138775649911,1.0,person::train::12462_1.jpg,0.7655906907547566,1.0,0.5116706562323066,0.6630901072608445,0.44426142227894916,0.19034138775649911,1.0,1.0
clip_l14,person,person::query::14459_1.png,control_one_fact,semantic_changed,0.9501246383170879,1,49,5,0.17865680590264654,1.0,person::train::12462_1.jpg,0.7714678324144414,1.0,0.5355489034494,0.6879591674996949,0.41457573486768795,0.17865680590264654,1.0,1.0
clip_l14,person,person::query::26943_3.jpg,control_synonym,semantic_preserving,0.9933465924481306,1,49,5,0.16954343119726478,1.0,person::gallery::15309_3.png,0.8238031612508658,1.0,0.5205882773076155,0.7530896772418735,0.47275831514051514,0.16954343119726478,1.0,1.0
clip_l14,person,person::query::26943_3.jpg,control_one_fact,semantic_changed,0.9887662461247084,1,49,5,0.1733900063982965,1.0,person::gallery::15309_3.png,0.8153762397264119,1.0,0.5300289313206671,0.7744362002493221,0.45873731480404134,0.1733900063982965,1.0,1.0
clip_l14,person,person::query::26789_3.jpg,control_synonym,semantic_preserving,0.9283287779539952,1,49,5,0.1555260693813465,1.0,person::query::26943_3.jpg,0.7728027085726487,1.0,0.5884493726256587,0.7236542952306072,0.3398794053283365,0.1555260693813465,1.0,1.0
clip_l14,person,person::query::26789_3.jpg,control_one_fact,semantic_changed,0.9356953631827571,1,49,5,0.16602013702514173,1.0,person::query::26943_3.jpg,0.7696752261576154,1.0,0.5634192823868349,0.7173028711642463,0.3722760807959222,0.16602013702514173,1.0,1.0
clip_l14,person,person::query::26935_2.jpg,control_synonym,semantic_preserving,0.8177114035916977,1,49,5,0.06408810515391772,1.0,person::train::08529_4.jpg,0.75362329843778,1.0,0.501573979087528,0.6847370553114976,0.3161374245041697,0.06408810515391772,1.0,1.0
clip_l14,person,person::query::26935_2.jpg,control_one_fact,semantic_changed,0.7219960872303389,2,49,5,0.01569130046488376,1.0,person::query::14604_1.png,0.7527775425984172,0.9795918367346939,0.5161925960009793,0.6981359682836944,0.2058034912293596,-0.030781455368078303,0.0,0.5
clip_l14,person,person::query::27100_1.jpg,control_synonym,semantic_preserving,0.9501276404573185,1,49,5,0.19106231276555796,1.0,person::train::08528_6.jpg,0.7590653276917605,1.0,0.5241041182819688,0.6593321312387984,0.42602352217534967,0.19106231276555796,1.0,1.0
clip_l14,person,person::query::26761_2.jpg,control_synonym,semantic_preserving,0.8418458560392029,2,49,5,-0.0054185787681310105,0.8,person::train::01108_7.png,0.8472644348073339,0.9795918367346939,0.6129829692454091,0.7639396550341401,0.22886288679379385,-0.0054185787681310105,0.0,0.5
clip_l14,person,person::gallery::27153_5.jpg,control_synonym,semantic_preserving,0.9497518139680776,1,49,5,0.1481984212701951,1.0,person::gallery::15309_3.png,0.8015533926978825,1.0,0.5513835939160897,0.7123281632044771,0.3983682200519879,0.1481984212701951,1.0,1.0
clip_l14,person,person::gallery::27153_5.jpg,control_one_fact,semantic_changed,0.9352634120667701,1,49,5,0.13602807745914658,1.0,person::gallery::15309_3.png,0.7992353346076235,1.0,0.5566022876131664,0.7324377965928722,0.37866112445360367,0.13602807745914658,1.0,1.0
clip_l14,person,person::gallery::26789_1.jpg,control_synonym,semantic_preserving,0.9887404468619907,1,49,5,0.26268261803381954,1.0,person::query::26943_3.jpg,0.7260578288281712,1.0,0.5786840148840653,0.6892540036030399,0.4100564319779254,0.26268261803381954,1.0,1.0
clip_l14,person,person::gallery::26721_4.jpg,control_synonym,semantic_preserving,0.7624953690883947,2,49,5,-0.03685250857349265,0.8,person::gallery::26789_1.jpg,0.7993478776618873,0.9795918367346939,0.6146311485697633,0.7340283874148705,0.14786422051863135,-0.03685250857349265,0.0,0.5
clip_l14,person,person::gallery::26991_3.jpg,control_synonym,semantic_preserving,0.9081734933753047,1,49,5,0.20307082127909926,1.0,person::query::27008_3.jpg,0.7117832960181674,1.0,0.5543906084108533,0.6695445036339677,0.3537828849644514,0.19639019735713736,1.0,1.0
clip_l14,person,person::gallery::26991_3.jpg,control_one_fact,semantic_changed,0.8734383929733902,1,49,5,0.1693503504627818,1.0,person::query::27008_3.jpg,0.7313599199858162,1.0,0.5655546376809567,0.6818511850003469,0.3078837552924335,0.14207847298757403,1.0,1.0
clip_l14,person,person::gallery::26735_2.jpg,control_synonym,semantic_preserving,0.9302018235800911,1,49,5,0.20832565675306913,1.0,person::gallery::26991_3.jpg,0.7218761668270219,1.0,0.5761412083889508,0.6973279342803635,0.3540606151911403,0.20832565675306913,1.0,1.0
clip_l14,person,person::gallery::26735_2.jpg,control_one_fact,semantic_changed,0.9199261153613424,1,49,5,0.19498805573648603,1.0,person::gallery::26474_5.jpg,0.7249380596248564,1.0,0.5750979837334034,0.6990641071900395,0.344828131627939,0.19498805573648603,1.0,1.0
clip_l14,person,person::gallery::14888_1.png,control_synonym,semantic_preserving,0.9421202149404434,1,49,5,0.16324074432705526,1.0,person::gallery::26774_3.jpg,0.7788794706133881,1.0,0.5582331342582438,0.7208999461500295,0.38388708068219957,0.16324074432705526,1.0,1.0
clip_l14,person,person::gallery::14888_1.png,control_one_fact,semantic_changed,0.9224038569089298,1,49,5,0.1408508026765748,1.0,person::gallery::26774_3.jpg,0.781553054232355,1.0,0.5750858951688771,0.7200327353348243,0.3473179617400527,0.1408508026765748,1.0,1.0
clip_l14,person,person::gallery::26774_3.jpg,control_synonym,semantic_preserving,0.8713605524104193,1,49,5,0.032415161528917213,1.0,person::gallery::14888_1.png,0.8389453908815021,1.0,0.6064294281798874,0.762400833005889,0.2649311242305319,0.032415161528917213,1.0,1.0
clip_l14,person,person::gallery::26774_3.jpg,control_one_fact,semantic_changed,0.8609380725741824,1,49,5,0.03561425316716993,1.0,person::gallery::14888_1.png,0.8253238194070125,1.0,0.6139095175332252,0.7549596673333513,0.24702855504095722,0.03561425316716993,1.0,1.0
clip_l14,person,person::gallery::15309_3.png,control_synonym,semantic_preserving,0.9873581130190842,1,49,5,0.15250461684140149,1.0,person::train::00233_10.png,0.8348534961776827,1.0,0.579698717021576,0.828525058751411,0.4076593959975081,0.15250461684140149,1.0,1.0
clip_l14,person,person::gallery::15194_3.png,control_synonym,semantic_preserving,0.9076656511761002,1,49,5,0.09498760494188996,1.0,person::gallery::26474_5.jpg,0.8126780462342102,1.0,0.5547699630403862,0.7090967444350715,0.35289568813571404,0.09498760494188996,1.0,1.0
clip_l14,vehicle,vehicle::train_images::13608_c139_04.jpg,control_synonym,semantic_preserving,0.8920872444161692,1,49,5,0.24506552066207443,1.0,vehicle::query_images::20204_c041_01.jpg,0.6470217237540947,1.0,0.5043767894388016,0.596015289170952,0.38771045497736756,0.24506552066207443,1.0,1.0
clip_l14,vehicle,vehicle::train_images::13608_c139_04.jpg,control_one_fact,semantic_changed,0.779088183560892,1,49,5,0.11108310979325253,1.0,vehicle::train_images::03678_c014_03.jpg,0.6680050737676395,1.0,0.4443069059319202,0.6108416599245915,0.33478127762897186,0.11108310979325253,1.0,1.0
clip_l14,vehicle,vehicle::train_images::12849_c170_02.jpg,control_one_fact,semantic_changed,0.75170007078993,1,49,5,0.05215955664133942,1.0,vehicle::gallery_images::20535_c170_02.jpg,0.7332669829926103,1.0,0.5152701374764562,0.6822644658752216,0.23642993331347373,0.01843308779731967,1.0,1.0
clip_l14,vehicle,vehicle::train_images::10839_c110_00.jpg,control_one_fact,semantic_changed,0.697866449216717,4,49,5,0.029920904387438885,1.0,vehicle::train_images::12849_c170_02.jpg,0.7408055948108454,0.9387755102040817,0.5099915944035301,0.6947981727058643,0.1878748548131869,-0.04293914559412837,0.0,0.25
clip_l14,vehicle,vehicle::train_images::02440_c090_02.jpg,control_synonym,semantic_preserving,0.8398298711859511,1,49,5,0.329680378292161,1.0,vehicle::query_images::21010_c163_01.jpg,0.5101494928937901,1.0,0.39060431779773264,0.4658609476307099,0.44922555338821846,0.329680378292161,1.0,1.0
clip_l14,vehicle,vehicle::train_images::02440_c090_02.jpg,control_one_fact,semantic_changed,0.7866652390486376,1,49,5,0.34293415407015165,1.0,vehicle::query_images::21010_c163_01.jpg,0.44373108497848596,1.0,0.32621364062183783,0.4111720656396341,0.4604515984267998,0.34293415407015165,1.0,1.0
clip_l14,vehicle,vehicle::train_images::12341_c073_00.jpg,control_synonym,semantic_preserving,0.7980529757205443,1,49,5,0.1232049140191136,1.0,vehicle::train_images::16614_c041_04.jpg,0.768731510336493,1.0,0.5261064625483163,0.6683127493033069,0.27194651317222807,0.029321465384051337,1.0,1.0
clip_l14,vehicle,vehicle::train_images::12341_c073_00.jpg,control_one_fact,semantic_changed,0.6766494681454046,2,49,5,0.1236881545687335,1.0,vehicle::train_images::07345_c110_03.jpg,0.7001475266276204,0.9795918367346939,0.49339729909311675,0.6111995714302754,0.18325216905228786,-0.023498058482215756,0.0,0.5
clip_l14,vehicle,vehicle::train_images::18263_c110_02.jpg,control_one_fact,semantic_changed,0.7156783825932551,1,49,5,0.12149262630613822,1.0,vehicle::query_images::21010_c163_01.jpg,0.6377777668512106,1.0,0.5035322713806127,0.5945456192745026,0.21214611121264237,0.07790061574204454,1.0,1.0
clip_l14,vehicle,vehicle::train_images::10529_c003_02.jpg,control_one_fact,semantic_changed,0.6457268596514629,1,49,5,0.10306284412009759,1.0,vehicle::train_images::12849_c170_02.jpg,0.6402655901446899,1.0,0.507909506459188,0.6163442381600808,0.13781735319227495,0.005461269506773059,1.0,1.0
clip_l14,vehicle,vehicle::train_images::08854_c110_02.jpg,control_synonym,semantic_preserving,0.8536102536342209,1,49,5,0.07638594629408835,1.0,vehicle::train_images::05685_c100_04.jpg,0.7772243073401326,1.0,0.626001939427322,0.7266824223282206,0.22760831420689898,0.07638594629408835,1.0,1.0
clip_l14,vehicle,vehicle::train_images::08854_c110_02.jpg,control_one_fact,semantic_changed,0.7243114251202881,1,49,5,0.014756077799133793,1.0,vehicle::train_images::05685_c100_04.jpg,0.7095553473211543,1.0,0.5908896014015823,0.681178706665178,0.1334218237187058,0.014756077799133793,1.0,1.0
clip_l14,vehicle,vehicle::train_images::19263_c030_03.jpg,control_synonym,semantic_preserving,0.8635601979580518,1,49,5,0.2022999049172749,1.0,vehicle::train_images::13608_c139_04.jpg,0.6612602930407769,1.0,0.48784444161263485,0.6011067027649812,0.375715756345417,0.2022999049172749,1.0,1.0
clip_l14,vehicle,vehicle::train_images::19263_c030_03.jpg,control_one_fact,semantic_changed,0.8037969375882531,1,49,5,0.10074865921283516,1.0,vehicle::train_images::13608_c139_04.jpg,0.703048278375418,1.0,0.5016775362010062,0.6285931344602607,0.3021194013872469,0.10074865921283516,1.0,1.0
clip_l14,vehicle,vehicle::train_images::07345_c110_03.jpg,control_one_fact,semantic_changed,0.7631765205997558,1,49,5,0.1197536198728757,1.0,vehicle::train_images::12849_c170_02.jpg,0.6667863649823591,1.0,0.5006111307207999,0.6329067647890669,0.26256538987895595,0.09639015561739672,1.0,1.0
clip_l14,vehicle,vehicle::train_images::19520_c034_01.jpg,control_synonym,semantic_preserving,0.7704047562691,1,49,5,0.17500279571403776,1.0,vehicle::train_images::14387_c163_04.jpg,0.5954019605550622,1.0,0.4550036310670442,0.5773384546149751,0.31540112520205577,0.17500279571403776,1.0,1.0
clip_l14,vehicle,vehicle::train_images::19520_c034_01.jpg,control_one_fact,semantic_changed,0.6866320955705205,1,49,5,0.11205972303060485,1.0,vehicle::train_images::02440_c090_02.jpg,0.6128723668699607,1.0,0.4733124649680786,0.5770536632649479,0.2133196306024419,0.0737597287005598,1.0,1.0
clip_l14,vehicle,vehicle::train_images::16253_c139_00.jpg,control_synonym,semantic_preserving,0.8868445639059158,1,49,5,0.03798958800730634,1.0,vehicle::query_images::20204_c041_01.jpg,0.8488549758986095,1.0,0.6222569236131836,0.7814991951057165,0.2645876402927322,0.03798958800730634,1.0,1.0
clip_l14,vehicle,vehicle::train_images::16253_c139_00.jpg,control_one_fact,semantic_changed,0.6993199776263466,3,49,5,-0.006323490166769918,0.8,vehicle::train_images::04724_c110_02.jpg,0.7461592320232651,0.9591836734693877,0.5565873033492822,0.689689481904312,0.14273267427706438,-0.046839254396918495,0.0,0.3333333333333333
clip_l14,vehicle,vehicle::train_images::06987_c051_04.jpg,control_synonym,semantic_preserving,0.8326178930557636,1,49,5,0.09467995637674564,1.0,vehicle::train_images::08854_c110_02.jpg,0.737937936679018,1.0,0.583962859001885,0.7083973995972107,0.24865503405387857,0.09467995637674564,1.0,1.0
clip_l14,vehicle,vehicle::train_images::06987_c051_04.jpg,control_one_fact,semantic_changed,0.7977778394339241,1,49,5,0.09397739620875334,1.0,vehicle::train_images::05685_c100_04.jpg,0.7079157756473439,1.0,0.5668585442077182,0.6853060983074735,0.2309192952262059,0.08986206378658024,1.0,1.0
clip_l14,vehicle,vehicle::train_images::05685_c100_04.jpg,control_synonym,semantic_preserving,0.8778410011231009,1,49,5,0.13834479101555075,1.0,vehicle::train_images::09221_c139_03.jpg,0.7501711859823246,1.0,0.608672549307227,0.7187128173773006,0.2691684518158739,0.12766981514077635,1.0,1.0
clip_l14,vehicle,vehicle::train_images::05685_c100_04.jpg,control_one_fact,semantic_changed,0.7218845801554669,4,49,5,-0.05344146874848765,0.8,vehicle::query_images::20204_c041_01.jpg,0.7753260489039545,0.9387755102040817,0.568161585757977,0.7302838166078773,0.15372299439748982,-0.05344146874848765,0.0,0.25
clip_l14,vehicle,vehicle::train_images::16614_c041_04.jpg,control_synonym,semantic_preserving,0.869836620351492,1,49,5,0.24406026667543845,1.0,vehicle::gallery_images::20591_c110_03.jpg,0.6257763536760536,1.0,0.4276930466622906,0.5816392416497779,0.44214357368920143,0.24406026667543845,1.0,1.0
clip_l14,vehicle,vehicle::train_images::16614_c041_04.jpg,control_one_fact,semantic_changed,0.7970131380571288,1,49,5,0.2794426922750428,1.0,vehicle::train_images::07345_c110_03.jpg,0.5963579773763934,1.0,0.4251442266072634,0.5406772486693259,0.3718689114498654,0.2006551606807354,1.0,1.0
clip_l14,vehicle,vehicle::train_images::13946_c012_04.jpg,control_one_fact,semantic_changed,0.7731305061693454,2,49,5,0.004609857785442761,1.0,vehicle::train_images::16253_c139_00.jpg,0.777827323474869,0.9795918367346939,0.6146761807281199,0.7610042357382567,0.1584543254412255,-0.004696817305523626,0.0,0.5
clip_l14,vehicle,vehicle::train_images::14133_c170_01.jpg,control_one_fact,semantic_changed,0.7202263497805262,1,49,5,0.11695002413079891,1.0,vehicle::train_images::19057_c170_04.jpg,0.6588617306592569,1.0,0.4511899446776899,0.6096406100894365,0.26903640510283633,0.06136461912126934,1.0,1.0
clip_l14,vehicle,vehicle::train_images::16747_c163_03.jpg,control_one_fact,semantic_changed,0.6432970930696612,3,49,5,0.04211680896956793,1.0,vehicle::train_images::13608_c139_04.jpg,0.661721269884932,0.9591836734693877,0.5026653087862567,0.628965930561206,0.1406317842834045,-0.018424176815270754,0.0,0.3333333333333333
clip_l14,vehicle,vehicle::train_images::05432_c163_04.jpg,control_synonym,semantic_preserving,0.9262229256134217,1,49,5,0.09559893822045129,1.0,vehicle::train_images::12849_c170_02.jpg,0.8306239873929704,1.0,0.5668322060123809,0.8127008373612933,0.35939071960104074,0.09559893822045129,1.0,1.0
clip_l14,vehicle,vehicle::train_images::05432_c163_04.jpg,control_one_fact,semantic_changed,0.7366882298764035,3,49,5,-0.11471419221419665,0.6,vehicle::gallery_images::20535_c170_02.jpg,0.8514024220906001,0.9591836734693877,0.571976954843104,0.7070494618770565,0.16471127503329952,-0.11471419221419665,0.0,0.3333333333333333
clip_l14,vehicle,vehicle::train_images::19057_c170_04.jpg,control_synonym,semantic_preserving,0.8079721542408651,1,49,5,0.21550654611893738,1.0,vehicle::gallery_images::20559_c170_01.jpg,0.5924656081219277,1.0,0.43325775460943844,0.5320624154809409,0.37471439963142666,0.21550654611893738,1.0,1.0
clip_l14,vehicle,vehicle::train_images::19057_c170_04.jpg,control_one_fact,semantic_changed,0.8395199482717584,1,49,5,0.2148365447511399,1.0,vehicle::gallery_images::20559_c170_01.jpg,0.6246834035206185,1.0,0.3557182259656885,0.5498849047405294,0.4838017223060699,0.2148365447511399,1.0,1.0
clip_l14,vehicle,vehicle::train_images::04455_c078_00.jpg,control_synonym,semantic_preserving,0.7279447138290329,1,49,5,0.002785550006813464,1.0,vehicle::gallery_images::20159_c003_00.jpg,0.7251591638222195,1.0,0.47329730852864776,0.6176636004653034,0.25464740530038515,0.002785550006813464,1.0,1.0
clip_l14,vehicle,vehicle::train_images::04455_c078_00.jpg,control_one_fact,semantic_changed,0.6473427986961957,3,49,5,0.01249076035463692,1.0,vehicle::train_images::09221_c139_03.jpg,0.7033673985859011,0.9591836734693877,0.46507546953194234,0.6172737313373282,0.18226732916425337,-0.05602459988970543,0.0,0.3333333333333333
clip_l14,vehicle,vehicle::train_images::14387_c163_04.jpg,control_one_fact,semantic_changed,0.7395004675654855,1,49,5,0.08890924588093951,1.0,vehicle::query_images::20272_c102_00.jpg,0.6738980847680578,1.0,0.422589844738551,0.6584521576095757,0.3169106228269345,0.0656023827974277,1.0,1.0
clip_l14,vehicle,vehicle::train_images::09221_c139_03.jpg,control_synonym,semantic_preserving,0.7829261393165411,1,49,5,0.07925253808020116,1.0,vehicle::train_images::03678_c014_03.jpg,0.7167960224557615,1.0,0.5745871749454226,0.6914822268117519,0.20833896437111854,0.06613011686077963,1.0,1.0
clip_l14,vehicle,vehicle::train_images::09221_c139_03.jpg,control_one_fact,semantic_changed,0.6500326303681058,15,49,5,-0.13648744371834798,0.4,vehicle::gallery_images::20159_c003_00.jpg,0.7865200740864537,0.7142857142857143,0.5926012354087424,0.7172199677611906,0.057431394959363335,-0.13648744371834798,0.0,0.06666666666666667
clip_l14,vehicle,vehicle::train_images::04724_c110_02.jpg,control_one_fact,semantic_changed,0.7868060099007848,6,49,5,-0.025853107821140586,0.8,vehicle::train_images::16253_c139_00.jpg,0.8234237816539545,0.8979591836734694,0.6647228210320485,0.8109338866076234,0.12208318886873626,-0.036617771753169714,0.0,0.16666666666666666
clip_l14,vehicle,vehicle::train_images::08361_c094_04.jpg,control_one_fact,semantic_changed,0.7534700944012402,2,49,5,-0.0033611477320278915,0.8,vehicle::gallery_images::20762_c156_00.jpg,0.7568312421332681,0.9795918367346939,0.5514225550368657,0.6595137945170328,0.20204753936437458,-0.0033611477320278915,0.0,0.5
clip_l14,vehicle,vehicle::train_images::03678_c014_03.jpg,control_synonym,semantic_preserving,0.7833506649339457,1,49,5,0.20951377917593295,1.0,vehicle::train_images::09221_c139_03.jpg,0.6218245579445312,1.0,0.4500092113007239,0.6070844144266404,0.33334145363322176,0.1615261069894145,1.0,1.0
clip_l14,vehicle,vehicle::train_images::03678_c014_03.jpg,control_one_fact,semantic_changed,0.6476159586369488,2,49,5,0.11726095258445124,1.0,vehicle::train_images::13608_c139_04.jpg,0.6817285315904866,0.9795918367346939,0.4559424392215635,0.5586276095958993,0.19167351941538524,-0.03411257295353787,0.0,0.5
clip_l14,vehicle,vehicle::query_images::20039_c015_00.jpg,control_synonym,semantic_preserving,0.7785898815085371,1,49,5,0.21887629824425914,1.0,vehicle::train_images::05685_c100_04.jpg,0.559713583264278,1.0,0.3841023937215388,0.5371915005689338,0.3944874877869983,0.21887629824425914,1.0,1.0
clip_l14,vehicle,vehicle::query_images::20039_c015_00.jpg,control_one_fact,semantic_changed,0.7030275077885377,1,49,5,0.21466293917232454,1.0,vehicle::train_images::13184_c012_02.jpg,0.5461920347255511,1.0,0.3207096482879986,0.49868752400242217,0.38231785950053915,0.15683547306298662,1.0,1.0
clip_l14,vehicle,vehicle::query_images::20298_c122_00.jpg,control_one_fact,semantic_changed,0.7737634098880452,1,49,5,0.07311642510440797,1.0,vehicle::train_images::19666_c077_02.jpg,0.7006469847836372,1.0,0.5402892907684189,0.669329457538029,0.23347411911962623,0.07311642510440797,1.0,1.0
clip_l14,vehicle,vehicle::query_images::21010_c163_01.jpg,control_synonym,semantic_preserving,0.6619740816269057,1,49,5,0.1362340759652665,1.0,vehicle::train_images::05432_c163_04.jpg,0.5794194871506622,1.0,0.4165021732064076,0.5355879136379949,0.24547190842049815,0.08255459447624358,1.0,1.0
clip_l14,vehicle,vehicle::query_images::21010_c163_01.jpg,control_one_fact,semantic_changed,0.5866213345110474,2,49,5,-0.01545297650995936,0.8,vehicle::train_images::14387_c163_04.jpg,0.6020743110210067,0.9795918367346939,0.4154974154001007,0.5570599876699129,0.17112391911094665,-0.01545297650995936,0.0,0.5
clip_l14,vehicle,vehicle::query_images::20249_c003_00.jpg,control_synonym,semantic_preserving,0.8014737731551682,3,49,5,-0.04762628846369599,0.6,vehicle::train_images::05432_c163_04.jpg,0.8491000616188642,0.9591836734693877,0.5453291189105529,0.7621992924518262,0.2561446542446153,-0.04762628846369599,0.0,0.3333333333333333
clip_l14,vehicle,vehicle::query_images::20249_c003_00.jpg,control_one_fact,semantic_changed,0.7039103874793102,3,49,5,-0.07715254529114313,0.6,vehicle::gallery_images::20535_c170_02.jpg,0.7810629327704534,0.9591836734693877,0.5509497228441899,0.683192768237789,0.15296066463512037,-0.07715254529114313,0.0,0.3333333333333333
clip_l14,vehicle,vehicle::query_images::20506_c051_01.jpg,control_synonym,semantic_preserving,0.8361689335479354,1,49,5,0.09489565032134761,1.0,vehicle::train_images::04724_c110_02.jpg,0.7412732832265878,1.0,0.5242421306535714,0.6342401197375577,0.31192680289436403,0.09489565032134761,1.0,1.0
clip_l14,vehicle,vehicle::query_images::20506_c051_01.jpg,control_one_fact,semantic_changed,0.7010202644179893,1,49,5,0.07316529096215652,1.0,vehicle::query_images::20249_c003_00.jpg,0.6673889993871553,1.0,0.5400221383057275,0.6388551243321052,0.16099812611226172,0.03363126503083391,1.0,1.0
clip_l14,vehicle,vehicle::query_images::21112_c079_00.jpg,control_synonym,semantic_preserving,0.7306147272886874,1,49,5,0.1713206010589321,1.0,vehicle::train_images::09221_c139_03.jpg,0.5959233837746506,1.0,0.4511295467270819,0.565475149773986,0.2794851805616055,0.13469134351403678,1.0,1.0
clip_l14,vehicle,vehicle::query_images::21112_c079_00.jpg,control_one_fact,semantic_changed,0.6654032190426235,1,49,5,0.0921393597843223,1.0,vehicle::train_images::02440_c090_02.jpg,0.6041927240482492,1.0,0.4340519944187946,0.535899488637956,0.23135122462382884,0.061210494994374254,1.0,1.0
clip_l14,vehicle,vehicle::query_images::20949_c003_01.jpg,control_synonym,semantic_preserving,0.8066232444530832,4,49,5,-0.03687252830778631,0.6,vehicle::query_images::20204_c041_01.jpg,0.8434957727608695,0.9387755102040817,0.6332504351581643,0.8040933416053254,0.17337280929491894,-0.03687252830778631,0.0,0.25
clip_l14,vehicle,vehicle::query_images::20949_c003_01.jpg,control_one_fact,semantic_changed,0.6923539352970667,7,49,5,-0.006959989034510228,0.6,vehicle::train_images::03678_c014_03.jpg,0.7712170227171655,0.8775510204081632,0.5963338965474916,0.7371931594576365,0.0960200387495751,-0.07886308742009884,0.0,0.14285714285714285
clip_l14,vehicle,vehicle::query_images::20272_c102_00.jpg,control_one_fact,semantic_changed,0.7400074278778903,1,49,5,0.10369192091285051,1.0,vehicle::gallery_images::20535_c170_02.jpg,0.6651774631867879,1.0,0.48207694689442304,0.6197059004438624,0.25793048098346727,0.07482996469110237,1.0,1.0
clip_l14,vehicle,vehicle::gallery_images::20535_c170_02.jpg,control_one_fact,semantic_changed,0.8306309846660851,3,49,5,-0.09350735561267665,0.6,vehicle::train_images::05432_c163_04.jpg,0.9241383402787617,0.9591836734693877,0.5706581997735556,0.8141253020606494,0.2599727848925295,-0.09350735561267665,0.0,0.3333333333333333
clip_l14,vehicle,vehicle::gallery_images::20877_c110_00.jpg,control_synonym,semantic_preserving,0.7640096847649523,4,49,5,-0.048263462513987054,0.4,vehicle::train_images::08854_c110_02.jpg,0.8122731472789394,0.9387755102040817,0.6206749495276533,0.7597057836947482,0.143334735237299,-0.048263462513987054,0.0,0.25
clip_l14,vehicle,vehicle::gallery_images::20877_c110_00.jpg,control_one_fact,semantic_changed,0.6474854501481075,9,49,5,-0.08220106455688247,0.4,vehicle::train_images::05685_c100_04.jpg,0.72968651470499,0.8367346938775511,0.5969338704382101,0.6958323875348925,0.05055157970989743,-0.08220106455688247,0.0,0.1111111111111111
clip_l14,vehicle,vehicle::gallery_images::20159_c003_00.jpg,control_one_fact,semantic_changed,0.6577359639767031,2,49,5,0.16144202653381912,1.0,vehicle::train_images::07345_c110_03.jpg,0.6763229605131127,0.9795918367346939,0.4515670076819557,0.5829787934142127,0.2061689562947474,-0.018586996536409606,0.0,0.5
clip_l14,vehicle,vehicle::gallery_images::21199_c014_04.jpg,control_synonym,semantic_preserving,0.8436785651889465,1,49,5,0.2530308769960362,1.0,vehicle::gallery_images::20535_c170_02.jpg,0.5906476881929102,1.0,0.43970828196306705,0.576370137463684,0.4039702832258794,0.2530308769960362,1.0,1.0
clip_l14,vehicle,vehicle::gallery_images::21199_c014_04.jpg,control_one_fact,semantic_changed,0.778873366130808,1,49,5,0.09684462007181249,1.0,vehicle::query_images::20272_c102_00.jpg,0.6820287460589955,1.0,0.45599826295960555,0.5990159527678756,0.3228751031712025,0.09684462007181249,1.0,1.0
clip_l14,vehicle,vehicle::gallery_images::20762_c156_00.jpg,control_synonym,semantic_preserving,0.8782276380886993,1,49,5,0.21198508114344605,1.0,vehicle::train_images::19666_c077_02.jpg,0.6662425569452533,1.0,0.530946983673845,0.6188776834210327,0.34728065441485434,0.21198508114344605,1.0,1.0
clip_l14,vehicle,vehicle::gallery_images::20762_c156_00.jpg,control_one_fact,semantic_changed,0.7948154181216791,1,49,5,0.13181469325825557,1.0,vehicle::train_images::08361_c094_04.jpg,0.6630007248634235,1.0,0.47488443680377745,0.6117276541870887,0.31993098131790165,0.13181469325825557,1.0,1.0
clip_l14,vehicle,vehicle::gallery_images::20070_c017_01.jpg,control_one_fact,semantic_changed,0.7873790651119674,1,49,5,0.3233804070539502,1.0,vehicle::train_images::19057_c170_04.jpg,0.4639986580580172,1.0,0.29849619170963837,0.4463194300968719,0.48888287340232905,0.3233804070539502,1.0,1.0
clip_l14,vehicle,vehicle::gallery_images::21216_c003_04.jpg,control_one_fact,semantic_changed,0.7673388080094432,6,49,5,-0.12148939124532876,0.2,vehicle::train_images::05432_c163_04.jpg,0.888828199254772,0.8979591836734694,0.5428082094686428,0.798072646356313,0.22453059854080037,-0.12148939124532876,0.0,0.16666666666666666
clip_l14,vehicle,vehicle::gallery_images::20559_c170_01.jpg,control_synonym,semantic_preserving,0.9278858428274556,1,49,5,0.2410564091408528,1.0,vehicle::train_images::09221_c139_03.jpg,0.6868294336866028,1.0,0.4441112048392428,0.5843382471092704,0.48377463798821274,0.2410564091408528,1.0,1.0
clip_l14,vehicle,vehicle::gallery_images::20559_c170_01.jpg,control_one_fact,semantic_changed,0.8422984028695497,1,49,5,0.14023878172563153,1.0,vehicle::gallery_images::20877_c110_00.jpg,0.7020596211439182,1.0,0.43918484554097953,0.6191462209546928,0.4031135573285702,0.14023878172563153,1.0,1.0
clip_l14,vehicle,vehicle::gallery_images::20401_c023_03.jpg,control_synonym,semantic_preserving,0.9342262669092316,1,49,5,0.43974374283854456,1.0,vehicle::train_images::09221_c139_03.jpg,0.49448252407068705,1.0,0.28156989538802596,0.43757040433023636,0.6526563715212057,0.43974374283854456,1.0,1.0
clip_l14,vehicle,vehicle::gallery_images::20401_c023_03.jpg,control_one_fact,semantic_changed,0.8883364389566775,1,49,5,0.45619319620086896,1.0,vehicle::train_images::09221_c139_03.jpg,0.4321432427558085,1.0,0.2564845840015285,0.40957782796743414,0.631851854955149,0.45619319620086896,1.0,1.0
clip_l14,face,face::train::071174.jpg,control_synonym,semantic_preserving,0.707103779710218,1,49,5,0.02761370977709543,1.0,face::train::137722.jpg,0.7047990916829701,1.0,0.5113518925009738,0.671159151656472,0.1957518872092442,0.0023046880272479253,1.0,1.0
clip_l14,face,face::train::071174.jpg,control_one_fact,semantic_changed,0.6577182348740116,2,49,5,0.020802811886386108,1.0,face::train::137722.jpg,0.6774222135297354,0.9795918367346939,0.468469508256419,0.6353338503208065,0.18924872661759262,-0.01970397865572382,0.0,0.5
clip_l14,face,face::train::166091.jpg,control_one_fact,semantic_changed,0.7037680155758017,24,49,5,-0.0706358529962624,0.2,face::train::170623.jpg,0.8049159347606962,0.5306122448979592,0.6777359585155772,0.7856171331011937,0.02603205706022449,-0.10114791918489452,0.0,0.041666666666666664
clip_l14,face,face::train::157804.jpg,control_one_fact,semantic_changed,0.8276255480144041,2,49,5,-0.0030618621196134566,0.8,face::train::170623.jpg,0.8306874101340176,0.9795918367346939,0.674441112032619,0.8095458611928744,0.1531844359817851,-0.0030618621196134566,0.0,0.5
clip_l14,face,face::train::091980.jpg,control_one_fact,semantic_changed,0.7904863904033522,1,49,5,0.029765779726267705,1.0,face::train::178129.jpg,0.7607206106770845,1.0,0.5943606511252092,0.7378906303676467,0.19612573927814303,0.029765779726267705,1.0,1.0
clip_l14,face,face::train::121281.jpg,control_one_fact,semantic_changed,0.6154837910063413,28,49,5,-0.0389038603612224,0.2,face::train::065762.jpg,0.7115741545931866,0.4489795918367347,0.619405610826445,0.680115688753916,-0.003921819820103645,-0.0960903635868453,0.0,0.03571428571428571
clip_l14,face,face::train::114832.jpg,control_one_fact,semantic_changed,0.7940987209600273,1,49,5,0.013722081354784255,1.0,face::train::170623.jpg,0.7927262873559053,1.0,0.6424346862063463,0.7659393994536928,0.15166403475368107,0.001372433604121981,1.0,1.0
clip_l14,face,face::train::090489.jpg,control_one_fact,semantic_changed,0.7109307955184335,4,49,5,0.006255527970271957,1.0,face::train::001042.jpg,0.722478211357198,0.9387755102040817,0.6593211537066057,0.7092384792549511,0.05160964181182781,-0.011547415838764508,0.0,0.25
clip_l14,face,face::train::008309.jpg,control_one_fact,semantic_changed,0.786584298902105,6,49,5,-0.03543882970436607,0.4,face::train::170623.jpg,0.8220231286064711,0.8979591836734694,0.6650223620656355,0.7945573769147052,0.12156193683646954,-0.03543882970436607,0.0,0.16666666666666666
clip_l14,face,face::train::129132.jpg,control_synonym,semantic_preserving,0.6432024462990968,4,49,5,-0.0293062528735899,0.8,face::train::157804.jpg,0.6773136122278544,0.9387755102040817,0.5513493222037498,0.645294009618306,0.09185312409534707,-0.034111165928757514,0.0,0.25
clip_l14,face,face::train::129132.jpg,control_one_fact,semantic_changed,0.6344548359289816,7,49,5,-0.027964862407403368,0.6,face::train::157804.jpg,0.6693802136659966,0.8775510204081632,0.5497429498305111,0.6439601318527484,0.08471188609847047,-0.034925377737015095,0.0,0.14285714285714285
clip_l14,face,face::train::053065.jpg,control_synonym,semantic_preserving,0.808239649713724,5,49,5,-0.045027641430100185,0.6,face::train::178129.jpg,0.8532672911438242,0.9183673469387755,0.6855856439998618,0.8122785747961988,0.1226540057138622,-0.045027641430100185,0.0,0.2
clip_l14,face,face::train::053065.jpg,control_one_fact,semantic_changed,0.7928450598194948,4,49,5,-0.049286199747987314,0.6,face::train::178129.jpg,0.8421312595674821,0.9387755102040817,0.6721664150896888,0.7953816902109404,0.12067864472980605,-0.049286199747987314,0.0,0.25
clip_l14,face,face::train::178182.jpg,control_synonym,semantic_preserving,0.8223784033615329,6,49,5,-0.02113979400456445,0.6,face::train::101485.jpg,0.8435181973660973,0.8979591836734694,0.6913139082413138,0.8257002453718455,0.13106449512021912,-0.02113979400456445,0.0,0.16666666666666666
clip_l14,face,face::train::178182.jpg,control_one_fact,semantic_changed,0.8135884810185136,3,49,5,-0.014256094249453732,0.8,face::train::101485.jpg,0.8278445752679673,0.9591836734693877,0.6763184652539385,0.8090385391821863,0.1372700157645751,-0.014256094249453732,0.0,0.3333333333333333
clip_l14,face,face::train::089537.jpg,control_synonym,semantic_preserving,0.7706832957615284,9,49,5,-0.03870590748392977,0.4,face::train::101485.jpg,0.8093892032454582,0.8367346938775511,0.6350491345638757,0.7790062814498887,0.1356341611976527,-0.03870590748392977,0.0,0.1111111111111111
clip_l14,face,face::train::089537.jpg,control_one_fact,semantic_changed,0.7462787862863403,10,49,5,-0.041144427398863925,0.4,face::train::101485.jpg,0.7874232136852042,0.8163265306122449,0.6188521819530777,0.7615797349412374,0.12742660433326258,-0.041144427398863925,0.0,0.1
clip_l14,face,face::train::065762.jpg,control_one_fact,semantic_changed,0.8094183426857671,1,49,5,0.0053019798331618295,1.0,face::train::032580.jpg,0.8057829709436688,1.0,0.7311786763377421,0.8008744976614938,0.07823966634802493,0.00363537174209827,1.0,1.0
clip_l14,face,face::train::168471.jpg,control_one_fact,semantic_changed,0.6981233589334501,19,49,5,-0.051432333298492616,0.4,face::train::082954.jpg,0.7864925227612528,0.6326530612244898,0.6104675819450823,0.7605693149442643,0.0876557769883678,-0.08836916382780269,0.0,0.05263157894736842
clip_l14,face,face::train::101485.jpg,control_one_fact,semantic_changed,0.6733425666115935,1,49,5,0.01380192474714037,1.0,face::train::025692.jpg,0.6705849429819213,1.0,0.5374517205241601,0.6644675262989015,0.1358908460874334,0.0027576236296722456,1.0,1.0
clip_l14,face,face::train::023736.jpg,control_one_fact,semantic_changed,0.7956012940691566,2,49,5,0.022887759930476204,1.0,face::train::170623.jpg,0.8022020938161543,0.9795918367346939,0.6723710958068185,0.7807944421098227,0.12323019826233805,-0.0066007997469976765,0.0,0.5
clip_l14,face,face::train::063708.jpg,control_one_fact,semantic_changed,0.6321284928071736,25,49,5,-0.0647163672561144,0.0,face::train::170623.jpg,0.7344712953345651,0.5102040816326531,0.6302639344567604,0.7187890964067882,0.0018645583504132146,-0.10234280252739147,0.0,0.04
clip_l14,face,face::train::138886.jpg,control_synonym,semantic_preserving,0.7822276624278147,10,49,5,-0.01243598648014943,0.4,face::train::101485.jpg,0.8110383520499539,0.8163265306122449,0.6339241495939667,0.7948910729000754,0.14830351283384802,-0.028810689622139174,0.0,0.1
clip_l14,face,face::train::138886.jpg,control_one_fact,semantic_changed,0.7686124395773111,13,49,5,-0.013417018416931437,0.2,face::train::101485.jpg,0.8036263497342193,0.7551020408163265,0.6294296843987095,0.7856524275845332,0.13918275517860157,-0.035013910156908246,0.0,0.07692307692307693
clip_l14,face,face::train::149220.jpg,control_one_fact,semantic_changed,0.3567804049292642,28,49,5,-0.045017609206579545,0.2,face::train::157804.jpg,0.4161153884806358,0.4489795918367347,0.3605318888816716,0.41180454738682987,-0.003751483952407375,-0.05933498355137157,0.0,0.03571428571428571
clip_l14,face,face::train::060309.jpg,control_synonym,semantic_preserving,0.6422151123581825,13,49,5,-0.05681392212384084,0.6,face::train::157804.jpg,0.6990290344820234,0.7551020408163265,0.5689541239597582,0.6874605621007825,0.07326098839842432,-0.05681392212384084,0.0,0.07692307692307693
clip_l14,face,face::train::025692.jpg,control_one_fact,semantic_changed,0.7766605123505631,2,49,5,0.011677471133092365,1.0,face::train::178129.jpg,0.7991250199667405,0.9795918367346939,0.6572588969725024,0.7653530187262547,0.11940161537806071,-0.022464507616177354,0.0,0.5
clip_l14,face,face::train::060555.jpg,control_one_fact,semantic_changed,0.7499433551210898,7,49,5,-0.028899156650162294,0.4,face::train::170623.jpg,0.7843638812781052,0.8775510204081632,0.6334002502695579,0.7775856977586639,0.11654310485153185,-0.03442052615701541,0.0,0.14285714285714285
clip_l14,face,face::train::150659.jpg,control_one_fact,semantic_changed,0.7130419713677886,12,49,5,-0.04312906841553865,0.4,face::train::101485.jpg,0.7561710397833272,0.7755102040816326,0.5980552703822349,0.7415782730158715,0.11498670098555364,-0.04312906841553865,0.0,0.08333333333333333
clip_l14,face,face::train::026996.jpg,control_one_fact,semantic_changed,0.7125656157573402,10,49,5,-0.06871553770527228,0.6,face::train::178129.jpg,0.7812811534626125,0.8163265306122449,0.6401086880126162,0.734288954608472,0.07245692774472401,-0.06871553770527228,0.0,0.1
clip_l14,face,face::train::042973.jpg,control_one_fact,semantic_changed,0.72412259728056,19,49,5,-0.097618561959404,0.0,face::train::082954.jpg,0.8223467027285406,0.6326530612244898,0.6517754079558131,0.8055603765003894,0.07234718932474693,-0.09822410544798055,0.0,0.05263157894736842
clip_l14,face,face::train::092618.jpg,control_one_fact,semantic_changed,0.6662212039255301,2,49,5,-0.022273007502397246,0.8,face::train::114832.jpg,0.6884942114279273,0.9795918367346939,0.5628108737376285,0.6460674052459467,0.10341033018790158,-0.022273007502397246,0.0,0.5
clip_l14,face,face::train::073196.jpg,control_one_fact,semantic_changed,0.7577026345027029,11,49,5,-0.044036336984342395,0.4,face::train::023736.jpg,0.8017389714870453,0.7959183673469388,0.6701864143716356,0.782637157872089,0.0875162201310673,-0.044036336984342395,0.0,0.09090909090909091
clip_l14,face,face::train::178129.jpg,control_synonym,semantic_preserving,0.7528847096626969,1,49,5,0.012751323394810221,1.0,face::train::170623.jpg,0.7407396155568384,1.0,0.6810054966108536,0.7168326820682197,0.0718792130518433,0.012145094105858512,1.0,1.0
clip_l14,face,face::train::178129.jpg,control_one_fact,semantic_changed,0.7639436236815462,2,49,5,0.023710401957733218,1.0,face::train::170623.jpg,0.7647069592055425,0.9795918367346939,0.6904622221455982,0.7338100019727558,0.07348140153594807,-0.0007633355239963224,0.0,0.5
clip_l14,face,face::train::123459.jpg,control_one_fact,semantic_changed,0.7069539041605941,15,49,5,-0.046731395740606474,0.2,face::train::170623.jpg,0.7926605004797703,0.7142857142857143,0.6387080289038468,0.768307259873149,0.0682458752567473,-0.08570659631917621,0.0,0.06666666666666667
clip_l14,face,face::train::088914.jpg,control_synonym,semantic_preserving,0.6371633349833556,6,49,5,0.0094388599229569,1.0,face::train::170623.jpg,0.6676460167405132,0.8979591836734694,0.5405645771028186,0.6452514915069765,0.09659875788053707,-0.030482681757157515,0.0,0.16666666666666666
clip_l14,face,face::train::088914.jpg,control_one_fact,semantic_changed,0.6042616504199285,5,49,5,0.010382768093717187,1.0,face::train::170623.jpg,0.6344308813840508,0.9183673469387755,0.5080414786990397,0.6108053657674569,0.09622017172088881,-0.030169230964122273,0.0,0.2
clip_l14,face,face::train::141457.jpg,control_one_fact,semantic_changed,0.5583931755959972,2,49,5,-0.015098253518614602,0.8,face::train::157804.jpg,0.5734914291146118,0.9795918367346939,0.44968812652654666,0.5415851996820216,0.10870504906945055,-0.015098253518614602,0.0,0.5
clip_l14,face,face::train::001042.jpg,control_synonym,semantic_preserving,0.7583735705436095,12,49,5,-0.01386871425821512,0.8,face::train::170623.jpg,0.7994426674512783,0.7755102040816326,0.7256149815761124,0.7838375669774523,0.03275858896749717,-0.0410690969076688,0.0,0.08333333333333333
clip_l14,face,face::train::001042.jpg,control_one_fact,semantic_changed,0.7630679341780253,13,49,5,-0.010838764501418852,0.8,face::train::170623.jpg,0.8231426770865462,0.7551020408163265,0.7296270994341745,0.7982222766982606,0.033440834743850845,-0.060074742908520884,0.0,0.07692307692307693
clip_l14,face,face::train::032580.jpg,control_one_fact,semantic_changed,0.8191031139608794,4,49,5,-0.004931164135861477,0.8,face::train::170623.jpg,0.8240342780967409,0.9387755102040817,0.7136112158191301,0.8202850470142595,0.10549189814174931,-0.004931164135861477,0.0,0.25
clip_l14,face,face::test::185812.jpg,control_synonym,semantic_preserving,0.751644996788885,10,49,5,-0.03234245383726586,0.4,face::train::170623.jpg,0.7991284375422094,0.8163265306122449,0.6405035123305793,0.7836890314028901,0.11114148445830563,-0.047483440753324446,0.0,0.1
clip_l14,face,face::test::189858.jpg,control_one_fact,semantic_changed,0.5825395261578152,17,49,5,-0.05266459474112162,0.2,face::train::082954.jpg,0.6958828110096217,0.673469387755102,0.510830866081705,0.6347735075761697,0.07170866007611021,-0.11334328485180645,0.0,0.058823529411764705
clip_l14,face,face::test::183801.jpg,control_one_fact,semantic_changed,0.77947776327932,2,49,5,-0.0033899408345952065,0.8,face::train::178129.jpg,0.7828677041139152,0.9795918367346939,0.6408391729705056,0.7580880331298777,0.1386385903088143,-0.0033899408345952065,0.0,0.5
clip_l14,face,face::test::188858.jpg,control_synonym,semantic_preserving,0.7719909946583552,9,49,5,-0.03244851000878124,0.4,face::train::025692.jpg,0.8092615978812381,0.8367346938775511,0.6380373282330549,0.7977687617730634,0.13395366642530027,-0.03727060322288289,0.0,0.1111111111111111
clip_l14,face,face::test::188858.jpg,control_one_fact,semantic_changed,0.7720361863128371,10,49,5,-0.029029203918691127,0.4,face::train::025692.jpg,0.8101659097210592,0.8163265306122449,0.645963851457493,0.7983124362456366,0.12607233485534408,-0.03812972340822207,0.0,0.1
clip_l14,face,face::test::196777.jpg,control_one_fact,semantic_changed,0.7650189619014967,18,49,5,-0.06225482115466452,0.0,face::train::170623.jpg,0.830607056189427,0.6530612244897959,0.6988606971573059,0.8236532951021904,0.06615826474419073,-0.06558809428793033,0.0,0.05555555555555555
clip_l14,face,face::test::184003.jpg,control_synonym,semantic_preserving,0.8257096624061105,11,49,5,-0.040592643931897876,0.2,face::train::114832.jpg,0.8663023063380084,0.7959183673469388,0.7377411728145424,0.8558365871578527,0.08796848959156811,-0.040592643931897876,0.0,0.09090909090909091
clip_l14,face,face::test::184003.jpg,control_one_fact,semantic_changed,0.8133026587267473,12,49,5,-0.038512557191964225,0.2,face::train::170623.jpg,0.8559015241264362,0.7755102040816326,0.7229847170095058,0.8485431837437593,0.0903179417172415,-0.04259886539968882,0.0,0.08333333333333333
clip_l14,face,face::test::201409.jpg,control_one_fact,semantic_changed,0.8255851410865196,4,49,5,-0.00872060417756615,0.6,face::train::114832.jpg,0.8343057452640857,0.9387755102040817,0.6922118097575447,0.8252575369491777,0.1333733313289749,-0.00872060417756615,0.0,0.25
clip_l14,face,face::test::196611.jpg,control_synonym,semantic_preserving,0.6524110216593239,7,49,5,-0.005114234568894704,0.6,face::train::091980.jpg,0.6756449529121578,0.8775510204081632,0.5144120893192954,0.6614010227505134,0.13799893234002847,-0.023233931252833906,0.0,0.14285714285714285
clip_l14,face,face::test::196611.jpg,control_one_fact,semantic_changed,0.6113972182776719,7,49,5,-0.00947541018856346,0.6,face::train::082954.jpg,0.6469961221964566,0.8775510204081632,0.4846006583639146,0.6217541699660121,0.12679655991375732,-0.03559890391878473,0.0,0.14285714285714285
