model,sample_id,domain,split,filename,variant_type,generator,relation,original_text,variant_text,original_words,variant_words,original_tokens,variant_tokens,original_truncated,variant_truncated,cosine,rank,reciprocal_rank,recall_at_1,recall_at_5,hardest_negative_cosine,margin,retrieval_pool_size
clip_b16,person::train::00197_4.png,person,train,00197_4.png,identity,builtin:identity,same,"Average-build woman with long brown hair, wearing a light brown winter jacket with a fur hood, light blue pants, and white shoes.","Average-build woman with long brown hair, wearing a light brown winter jacket with a fur hood, light blue pants, and white shoes.",22,22,30,30,False,False,1.0000001192092896,1,1.0,1,1,0.8009008169174194,0.19909930229187012,50
clip_b16,person::train::03736_1.jpg,person,train,03736_1.jpg,identity,builtin:identity,same,"Average-build man, short dark hair, wearing eyeglasses, medium skin tone, black long-sleeved quilted jacket with a light gray collar lining layered over a dark inner collar, black long pants, black shoes, carrying a white plastic bag in hand.","Average-build man, short dark hair, wearing eyeglasses, medium skin tone, black long-sleeved quilted jacket with a light gray collar lining layered over a dark inner collar, black long pants, black shoes, carrying a white plastic bag in hand.",38,38,54,54,False,False,0.9999998807907104,1,1.0,1,1,0.8686658143997192,0.1313340663909912,50
clip_b16,person::train::06597_2.jpg,person,train,06597_2.jpg,identity,builtin:identity,same,"Average-build man with short dark hair, wearing a dark blue short-sleeved collared shirt, dark trousers, and dark shoes.","Average-build man with short dark hair, wearing a dark blue short-sleeved collared shirt, dark trousers, and dark shoes.",18,18,30,30,False,False,1.0000001192092896,1,1.0,1,1,0.9440716505050659,0.05592846870422363,50
clip_b16,person::train::10977_1.jpg,person,train,10977_1.jpg,identity,builtin:identity,same,"Average-build woman with shoulder-length dark brown hair, black sunglasses, and a white face mask covering the lower face; wearing a light gray short-sleeved top, dark pants, and dark sandals; carrying a dark shoulder bag with a strap over one shoulder.","Average-build woman with shoulder-length dark brown hair, black sunglasses, and a white face mask covering the lower face; wearing a light gray short-sleeved top, dark pants, and dark sandals; carrying a dark shoulder bag with a strap over one shoulder.",40,40,56,56,False,False,1.0,1,1.0,1,1,0.7395305633544922,0.2604694366455078,50
clip_b16,person::train::12050_5.jpg,person,train,12050_5.jpg,identity,builtin:identity,same,"Average build, short brown hair, short-sleeved white polo shirt, light brown pants, dark brown shoes.","Average build, short brown hair, short-sleeved white polo shirt, light brown pants, dark brown shoes.",15,15,25,25,False,False,1.0,1,1.0,1,1,0.8786734342575073,0.12132656574249268,50
clip_b16,person::train::08529_4.jpg,person,train,08529_4.jpg,identity,builtin:identity,same,"Average-build male wearing a dark blue long-sleeved outer jacket over a white inner garment, paired with white trousers and dark shoes, with dark headwear.","Average-build male wearing a dark blue long-sleeved outer jacket over a white inner garment, paired with white trousers and dark shoes, with dark headwear.",24,24,35,35,False,False,1.0,1,1.0,1,1,0.8329811096191406,0.16701889038085938,50
clip_b16,person::train::01742_4.jpg,person,train,01742_4.jpg,identity,builtin:identity,same,"Average-build woman, dark brown hair tied back in a ponytail, eyeglasses, dark brown scarf wrapped around the neck. Light brown hooded winter coat with long sleeves and knee-length hem, black pants, and light brown shoes.","Average-build woman, dark brown hair tied back in a ponytail, eyeglasses, dark brown scarf wrapped around the neck. Light brown hooded winter coat with long sleeves and knee-length hem, black pants, and light brown shoes.",35,35,49,49,False,False,1.0,1,1.0,1,1,0.7946817874908447,0.20531821250915527,50
clip_b16,person::train::05158_3.jpg,person,train,05158_3.jpg,identity,builtin:identity,same,"Male, average build, black hooded jacket with long sleeves, dark pants.","Male, average build, black hooded jacket with long sleeves, dark pants.",11,11,17,17,False,False,0.9999997615814209,1,1.0,1,1,0.8657673597335815,0.13423240184783936,50
clip_b16,person::train::02167_1.jpg,person,train,02167_1.jpg,identity,builtin:identity,same,"Male, slim build, short dark hair, eyeglasses with thin frames, dark jacket with long sleeves layered over a light-colored collar, black pants, black backpack on both shoulders.","Male, slim build, short dark hair, eyeglasses with thin frames, dark jacket with long sleeves layered over a light-colored collar, black pants, black backpack on both shoulders.",27,27,39,39,False,False,1.0000001192092896,1,1.0,1,1,0.8686658143997192,0.1313343048095703,50
clip_b16,person::train::00233_10.png,person,train,00233_10.png,identity,builtin:identity,same,"Adult male with average build, short dark hair, dark blue short-sleeved collared shirt, black trousers, and black shoes.","Adult male with average build, short dark hair, dark blue short-sleeved collared shirt, black trousers, and black shoes.",18,18,29,29,False,False,0.9999999403953552,1,1.0,1,1,0.9440716505050659,0.05592828989028931,50
clip_b16,person::train::01108_7.png,person,train,01108_7.png,identity,builtin:identity,same,"Male, average build, dark brown medium-length hair, dark blue hooded jacket with long sleeves, dark pants, dark shoes.","Male, average build, dark brown medium-length hair, dark blue hooded jacket with long sleeves, dark pants, dark shoes.",18,18,28,28,False,False,1.0,1,1.0,1,1,0.9052350521087646,0.09476494789123535,50
clip_b16,person::train::06085_7.jpg,person,train,06085_7.jpg,identity,builtin:identity,same,"Male, average build, short dark hair, long-sleeved light gray shirt, dark pants, black shoes, dark backpack on both shoulders.","Male, average build, short dark hair, long-sleeved light gray shirt, dark pants, black shoes, dark backpack on both shoulders.",19,19,31,31,False,False,1.0,1,1.0,1,1,0.8877233266830444,0.11227667331695557,50
clip_b16,person::train::12462_1.jpg,person,train,12462_1.jpg,identity,builtin:identity,same,Average-build man with short light hair and eyeglasses; wearing a light blue short-sleeved collared shirt and dark trousers.,Average-build man with short light hair and eyeglasses; wearing a light blue short-sleeved collared shirt and dark trousers.,18,18,29,29,False,False,0.9999998807907104,1,1.0,1,1,0.8421947956085205,0.15780508518218994,50
clip_b16,person::train::01924_2.jpg,person,train,01924_2.jpg,identity,builtin:identity,same,"Male, average build, short dark hair; wearing a hooded puffer jacket featuring a grey and black patterned design, layered over a striped shirt; dark blue pants; red shoes with white soles.","Male, average build, short dark hair; wearing a hooded puffer jacket featuring a grey and black patterned design, layered over a striped shirt; dark blue pants; red shoes with white soles.",31,31,41,41,False,False,1.0000001192092896,1,1.0,1,1,0.7912561893463135,0.20874392986297607,50
clip_b16,person::train::00969_2.png,person,train,00969_2.png,identity,builtin:identity,same,"Average build, dark brown medium-length hair, dark sunglasses, dark jacket with long sleeves, dark trousers, dark shoes, white shopping bag with a dark pattern.","Average build, dark brown medium-length hair, dark sunglasses, dark jacket with long sleeves, dark trousers, dark shoes, white shopping bag with a dark pattern.",24,24,35,35,False,False,1.0,1,1.0,1,1,0.7984009385108948,0.20159906148910522,50
clip_b16,person::train::09634_1.jpg,person,train,09634_1.jpg,identity,builtin:identity,same,"Average-build female with long dark hair, wearing a white cardigan over a white top, black pants, and dark shoes. A dark shoulder bag is worn with a strap across the body. A watch is worn on the wrist.","Average-build female with long dark hair, wearing a white cardigan over a white top, black pants, and dark shoes. A dark shoulder bag is worn with a strap across the body. A watch is worn on the wrist.",38,38,48,48,False,False,0.9999999403953552,1,1.0,1,1,0.7485753893852234,0.25142455101013184,50
clip_b16,person::train::11561_6.jpg,person,train,11561_6.jpg,identity,builtin:identity,same,"Woman with an average build, dark short hair, light skin tone, wearing a light blue hooded puffer jacket with long sleeves over dark blue pants, dark brown boots, and a light brown shoulder bag with a long strap.","Woman with an average build, dark short hair, light skin tone, wearing a light blue hooded puffer jacket with long sleeves over dark blue pants, dark brown boots, and a light brown shoulder bag with a long strap.",38,38,47,47,False,False,1.0,1,1.0,1,1,0.8019436597824097,0.19805634021759033,50
clip_b16,person::train::08528_6.jpg,person,train,08528_6.jpg,identity,builtin:identity,same,"Average-build male, short dark hair, dark cap, light skin tone, long-sleeved black jacket zipped over a white shirt, light blue jeans, and white shoes.","Average-build male, short dark hair, dark cap, light skin tone, long-sleeved black jacket zipped over a white shirt, light blue jeans, and white shoes.",24,24,39,39,False,False,0.9999999403953552,1,1.0,1,1,0.8500776290893555,0.14992231130599976,50
clip_b16,person::train::01287_5.jpg,person,train,01287_5.jpg,identity,builtin:identity,same,"Average build, dark hair, red scarf wrapped around the neck, light gray long-sleeved coat with front pockets, white skirt, black leggings, and black shoes.","Average build, dark hair, red scarf wrapped around the neck, light gray long-sleeved coat with front pockets, white skirt, black leggings, and black shoes.",24,24,36,36,False,False,1.0,1,1.0,1,1,0.7946817874908447,0.20531821250915527,50
clip_b16,person::train::10252_1.jpg,person,train,10252_1.jpg,identity,builtin:identity,same,"Female, average build, long dark hair; black long-sleeved jacket over a light gray mid-layer garment; dark blue trousers; dark shoes; black shoulder bag with a thin strap.","Female, average build, long dark hair; black long-sleeved jacket over a light gray mid-layer garment; dark blue trousers; dark shoes; black shoulder bag with a thin strap.",27,27,41,41,False,False,1.0,1,1.0,1,1,0.8493286371231079,0.1506713628768921,50
clip_b16,person::train::08924_1.jpg,person,train,08924_1.jpg,identity,builtin:identity,same,"Average-build female with dark hair; wearing a dark blue long-sleeved top, dark pants, and dark shoes; carrying a dark bag by its strap and holding a smartphone.","Average-build female with dark hair; wearing a dark blue long-sleeved top, dark pants, and dark shoes; carrying a dark bag by its strap and holding a smartphone.",27,27,39,39,False,False,1.0,1,1.0,1,1,0.8539896607398987,0.14601033926010132,50
clip_b16,person::train::02319_1.jpg,person,train,02319_1.jpg,identity,builtin:identity,same,"Average build, short dark hair, orange and dark brown hooded puffer jacket with long sleeves, black pants, white shoes.","Average build, short dark hair, orange and dark brown hooded puffer jacket with long sleeves, black pants, white shoes.",19,19,27,27,False,False,1.0,1,1.0,1,1,0.8294515609741211,0.1705484390258789,50
clip_b16,person::train::09715_3.jpg,person,train,09715_3.jpg,identity,builtin:identity,same,"Average build male wearing a black cap, long-sleeve black hooded sweatshirt, and black shorts.","Average build male wearing a black cap, long-sleeve black hooded sweatshirt, and black shorts.",14,14,21,21,False,False,1.0,1,1.0,1,1,0.7811615467071533,0.21883845329284668,50
clip_b16,person::train::13508_2.jpg,person,train,13508_2.jpg,identity,builtin:identity,same,Average-build woman with voluminous black hair. Black sleeveless top. Short black skirt. Black boots reaching above the knees.,Average-build woman with voluminous black hair. Black sleeveless top. Short black skirt. Black boots reaching above the knees.,18,18,28,28,False,False,1.0,1,1.0,1,1,0.682502269744873,0.31749773025512695,50
clip_b16,person::train::09751_6.jpg,person,train,09751_6.jpg,identity,builtin:identity,same,"Male, average build, short dark hair, long-sleeved white shirt, dark shorts, white shoes.","Male, average build, short dark hair, long-sleeved white shirt, dark shorts, white shoes.",13,13,24,24,False,False,0.9999999403953552,1,1.0,1,1,0.8590270280838013,0.14097291231155396,50
clip_b16,person::train::11903_4.jpg,person,train,11903_4.jpg,identity,builtin:identity,same,"Female, average build, dark medium-length hair, dark skin tone, white short-sleeved crew-neck t-shirt featuring a large graphic print of a face on the front, dark trousers, silver-colored watch on the right wrist.","Female, average build, dark medium-length hair, dark skin tone, white short-sleeved crew-neck t-shirt featuring a large graphic print of a face on the front, dark trousers, silver-colored watch on the right wrist.",32,32,52,52,False,False,1.0,1,1.0,1,1,0.7022685408592224,0.2977314591407776,50
clip_b16,person::train::03720_4.jpg,person,train,03720_4.jpg,identity,builtin:identity,same,"Child, slim build, short dark hair, long-sleeved dark pink hooded puffer coat, black pants, pink and white shoes.","Child, slim build, short dark hair, long-sleeved dark pink hooded puffer coat, black pants, pink and white shoes.",18,18,30,30,False,False,1.0,1,1.0,1,1,0.7709670066833496,0.2290329933166504,50
clip_b16,person::train::26249_12.jpg,person,train,26249_12.jpg,identity,builtin:identity,same,"Adult male with stocky build, short dark hair, light skin tone, light blue long-sleeved collared shirt with rolled-up sleeves, dark trousers, black shoes, holding a white rectangular folder, pulling a two-wheeled cart with a green mesh container.","Adult male with stocky build, short dark hair, light skin tone, light blue long-sleeved collared shirt with rolled-up sleeves, dark trousers, black shoes, holding a white rectangular folder, pulling a two-wheeled cart with a green mesh container.",37,37,57,57,False,False,1.0000001192092896,1,1.0,1,1,0.7452350854873657,0.25476503372192383,50
clip_b16,person::train::08634_3.jpg,person,train,08634_3.jpg,identity,builtin:identity,same,"Female, average build, short gray hair, sunglasses, white sleeveless outer vest, short-sleeved striped shirt with horizontal white, black, and blue stripes and a dark blue collar, light skin tone, black pants, black shoes, black shoulder bag with a long strap, blue garment draped over the shoulder bag, watch on left wrist.","Female, average build, short gray hair, sunglasses, white sleeveless outer vest, short-sleeved striped shirt with horizontal white, black, and blue stripes and a dark blue collar, light skin tone, black pants, black shoes, black shoulder bag with a long strap, blue garment draped over the shoulder bag, watch on left wrist.",51,51,70,70,False,False,1.0,1,1.0,1,1,0.7265970706939697,0.2734029293060303,50
clip_b16,person::train::00837_3.png,person,train,00837_3.png,identity,builtin:identity,same,"Male, average build, light-colored short hair, wearing a dark green long-sleeve jacket, dark green trousers, and dark shoes, carrying a dark bag.","Male, average build, light-colored short hair, wearing a dark green long-sleeve jacket, dark green trousers, and dark shoes, carrying a dark bag.",22,22,35,35,False,False,1.0,1,1.0,1,1,0.8408581614494324,0.15914183855056763,50
clip_b16,person::query::26685_1.jpg,person,query,26685_1.jpg,identity,builtin:identity,same,"Male, average build, short dark hair, long-sleeved light blue button-down shirt, light brown trousers, dark shoes.","Male, average build, short dark hair, long-sleeved light blue button-down shirt, light brown trousers, dark shoes.",16,16,29,29,False,False,0.9999998807907104,1,1.0,1,1,0.8479735851287842,0.15202629566192627,50
clip_b16,person::query::14604_1.png,person,query,14604_1.png,identity,builtin:identity,same,"Average build male wearing black headwear, dark gray long-sleeved upper garment, blue pants, and black shoes, carrying a black backpack on both shoulders.","Average build male wearing black headwear, dark gray long-sleeved upper garment, blue pants, and black shoes, carrying a black backpack on both shoulders.",23,23,34,34,False,False,1.0,1,1.0,1,1,0.8323062658309937,0.16769373416900635,50
clip_b16,person::query::27008_3.jpg,person,query,27008_3.jpg,identity,builtin:identity,same,"Average build, dark hair, wearing a long-sleeved black jacket, dark pants, and light-colored shoes, holding a smartphone.","Average build, dark hair, wearing a long-sleeved black jacket, dark pants, and light-colored shoes, holding a smartphone.",17,17,30,30,False,False,1.0000001192092896,1,1.0,1,1,0.8539896607398987,0.14601045846939087,50
clip_b16,person::query::14994_1.png,person,query,14994_1.png,identity,builtin:identity,same,"Average build male, short black hair, dark green long-sleeved jacket, dark gray loose trousers, white shoes, yellow backpack worn on both shoulders.","Average build male, short black hair, dark green long-sleeved jacket, dark gray loose trousers, white shoes, yellow backpack worn on both shoulders.",22,22,33,33,False,False,1.0000001192092896,1,1.0,1,1,0.8408581614494324,0.15914195775985718,50
clip_b16,person::query::14459_1.png,person,query,14459_1.png,identity,builtin:identity,same,"Average-build man, short dark hair, wearing eyeglasses. Long-sleeved button-down shirt with a blue, white, and green plaid pattern. Dark gray long pants. White shoes.","Average-build man, short dark hair, wearing eyeglasses. Long-sleeved button-down shirt with a blue, white, and green plaid pattern. Dark gray long pants. White shoes.",24,24,42,42,False,False,1.0,1,1.0,1,1,0.7119194269180298,0.2880805730819702,50
clip_b16,person::query::26943_3.jpg,person,query,26943_3.jpg,identity,builtin:identity,same,"Average-build male with short dark hair, wearing a red short-sleeved shirt, dark pants, and light-colored shoes.","Average-build male with short dark hair, wearing a red short-sleeved shirt, dark pants, and light-colored shoes.",16,16,29,29,False,False,1.000000238418579,1,1.0,1,1,0.8928707838058472,0.10712945461273193,50
clip_b16,person::query::26789_3.jpg,person,query,26789_3.jpg,identity,builtin:identity,same,"Average-build male, dark short hair, dark long-sleeved shirt in dark red, blue pants, light-colored backpack with straps on both shoulders.","Average-build male, dark short hair, dark long-sleeved shirt in dark red, blue pants, light-colored backpack with straps on both shoulders.",20,20,34,34,False,False,1.0,1,1.0,1,1,0.831193208694458,0.168806791305542,50
clip_b16,person::query::26935_2.jpg,person,query,26935_2.jpg,identity,builtin:identity,same,"Average build, white headwear, long-sleeved light green jacket, dark pants, dark shoes.","Average build, white headwear, long-sleeved light green jacket, dark pants, dark shoes.",12,12,23,23,False,False,1.0,1,1.0,1,1,0.8123205900192261,0.18767940998077393,50
clip_b16,person::query::27100_1.jpg,person,query,27100_1.jpg,identity,builtin:identity,same,"Average-build male, dark short hair, cap, long-sleeved light pink button-down shirt, long blue jeans, dark shoes, dark backpack worn on one shoulder.","Average-build male, dark short hair, cap, long-sleeved light pink button-down shirt, long blue jeans, dark shoes, dark backpack worn on one shoulder.",22,22,38,38,False,False,1.0,1,1.0,1,1,0.8500776290893555,0.14992237091064453,50
clip_b16,person::query::26761_2.jpg,person,query,26761_2.jpg,identity,builtin:identity,same,"Average build, dark hair, dark long-sleeved hooded jacket, dark pants, dark shoes.","Average build, dark hair, dark long-sleeved hooded jacket, dark pants, dark shoes.",12,12,22,22,False,False,1.0,1,1.0,1,1,0.9128870368003845,0.08711296319961548,50
clip_b16,person::gallery::26474_5.jpg,person,gallery,26474_5.jpg,identity,builtin:identity,same,"Male, average build, short black hair, eyeglasses, light-colored hooded zip-up jacket worn over a purple-patterned collared shirt, dark blue pants, dark shoes, black backpack on both shoulders.","Male, average build, short black hair, eyeglasses, light-colored hooded zip-up jacket worn over a purple-patterned collared shirt, dark blue pants, dark shoes, black backpack on both shoulders.",27,27,45,45,False,False,0.9999999403953552,1,1.0,1,1,0.8637219667434692,0.136277973651886,50
clip_b16,person::gallery::27153_5.jpg,person,gallery,27153_5.jpg,identity,builtin:identity,same,"Average build adult wearing a long-sleeved light gray shirt, dark pants, and light-colored shoes.","Average build adult wearing a long-sleeved light gray shirt, dark pants, and light-colored shoes.",14,14,24,24,False,False,1.0,1,1.0,1,1,0.9115244746208191,0.08847552537918091,50
clip_b16,person::gallery::26789_1.jpg,person,gallery,26789_1.jpg,identity,builtin:identity,same,"Average-build man wearing a long-sleeved dark red jacket, light gray trousers, and dark shoes.","Average-build man wearing a long-sleeved dark red jacket, light gray trousers, and dark shoes.",14,14,24,24,False,False,1.0000001192092896,1,1.0,1,1,0.8258756399154663,0.17412447929382324,50
clip_b16,person::gallery::26721_4.jpg,person,gallery,26721_4.jpg,identity,builtin:identity,same,"Average build, dark long-sleeved jacket, dark trousers, dark shoes.","Average build, dark long-sleeved jacket, dark trousers, dark shoes.",9,9,18,18,False,False,1.0000001192092896,1,1.0,1,1,0.9128870368003845,0.08711308240890503,50
clip_b16,person::gallery::26991_3.jpg,person,gallery,26991_3.jpg,identity,builtin:identity,same,"Male, average build, short dark hair; light skin; long-sleeved white shirt with dark stripes on the shoulders and chest text; loose light brown pants; white shoes; smartphone held in hand.","Male, average build, short dark hair; light skin; long-sleeved white shirt with dark stripes on the shoulders and chest text; loose light brown pants; white shoes; smartphone held in hand.",30,30,43,43,False,False,0.9999999403953552,1,1.0,1,1,0.8296574354171753,0.17034250497817993,50
clip_b16,person::gallery::26735_2.jpg,person,gallery,26735_2.jpg,identity,builtin:identity,same,"Male, average build, short black hair; long-sleeve shirt with blue, white, and purple horizontal stripes; dark pants; light brown shoes; black backpack worn on both shoulders.","Male, average build, short black hair; long-sleeve shirt with blue, white, and purple horizontal stripes; dark pants; light brown shoes; black backpack worn on both shoulders.",26,26,39,39,False,False,0.9999998807907104,1,1.0,1,1,0.8637219667434692,0.1362779140472412,50
clip_b16,person::gallery::14888_1.png,person,gallery,14888_1.png,identity,builtin:identity,same,"Male, slim build, short dark hair, long-sleeved bright blue hooded jacket, long blue jeans, light brown shoes, black messenger bag with a single long strap across the right shoulder.","Male, slim build, short dark hair, long-sleeved bright blue hooded jacket, long blue jeans, light brown shoes, black messenger bag with a single long strap across the right shoulder.",29,29,41,41,False,False,1.0,1,1.0,1,1,0.8730233311653137,0.12697666883468628,50
clip_b16,person::gallery::26774_3.jpg,person,gallery,26774_3.jpg,identity,builtin:identity,same,"Male, average build, short dark hair, blue hooded jacket with long sleeves, dark blue pants, white shoes, black backpack on both shoulders.","Male, average build, short dark hair, blue hooded jacket with long sleeves, dark blue pants, white shoes, black backpack on both shoulders.",22,22,31,31,False,False,1.0,1,1.0,1,1,0.9052350521087646,0.09476494789123535,50
clip_b16,person::gallery::15309_3.png,person,gallery,15309_3.png,identity,builtin:identity,same,"Average-build male, short dark hair, wearing a gray short-sleeve collared shirt, dark pants, and dark shoes.","Average-build male, short dark hair, wearing a gray short-sleeve collared shirt, dark pants, and dark shoes.",16,16,28,28,False,False,1.0,1,1.0,1,1,0.9115245938301086,0.08847540616989136,50
clip_b16,person::gallery::15194_3.png,person,gallery,15194_3.png,identity,builtin:identity,same,"Male, average build, short dark hair, eyeglasses, long-sleeved dark purple full-zip jacket, light gray trousers, dark shoes, papers held in hand.","Male, average build, short dark hair, eyeglasses, long-sleeved dark purple full-zip jacket, light gray trousers, dark shoes, papers held in hand.",21,21,37,37,False,False,1.0,1,1.0,1,1,0.8587974309921265,0.14120256900787354,50
clip_b16,vehicle::train_images::19666_c077_02.jpg,vehicle,train_images,19666_c077_02.jpg,identity,builtin:identity,same,"Minivan, Volkswagen Touran, black paint, alloy rims, silver roof rails, tinted windows.","Minivan, Volkswagen Touran, black paint, alloy rims, silver roof rails, tinted windows.",12,12,22,22,False,False,1.0,1,1.0,1,1,0.8312633633613586,0.16873663663864136,50
clip_b16,vehicle::train_images::13184_c012_02.jpg,vehicle,train_images,13184_c012_02.jpg,identity,builtin:identity,same,"Sedan, silver, steel wheels with multi-spoke hubcaps, sunroof, several white cloth items visible on the rear parcel shelf.","Sedan, silver, steel wheels with multi-spoke hubcaps, sunroof, several white cloth items visible on the rear parcel shelf.",18,18,29,29,False,False,1.000000238418579,1,1.0,1,1,0.8834913969039917,0.1165088415145874,50
clip_b16,vehicle::train_images::13608_c139_04.jpg,vehicle,train_images,13608_c139_04.jpg,identity,builtin:identity,same,"Sedan, black, chrome vertical slat grille with a centered Buick emblem, multi-spoke silver alloy wheels, sunroof.","Sedan, black, chrome vertical slat grille with a centered Buick emblem, multi-spoke silver alloy wheels, sunroof.",16,16,27,27,False,False,1.0,1,1.0,1,1,0.8826025724411011,0.11739742755889893,50
clip_b16,vehicle::train_images::12849_c170_02.jpg,vehicle,train_images,12849_c170_02.jpg,identity,builtin:identity,same,Sedan. Volkswagen Jetta. Black paint. Alloy wheels. Dark window tint.,Sedan. Volkswagen Jetta. Black paint. Alloy wheels. Dark window tint.,10,10,18,18,False,False,1.0,1,1.0,1,1,0.9392795562744141,0.06072044372558594,50
clip_b16,vehicle::train_images::10839_c110_00.jpg,vehicle,train_images,10839_c110_00.jpg,identity,builtin:identity,same,"Hatchback, Volkswagen Polo, silver, multi-spoke alloy wheels, rearview mirror air freshener hanging, front bumper fog lights.","Hatchback, Volkswagen Polo, silver, multi-spoke alloy wheels, rearview mirror air freshener hanging, front bumper fog lights.",16,16,28,28,False,False,0.9999999403953552,1,1.0,1,1,0.8374141454696655,0.1625857949256897,50
clip_b16,vehicle::train_images::02440_c090_02.jpg,vehicle,train_images,02440_c090_02.jpg,identity,builtin:identity,same,"SUV, Hyundai Tucson, dark brown, alloy wheels, silver-colored side steps, rear bumper trim with silver accents, roof rails, shark fin antenna, tinted windows, circular decal on the rear bumper.","SUV, Hyundai Tucson, dark brown, alloy wheels, silver-colored side steps, rear bumper trim with silver accents, roof rails, shark fin antenna, tinted windows, circular decal on the rear bumper.",29,29,43,43,False,False,1.0,1,1.0,1,1,0.7559164762496948,0.24408352375030518,50
clip_b16,vehicle::train_images::12341_c073_00.jpg,vehicle,train_images,12341_c073_00.jpg,identity,builtin:identity,same,"Sedan, Nissan Altima, black paint, alloy wheels, sunroof, moderate window tint.","Sedan, Nissan Altima, black paint, alloy wheels, sunroof, moderate window tint.",11,11,21,21,False,False,1.0,1,1.0,1,1,0.9321075677871704,0.06789243221282959,50
clip_b16,vehicle::train_images::18263_c110_02.jpg,vehicle,train_images,18263_c110_02.jpg,identity,builtin:identity,same,"SUV, Nissan Qashqai, silver, silver-painted alloy wheels, sunroof, roof rails.","SUV, Nissan Qashqai, silver, silver-painted alloy wheels, sunroof, roof rails.",10,10,24,24,False,False,0.9999997615814209,1,1.0,1,1,0.8743084073066711,0.12569135427474976,50
clip_b16,vehicle::train_images::10529_c003_02.jpg,vehicle,train_images,10529_c003_02.jpg,identity,builtin:identity,same,"Sedan, Kia Rio, silver, five-spoke alloy wheels, windshield rain guard deflectors.","Sedan, Kia Rio, silver, five-spoke alloy wheels, windshield rain guard deflectors.",11,11,22,22,False,False,1.0000001192092896,1,1.0,1,1,0.9008185267448425,0.09918159246444702,50
clip_b16,vehicle::train_images::15907_c041_04.jpg,vehicle,train_images,15907_c041_04.jpg,identity,builtin:identity,same,"Sedan, Mazda 6, red, alloy wheels.","Sedan, Mazda 6, red, alloy wheels.",6,6,12,12,False,False,1.0,1,1.0,1,1,0.8496640920639038,0.1503359079360962,50
clip_b16,vehicle::train_images::08854_c110_02.jpg,vehicle,train_images,08854_c110_02.jpg,identity,builtin:identity,same,"Sedan, dark gray, alloy wheels, dark window tint.","Sedan, dark gray, alloy wheels, dark window tint.",8,8,14,14,False,False,1.0,1,1.0,1,1,0.9476256370544434,0.05237436294555664,50
clip_b16,vehicle::train_images::04922_c023_01.jpg,vehicle,train_images,04922_c023_01.jpg,identity,builtin:identity,same,"Hatchback, BAIC E-Series, bright red, alloy wheels, sunroof, window tint.","Hatchback, BAIC E-Series, bright red, alloy wheels, sunroof, window tint.",10,10,22,22,False,False,1.0000001192092896,1,1.0,1,1,0.8356567621231079,0.16434335708618164,50
clip_b16,vehicle::train_images::19263_c030_03.jpg,vehicle,train_images,19263_c030_03.jpg,identity,builtin:identity,same,"Sedan, Buick Verano, light brown, silver alloy rims, integrated rear spoiler, tinted rear windows.","Sedan, Buick Verano, light brown, silver alloy rims, integrated rear spoiler, tinted rear windows.",14,14,23,23,False,False,1.0,1,1.0,1,1,0.8652833700180054,0.13471662998199463,50
clip_b16,vehicle::train_images::07345_c110_03.jpg,vehicle,train_images,07345_c110_03.jpg,identity,builtin:identity,same,"Sedan, white Chevrolet Cruze, featuring alloy wheels, black window tinting, and a small sticker on the rear window.","Sedan, white Chevrolet Cruze, featuring alloy wheels, black window tinting, and a small sticker on the rear window.",18,18,27,27,False,False,0.9999998807907104,1,1.0,1,1,0.7735306024551392,0.2264692783355713,50
clip_b16,vehicle::train_images::19520_c034_01.jpg,vehicle,train_images,19520_c034_01.jpg,identity,builtin:identity,same,"SUV, white, Ford Escape, dual exhaust tips, silver roof rails, silver alloy rims, panoramic sunroof, tinted windows.","SUV, white, Ford Escape, dual exhaust tips, silver roof rails, silver alloy rims, panoramic sunroof, tinted windows.",17,17,28,28,False,False,0.9999998807907104,1,1.0,1,1,0.8751206994056702,0.12487918138504028,50
clip_b16,vehicle::train_images::16253_c139_00.jpg,vehicle,train_images,16253_c139_00.jpg,identity,builtin:identity,same,"Sedan, black paint, alloy rims.","Sedan, black paint, alloy rims.",5,5,10,10,False,False,1.0,1,1.0,1,1,0.9317662715911865,0.06823372840881348,50
clip_b16,vehicle::train_images::06987_c051_04.jpg,vehicle,train_images,06987_c051_04.jpg,identity,builtin:identity,same,"Hatchback, dark gray paint, black roof rails, alloy wheels, aftermarket blue accent lighting strip beneath the headlights.","Hatchback, dark gray paint, black roof rails, alloy wheels, aftermarket blue accent lighting strip beneath the headlights.",17,17,25,25,False,False,1.0,1,1.0,1,1,0.8902522325515747,0.10974776744842529,50
clip_b16,vehicle::train_images::05685_c100_04.jpg,vehicle,train_images,05685_c100_04.jpg,identity,builtin:identity,same,"Sedan, silver, with a sunroof, alloy rims, and window visors on the side windows.","Sedan, silver, with a sunroof, alloy rims, and window visors on the side windows.",14,14,23,23,False,False,1.0000001192092896,1,1.0,1,1,0.8834913969039917,0.11650872230529785,50
clip_b16,vehicle::train_images::16614_c041_04.jpg,vehicle,train_images,16614_c041_04.jpg,identity,builtin:identity,same,"Sedan, Infiniti M, black, alloy rims, tinted windows.","Sedan, Infiniti M, black, alloy rims, tinted windows.",8,8,15,15,False,False,1.0000001192092896,1,1.0,1,1,0.9321075677871704,0.06789255142211914,50
clip_b16,vehicle::train_images::13946_c012_04.jpg,vehicle,train_images,13946_c012_04.jpg,identity,builtin:identity,same,"Minivan, silver, sunroof, alloy wheels.","Minivan, silver, sunroof, alloy wheels.",5,5,13,13,False,False,0.9999998807907104,1,1.0,1,1,0.944100022315979,0.055899858474731445,50
clip_b16,vehicle::train_images::14133_c170_01.jpg,vehicle,train_images,14133_c170_01.jpg,identity,builtin:identity,same,"Sedan, black paint, dark tinted rear windows, tree branches secured to the roof.","Sedan, black paint, dark tinted rear windows, tree branches secured to the roof.",13,13,19,19,False,False,1.0,1,1.0,1,1,0.8747673630714417,0.12523263692855835,50
clip_b16,vehicle::train_images::16747_c163_03.jpg,vehicle,train_images,16747_c163_03.jpg,identity,builtin:identity,same,"Sedan, Buick Regal, white, sunroof, stickers on the upper portion of the windshield.","Sedan, Buick Regal, white, sunroof, stickers on the upper portion of the windshield.",13,13,21,21,False,False,0.9999998211860657,1,1.0,1,1,0.8826278448104858,0.11737197637557983,50
clip_b16,vehicle::train_images::05432_c163_04.jpg,vehicle,train_images,05432_c163_04.jpg,identity,builtin:identity,same,Sedan. Volkswagen Passat. Black. Alloy rims.,Sedan. Volkswagen Passat. Black. Alloy rims.,6,6,13,13,False,False,0.9999999403953552,1,1.0,1,1,0.9093000888824463,0.09069985151290894,50
clip_b16,vehicle::train_images::19057_c170_04.jpg,vehicle,train_images,19057_c170_04.jpg,identity,builtin:identity,same,"SUV, white, with a black bumper and dark gray lower cladding, featuring a rectangular yellow sticker on the trunk lid below the rear window, a rear wiper, and tree branches laying across the roof.","SUV, white, with a black bumper and dark gray lower cladding, featuring a rectangular yellow sticker on the trunk lid below the rear window, a rear wiper, and tree branches laying across the roof.",34,34,43,43,False,False,0.9999999403953552,1,1.0,1,1,0.6640856862068176,0.3359142541885376,50
clip_b16,vehicle::train_images::04455_c078_00.jpg,vehicle,train_images,04455_c078_00.jpg,identity,builtin:identity,same,"Sedan, Toyota Camry, black paint, alloy rims, damage on the hood near the driver-side headlight.","Sedan, Toyota Camry, black paint, alloy rims, damage on the hood near the driver-side headlight.",15,15,25,25,False,False,1.0000001192092896,1,1.0,1,1,0.9168956279754639,0.08310449123382568,50
clip_b16,vehicle::train_images::14387_c163_04.jpg,vehicle,train_images,14387_c163_04.jpg,identity,builtin:identity,same,"SUV, Volkswagen Tiguan, white, alloy wheels, dark window tint, sunroof, window visors on the side windows.","SUV, Volkswagen Tiguan, white, alloy wheels, dark window tint, sunroof, window visors on the side windows.",16,16,28,28,False,False,1.0000001192092896,1,1.0,1,1,0.8701463937759399,0.1298537254333496,50
clip_b16,vehicle::train_images::09221_c139_03.jpg,vehicle,train_images,09221_c139_03.jpg,identity,builtin:identity,same,Sedan with a white paint finish. Toyota badging is present on the grille. Alloy rims are visible. The windows have light tinting. An antenna is positioned on the roof.,Sedan with a white paint finish. Toyota badging is present on the grille. Alloy rims are visible. The windows have light tinting. An antenna is positioned on the roof.,29,29,38,38,False,False,0.9999998807907104,1,1.0,1,1,0.8663375377655029,0.13366234302520752,50
clip_b16,vehicle::train_images::04724_c110_02.jpg,vehicle,train_images,04724_c110_02.jpg,identity,builtin:identity,same,"Hatchback, white, sunroof, alloy wheels.","Hatchback, white, sunroof, alloy wheels.",5,5,12,12,False,False,0.9999997615814209,1,1.0,1,1,0.944100022315979,0.055899739265441895,50
clip_b16,vehicle::train_images::08361_c094_04.jpg,vehicle,train_images,08361_c094_04.jpg,identity,builtin:identity,same,"Sedan, Nissan Tiida, silver, alloy wheels, sunroof, wind deflectors on the front and rear passenger windows.","Sedan, Nissan Tiida, silver, alloy wheels, sunroof, wind deflectors on the front and rear passenger windows.",16,16,28,28,False,False,0.9999998807907104,1,1.0,1,1,0.8766371607780457,0.1233627200126648,50
clip_b16,vehicle::train_images::03678_c014_03.jpg,vehicle,train_images,03678_c014_03.jpg,identity,builtin:identity,same,"Sedan, white, Buick, alloy multi-spoke rims, sunroof, dark window tint, red ribbon attached to the driver's side mirror.","Sedan, white, Buick, alloy multi-spoke rims, sunroof, dark window tint, red ribbon attached to the driver's side mirror.",18,18,31,31,False,False,0.9999998211860657,1,1.0,1,1,0.8784931898117065,0.12150663137435913,50
clip_b16,vehicle::query_images::20204_c041_01.jpg,vehicle,query_images,20204_c041_01.jpg,identity,builtin:identity,same,"Sedan, black paint, alloy wheels, chrome trunk trim, tinted rear window.","Sedan, black paint, alloy wheels, chrome trunk trim, tinted rear window.",11,11,18,18,False,False,0.9999998807907104,1,1.0,1,1,0.9476256370544434,0.05237424373626709,50
clip_b16,vehicle::query_images::21022_c078_01.jpg,vehicle,query_images,21022_c078_01.jpg,identity,builtin:identity,same,"SUV, FAW, white, alloy rims, roof rails, sunroof.","SUV, FAW, white, alloy rims, roof rails, sunroof.",8,8,18,18,False,False,1.0000001192092896,1,1.0,1,1,0.9328338503837585,0.067166268825531,50
clip_b16,vehicle::query_images::20039_c015_00.jpg,vehicle,query_images,20039_c015_00.jpg,identity,builtin:identity,same,"Box truck, JAC brand, silver paint, black side mirrors, black front grill, clear windshield, roof-mounted wind deflector.","Box truck, JAC brand, silver paint, black side mirrors, black front grill, clear windshield, roof-mounted wind deflector.",17,17,30,30,False,False,1.0,1,1.0,1,1,0.8159366250038147,0.1840633749961853,50
clip_b16,vehicle::query_images::20298_c122_00.jpg,vehicle,query_images,20298_c122_00.jpg,identity,builtin:identity,same,"MPV, silver, silver alloy wheels.","MPV, silver, silver alloy wheels.",5,5,11,11,False,False,0.9999997019767761,1,1.0,1,1,0.8639885187149048,0.13601118326187134,50
clip_b16,vehicle::query_images::21010_c163_01.jpg,vehicle,query_images,21010_c163_01.jpg,identity,builtin:identity,same,"SUV, Lexus RX, black, alloy wheels, roof rails, window visors attached to the top of the side windows, sheet of paper on the dashboard.","SUV, Lexus RX, black, alloy wheels, roof rails, window visors attached to the top of the side windows, sheet of paper on the dashboard.",24,24,34,34,False,False,1.0,1,1.0,1,1,0.8030964732170105,0.1969035267829895,50
clip_b16,vehicle::query_images::20249_c003_00.jpg,vehicle,query_images,20249_c003_00.jpg,identity,builtin:identity,same,"Sedan, Volkswagen Passat, black, alloy rims, sunroof, tinted windows.","Sedan, Volkswagen Passat, black, alloy rims, sunroof, tinted windows.",9,9,19,19,False,False,0.9999998807907104,1,1.0,1,1,0.9491785764694214,0.05082130432128906,50
clip_b16,vehicle::query_images::20506_c051_01.jpg,vehicle,query_images,20506_c051_01.jpg,identity,builtin:identity,same,"Hatchback, Ford Focus, white, alloy rims, sunroof.","Hatchback, Ford Focus, white, alloy rims, sunroof.",7,7,15,15,False,False,1.0,1,1.0,1,1,0.9304007887840271,0.0695992112159729,50
clip_b16,vehicle::query_images::21112_c079_00.jpg,vehicle,query_images,21112_c079_00.jpg,identity,builtin:identity,same,"Compact crossover SUV.
Honda CR-V.
White primary color.
Silver alloy wheels.
Roof rails.
Clear windows.
Green registration sticker on the upper corner of the windshield.
Small white bobblehead ornament on the dashboard.","Compact crossover SUV.
Honda CR-V.
White primary color.
Silver alloy wheels.
Roof rails.
Clear windows.
Green registration sticker on the upper corner of the windshield.
Small white bobblehead ornament on the dashboard.",32,32,44,44,False,False,1.0,1,1.0,1,1,0.6965746879577637,0.30342531204223633,50
clip_b16,vehicle::query_images::20949_c003_01.jpg,vehicle,query_images,20949_c003_01.jpg,identity,builtin:identity,same,"Sedan, black paint, alloy rims with a multi-spoke design, sunroof, dark window tint, multiple circular stickers on the lower passenger side of the windshield.","Sedan, black paint, alloy rims with a multi-spoke design, sunroof, dark window tint, multiple circular stickers on the lower passenger side of the windshield.",24,24,35,35,False,False,1.0,1,1.0,1,1,0.8733271360397339,0.1266728639602661,50
clip_b16,vehicle::query_images::20272_c102_00.jpg,vehicle,query_images,20272_c102_00.jpg,identity,builtin:identity,same,"Sedan, Volkswagen Lamando, black, alloy wheels, dark window tint.","Sedan, Volkswagen Lamando, black, alloy wheels, dark window tint.",9,9,17,17,False,False,1.0,1,1.0,1,1,0.9392795562744141,0.06072044372558594,50
clip_b16,vehicle::gallery_images::20591_c110_03.jpg,vehicle,gallery_images,20591_c110_03.jpg,identity,builtin:identity,same,"Sedan, BMW 5 Series (F10 generation), black paint, multi-spoke alloy wheels, sunroof, light window tint, stickers on the front windshield (passenger side).","Sedan, BMW 5 Series (F10 generation), black paint, multi-spoke alloy wheels, sunroof, light window tint, stickers on the front windshield (passenger side).",22,22,38,38,False,False,1.0,1,1.0,1,1,0.8565823435783386,0.14341765642166138,50
clip_b16,vehicle::gallery_images::20535_c170_02.jpg,vehicle,gallery_images,20535_c170_02.jpg,identity,builtin:identity,same,"Sedan, Volkswagen Passat B4, silver, alloy wheels.","Sedan, Volkswagen Passat B4, silver, alloy wheels.",7,7,15,15,False,False,0.9999999403953552,1,1.0,1,1,0.9197594523429871,0.08024048805236816,50
clip_b16,vehicle::gallery_images::20877_c110_00.jpg,vehicle,gallery_images,20877_c110_00.jpg,identity,builtin:identity,same,"Sedan, dark gray, alloy rims, spoiler, tinted windows, small oval decal on the right side of the rear bumper, rectangular decal on the right side of the trunk lid.","Sedan, dark gray, alloy rims, spoiler, tinted windows, small oval decal on the right side of the rear bumper, rectangular decal on the right side of the trunk lid.",29,29,38,38,False,False,0.9999998807907104,1,1.0,1,1,0.8701660633087158,0.12983381748199463,50
clip_b16,vehicle::gallery_images::20159_c003_00.jpg,vehicle,gallery_images,20159_c003_00.jpg,identity,builtin:identity,same,"Sedan, Toyota Camry, black, hubcap wheels, moderate window tint, chrome trim strip on the rear bumper.","Sedan, Toyota Camry, black, hubcap wheels, moderate window tint, chrome trim strip on the rear bumper.",16,16,25,25,False,False,1.0,1,1.0,1,1,0.9316971302032471,0.06830286979675293,50
clip_b16,vehicle::gallery_images::21199_c014_04.jpg,vehicle,gallery_images,21199_c014_04.jpg,identity,builtin:identity,same,"Sedan, FAW V5, silver, multi-spoke alloy rims, light window tint.","Sedan, FAW V5, silver, multi-spoke alloy rims, light window tint.",10,10,21,21,False,False,1.0,1,1.0,1,1,0.9311382174491882,0.06886178255081177,50
clip_b16,vehicle::gallery_images::20762_c156_00.jpg,vehicle,gallery_images,20762_c156_00.jpg,identity,builtin:identity,same,"Compact minivan, Nissan Livina, black, five-spoke alloy rims, silver roof rails.","Compact minivan, Nissan Livina, black, five-spoke alloy rims, silver roof rails.",11,11,22,22,False,False,1.0,1,1.0,1,1,0.8371611833572388,0.16283881664276123,50
clip_b16,vehicle::gallery_images::20070_c017_01.jpg,vehicle,gallery_images,20070_c017_01.jpg,identity,builtin:identity,same,"Bus, white and blue two-tone paint, digital route display on the rear window, text ""AZ7892"" printed above the license plate area, stacked tail lights on both sides.","Bus, white and blue two-tone paint, digital route display on the rear window, text ""AZ7892"" printed above the license plate area, stacked tail lights on both sides.",27,27,42,42,False,False,1.0,1,1.0,1,1,0.6567423939704895,0.3432576060295105,50
clip_b16,vehicle::gallery_images::21216_c003_04.jpg,vehicle,gallery_images,21216_c003_04.jpg,identity,builtin:identity,same,"Sedan, Volkswagen Passat, silver, five-spoke alloy wheels, tinted windows.","Sedan, Volkswagen Passat, silver, five-spoke alloy wheels, tinted windows.",9,9,19,19,False,False,1.0,1,1.0,1,1,0.9491785764694214,0.05082142353057861,50
clip_b16,vehicle::gallery_images::20559_c170_01.jpg,vehicle,gallery_images,20559_c170_01.jpg,identity,builtin:identity,same,Sedan with a white exterior. The badge on the center of the trunk lid depicts a stylized symbol composed of interlocking circular and geometric elements. Rectangular taillights are situated on either side of the trunk.,Sedan with a white exterior. The badge on the center of the trunk lid depicts a stylized symbol composed of interlocking circular and geometric elements. Rectangular taillights are situated on either side of the trunk.,35,35,44,44,False,False,1.0,1,1.0,1,1,0.7905411720275879,0.2094588279724121,50
clip_b16,vehicle::gallery_images::20401_c023_03.jpg,vehicle,gallery_images,20401_c023_03.jpg,identity,builtin:identity,same,"Hatchback, Smart Fortwo, two-tone white body with red roof and side mirror caps, five-spoke dark alloy wheels, tinted windows.","Hatchback, Smart Fortwo, two-tone white body with red roof and side mirror caps, five-spoke dark alloy wheels, tinted windows.",19,19,31,31,False,False,0.9999998211860657,1,1.0,1,1,0.7321525812149048,0.2678472399711609,50
clip_b16,face::train::170623.jpg,face,train,170623.jpg,identity,builtin:identity,same,"Male-presenting middle-aged adult, with an oval facial shape, balanced thirds, and average facial depth; jawline with moderate definition, chin rounded and moderate in projection with a slight vertical height. Hairline M-shaped with temporal recession; eyebrows medium in thickness, soft-arched with a low peak, moderate spacing between the brows, and moderate brow-to-eye vertical distance. Eyes almond-shaped, moderate palpebral fissure length with a horizontal slant, average distance between inner corners relative to eye width, upper-lid crease double and moderate in height, moderate lid exposure, and average orbital depth. Nasal root moderate in width and depth, dorsum straight, bridge moderate in width, tip rounded with moderate projection and rotation, alar width moderate relative to intercanthal distance, alar flare moderate, and nostrils partially visible. Mouth width moderate relative to interpuptillary distance, upper-to-lower lip fullness ratio balanced, vermilion fullness moderate, cupid's bow defined, corners level, philtrum moderate in length and width with defined ridges, and visible upper dental alignment at rest. Ears average in size, moderate protrusion, helix rolled, antihelix defined, lobes free, and positioned level with the eye-nose line; persistent marks not discernible; captured in a medium close-up with a smiling expression, head slightly turned and tilted, indoor directional lighting against a blue gradient backdrop, and soft focus throughout.","Male-presenting middle-aged adult, with an oval facial shape, balanced thirds, and average facial depth; jawline with moderate definition, chin rounded and moderate in projection with a slight vertical height. Hairline M-shaped with temporal recession; eyebrows medium in thickness, soft-arched with a low peak, moderate spacing between the brows, and moderate brow-to-eye vertical distance. Eyes almond-shaped, moderate palpebral fissure length with a horizontal slant, average distance between inner corners relative to eye width, upper-lid crease double and moderate in height, moderate lid exposure, and average orbital depth. Nasal root moderate in width and depth, dorsum straight, bridge moderate in width, tip rounded with moderate projection and rotation, alar width moderate relative to intercanthal distance, alar flare moderate, and nostrils partially visible. Mouth width moderate relative to interpuptillary distance, upper-to-lower lip fullness ratio balanced, vermilion fullness moderate, cupid's bow defined, corners level, philtrum moderate in length and width with defined ridges, and visible upper dental alignment at rest. Ears average in size, moderate protrusion, helix rolled, antihelix defined, lobes free, and positioned level with the eye-nose line; persistent marks not discernible; captured in a medium close-up with a smiling expression, head slightly turned and tilted, indoor directional lighting against a blue gradient backdrop, and soft focus throughout.",205,205,304,304,True,True,1.0,1,1.0,1,1,0.9651087522506714,0.03489124774932861,50
clip_b16,face::train::081413.jpg,face,train,081413.jpg,identity,builtin:identity,same,"Male-presenting older adult with an oblong facial shape, balanced thirds, and defined bone structure; high, moderately wide forehead with prominent horizontal creases; receding hairline at the temples; moderate brow ridge with low, soft-arched eyebrows; almond-shaped eyes with moderate upper-lid exposure and deep-set orbital depth; straight nasal bridge with a slightly downturned, bulbous tip and moderate alar width; medium-width mouth with thin lips and level corners; short philtrum with defined ridges; sharp jawline with moderate angularity and a rounded chin; moderate ear size with attached lobes positioned level with the eye-nose line; short grey hair styled back, short grey mustache above the upper lip, captured in a medium close-up with a slight upward head tilt against a dark background with red and white lettering.","Male-presenting older adult with an oblong facial shape, balanced thirds, and defined bone structure; high, moderately wide forehead with prominent horizontal creases; receding hairline at the temples; moderate brow ridge with low, soft-arched eyebrows; almond-shaped eyes with moderate upper-lid exposure and deep-set orbital depth; straight nasal bridge with a slightly downturned, bulbous tip and moderate alar width; medium-width mouth with thin lips and level corners; short philtrum with defined ridges; sharp jawline with moderate angularity and a rounded chin; moderate ear size with attached lobes positioned level with the eye-nose line; short grey hair styled back, short grey mustache above the upper lip, captured in a medium close-up with a slight upward head tilt against a dark background with red and white lettering.",123,123,173,173,True,True,1.0000001192092896,1,1.0,1,1,0.9758431911468506,0.024156928062438965,50
clip_b16,face::train::137722.jpg,face,train,137722.jpg,identity,builtin:identity,same,"Female presentation, older adult, oval face shape with balanced vertical thirds and a moderate width-to-length ratio, soft tissue fullness distributed evenly across the cheeks and jawline; hairline occluded by headwear, straight bangs framing the forehead; thin, sparse eyebrows with a soft arch; almond-shaped eyes with moderate palpebral fissure length, average orbital depth, visible upper-lid creases, and average intercanthal distance; straight nasal dorsum, moderate bridge width, rounded tip with moderate projection, and average alar width; medium-thin lips with a defined cupid's bow, level corners, and a moderately short philtrum; smooth submental contour with mild vertical neck creases; ears occluded; captured in a medium close-up with soft front lighting, a slight downward camera angle, neutral expression, and wearing a textured white flat cap with a dark band.","Female presentation, older adult, oval face shape with balanced vertical thirds and a moderate width-to-length ratio, soft tissue fullness distributed evenly across the cheeks and jawline; hairline occluded by headwear, straight bangs framing the forehead; thin, sparse eyebrows with a soft arch; almond-shaped eyes with moderate palpebral fissure length, average orbital depth, visible upper-lid creases, and average intercanthal distance; straight nasal dorsum, moderate bridge width, rounded tip with moderate projection, and average alar width; medium-thin lips with a defined cupid's bow, level corners, and a moderately short philtrum; smooth submental contour with mild vertical neck creases; ears occluded; captured in a medium close-up with soft front lighting, a slight downward camera angle, neutral expression, and wearing a textured white flat cap with a dark band.",125,125,186,186,True,True,1.0,1,1.0,1,1,0.9355272650718689,0.0644727349281311,50
clip_b16,face::train::071174.jpg,face,train,071174.jpg,identity,builtin:identity,same,"Female presentation, young adult, oval face shape with balanced vertical thirds; rounded forehead contour with moderate brow ridge and narrow glabella; not discernible hairline due to head covering; soft-arched eyebrows with moderate thickness and a low peak; almond-shaped eyes with a slight upward canthal tilt, double upper-lid creases, and average orbital depth; straight nasal dorsum, medium bridge width, rounded tip with moderate projection, and wide alar flare; medium mouth width, upper-to-lower lip fullness ratio balanced, level corners, and narrow philtrum with defined ridges; smooth skin surface with a small dark mole on the forehead above the medial end of the right eyebrow; ears occluded by garment; captured in a close-up photograph with direct frontal lighting, a slight head tilt, a gentle smile, and colorful patterned garments framing the head.","Female presentation, young adult, oval face shape with balanced vertical thirds; rounded forehead contour with moderate brow ridge and narrow glabella; not discernible hairline due to head covering; soft-arched eyebrows with moderate thickness and a low peak; almond-shaped eyes with a slight upward canthal tilt, double upper-lid creases, and average orbital depth; straight nasal dorsum, medium bridge width, rounded tip with moderate projection, and wide alar flare; medium mouth width, upper-to-lower lip fullness ratio balanced, level corners, and narrow philtrum with defined ridges; smooth skin surface with a small dark mole on the forehead above the medial end of the right eyebrow; ears occluded by garment; captured in a close-up photograph with direct frontal lighting, a slight head tilt, a gentle smile, and colorful patterned garments framing the head.",129,129,181,181,True,True,0.9999998807907104,1,1.0,1,1,0.9672326445579529,0.03276723623275757,50
clip_b16,face::train::166091.jpg,face,train,166091.jpg,identity,builtin:identity,same,"Male presentation, adult, oval face shape with balanced upper, middle, and lower thirds; moderate facial depth and balanced bone structure to soft tissue. Symmetrical features without prominent permanent structural asymmetries. M-shaped hairline with moderate temporal recession and average height on the forehead; brow ridge with moderate prominence and average glabella width. Soft-arched eyebrows with moderate density and length, moderate spacing between the brows, and a medium brow-to-eye vertical distance. Almond-shaped eyes with average palpebral fissure length, negligible canthal tilt, double upper-lid creases of moderate height, and average orbital depth. Straight nasal dorsum profile, medium bridge width, rounded tip shape with moderate projection and rotation, average alar width, and moderate alar flare. Medium mouth width with balanced upper-to-lower lip fullness, well-defined cupid's bow, level corner orientation, and short philtrum with defined ridges. Ears of average size relative to face height, moderate protrusion, rolled helices, and free lobes positioned level with the eye-nose line. Short dark hair styled upwards with stubble facial hair on the jawline and upper lip; captured in a direct frontal view with a closed-mouth smile under even lighting against a blue background with digital artifacts at the top.","Male presentation, adult, oval face shape with balanced upper, middle, and lower thirds; moderate facial depth and balanced bone structure to soft tissue. Symmetrical features without prominent permanent structural asymmetries. M-shaped hairline with moderate temporal recession and average height on the forehead; brow ridge with moderate prominence and average glabella width. Soft-arched eyebrows with moderate density and length, moderate spacing between the brows, and a medium brow-to-eye vertical distance. Almond-shaped eyes with average palpebral fissure length, negligible canthal tilt, double upper-lid creases of moderate height, and average orbital depth. Straight nasal dorsum profile, medium bridge width, rounded tip shape with moderate projection and rotation, average alar width, and moderate alar flare. Medium mouth width with balanced upper-to-lower lip fullness, well-defined cupid's bow, level corner orientation, and short philtrum with defined ridges. Ears of average size relative to face height, moderate protrusion, rolled helices, and free lobes positioned level with the eye-nose line. Short dark hair styled upwards with stubble facial hair on the jawline and upper lip; captured in a direct frontal view with a closed-mouth smile under even lighting against a blue background with digital artifacts at the top.",190,190,271,271,True,True,1.0,1,1.0,1,1,0.9684762954711914,0.031523704528808594,50
clip_b16,face::train::157804.jpg,face,train,157804.jpg,identity,builtin:identity,same,"Male presenting, older adult, with an oval face shape, balanced facial thirds, and a wide jawline relative to the cheekbones. The forehead is moderately high and gently rounded, featuring a receding hairline at the temples with light hair density. Eyebrows are thin, sparse, and lightly arched, positioned moderately high above the eyes. Eyes are almond-shaped with a slight upturn, average orbital depth, and visible upper-lid creases. The nose has a straight dorsum, moderate bridge width, and a rounded tip with visible nostrils. The mouth is wide with thin vermilion lips, an even fullness ratio, level corners, and upper dental show during a closed smile. The philtrum is defined with moderate ridge separation. Facial hair is clean-shaven. Ears are not visible due to crop and hair position. Persistent marks include a vertical crease on the left cheek and a prominent cleft chin. All features are captured in a forward-facing head pose with a closed-mouth smile, bright lighting, and visible compression artifacts.","Male presenting, older adult, with an oval face shape, balanced facial thirds, and a wide jawline relative to the cheekbones. The forehead is moderately high and gently rounded, featuring a receding hairline at the temples with light hair density. Eyebrows are thin, sparse, and lightly arched, positioned moderately high above the eyes. Eyes are almond-shaped with a slight upturn, average orbital depth, and visible upper-lid creases. The nose has a straight dorsum, moderate bridge width, and a rounded tip with visible nostrils. The mouth is wide with thin vermilion lips, an even fullness ratio, level corners, and upper dental show during a closed smile. The philtrum is defined with moderate ridge separation. Facial hair is clean-shaven. Ears are not visible due to crop and hair position. Persistent marks include a vertical crease on the left cheek and a prominent cleft chin. All features are captured in a forward-facing head pose with a closed-mouth smile, bright lighting, and visible compression artifacts.",160,160,219,219,True,True,1.0,1,1.0,1,1,0.9659443497657776,0.03405565023422241,50
clip_b16,face::train::091980.jpg,face,train,091980.jpg,identity,builtin:identity,same,"Female-presenting middle-aged adult with an oval face shape, balanced facial thirds, and moderately prominent cheekbones; left eyebrow arches slightly higher than the right; center-parted dark brown hair with soft waves falling past the shoulders and temporal recession exposing a high forehead; eyebrows are medium thickness, soft-arched, and moderately spaced; eyes are almond-shaped with a slight upward slant, average orbital depth, and visible upper-lid creases; nose features a straight dorsum, moderate bridge width, rounded tip, and medium alar width; mouth has medium fullness, level corners, and a defined cupid's bow with upper teeth showing in a closed-smile; skin surface is smooth with no visible scars or marks; ears are not visible; captured in a head-on, frontal-view medium shot with bright indoor lighting, neutral expression, and slight softness in resolution.","Female-presenting middle-aged adult with an oval face shape, balanced facial thirds, and moderately prominent cheekbones; left eyebrow arches slightly higher than the right; center-parted dark brown hair with soft waves falling past the shoulders and temporal recession exposing a high forehead; eyebrows are medium thickness, soft-arched, and moderately spaced; eyes are almond-shaped with a slight upward slant, average orbital depth, and visible upper-lid creases; nose features a straight dorsum, moderate bridge width, rounded tip, and medium alar width; mouth has medium fullness, level corners, and a defined cupid's bow with upper teeth showing in a closed-smile; skin surface is smooth with no visible scars or marks; ears are not visible; captured in a head-on, frontal-view medium shot with bright indoor lighting, neutral expression, and slight softness in resolution.",128,128,185,185,True,True,1.0,1,1.0,1,1,0.9544095993041992,0.04559040069580078,50
clip_b16,face::train::121281.jpg,face,train,121281.jpg,identity,builtin:identity,same,"Female presentation, young adult, oval face shape with balanced facial thirds and high cheekbones; not discernible asymmetries; rounded hairline with moderate temporal recession; medium-thick soft-arched eyebrows with lateral tapering; almond-shaped eyes with moderate palpebral fissure length, average canthal tilt, and visible double eyelids; straight nasal bridge, rounded tip, and moderate alar width; medium-width mouth with full lips, defined cupid's bow, and level corners; smooth skin texture with no visible permanent marks; ears not visible; captured in a medium close-up with soft studio lighting, straight-on head pose, neutral expression, and dark voluminous wavy hair.","Female presentation, young adult, oval face shape with balanced facial thirds and high cheekbones; not discernible asymmetries; rounded hairline with moderate temporal recession; medium-thick soft-arched eyebrows with lateral tapering; almond-shaped eyes with moderate palpebral fissure length, average canthal tilt, and visible double eyelids; straight nasal bridge, rounded tip, and moderate alar width; medium-width mouth with full lips, defined cupid's bow, and level corners; smooth skin texture with no visible permanent marks; ears not visible; captured in a medium close-up with soft studio lighting, straight-on head pose, neutral expression, and dark voluminous wavy hair.",93,93,146,146,True,True,1.0,1,1.0,1,1,0.963766872882843,0.03623312711715698,50
clip_b16,face::train::114832.jpg,face,train,114832.jpg,identity,builtin:identity,same,"Male presentation, young adult, oval face shape with balanced vertical thirds and moderately prominent cheekbones; forehead is medium height and width with a gently rounded contour; hairline is straight with slight temporal recession; eyebrows are thick, dark, and soft-arched with moderate spacing; eyes are almond-shaped with an average palpebral fissure length, level canthal tilt, and double eyelids; nose features a straight dorsum, medium bridge width, and a rounded tip with moderate projection; mouth is medium width with balanced vermilion fullness, a well-defined cupid's bow, and level corners; philtrum has moderate length with defined ridges; jawline is defined with a moderate angle flare and a rounded chin projection; facial hair consists of light stubble on the upper lip and chin; skin has a small mole on the right cheek near the mouth; ears are partially visible with free lobes; captured in a medium close-up with neutral expression and direct gaze under even lighting, featuring vertical artifact distortion on the neck region.","Male presentation, young adult, oval face shape with balanced vertical thirds and moderately prominent cheekbones; forehead is medium height and width with a gently rounded contour; hairline is straight with slight temporal recession; eyebrows are thick, dark, and soft-arched with moderate spacing; eyes are almond-shaped with an average palpebral fissure length, level canthal tilt, and double eyelids; nose features a straight dorsum, medium bridge width, and a rounded tip with moderate projection; mouth is medium width with balanced vermilion fullness, a well-defined cupid's bow, and level corners; philtrum has moderate length with defined ridges; jawline is defined with a moderate angle flare and a rounded chin projection; facial hair consists of light stubble on the upper lip and chin; skin has a small mole on the right cheek near the mouth; ears are partially visible with free lobes; captured in a medium close-up with neutral expression and direct gaze under even lighting, featuring vertical artifact distortion on the neck region.",160,160,214,214,True,True,1.0000001192092896,1,1.0,1,1,0.9717928171157837,0.02820730209350586,50
clip_b16,face::train::090489.jpg,face,train,090489.jpg,identity,builtin:identity,same,"Female presentation, young adult, oval face shape with balanced vertical thirds and moderately defined bone structure; forehead moderately high and wide with a gently rounded profile; hairline rounded with slight temporal recession; cheekbones moderately prominent and average in width; jawline moderately defined with a rounded chin; eyebrows medium thickness, density, and length, with a soft-arched shape positioned close to the eyes; eyes almond-shaped with a slight upward slant, average intercanthal distance, and visible double eyelid creases; nose straight with a medium bridge width and a rounded tip; mouth of medium width with balanced vermilion fullness, level corners, and upper teeth visible at rest; ears of average size and protrusion with free lobes; short blonde hair pulled straight back from the face, captured in bright outdoor daylight with a neutral expression and a straight-on head pose.","Female presentation, young adult, oval face shape with balanced vertical thirds and moderately defined bone structure; forehead moderately high and wide with a gently rounded profile; hairline rounded with slight temporal recession; cheekbones moderately prominent and average in width; jawline moderately defined with a rounded chin; eyebrows medium thickness, density, and length, with a soft-arched shape positioned close to the eyes; eyes almond-shaped with a slight upward slant, average intercanthal distance, and visible double eyelid creases; nose straight with a medium bridge width and a rounded tip; mouth of medium width with balanced vermilion fullness, level corners, and upper teeth visible at rest; ears of average size and protrusion with free lobes; short blonde hair pulled straight back from the face, captured in bright outdoor daylight with a neutral expression and a straight-on head pose.",135,135,182,182,True,True,0.9999999403953552,1,1.0,1,1,0.9566197395324707,0.04338020086288452,50
clip_b16,face::train::008309.jpg,face,train,008309.jpg,identity,builtin:identity,same,"Male, middle-aged adult, oblong face with a balanced upper, middle, and lower thirds, and moderate soft tissue over prominent bone structure; no visible facial asymmetries; receding hairline with deep temporal recession, and dark wavy hair; medium thickness eyebrows with a soft arch, moderate spacing, and standard brow-to-eye vertical distance; almond-shaped eyes with a neutral canthal tilt, average orbital depth, and defined upper-lid creases; straight nasal bridge of medium width, rounded tip with moderate projection, and narrow alar base; medium-width mouth with balanced lip fullness, level corners, and a defined philtrum with moderate ridges; light stubble on the upper lip and chin; smooth skin surface with no persistent marks; left ear partially occluded, right ear not visible; captured in a medium close-up with a slight head tilt and turn, hand resting near the temple, and vertical compression artifacts distorting the background.","Male, middle-aged adult, oblong face with a balanced upper, middle, and lower thirds, and moderate soft tissue over prominent bone structure; no visible facial asymmetries; receding hairline with deep temporal recession, and dark wavy hair; medium thickness eyebrows with a soft arch, moderate spacing, and standard brow-to-eye vertical distance; almond-shaped eyes with a neutral canthal tilt, average orbital depth, and defined upper-lid creases; straight nasal bridge of medium width, rounded tip with moderate projection, and narrow alar base; medium-width mouth with balanced lip fullness, level corners, and a defined philtrum with moderate ridges; light stubble on the upper lip and chin; smooth skin surface with no persistent marks; left ear partially occluded, right ear not visible; captured in a medium close-up with a slight head tilt and turn, hand resting near the temple, and vertical compression artifacts distorting the background.",140,140,200,200,True,True,0.9999998807907104,1,1.0,1,1,0.9615881443023682,0.038411736488342285,50
clip_b16,face::train::129132.jpg,face,train,129132.jpg,identity,builtin:identity,same,"Male presentation, middle-aged adult, oval face shape with balanced upper, middle, and lower thirds, moderate facial depth, and prominent bone structure relative to soft tissue; forehead high and moderately wide with a gently rounded contour, prominent brow ridge, and moderate temple narrowing; hairline receding at the temples with a rounded central shape; cheekbones moderately wide with moderate projection and hollowing below, moderate nasolabial folds; lower face wide with a defined, slightly rounded jawline and a rounded chin with moderate projection; eyebrows medium in thickness, density, and length, soft-arched with lateral tapering and moderate spacing from the eyes; eyes almond-shaped with a moderate palpebral fissure length, average orbital depth, moderate upper-lid exposure, and visible under-eye fullness; nose straight-dorsumed with a moderate bridge width, rounded tip, and moderate alar width; mouth medium in width with balanced lip fullness, level corners, and a defined philtrum with moderate ridge definition; ears not visible; skin surface showing permanent creases across the forehead and around the eyes; captured in a medium-close headshot with soft frontal lighting, wearing thin-rimmed rectangular eyeglasses, a patterned collared shirt, and a dark jacket, displaying a neutral expression and direct gaze.","Male presentation, middle-aged adult, oval face shape with balanced upper, middle, and lower thirds, moderate facial depth, and prominent bone structure relative to soft tissue; forehead high and moderately wide with a gently rounded contour, prominent brow ridge, and moderate temple narrowing; hairline receding at the temples with a rounded central shape; cheekbones moderately wide with moderate projection and hollowing below, moderate nasolabial folds; lower face wide with a defined, slightly rounded jawline and a rounded chin with moderate projection; eyebrows medium in thickness, density, and length, soft-arched with lateral tapering and moderate spacing from the eyes; eyes almond-shaped with a moderate palpebral fissure length, average orbital depth, moderate upper-lid exposure, and visible under-eye fullness; nose straight-dorsumed with a moderate bridge width, rounded tip, and moderate alar width; mouth medium in width with balanced lip fullness, level corners, and a defined philtrum with moderate ridge definition; ears not visible; skin surface showing permanent creases across the forehead and around the eyes; captured in a medium-close headshot with soft frontal lighting, wearing thin-rimmed rectangular eyeglasses, a patterned collared shirt, and a dark jacket, displaying a neutral expression and direct gaze.",189,189,270,270,True,True,0.9999998807907104,1,1.0,1,1,0.980634331703186,0.019365549087524414,50
clip_b16,face::train::053065.jpg,face,train,053065.jpg,identity,builtin:identity,same,"Female-presenting middle-aged adult, oval face shape with balanced facial thirds and moderate soft tissue coverage; not discernible persistent asymmetries; hairline obscured by hair, forehead of moderate height and width; eyebrows thin, soft-arched, moderate spacing; eyes almond-shaped, medium palpebral fissure length, horizontal canthal tilt, double eyelids with moderate exposure; nose with straight dorsum, average root width, rounded tip, moderate alar width; mouth medium width, upper-to-lower lip fullness balanced, corners slightly upturned, moderate philtrum length with defined ridges, upper teeth visible at rest; facial hair not applicable; skin surface clear without prominent persistent marks; ears not discernible; captured in a medium close-up shot with direct front-facing pose, smiling expression, and direct gaze under indoor lighting against a blurred backdrop with partial hair occlusion.","Female-presenting middle-aged adult, oval face shape with balanced facial thirds and moderate soft tissue coverage; not discernible persistent asymmetries; hairline obscured by hair, forehead of moderate height and width; eyebrows thin, soft-arched, moderate spacing; eyes almond-shaped, medium palpebral fissure length, horizontal canthal tilt, double eyelids with moderate exposure; nose with straight dorsum, average root width, rounded tip, moderate alar width; mouth medium width, upper-to-lower lip fullness balanced, corners slightly upturned, moderate philtrum length with defined ridges, upper teeth visible at rest; facial hair not applicable; skin surface clear without prominent persistent marks; ears not discernible; captured in a medium close-up shot with direct front-facing pose, smiling expression, and direct gaze under indoor lighting against a blurred backdrop with partial hair occlusion.",121,121,190,190,True,True,0.9999999403953552,1,1.0,1,1,0.96452796459198,0.035471975803375244,50
clip_b16,face::train::143554.jpg,face,train,143554.jpg,identity,builtin:identity,same,"Female presentation, young adult, oval face shape with balanced vertical thirds and moderately prominent cheekbones, forehead partially occluded by hair; hairline not discernible, eyebrows not discernible; eyes and periocular region occluded by sunglasses; nasal root narrow, straight dorsum, narrow bridge, tip narrow and slightly rounded, alar base narrow; mouth medium width with full vermilion lips, well-defined cupid's bow, level corners, philtrum with defined ridges; smooth skin with two small round dark moles on the left cheek below the outer corner of the eye; left earlobe visible with a dangling earring attached; featured against a purple patterned background with pink hair, a red heart-shaped headpiece, heavy red lipstick, black rectangular sunglasses, and frontal lighting with soft focus.","Female presentation, young adult, oval face shape with balanced vertical thirds and moderately prominent cheekbones, forehead partially occluded by hair; hairline not discernible, eyebrows not discernible; eyes and periocular region occluded by sunglasses; nasal root narrow, straight dorsum, narrow bridge, tip narrow and slightly rounded, alar base narrow; mouth medium width with full vermilion lips, well-defined cupid's bow, level corners, philtrum with defined ridges; smooth skin with two small round dark moles on the left cheek below the outer corner of the eye; left earlobe visible with a dangling earring attached; featured against a purple patterned background with pink hair, a red heart-shaped headpiece, heavy red lipstick, black rectangular sunglasses, and frontal lighting with soft focus.",116,116,168,168,True,True,1.0,1,1.0,1,1,0.9183252453804016,0.08167475461959839,50
clip_b16,face::train::178182.jpg,face,train,178182.jpg,identity,builtin:identity,same,"Female presentation, young adult, oval face shape with balanced thirds and moderate facial depth; not discernible bone-to-soft-tissue balance due to soft lighting and angle; not discernible forehead contour due to hair occlusion; not visible hairline and hair; moderately thick, soft-arched eyebrows with a lateral peak and moderate brow-to-eye vertical distance; almond eyes with a slight upward canthal tilt, average palpebral fissure length, moderate upper-lid double crease, and average intercanthal distance; straight nasal dorsum, average root width, rounded tip with moderate projection, and narrow alar base; medium-width mouth with an even upper-to-lower fullness ratio, a defined cupid's bow, and level lip corners; not discernible philtrum; not visible facial hair; smooth skin surface with no persistent marks visible; not visible ears; captured in a close-up outdoor shot with soft, warm lighting, slight motion blur, and a shallow depth of field against a textured green background.","Female presentation, young adult, oval face shape with balanced thirds and moderate facial depth; not discernible bone-to-soft-tissue balance due to soft lighting and angle; not discernible forehead contour due to hair occlusion; not visible hairline and hair; moderately thick, soft-arched eyebrows with a lateral peak and moderate brow-to-eye vertical distance; almond eyes with a slight upward canthal tilt, average palpebral fissure length, moderate upper-lid double crease, and average intercanthal distance; straight nasal dorsum, average root width, rounded tip with moderate projection, and narrow alar base; medium-width mouth with an even upper-to-lower fullness ratio, a defined cupid's bow, and level lip corners; not discernible philtrum; not visible facial hair; smooth skin surface with no persistent marks visible; not visible ears; captured in a close-up outdoor shot with soft, warm lighting, slight motion blur, and a shallow depth of field against a textured green background.",143,143,216,216,True,True,0.9999998807907104,1,1.0,1,1,0.9531683325767517,0.04683154821395874,50
clip_b16,face::train::063618.jpg,face,train,063618.jpg,identity,builtin:identity,same,"Male-presenting older adult with an oblong facial shape, balanced thirds, and angular bone structure; high forehead with prominent brow ridges and deep temples; receding hairline with thin, light-colored hair swept backward; thin, light-colored, soft-arched eyebrows with lateral thinning; deep-set eyes with moderate palpebral fissure length, downward slant, and visible upper-lid creases; straight nasal dorsum, moderate bridge width, and a rounded tip; wide mouth with thin lips, level corners, and visible upper teeth; smooth jawline with a rounded chin and moderate vertical height; high cheekbones with moderate projection and deep nasolabial folds; ears positioned alongside the central face line with attached lobes; captured in a close-up outdoor medium shot with a smiling expression, head slightly turned, and soft natural lighting.","Male-presenting older adult with an oblong facial shape, balanced thirds, and angular bone structure; high forehead with prominent brow ridges and deep temples; receding hairline with thin, light-colored hair swept backward; thin, light-colored, soft-arched eyebrows with lateral thinning; deep-set eyes with moderate palpebral fissure length, downward slant, and visible upper-lid creases; straight nasal dorsum, moderate bridge width, and a rounded tip; wide mouth with thin lips, level corners, and visible upper teeth; smooth jawline with a rounded chin and moderate vertical height; high cheekbones with moderate projection and deep nasolabial folds; ears positioned alongside the central face line with attached lobes; captured in a close-up outdoor medium shot with a smiling expression, head slightly turned, and soft natural lighting.",119,119,176,176,True,True,1.0000001192092896,1,1.0,1,1,0.9758431911468506,0.024156928062438965,50
clip_b16,face::train::089537.jpg,face,train,089537.jpg,identity,builtin:identity,same,"Female presentation, young adult, oval face shape with balanced vertical thirds; smooth forehead contour, moderate brow ridge, average glabella width, temples obscured by hair; hairline obscured by bangs; cheekbones moderately prominent with average fullness, shallow nasolabial folds; lower face tapering to a rounded chin with moderate projection; eyebrows medium in thickness, soft-arched, moderate spacing; eyes almond-shaped, horizontal palpebral fissure, average inner-corner distance, upward canthal tilt, double upper-lid crease, average orbital depth; nasal root medium width, straight dorsum profile, medium bridge width, bulbous tip shape, moderate tip projection and rotation, alar width proportional to inner eye corners, nostrils partially visible; mouth width proportional to inter-pupillary distance, upper-to-lower lip fullness ratio balanced with moderate vermilion fullness, defined cupid's bow, corner orientation level, philtrum short with defined ridges; ears occluded; no persistent marks or asymmetries visible; captured in a close-up shot with soft lighting, head slightly tilted and turned, neutral expression, and a plain light background.","Female presentation, young adult, oval face shape with balanced vertical thirds; smooth forehead contour, moderate brow ridge, average glabella width, temples obscured by hair; hairline obscured by bangs; cheekbones moderately prominent with average fullness, shallow nasolabial folds; lower face tapering to a rounded chin with moderate projection; eyebrows medium in thickness, soft-arched, moderate spacing; eyes almond-shaped, horizontal palpebral fissure, average inner-corner distance, upward canthal tilt, double upper-lid crease, average orbital depth; nasal root medium width, straight dorsum profile, medium bridge width, bulbous tip shape, moderate tip projection and rotation, alar width proportional to inner eye corners, nostrils partially visible; mouth width proportional to inter-pupillary distance, upper-to-lower lip fullness ratio balanced with moderate vermilion fullness, defined cupid's bow, corner orientation level, philtrum short with defined ridges; ears occluded; no persistent marks or asymmetries visible; captured in a close-up shot with soft lighting, head slightly tilted and turned, neutral expression, and a plain light background.",153,153,247,247,True,True,0.9999999403953552,1,1.0,1,1,0.9595038890838623,0.04049605131149292,50
clip_b16,face::train::065762.jpg,face,train,065762.jpg,identity,builtin:identity,same,"Feminine-presenting adult, oval face shape with balanced upper, middle, and lower thirds, moderate facial depth, and strong bone structure relative to soft tissue; forehead height and width average, gently rounded contour in profile, moderate brow ridge, average glabella width, slight temple narrowing; hairline rounded with moderate temporal recession; cheekbones wide and high with moderate projection and fullness; lower-face width proportional to cheekbones, jaw angle moderately defined, continuous jawline, rounded chin with moderate projection; eyebrows medium-thick with soft arches, moderate spacing; eyes almond-shaped, moderate palpebral fissure, average intercanthal distance, slight upward canthal tilt, double upper-lid creases, average orbital depth; nasal root average, dorsum straight, bridge medium width, tip rounded with moderate projection, alar width proportional to inner eye corners, nostrils partially visible; mouth width moderate, upper and lower lips medium fullness, cupid's bow defined, corners level, philtrum average length with defined ridges, upper teeth visible at rest; ears not visible; skin surface smooth with no discernible persistent marks; captured in an outdoor setting with a slight upward head tilt, smiling expression, direct gaze, soft lighting, and low resolution with grain and compression artifacts.","Feminine-presenting adult, oval face shape with balanced upper, middle, and lower thirds, moderate facial depth, and strong bone structure relative to soft tissue; forehead height and width average, gently rounded contour in profile, moderate brow ridge, average glabella width, slight temple narrowing; hairline rounded with moderate temporal recession; cheekbones wide and high with moderate projection and fullness; lower-face width proportional to cheekbones, jaw angle moderately defined, continuous jawline, rounded chin with moderate projection; eyebrows medium-thick with soft arches, moderate spacing; eyes almond-shaped, moderate palpebral fissure, average intercanthal distance, slight upward canthal tilt, double upper-lid creases, average orbital depth; nasal root average, dorsum straight, bridge medium width, tip rounded with moderate projection, alar width proportional to inner eye corners, nostrils partially visible; mouth width moderate, upper and lower lips medium fullness, cupid's bow defined, corners level, philtrum average length with defined ridges, upper teeth visible at rest; ears not visible; skin surface smooth with no discernible persistent marks; captured in an outdoor setting with a slight upward head tilt, smiling expression, direct gaze, soft lighting, and low resolution with grain and compression artifacts.",182,182,266,266,True,True,1.0,1,1.0,1,1,0.9652239084243774,0.03477609157562256,50
clip_b16,face::train::168471.jpg,face,train,168471.jpg,identity,builtin:identity,same,"Female presentation, adult, oval face shape with balanced upper, middle, and lower thirds; straight forehead contour with moderate height, prominent brow ridge, and gentle temple narrowing; rounded hairline with temporal recession; prominent cheekbones with moderate width and fullness; lower-face width proportional to cheekbones, defined jawline, and rounded chin with moderate projection; thick, soft-arched eyebrows with moderate length and spacing; almond-shaped eyes with moderate palpebral fissure length, positive canthal tilt, double upper-lid creases, average orbital depth, and moderate under-eye fullness; straight nasal dorsum, moderate bridge width, rounded tip with moderate projection, and narrow alar base; average mouth width, upper-to-lower lip fullness ratio favoring the lower lip, defined cupid's bow, level lip corners, and moderate philtrum length with defined ridges; attached earlobes positioned level with the eye-nose line; dark hair styled in loose waves with side-swept bangs, captured in a close-up shot with warm indoor lighting and the chin resting on a hand.","Female presentation, adult, oval face shape with balanced upper, middle, and lower thirds; straight forehead contour with moderate height, prominent brow ridge, and gentle temple narrowing; rounded hairline with temporal recession; prominent cheekbones with moderate width and fullness; lower-face width proportional to cheekbones, defined jawline, and rounded chin with moderate projection; thick, soft-arched eyebrows with moderate length and spacing; almond-shaped eyes with moderate palpebral fissure length, positive canthal tilt, double upper-lid creases, average orbital depth, and moderate under-eye fullness; straight nasal dorsum, moderate bridge width, rounded tip with moderate projection, and narrow alar base; average mouth width, upper-to-lower lip fullness ratio favoring the lower lip, defined cupid's bow, level lip corners, and moderate philtrum length with defined ridges; attached earlobes positioned level with the eye-nose line; dark hair styled in loose waves with side-swept bangs, captured in a close-up shot with warm indoor lighting and the chin resting on a hand.",151,151,228,228,True,True,1.000000238418579,1,1.0,1,1,0.9658697843551636,0.03413045406341553,50
clip_b16,face::train::101485.jpg,face,train,101485.jpg,identity,builtin:identity,same,"Female presentation, young adult, oval face shape with balanced facial thirds; high, gently rounded forehead with moderate temple narrowing; prominent cheekbones and moderate cheek fullness; narrow lower face with a rounded chin; medium-thin eyebrows with soft arches set far above the eyes; almond-shaped eyes with a moderate upward slant, visible double eyelids, and average orbital depth; straight nose bridge with a rounded tip and narrow alar base; medium-width lips with balanced fullness and upturned corners; short, well-defined philtrum; smooth skin with no prominent permanent marks; large circular hoop earrings; styled voluminous layered brown hair swept to the side, wearing dark makeup, smiling with direct gaze, head turned slightly, under bright lighting against a light background.","Female presentation, young adult, oval face shape with balanced facial thirds; high, gently rounded forehead with moderate temple narrowing; prominent cheekbones and moderate cheek fullness; narrow lower face with a rounded chin; medium-thin eyebrows with soft arches set far above the eyes; almond-shaped eyes with a moderate upward slant, visible double eyelids, and average orbital depth; straight nose bridge with a rounded tip and narrow alar base; medium-width lips with balanced fullness and upturned corners; short, well-defined philtrum; smooth skin with no prominent permanent marks; large circular hoop earrings; styled voluminous layered brown hair swept to the side, wearing dark makeup, smiling with direct gaze, head turned slightly, under bright lighting against a light background.",115,115,159,159,True,True,1.0,1,1.0,1,1,0.9672326445579529,0.03276735544204712,50
clip_b16,face::train::023736.jpg,face,train,023736.jpg,identity,builtin:identity,same,"Male presentation, middle-aged adult, oval face shape with balanced upper, middle, and lower thirds, moderate facial depth, and strong bone structure relative to soft tissue; forehead of average height and width with a gently rounded profile and subtle brow ridge prominence; hairline set moderately low with balanced temporal recession; prominent cheekbones with moderate zygomatic flare and slight cheek hollowing; lower-face width proportional to cheekbones, defined continuous jawline, and rounded chin with moderate projection; thick, dark, soft-arched eyebrows with moderate length and spacing; almond-shaped eyes with a slight positive canthal tilt, average orbital depth, and visible double upper-lid creases; straight nasal dorsum, moderate bridge width, rounded tip, and average alar width with moderate flare; lips of medium fullness with level corners and a well-defined cupid's bow on a medium-length philtrum; ears with free lobes positioned normally relative to the eye-nose line; short, dense beard and mustache covering the lower jaw and upper lip; short, wavy dark brown hair styled messy on top, captured in a medium-close portrait with a slightly turned head, smiling expression, outdoor lighting, and soft focus on the blurred background.","Male presentation, middle-aged adult, oval face shape with balanced upper, middle, and lower thirds, moderate facial depth, and strong bone structure relative to soft tissue; forehead of average height and width with a gently rounded profile and subtle brow ridge prominence; hairline set moderately low with balanced temporal recession; prominent cheekbones with moderate zygomatic flare and slight cheek hollowing; lower-face width proportional to cheekbones, defined continuous jawline, and rounded chin with moderate projection; thick, dark, soft-arched eyebrows with moderate length and spacing; almond-shaped eyes with a slight positive canthal tilt, average orbital depth, and visible double upper-lid creases; straight nasal dorsum, moderate bridge width, rounded tip, and average alar width with moderate flare; lips of medium fullness with level corners and a well-defined cupid's bow on a medium-length philtrum; ears with free lobes positioned normally relative to the eye-nose line; short, dense beard and mustache covering the lower jaw and upper lip; short, wavy dark brown hair styled messy on top, captured in a medium-close portrait with a slightly turned head, smiling expression, outdoor lighting, and soft focus on the blurred background.",182,182,254,254,True,True,1.0000001192092896,1,1.0,1,1,0.9754971265792847,0.024502992630004883,50
clip_b16,face::train::063708.jpg,face,train,063708.jpg,identity,builtin:identity,same,"Male presentation, adult, oval face shape with balanced upper, middle, and lower thirds; moderate bone structure prominence relative to soft tissue; forehead of medium height and width with a gently rounded profile and moderate brow ridge; hairline with a low center and slight temporal recession; cheekbones of average width and moderate projection; lower face with a rounded chin and moderate jawline definition; eyebrows of medium thickness, density, and length with a soft arch; almond-shaped eyes with a neutral palpebral fissure slant and medium upper-lid crease; nose with a straight dorsum, medium bridge width, and rounded tip; mouth of medium width with balanced vermilion fullness and level corners; ears of medium size with free lobes; short dark hair styled forward, wearing a white shirt under natural daylight with a slight head turn and a neutral expression.","Male presentation, adult, oval face shape with balanced upper, middle, and lower thirds; moderate bone structure prominence relative to soft tissue; forehead of medium height and width with a gently rounded profile and moderate brow ridge; hairline with a low center and slight temporal recession; cheekbones of average width and moderate projection; lower face with a rounded chin and moderate jawline definition; eyebrows of medium thickness, density, and length with a soft arch; almond-shaped eyes with a neutral palpebral fissure slant and medium upper-lid crease; nose with a straight dorsum, medium bridge width, and rounded tip; mouth of medium width with balanced vermilion fullness and level corners; ears of medium size with free lobes; short dark hair styled forward, wearing a white shirt under natural daylight with a slight head turn and a neutral expression.",135,135,174,174,True,True,1.0,1,1.0,1,1,0.9694626331329346,0.03053736686706543,50
clip_b16,face::train::138886.jpg,face,train,138886.jpg,identity,builtin:identity,same,"Woman, young adult, with an oval face shape, balanced facial thirds, and high cheekbones projecting moderately with a moderate amount of soft tissue. Forehead height is average, forehead contour is gently rounded, brow ridge is moderately prominent, glabella width is average, and temple narrowing is not discernible due to hair occlusion. Hairline is rounded with moderate temporal recession and high forehead placement. Eyebrows are medium thickness and density, soft-arched with lateral tails angling downward, and positioned at a moderate distance above the eyes. Eyes are almond-shaped, medium palpebral fissure length with an upward slant, average intercanthal distance, positive canthal tilt, double upper-lid creases of moderate height, moderate lid exposure, average orbital depth, and slight under-eye fullness. Nasal root width is average, nasal dorsum is straight with a moderate bridge width and length, tip is rounded with average projection and rotation, alar width is proportional to the intercanthal distance, alar flare is moderate, and nostrils are partially visible. Mouth width is moderate relative to the pupillary distance, upper-to-lower lip fullness ratio is balanced with moderate vermilion fullness, cupid's bow is moderately defined, and mouth corners are level. Chin is rounded with moderate vertical height and projection. Ears are not visible. Skin surface texture is smooth without persistent marks. Shown with long dark hair, a direct sideways gaze, a neutral expression, head turned to the side, and noticeable digital distortion stretching the upper background vertically.","Woman, young adult, with an oval face shape, balanced facial thirds, and high cheekbones projecting moderately with a moderate amount of soft tissue. Forehead height is average, forehead contour is gently rounded, brow ridge is moderately prominent, glabella width is average, and temple narrowing is not discernible due to hair occlusion. Hairline is rounded with moderate temporal recession and high forehead placement. Eyebrows are medium thickness and density, soft-arched with lateral tails angling downward, and positioned at a moderate distance above the eyes. Eyes are almond-shaped, medium palpebral fissure length with an upward slant, average intercanthal distance, positive canthal tilt, double upper-lid creases of moderate height, moderate lid exposure, average orbital depth, and slight under-eye fullness. Nasal root width is average, nasal dorsum is straight with a moderate bridge width and length, tip is rounded with average projection and rotation, alar width is proportional to the intercanthal distance, alar flare is moderate, and nostrils are partially visible. Mouth width is moderate relative to the pupillary distance, upper-to-lower lip fullness ratio is balanced with moderate vermilion fullness, cupid's bow is moderately defined, and mouth corners are level. Chin is rounded with moderate vertical height and projection. Ears are not visible. Skin surface texture is smooth without persistent marks. Shown with long dark hair, a direct sideways gaze, a neutral expression, head turned to the side, and noticeable digital distortion stretching the upper background vertically.",233,233,324,324,True,True,1.0,1,1.0,1,1,0.9631953239440918,0.0368046760559082,50
clip_b16,face::train::149220.jpg,face,train,149220.jpg,identity,builtin:identity,same,"Male-presenting adult, oval face shape, balanced thirds, moderate bone structure with balanced soft tissue; hairline and forehead largely occluded by accessories; eyebrows thin, soft-arched, moderate spacing; eyes almond-shaped, moderate palpebral fissure, average orbital depth, upper-lid creases present; nose straight dorsum, medium bridge width, rounded tip, moderate alar width; mouth medium width, upper-to-lower lip fullness balanced, corners level, philtrum with defined ridges; short facial hair stubble on upper lip and chin; ears not visible; captured in a close-up indoor shot with a neutral expression, head slightly turned, wearing a yellow headband and a white towel draped over the head.","Male-presenting adult, oval face shape, balanced thirds, moderate bone structure with balanced soft tissue; hairline and forehead largely occluded by accessories; eyebrows thin, soft-arched, moderate spacing; eyes almond-shaped, moderate palpebral fissure, average orbital depth, upper-lid creases present; nose straight dorsum, medium bridge width, rounded tip, moderate alar width; mouth medium width, upper-to-lower lip fullness balanced, corners level, philtrum with defined ridges; short facial hair stubble on upper lip and chin; ears not visible; captured in a close-up indoor shot with a neutral expression, head slightly turned, wearing a yellow headband and a white towel draped over the head.",98,98,154,154,True,True,1.0,1,1.0,1,1,0.9663989543914795,0.03360104560852051,50
clip_b16,face::train::060309.jpg,face,train,060309.jpg,identity,builtin:identity,same,"Male presentation, older adult, round face shape with balanced vertical thirds, prominent soft tissue relative to bone structure, high and rounded forehead with a strongly convex profile, receding hairline with hair present only at the temples and back of the head. Eyebrows thin and sparse, arched, with wide spacing. Eyes almond-shaped, moderate palpebral fissure length, average orbital depth, upper lids partially obscured by frames. Nose with straight dorsum, wide bridge, bulbous tip, moderate alar width, and flaring nostrils. Mouth wide relative to pupil distance, thin upper lip and fuller lower lip, upturned corners, visible upper teeth at rest, medium-length philtrum with well-defined ridges. Skin with permanent horizontal forehead creases and prominent nasolabial folds, ears not discernible, wearing dark-rimmed rectangular eyeglasses and a striped dark shirt, shown in a smiling expression with direct gaze under indoor lighting and slight blur.","Male presentation, older adult, round face shape with balanced vertical thirds, prominent soft tissue relative to bone structure, high and rounded forehead with a strongly convex profile, receding hairline with hair present only at the temples and back of the head. Eyebrows thin and sparse, arched, with wide spacing. Eyes almond-shaped, moderate palpebral fissure length, average orbital depth, upper lids partially obscured by frames. Nose with straight dorsum, wide bridge, bulbous tip, moderate alar width, and flaring nostrils. Mouth wide relative to pupil distance, thin upper lip and fuller lower lip, upturned corners, visible upper teeth at rest, medium-length philtrum with well-defined ridges. Skin with permanent horizontal forehead creases and prominent nasolabial folds, ears not discernible, wearing dark-rimmed rectangular eyeglasses and a striped dark shirt, shown in a smiling expression with direct gaze under indoor lighting and slight blur.",139,139,204,204,True,True,1.0,1,1.0,1,1,0.9607294201850891,0.03927057981491089,50
clip_b16,face::train::025692.jpg,face,train,025692.jpg,identity,builtin:identity,same,"Woman presenting as an adult with an oval face shape and balanced upper, middle, and lower thirds; gently rounded forehead, moderate brow ridge, and average glabella width; moderate cheekbone width with smooth contours; tapering jawline to a rounded chin; eyebrows of medium thickness, soft-arched shape, and moderate spacing; almond-shaped eyes with a neutral canthal tilt, average palpebral fissure length, and visible double upper-lid creases; straight nasal dorsum of medium width, moderate tip projection, and narrow alar base; mouth of average width with medium lip fullness, level corners, and a defined philtrum; ears occluded by hair; captured in a front-facing portrait with soft indoor lighting, neutral expression, and a soft-textured hairstyle with wispy bangs.","Woman presenting as an adult with an oval face shape and balanced upper, middle, and lower thirds; gently rounded forehead, moderate brow ridge, and average glabella width; moderate cheekbone width with smooth contours; tapering jawline to a rounded chin; eyebrows of medium thickness, soft-arched shape, and moderate spacing; almond-shaped eyes with a neutral canthal tilt, average palpebral fissure length, and visible double upper-lid creases; straight nasal dorsum of medium width, moderate tip projection, and narrow alar base; mouth of average width with medium lip fullness, level corners, and a defined philtrum; ears occluded by hair; captured in a front-facing portrait with soft indoor lighting, neutral expression, and a soft-textured hairstyle with wispy bangs.",113,113,168,168,True,True,1.0000001192092896,1,1.0,1,1,0.9503779411315918,0.049622178077697754,50
clip_b16,face::train::060555.jpg,face,train,060555.jpg,identity,builtin:identity,same,"Male presentation, middle-aged adult, oval face shape with balanced upper, middle, and lower thirds, moderate facial depth, and balanced bone structure to soft tissue; forehead high and wide with a gently rounded contour and moderate brow ridge prominence; hairline receding at the temples with a rounded frontal shape; cheekbones moderately wide and prominent with average fullness; lower-face width proportional to cheekbones, with a defined jawline and a rounded chin; eyebrows medium thickness and density, soft-arched, moderately spaced; eyes almond-shaped, average palpebral fissure length, moderate canthal tilt, double upper-lid crease, average orbital depth; nose with a straight dorsum, medium bridge, rounded tip, moderate alar width, and visible nostrils; mouth with medium width, thin upper vermilion and medium lower vermilion, level corners, and a distinct philtrum with moderate ridges; ears partially occluded; short dark hair styled backward, clean-shaven, captured in a straight-on head pose with neutral expression and soft lighting against a plain background.","Male presentation, middle-aged adult, oval face shape with balanced upper, middle, and lower thirds, moderate facial depth, and balanced bone structure to soft tissue; forehead high and wide with a gently rounded contour and moderate brow ridge prominence; hairline receding at the temples with a rounded frontal shape; cheekbones moderately wide and prominent with average fullness; lower-face width proportional to cheekbones, with a defined jawline and a rounded chin; eyebrows medium thickness and density, soft-arched, moderately spaced; eyes almond-shaped, average palpebral fissure length, moderate canthal tilt, double upper-lid crease, average orbital depth; nose with a straight dorsum, medium bridge, rounded tip, moderate alar width, and visible nostrils; mouth with medium width, thin upper vermilion and medium lower vermilion, level corners, and a distinct philtrum with moderate ridges; ears partially occluded; short dark hair styled backward, clean-shaven, captured in a straight-on head pose with neutral expression and soft lighting against a plain background.",152,152,230,230,True,True,1.0,1,1.0,1,1,0.980634331703186,0.019365668296813965,50
clip_b16,face::train::150659.jpg,face,train,150659.jpg,identity,builtin:identity,same,"Female presentation, young adult, oval face shape with balanced vertical thirds; high forehead with a gentle contour, moderate brow ridge, medium glabella width, slight temple narrowing; receding hairline at the temples with a rounded central peak; medium-width cheekbones with moderate projection, average midface length, shallow nasolabial folds; moderate lower-face width, defined jawline and continuous contour, rounded chin with moderate vertical height; soft-arched eyebrows with a high arch peak, medium thickness and density, moderate spacing; almond-shaped eyes, moderate palpebral fissure length, level canthal tilt, double upper-lid crease, average orbital depth; straight nasal dorsum, medium bridge width, rounded tip with moderate projection, moderate alar width, visible nostrils; medium mouth width, upper-to-lower lip fullness ratio balanced, vermilion full, well-defined cupid's bow, level lip corners, short philtrum with defined ridges; average-sized ears with a rolled helix and free lobes, positioned level with the eye-nose line; no persistent marks or asymmetries visible; captured in a studio setting with dark background, head turned and tilted upward, wearing dark lipstick, dangling earrings, and a light-colored garment, under directional lighting.","Female presentation, young adult, oval face shape with balanced vertical thirds; high forehead with a gentle contour, moderate brow ridge, medium glabella width, slight temple narrowing; receding hairline at the temples with a rounded central peak; medium-width cheekbones with moderate projection, average midface length, shallow nasolabial folds; moderate lower-face width, defined jawline and continuous contour, rounded chin with moderate vertical height; soft-arched eyebrows with a high arch peak, medium thickness and density, moderate spacing; almond-shaped eyes, moderate palpebral fissure length, level canthal tilt, double upper-lid crease, average orbital depth; straight nasal dorsum, medium bridge width, rounded tip with moderate projection, moderate alar width, visible nostrils; medium mouth width, upper-to-lower lip fullness ratio balanced, vermilion full, well-defined cupid's bow, level lip corners, short philtrum with defined ridges; average-sized ears with a rolled helix and free lobes, positioned level with the eye-nose line; no persistent marks or asymmetries visible; captured in a studio setting with dark background, head turned and tilted upward, wearing dark lipstick, dangling earrings, and a light-colored garment, under directional lighting.",172,172,268,268,True,True,1.0,1,1.0,1,1,0.9658697843551636,0.034130215644836426,50
clip_b16,face::train::026996.jpg,face,train,026996.jpg,identity,builtin:identity,same,"Female presentation, middle-aged adult, oval face shape with balanced upper, middle, and lower thirds, moderate facial depth, and soft tissue fullness conforming closely to the underlying bone structure; forehead moderately high and gently rounded, temples full; hairline rounded with moderate temporal recession; cheekbones prominent and wide relative to the lower face, midface average in length with shallow nasolabial folds; jawline smooth and continuous, jaw angle rounded, chin rounded with moderate projection and vertical height; eyebrows medium in thickness and density, soft-arched with medial spacing equal to one eye width, positioned moderately high above the eyes; eyes almond-shaped, moderate palpebral fissure length with a slight upward slant, average intercanthal distance, canthal tilt neutral, upper-lid crease double and well-defined, lid exposure moderate, orbital depth average, under-eye fullness smooth; nasal root medium in width and depth, dorsum straight, bridge medium in width, tip rounded with moderate projection and rotation, alar width equal to intercanthal distance, alar flare slight, nostrils partially visible, columella show moderate; mouth width equal to interocular distance, upper-to-lower lip fullness ratio balanced with moderate vermilion height, cupid's bow moderately defined, corners level, philtrum average in length and width with distinct ridges, upper teeth visible at rest; ears average in size, free lobes, positioned level with the eye-nose line; captured in an upward-angled medium close-up view with dim directional lighting, a slight head turn to the right and tilt backward, a speaking expression, open mouth, and a small wireless microphone attached near the right cheek.","Female presentation, middle-aged adult, oval face shape with balanced upper, middle, and lower thirds, moderate facial depth, and soft tissue fullness conforming closely to the underlying bone structure; forehead moderately high and gently rounded, temples full; hairline rounded with moderate temporal recession; cheekbones prominent and wide relative to the lower face, midface average in length with shallow nasolabial folds; jawline smooth and continuous, jaw angle rounded, chin rounded with moderate projection and vertical height; eyebrows medium in thickness and density, soft-arched with medial spacing equal to one eye width, positioned moderately high above the eyes; eyes almond-shaped, moderate palpebral fissure length with a slight upward slant, average intercanthal distance, canthal tilt neutral, upper-lid crease double and well-defined, lid exposure moderate, orbital depth average, under-eye fullness smooth; nasal root medium in width and depth, dorsum straight, bridge medium in width, tip rounded with moderate projection and rotation, alar width equal to intercanthal distance, alar flare slight, nostrils partially visible, columella show moderate; mouth width equal to interocular distance, upper-to-lower lip fullness ratio balanced with moderate vermilion height, cupid's bow moderately defined, corners level, philtrum average in length and width with distinct ridges, upper teeth visible at rest; ears average in size, free lobes, positioned level with the eye-nose line; captured in an upward-angled medium close-up view with dim directional lighting, a slight head turn to the right and tilt backward, a speaking expression, open mouth, and a small wireless microphone attached near the right cheek.",244,244,355,355,True,True,0.9999998807907104,1,1.0,1,1,0.9583120942115784,0.04168778657913208,50
clip_b16,face::train::082954.jpg,face,train,082954.jpg,identity,builtin:identity,same,"Female presentation, young adult, heart-shaped face with balanced upper and middle thirds and a tapering lower third; moderately high forehead with a gently rounded contour, prominent brow ridges, moderate glabella width, and slight temple narrowing; hairline partially obscured by side-swept bangs parted on the right side; medium-width cheekbones with moderate projection and fullness; jawline narrowing smoothly to a rounded chin with moderate projection; thick, soft-arched eyebrows with a lateral peak and moderate spacing; almond-shaped eyes with a slight upward canthal tilt, moderate palpebral fissure length, average orbital depth, and defined upper-lid creases; straight nasal dorsum, moderate bridge width, rounded tip with moderate projection, and narrow alar base; medium-width mouth with thin upper lip and moderately full lower lip, level corners, and a short philtrum with well-defined ridges; ears not visible; dark wavy hair worn down with side-swept bangs; captured in a close-up frontal view with soft lighting and a neutral expression.","Female presentation, young adult, heart-shaped face with balanced upper and middle thirds and a tapering lower third; moderately high forehead with a gently rounded contour, prominent brow ridges, moderate glabella width, and slight temple narrowing; hairline partially obscured by side-swept bangs parted on the right side; medium-width cheekbones with moderate projection and fullness; jawline narrowing smoothly to a rounded chin with moderate projection; thick, soft-arched eyebrows with a lateral peak and moderate spacing; almond-shaped eyes with a slight upward canthal tilt, moderate palpebral fissure length, average orbital depth, and defined upper-lid creases; straight nasal dorsum, moderate bridge width, rounded tip with moderate projection, and narrow alar base; medium-width mouth with thin upper lip and moderately full lower lip, level corners, and a short philtrum with well-defined ridges; ears not visible; dark wavy hair worn down with side-swept bangs; captured in a close-up frontal view with soft lighting and a neutral expression.",151,151,223,223,True,True,1.0,1,1.0,1,1,0.9549589157104492,0.04504108428955078,50
clip_b16,face::train::042973.jpg,face,train,042973.jpg,identity,builtin:identity,same,"Female presentation, young adult, oval face shape with balanced vertical thirds and moderate soft tissue coverage over smooth bone structure; forehead height and contour not discernible due to occlusion by hair; midface presenting gently rounded cheekbones and smooth infraorbital contours with shallow nasolabial folds; lower face featuring a continuous, moderately defined jawline and a rounded chin with a shallow mentolabial sulcus; eyebrows thin, soft-arched, and positioned at a moderate distance above the eyes; eyes almond-shaped, medium palpebral fissure length, with a slight upward canthal tilt and visible double upper-lid creases, set at an average orbital depth; nose with a straight dorsum, medium bridge width, and a rounded tip of moderate projection, paired with narrow, partially visible alar bases; mouth medium in width with balanced upper and lower lip fullness, defined cupid's bow, level lip corners, and a smooth philtrum with soft ridge definition; ears not visible; persistent marks and asymmetries not discernible; captured in an upward-angled medium close-up with soft, bright indoor lighting, low-contrast tonality, and strands of brown hair partially obscuring the forehead and left eye region while the head is tilted back and turned to the side in a relaxed expression.","Female presentation, young adult, oval face shape with balanced vertical thirds and moderate soft tissue coverage over smooth bone structure; forehead height and contour not discernible due to occlusion by hair; midface presenting gently rounded cheekbones and smooth infraorbital contours with shallow nasolabial folds; lower face featuring a continuous, moderately defined jawline and a rounded chin with a shallow mentolabial sulcus; eyebrows thin, soft-arched, and positioned at a moderate distance above the eyes; eyes almond-shaped, medium palpebral fissure length, with a slight upward canthal tilt and visible double upper-lid creases, set at an average orbital depth; nose with a straight dorsum, medium bridge width, and a rounded tip of moderate projection, paired with narrow, partially visible alar bases; mouth medium in width with balanced upper and lower lip fullness, defined cupid's bow, level lip corners, and a smooth philtrum with soft ridge definition; ears not visible; persistent marks and asymmetries not discernible; captured in an upward-angled medium close-up with soft, bright indoor lighting, low-contrast tonality, and strands of brown hair partially obscuring the forehead and left eye region while the head is tilted back and turned to the side in a relaxed expression.",193,193,272,272,True,True,1.0,1,1.0,1,1,0.9590427875518799,0.04095721244812012,50
clip_b16,face::train::092618.jpg,face,train,092618.jpg,identity,builtin:identity,same,"Male presentation, young adult, oval face shape with balanced vertical thirds and moderately defined bone structure; forehead moderately high with gently rounded contour; cheekbones average in width and projection; lower face width proportionate to cheekbones with a defined jawline and rounded chin; hairline obscured by hair; eyebrows medium in thickness, soft-arched, and moderately spaced; eyes almond-shaped, medium palpebral fissure length, with a neutral canthal tilt and visible upper-lid crease; nose with a straight dorsum, medium bridge width, and rounded tip; mouth medium in width with thin upper and lower lips, level corners, and upper teeth showing in a smile; facial hair consisting of light stubble along the jawline and chin; ears with free lobes and a metal ring piercing in the left lobe; all captured with soft indoor lighting, short tousled light brown hair, direct gaze, and a slight head tilt.","Male presentation, young adult, oval face shape with balanced vertical thirds and moderately defined bone structure; forehead moderately high with gently rounded contour; cheekbones average in width and projection; lower face width proportionate to cheekbones with a defined jawline and rounded chin; hairline obscured by hair; eyebrows medium in thickness, soft-arched, and moderately spaced; eyes almond-shaped, medium palpebral fissure length, with a neutral canthal tilt and visible upper-lid crease; nose with a straight dorsum, medium bridge width, and rounded tip; mouth medium in width with thin upper and lower lips, level corners, and upper teeth showing in a smile; facial hair consisting of light stubble along the jawline and chin; ears with free lobes and a metal ring piercing in the left lobe; all captured with soft indoor lighting, short tousled light brown hair, direct gaze, and a slight head tilt.",141,141,194,194,True,True,1.0,1,1.0,1,1,0.9717928171157837,0.02820718288421631,50
clip_b16,face::train::073196.jpg,face,train,073196.jpg,identity,builtin:identity,same,"Male-presenting adult, oblong face shape, balanced facial thirds with prominent bone structure and moderate soft tissue coverage; straight hairline with moderate temporal recession, high forehead, gently rounded profile, moderate brow ridge, average glabella width; moderate cheekbone projection, medium-length midface, shallow nasolabial folds; lower-face width proportional to cheekbones, defined continuous jawline with moderate angle flare, rounded chin with moderate vertical height and projection; thick, medium-length, soft-arched eyebrows with lateral thinning, moderate interbrow spacing; almond-shaped eyes with average palpebral fissure length, slight upward canthal tilt, double upper-lid crease, average orbital depth; straight nasal dorsum, average bridge width, rounded tip with moderate projection and rotation, medium alar width with slight flare; medium mouth width, upper-to-lower lip fullness ratio balanced, level lip corners, short philtrum with defined ridges, upper teeth visible at rest; average-sized ears with free lobes positioned level with the eye-nose line; short dark hairstyle with textured styling, light stubble on jaw and chin, smiling expression, forward gaze, slight head turn, bright indoor lighting, soft focus, and medium-resolution crop.","Male-presenting adult, oblong face shape, balanced facial thirds with prominent bone structure and moderate soft tissue coverage; straight hairline with moderate temporal recession, high forehead, gently rounded profile, moderate brow ridge, average glabella width; moderate cheekbone projection, medium-length midface, shallow nasolabial folds; lower-face width proportional to cheekbones, defined continuous jawline with moderate angle flare, rounded chin with moderate vertical height and projection; thick, medium-length, soft-arched eyebrows with lateral thinning, moderate interbrow spacing; almond-shaped eyes with average palpebral fissure length, slight upward canthal tilt, double upper-lid crease, average orbital depth; straight nasal dorsum, average bridge width, rounded tip with moderate projection and rotation, medium alar width with slight flare; medium mouth width, upper-to-lower lip fullness ratio balanced, level lip corners, short philtrum with defined ridges, upper teeth visible at rest; average-sized ears with free lobes positioned level with the eye-nose line; short dark hairstyle with textured styling, light stubble on jaw and chin, smiling expression, forward gaze, slight head turn, bright indoor lighting, soft focus, and medium-resolution crop.",167,167,258,258,True,True,0.9999998807907104,1,1.0,1,1,0.9663989543914795,0.03360092639923096,50
clip_b16,face::train::178129.jpg,face,train,178129.jpg,identity,builtin:identity,same,"Female presentation, middle-aged adult, oval face shape with balanced facial thirds and a moderately wide jawline; no persistent asymmetries visible; natural hairline with a rounded shape and moderate temporal recession; thin, soft-arched eyebrows with a high arch peak position; almond-shaped eyes with a neutral canthal tilt, double upper-lid creases, and moderate lid exposure; narrow nasal root, straight dorsum, narrow bridge, and a rounded tip with moderate projection; medium-width mouth with thin upper and lower lips, level corners, and visible upper teeth; smooth skin surface with no discernible persistent marks; free ear lobes wearing drop earrings; captured in a medium shot with a three-quarter turn, smiling expression, and warm indoor lighting.","Female presentation, middle-aged adult, oval face shape with balanced facial thirds and a moderately wide jawline; no persistent asymmetries visible; natural hairline with a rounded shape and moderate temporal recession; thin, soft-arched eyebrows with a high arch peak position; almond-shaped eyes with a neutral canthal tilt, double upper-lid creases, and moderate lid exposure; narrow nasal root, straight dorsum, narrow bridge, and a rounded tip with moderate projection; medium-width mouth with thin upper and lower lips, level corners, and visible upper teeth; smooth skin surface with no discernible persistent marks; free ear lobes wearing drop earrings; captured in a medium shot with a three-quarter turn, smiling expression, and warm indoor lighting.",110,110,157,157,True,True,0.9999999403953552,1,1.0,1,1,0.9587616920471191,0.041238248348236084,50
clip_b16,face::train::123459.jpg,face,train,123459.jpg,identity,builtin:identity,same,"Male-presenting adult, oval face shape with balanced vertical thirds; high forehead with a rounded hairline, moderate temporal recession; prominent brow ridge, straight eyebrows with moderate density; almond-shaped eyes, moderate palpebral fissure, slight upward slant, defined double eyelid creases, average orbital depth; straight nasal dorsum, moderate bridge width, rounded tip with moderate projection, average alar width; medium-thickness lips with a defined cupid's bow, level mouth corners, short philtrum with distinct ridges; narrow jawline, rounded chin with moderate projection; short dark facial hair styled as a thin mustache and stubble along the jaw; short dark hair; ears not discernible; captured in a medium close-up with direct flash lighting, neutral expression, and a slight downward head tilt against a dark background.","Male-presenting adult, oval face shape with balanced vertical thirds; high forehead with a rounded hairline, moderate temporal recession; prominent brow ridge, straight eyebrows with moderate density; almond-shaped eyes, moderate palpebral fissure, slight upward slant, defined double eyelid creases, average orbital depth; straight nasal dorsum, moderate bridge width, rounded tip with moderate projection, average alar width; medium-thickness lips with a defined cupid's bow, level mouth corners, short philtrum with distinct ridges; narrow jawline, rounded chin with moderate projection; short dark facial hair styled as a thin mustache and stubble along the jaw; short dark hair; ears not discernible; captured in a medium close-up with direct flash lighting, neutral expression, and a slight downward head tilt against a dark background.",118,118,170,170,True,True,1.0,1,1.0,1,1,0.9731144309043884,0.026885569095611572,50
clip_b16,face::train::088914.jpg,face,train,088914.jpg,identity,builtin:identity,same,"Male presentation, adult, oval face shape, balanced upper, middle, and lower thirds, moderate soft tissue covering over prominent bone structure; rounded forehead contour with a receding hairline; prominent cheekbones with moderate fullness; lower-face width proportional to cheekbones, defined jawline, rounded chin with moderate projection; eyebrows not visible due to eyewear; eyes occluded by dark sunglasses; straight nose dorsum, moderate bridge width, rounded tip with moderate projection, average alar width; lips of moderate fullness with level corners, philtrum with defined ridges; thin mustache and goatee facial hair style; ears partially occluded; captured in a medium close-up shot with a hand saluting near the head, wearing dark sunglasses, under indoor lighting against a plain light background.","Male presentation, adult, oval face shape, balanced upper, middle, and lower thirds, moderate soft tissue covering over prominent bone structure; rounded forehead contour with a receding hairline; prominent cheekbones with moderate fullness; lower-face width proportional to cheekbones, defined jawline, rounded chin with moderate projection; eyebrows not visible due to eyewear; eyes occluded by dark sunglasses; straight nose dorsum, moderate bridge width, rounded tip with moderate projection, average alar width; lips of moderate fullness with level corners, philtrum with defined ridges; thin mustache and goatee facial hair style; ears partially occluded; captured in a medium close-up shot with a hand saluting near the head, wearing dark sunglasses, under indoor lighting against a plain light background.",114,114,163,163,True,True,1.0,1,1.0,1,1,0.971643328666687,0.02835667133331299,50
clip_b16,face::train::141457.jpg,face,train,141457.jpg,identity,builtin:identity,same,"Male-presenting middle-aged adult, oval face shape with balanced upper, middle, and lower thirds, and moderate soft tissue depth; forehead of medium height with a gently rounded profile; hairline receding evenly at the temples; thin, sparse eyebrows with a soft arch; almond-shaped eyes with a neutral canthal tilt and visible upper-lid creases; straight nose with a medium bridge and rounded tip; mouth of moderate width with thin vermilion lips and level corners; short hair styled forward, clean-shaven face, wearing round glasses with yellow-tinted lenses, high-collared dark outerwear, a ring on the finger resting against the cheek, captured in a close-up with motion blur and heavy compression artifacts stretching the top edge of the frame.","Male-presenting middle-aged adult, oval face shape with balanced upper, middle, and lower thirds, and moderate soft tissue depth; forehead of medium height with a gently rounded profile; hairline receding evenly at the temples; thin, sparse eyebrows with a soft arch; almond-shaped eyes with a neutral canthal tilt and visible upper-lid creases; straight nose with a medium bridge and rounded tip; mouth of moderate width with thin vermilion lips and level corners; short hair styled forward, clean-shaven face, wearing round glasses with yellow-tinted lenses, high-collared dark outerwear, a ring on the finger resting against the cheek, captured in a close-up with motion blur and heavy compression artifacts stretching the top edge of the frame.",113,113,159,159,True,True,1.0,1,1.0,1,1,0.9627375602722168,0.0372624397277832,50
clip_b16,face::train::001042.jpg,face,train,001042.jpg,identity,builtin:identity,same,"Feminine-presenting adult, oval face shape with balanced upper, middle, and lower thirds, moderate soft tissue coverage over distinct bone structure; hairline rounded with slight temporal recession; eyebrows medium in thickness with a soft arch, moderate spacing, and moderate brow-to-eye vertical distance; almond-shaped eyes with a slight upward slant, average orbital depth, visible upper-lid crease, and under-eye fullness; nose with a straight dorsum, medium bridge width, rounded tip, average projection, and moderate alar width; mouth with lips of moderate fullness, cupid's bow defined, corners level, philtrum with defined ridges, and teeth partially occluded by a finger; ears not discernible; skin clear with no prominent persistent marks; captured in a close-up portrait with soft lighting, head turned slightly, a hand partially occluding the lower face, and a neutral expression.","Feminine-presenting adult, oval face shape with balanced upper, middle, and lower thirds, moderate soft tissue coverage over distinct bone structure; hairline rounded with slight temporal recession; eyebrows medium in thickness with a soft arch, moderate spacing, and moderate brow-to-eye vertical distance; almond-shaped eyes with a slight upward slant, average orbital depth, visible upper-lid crease, and under-eye fullness; nose with a straight dorsum, medium bridge width, rounded tip, average projection, and moderate alar width; mouth with lips of moderate fullness, cupid's bow defined, corners level, philtrum with defined ridges, and teeth partially occluded by a finger; ears not discernible; skin clear with no prominent persistent marks; captured in a close-up portrait with soft lighting, head turned slightly, a hand partially occluding the lower face, and a neutral expression.",127,127,188,188,True,True,0.9999998807907104,1,1.0,1,1,0.9652239084243774,0.03477597236633301,50
clip_b16,face::train::032580.jpg,face,train,032580.jpg,identity,builtin:identity,same,"Male-presenting adult, oblong face with balanced vertical thirds and prominent bone structure, high and broad forehead with a gently rounded profile, slight temporal narrowing, high M-shaped hairline with deep temporal recession, prominent brow ridges with minimal spacing between the brows, medium-thick soft-arched eyebrows with lateral tails sloping downward, almond-shaped eyes with a moderate upper-lid crease and average orbital depth, straight nasal bridge with a high nasal root and a slightly bulbous tip, moderate alar width, thin lips with a level mouth corner orientation, shallow philtrum with well-defined ridges, moderate jaw angle sharpness with a strong, continuous jawline, rounded chin with moderate vertical height and a slight central indentation, moderate-sized free-lobed ears positioned level with the eye-nose line, short dark wavy hair styled away from the forehead, clean-shaven face with light stubble on the upper lip, captured in a frontal medium shot with even indoor lighting and a neutral expression.","Male-presenting adult, oblong face with balanced vertical thirds and prominent bone structure, high and broad forehead with a gently rounded profile, slight temporal narrowing, high M-shaped hairline with deep temporal recession, prominent brow ridges with minimal spacing between the brows, medium-thick soft-arched eyebrows with lateral tails sloping downward, almond-shaped eyes with a moderate upper-lid crease and average orbital depth, straight nasal bridge with a high nasal root and a slightly bulbous tip, moderate alar width, thin lips with a level mouth corner orientation, shallow philtrum with well-defined ridges, moderate jaw angle sharpness with a strong, continuous jawline, rounded chin with moderate vertical height and a slight central indentation, moderate-sized free-lobed ears positioned level with the eye-nose line, short dark wavy hair styled away from the forehead, clean-shaven face with light stubble on the upper lip, captured in a frontal medium shot with even indoor lighting and a neutral expression.",149,149,211,211,True,True,1.0,1,1.0,1,1,0.968687117099762,0.03131288290023804,50
clip_b16,face::train::109762.jpg,face,train,109762.jpg,identity,builtin:identity,same,"Male-presenting middle-aged adult with an oblong facial shape and balanced upper, middle, and lower thirds; straight forehead, prominent brow ridge, moderate temple narrowing, high receding hairline with deep temporal recession, moderate cheekbone projection with slight hollowing, narrow jawline with a defined jaw and a rounded chin. Eyebrows are thin, sparse, and straight-arched with moderate spacing and high vertical distance to the eyes. Eyes are almond-shaped with a medium palpebral fissure, moderate intercanthal distance, horizontal canthal tilt, visible double upper-lid crease, average orbital depth, and moderate under-eye fullness. Nose features a straight dorsum, narrow bridge, rounded tip with moderate projection, moderate alar width, and visible nostrils. Mouth has moderate width, thin upper and lower lips with level corners, defined cupid's bow, and a short philtrum with well-defined ridges showing upper teeth at rest. Ears are average size with attached lobes and moderate protrusion. Skin shows permanent horizontal forehead creases and nasolabial folds; variable features include short wavy light brown hair styled upwards, a smiling expression with direct forward gaze, outdoors lighting, and a shallow depth of field.","Male-presenting middle-aged adult with an oblong facial shape and balanced upper, middle, and lower thirds; straight forehead, prominent brow ridge, moderate temple narrowing, high receding hairline with deep temporal recession, moderate cheekbone projection with slight hollowing, narrow jawline with a defined jaw and a rounded chin. Eyebrows are thin, sparse, and straight-arched with moderate spacing and high vertical distance to the eyes. Eyes are almond-shaped with a medium palpebral fissure, moderate intercanthal distance, horizontal canthal tilt, visible double upper-lid crease, average orbital depth, and moderate under-eye fullness. Nose features a straight dorsum, narrow bridge, rounded tip with moderate projection, moderate alar width, and visible nostrils. Mouth has moderate width, thin upper and lower lips with level corners, defined cupid's bow, and a short philtrum with well-defined ridges showing upper teeth at rest. Ears are average size with attached lobes and moderate protrusion. Skin shows permanent horizontal forehead creases and nasolabial folds; variable features include short wavy light brown hair styled upwards, a smiling expression with direct forward gaze, outdoors lighting, and a shallow depth of field.",176,176,255,255,True,True,1.000000238418579,1,1.0,1,1,0.969448447227478,0.030551791191101074,50
clip_b16,face::test::189457.jpg,face,test,189457.jpg,identity,builtin:identity,same,"Male, young adult, oval face shape with balanced upper, middle, and lower thirds; moderate bone structure to soft tissue balance; forehead of medium height and width with a gently rounded profile, moderate brow ridge, average glabella width, and slight temporal narrowing; hairline with a rounded shape and moderate temporal recession; prominent cheekbones of medium width and height, average midface length, shallow nasolabial folds, and smooth infraorbital contours; lower face tapering slightly from the cheekbones, with a continuous, well-defined jawline, rounded chin of moderate projection, and a shallow mentolabial sulcus; eyebrows of medium thickness, density, and length, with soft-arched shape, moderate spacing, and average brow-to-eye vertical distance; almond-shaped eyes with a moderate palpebral fissure length, minimal canthal tilt, double upper-lid creases of medium height, average lid exposure, average orbital depth, and smooth under-eye fullness; nasal root of medium width and depth, straight dorsum, bridge of average width, rounded tip, moderate tip projection, moderate alar width, and visible nostrils; mouth of moderate width relative to pupil distance, upper-to-lower lip fullness ratio balanced with moderate vermilion fullness, defined cupid's bow, upturned corners, and a medium-length philtrum with well-defined ridges; short facial stubble along the jawline; skin surface clear without persistent marks; ears not discernible; captured in a slightly low-resolution, close-up photograph with warm lighting, slight motion blur, a slight head turn to the right, and a smiling expression.","Male, young adult, oval face shape with balanced upper, middle, and lower thirds; moderate bone structure to soft tissue balance; forehead of medium height and width with a gently rounded profile, moderate brow ridge, average glabella width, and slight temporal narrowing; hairline with a rounded shape and moderate temporal recession; prominent cheekbones of medium width and height, average midface length, shallow nasolabial folds, and smooth infraorbital contours; lower face tapering slightly from the cheekbones, with a continuous, well-defined jawline, rounded chin of moderate projection, and a shallow mentolabial sulcus; eyebrows of medium thickness, density, and length, with soft-arched shape, moderate spacing, and average brow-to-eye vertical distance; almond-shaped eyes with a moderate palpebral fissure length, minimal canthal tilt, double upper-lid creases of medium height, average lid exposure, average orbital depth, and smooth under-eye fullness; nasal root of medium width and depth, straight dorsum, bridge of average width, rounded tip, moderate tip projection, moderate alar width, and visible nostrils; mouth of moderate width relative to pupil distance, upper-to-lower lip fullness ratio balanced with moderate vermilion fullness, defined cupid's bow, upturned corners, and a medium-length philtrum with well-defined ridges; short facial stubble along the jawline; skin surface clear without persistent marks; ears not discernible; captured in a slightly low-resolution, close-up photograph with warm lighting, slight motion blur, a slight head turn to the right, and a smiling expression.",225,225,346,346,True,True,0.9999999403953552,1,1.0,1,1,0.9643967747688293,0.03560316562652588,50
clip_b16,face::test::186223.jpg,face,test,186223.jpg,identity,builtin:identity,same,"Female presentation, adult, oval face shape with balanced upper, middle, and lower thirds; soft tissue balance moderate with smooth contours, forehead height moderate and gently rounded, brow ridge subtle, glabella average width, temples full; hairline obscured by bangs, dark hair styled up with loose side strands; eyebrows medium thickness and density, soft-arched with medial spacing and moderate vertical distance to eyes; eyes almond-shaped, horizontal palpebral fissures, average intercanthal distance, neutral canthal tilt, upper lids with visible creases, moderate orbital depth, under-eye fullness smooth; nose with average root width, straight dorsum, medium bridge width, rounded tip with moderate projection, alar base proportional to inner eye corners, nostrils partially visible; mouth medium width with upper-to-lower lip fullness ratio balanced, vermilion full, cupid's bow defined, corners slightly upturned, philtrum with defined ridges; facial hair none; skin smooth with no prominent persistent marks; ears not discernible; captured in a close-up shot with warm indoor lighting, wearing a tiara, veil, necklace, and a slight smiling expression with head turned slightly to the left.","Female presentation, adult, oval face shape with balanced upper, middle, and lower thirds; soft tissue balance moderate with smooth contours, forehead height moderate and gently rounded, brow ridge subtle, glabella average width, temples full; hairline obscured by bangs, dark hair styled up with loose side strands; eyebrows medium thickness and density, soft-arched with medial spacing and moderate vertical distance to eyes; eyes almond-shaped, horizontal palpebral fissures, average intercanthal distance, neutral canthal tilt, upper lids with visible creases, moderate orbital depth, under-eye fullness smooth; nose with average root width, straight dorsum, medium bridge width, rounded tip with moderate projection, alar base proportional to inner eye corners, nostrils partially visible; mouth medium width with upper-to-lower lip fullness ratio balanced, vermilion full, cupid's bow defined, corners slightly upturned, philtrum with defined ridges; facial hair none; skin smooth with no prominent persistent marks; ears not discernible; captured in a close-up shot with warm indoor lighting, wearing a tiara, veil, necklace, and a slight smiling expression with head turned slightly to the left.",168,168,253,253,True,True,0.9999999403953552,1,1.0,1,1,0.9564683437347412,0.043531596660614014,50
clip_b16,face::test::185812.jpg,face,test,185812.jpg,identity,builtin:identity,same,"Male-presenting adult, round face shape with balanced vertical thirds, broad forehead with slight temporal recession, prominent brow ridge, moderate temple narrowing; hairline receding at the temples, irregular M-shaped pattern; eyebrows moderately thick, straight, spaced apart; eyes almond-shaped, horizontal palpebral fissure, average orbital depth, upper-lid crease visible; nose with straight dorsum, medium bridge width, rounded tip with moderate projection, alar width proportional to inner eye corners; mouth of medium width, thin upper lip, slightly fuller lower lip, level corners, shallow philtrum with soft ridges; jawline moderately defined with rounded chin and smooth submental contour; ears of average size with free lobes, positioned level with the eye-nose line; short dark hair styled upward, thin facial hair growth along the jawline, wearing thin-metal-frame eyeglasses, captured in low-key lighting with a neutral expression.","Male-presenting adult, round face shape with balanced vertical thirds, broad forehead with slight temporal recession, prominent brow ridge, moderate temple narrowing; hairline receding at the temples, irregular M-shaped pattern; eyebrows moderately thick, straight, spaced apart; eyes almond-shaped, horizontal palpebral fissure, average orbital depth, upper-lid crease visible; nose with straight dorsum, medium bridge width, rounded tip with moderate projection, alar width proportional to inner eye corners; mouth of medium width, thin upper lip, slightly fuller lower lip, level corners, shallow philtrum with soft ridges; jawline moderately defined with rounded chin and smooth submental contour; ears of average size with free lobes, positioned level with the eye-nose line; short dark hair styled upward, thin facial hair growth along the jawline, wearing thin-metal-frame eyeglasses, captured in low-key lighting with a neutral expression.",129,129,195,195,True,True,0.9999998807907104,1,1.0,1,1,0.9731144309043884,0.02688544988632202,50
clip_b16,face::test::189858.jpg,face,test,189858.jpg,identity,builtin:identity,same,"Woman, young adult, oval face with balanced thirds and moderate soft tissue coverage over distinct bone structure; forehead height and width are not discernible due to hair obscuring the upper region; cheekbones moderate in width and projection with smooth contours; lower face tapering to a rounded chin with moderate projection and a shallow mentolabial sulcus; eyebrows partially obscured by hair, showing a soft-arched shape and moderate thickness; eyes almond-shaped, medium palpebral fissure length with a neutral canthal tilt, moderate upper-lid exposure with visible double creases, and average orbital depth; nose with a straight dorsum, medium bridge width, rounded tip with moderate projection, and average alar width; mouth open with moderate lip fullness, level corners, and defined cupid's bow; ears mostly occluded by hair; skin surface clear without persistent marks; captured in an uncalibrated indoor flash photograph with the head turned and tilted upward, showing a surprised expression with parted lips and voluminous curly reddish-brown hair styled with bangs across the forehead.","Woman, young adult, oval face with balanced thirds and moderate soft tissue coverage over distinct bone structure; forehead height and width are not discernible due to hair obscuring the upper region; cheekbones moderate in width and projection with smooth contours; lower face tapering to a rounded chin with moderate projection and a shallow mentolabial sulcus; eyebrows partially obscured by hair, showing a soft-arched shape and moderate thickness; eyes almond-shaped, medium palpebral fissure length with a neutral canthal tilt, moderate upper-lid exposure with visible double creases, and average orbital depth; nose with a straight dorsum, medium bridge width, rounded tip with moderate projection, and average alar width; mouth open with moderate lip fullness, level corners, and defined cupid's bow; ears mostly occluded by hair; skin surface clear without persistent marks; captured in an uncalibrated indoor flash photograph with the head turned and tilted upward, showing a surprised expression with parted lips and voluminous curly reddish-brown hair styled with bangs across the forehead.",161,161,223,223,True,True,0.9999999403953552,1,1.0,1,1,0.9631953239440918,0.03680461645126343,50
clip_b16,face::test::183801.jpg,face,test,183801.jpg,identity,builtin:identity,same,"Woman, adult, oval face shape with balanced vertical thirds, moderate cheekbone width, and defined jawline; no persistent asymmetries visible; rounded hairline pulled backward with moderate temporal recession; medium-thick, soft-arched eyebrows with a lateral peak and moderate spacing; almond-shaped eyes with a slight upward slant, moderate palpebral fissure length, double eyelids with visible upper lid exposure, and average orbital depth; straight nasal dorsum, medium bridge width, rounded tip with moderate projection, and visible nostrils; medium mouth width, upper-to-lower lip fullness ratio near even, defined cupid's bow, and level lip corners; no facial hair; smooth skin surface without visible permanent marks; average-sized ears with free lobes and visible small stud earrings; shown in a low-angle shot with a slight head tilt upward, neutral expression, and directional lighting from the upper left.","Woman, adult, oval face shape with balanced vertical thirds, moderate cheekbone width, and defined jawline; no persistent asymmetries visible; rounded hairline pulled backward with moderate temporal recession; medium-thick, soft-arched eyebrows with a lateral peak and moderate spacing; almond-shaped eyes with a slight upward slant, moderate palpebral fissure length, double eyelids with visible upper lid exposure, and average orbital depth; straight nasal dorsum, medium bridge width, rounded tip with moderate projection, and visible nostrils; medium mouth width, upper-to-lower lip fullness ratio near even, defined cupid's bow, and level lip corners; no facial hair; smooth skin surface without visible permanent marks; average-sized ears with free lobes and visible small stud earrings; shown in a low-angle shot with a slight head tilt upward, neutral expression, and directional lighting from the upper left.",129,129,190,190,True,True,1.0,1,1.0,1,1,0.9794741868972778,0.020525813102722168,50
clip_b16,face::test::188858.jpg,face,test,188858.jpg,identity,builtin:identity,same,"Woman, young adult, oval face shape with balanced facial thirds and moderate soft tissue. Not discernible asymmetry; rounded hairline with moderate temporal recession; medium-thick, soft-arched eyebrows with lateral thinning; almond-shaped eyes with moderate palpebral fissure length, slight upward canthal tilt, and visible double upper-lid creases; straight nasal dorsum, moderate bridge width, rounded tip with average projection, and average alar width; medium mouth width, upper-to-lower lip fullness ratio balanced with moderate vermilion height, well-defined cupid's bow, upturned corners, and visible upper teeth during a smiling expression; not discernible facial hair; smooth skin without prominent marks; ears partially occluded; captured in a close-up indoor shot with direct flash lighting, a slight head turn to the right, a wide smile, and overlaid text across the frame.","Woman, young adult, oval face shape with balanced facial thirds and moderate soft tissue. Not discernible asymmetry; rounded hairline with moderate temporal recession; medium-thick, soft-arched eyebrows with lateral thinning; almond-shaped eyes with moderate palpebral fissure length, slight upward canthal tilt, and visible double upper-lid creases; straight nasal dorsum, moderate bridge width, rounded tip with average projection, and average alar width; medium mouth width, upper-to-lower lip fullness ratio balanced with moderate vermilion height, well-defined cupid's bow, upturned corners, and visible upper teeth during a smiling expression; not discernible facial hair; smooth skin without prominent marks; ears partially occluded; captured in a close-up indoor shot with direct flash lighting, a slight head turn to the right, a wide smile, and overlaid text across the frame.",123,123,190,190,True,True,0.9999998807907104,1,1.0,1,1,0.97533118724823,0.02466869354248047,50
clip_b16,face::test::196777.jpg,face,test,196777.jpg,identity,builtin:identity,same,"Male-presenting young adult with an oval face shape, balanced thirds, and moderate soft tissue coverage over prominent bone structure; forehead height is medium with a gently rounded contour and moderate brow ridge prominence; hairline is rounded with slight temporal recession; cheekbones are wide and moderately projecting with average fullness; lower-face width is broad with a strong, square jawline, well-defined jaw angle, and a rounded chin with moderate projection; eyebrows are thick, dense, and straight with a low vertical distance to the eyes; eyes are almond-shaped with a medium palpebral fissure length, level canthal tilt, and visible double upper-lid crease; nose has a straight dorsum, medium bridge width, bulbous tip with moderate projection, and narrow alar base; mouth has medium width, even lip fullness, level corners, and a defined cupid's bow above a medium-length philtrum with distinct ridges; facial hair consists of short stubble covering the upper lip, chin, and jawline; ears have free lobes and are positioned slightly above the eye-nose line; captured in a close-up three-quarter view with soft lighting and a neutral expression against a red and white patterned background, with noticeable lens distortion compressing the upper left background.","Male-presenting young adult with an oval face shape, balanced thirds, and moderate soft tissue coverage over prominent bone structure; forehead height is medium with a gently rounded contour and moderate brow ridge prominence; hairline is rounded with slight temporal recession; cheekbones are wide and moderately projecting with average fullness; lower-face width is broad with a strong, square jawline, well-defined jaw angle, and a rounded chin with moderate projection; eyebrows are thick, dense, and straight with a low vertical distance to the eyes; eyes are almond-shaped with a medium palpebral fissure length, level canthal tilt, and visible double upper-lid crease; nose has a straight dorsum, medium bridge width, bulbous tip with moderate projection, and narrow alar base; mouth has medium width, even lip fullness, level corners, and a defined cupid's bow above a medium-length philtrum with distinct ridges; facial hair consists of short stubble covering the upper lip, chin, and jawline; ears have free lobes and are positioned slightly above the eye-nose line; captured in a close-up three-quarter view with soft lighting and a neutral expression against a red and white patterned background, with noticeable lens distortion compressing the upper left background.",191,191,263,263,True,True,1.0,1,1.0,1,1,0.9613566994667053,0.03864330053329468,50
clip_b16,face::test::184003.jpg,face,test,184003.jpg,identity,builtin:identity,same,"Male, young adult, oval face shape with balanced facial thirds and moderate soft tissue coverage. Forehead height is medium with a gently rounded profile and slight temple narrowing. Hairline is rounded with low temporal recession and moderate height on the forehead. Cheekbones have average width and moderate projection, midface length is medium, and nasolabial folds are shallow. Lower face width is proportional to the cheekbones, with a continuous jawline, rounded chin of moderate projection, and a shallow mentolabial sulcus. Eyebrows are medium in thickness and density with a soft arch, moderate spacing, and standard brow-to-eye vertical distance. Eyes are almond-shaped with a slight upward canthal tilt, moderate palpebral fissure length, average intercanthal distance, visible double upper-lid creases, and average orbital depth. Nasal root is medium in width, dorsum is straight, bridge is medium in width, tip is rounded with moderate projection, alar width is proportional to the inner eye corners, and nostrils are partially visible with a moderate columella show. Mouth width is moderate relative to the pupils, lips have medium fullness with a defined cupid's bow, and mouth corners are slightly upturned. Philtrum is moderate in length with defined ridges. Facial hair is clean-shaven. Ears are average in size with free lobes and are positioned in line with the eye-nose region; captured in a close-up crop with slight upward head tilt, neutral expression, and digital distortion artifacts on the left side and top.","Male, young adult, oval face shape with balanced facial thirds and moderate soft tissue coverage. Forehead height is medium with a gently rounded profile and slight temple narrowing. Hairline is rounded with low temporal recession and moderate height on the forehead. Cheekbones have average width and moderate projection, midface length is medium, and nasolabial folds are shallow. Lower face width is proportional to the cheekbones, with a continuous jawline, rounded chin of moderate projection, and a shallow mentolabial sulcus. Eyebrows are medium in thickness and density with a soft arch, moderate spacing, and standard brow-to-eye vertical distance. Eyes are almond-shaped with a slight upward canthal tilt, moderate palpebral fissure length, average intercanthal distance, visible double upper-lid creases, and average orbital depth. Nasal root is medium in width, dorsum is straight, bridge is medium in width, tip is rounded with moderate projection, alar width is proportional to the inner eye corners, and nostrils are partially visible with a moderate columella show. Mouth width is moderate relative to the pupils, lips have medium fullness with a defined cupid's bow, and mouth corners are slightly upturned. Philtrum is moderate in length with defined ridges. Facial hair is clean-shaven. Ears are average in size with free lobes and are positioned in line with the eye-nose region; captured in a close-up crop with slight upward head tilt, neutral expression, and digital distortion artifacts on the left side and top.",234,234,319,319,True,True,1.0,1,1.0,1,1,0.9652122855186462,0.03478771448135376,50
clip_b16,face::test::201409.jpg,face,test,201409.jpg,identity,builtin:identity,same,"Male-presenting young adult, oval face shape with balanced upper, middle, and lower thirds, moderate facial depth, and strong bone structure relative to soft tissue; forehead moderately high and wide with gentle rounding, prominent brow ridges, and slight temple narrowing; receding hairline with temporal recession; eyebrows thick, dense, and soft-arched with moderate spacing; almond-shaped eyes with moderate palpebral fissure length, average orbital depth, and visible upper-lid creases; nasal root medium width, straight dorsum, rounded tip, and medium alar width; mouth medium width with balanced vermilion fullness, defined cupid's bow, and level corners; short facial stubble on cheeks, jaw, and chin; ears partially visible with free lobes; captured in a head-and-shoulders portrait with a turned pose, direct gaze, neutral expression, and severe digital glitch artifacts distorting the top of the frame.","Male-presenting young adult, oval face shape with balanced upper, middle, and lower thirds, moderate facial depth, and strong bone structure relative to soft tissue; forehead moderately high and wide with gentle rounding, prominent brow ridges, and slight temple narrowing; receding hairline with temporal recession; eyebrows thick, dense, and soft-arched with moderate spacing; almond-shaped eyes with moderate palpebral fissure length, average orbital depth, and visible upper-lid creases; nasal root medium width, straight dorsum, rounded tip, and medium alar width; mouth medium width with balanced vermilion fullness, defined cupid's bow, and level corners; short facial stubble on cheeks, jaw, and chin; ears partially visible with free lobes; captured in a head-and-shoulders portrait with a turned pose, direct gaze, neutral expression, and severe digital glitch artifacts distorting the top of the frame.",129,129,193,193,True,True,1.0,1,1.0,1,1,0.9686870574951172,0.03131294250488281,50
clip_b16,face::test::196611.jpg,face,test,196611.jpg,identity,builtin:identity,same,"Woman, adult, oval face shape with balanced facial thirds and prominent cheekbones. Forehead of moderate height with a gently rounded contour, slight temple narrowing, and a straight hairline with minor temporal recession. Eyebrows medium in thickness, soft-arched with lateral tails angling downward. Almond-shaped eyes with a slight upward canthal tilt, moderate palpebral fissure length, and visible double eyelid creases. Nose with a straight dorsum, medium-width bridge, and rounded tip. Mouth with moderate vermilion fullness, upturned corners, and visible upper teeth. Jawline defined with a moderate angle flare and a rounded chin. Ears mostly occluded by hair. Skin smooth with no visible persistent marks. Captured in a medium-close shot with bright indoor lighting, head turned slightly to the left, wearing a smiling expression, with long reddish-brown hair and a linked metal necklace.","Woman, adult, oval face shape with balanced facial thirds and prominent cheekbones. Forehead of moderate height with a gently rounded contour, slight temple narrowing, and a straight hairline with minor temporal recession. Eyebrows medium in thickness, soft-arched with lateral tails angling downward. Almond-shaped eyes with a slight upward canthal tilt, moderate palpebral fissure length, and visible double eyelid creases. Nose with a straight dorsum, medium-width bridge, and rounded tip. Mouth with moderate vermilion fullness, upturned corners, and visible upper teeth. Jawline defined with a moderate angle flare and a rounded chin. Ears mostly occluded by hair. Skin smooth with no visible persistent marks. Captured in a medium-close shot with bright indoor lighting, head turned slightly to the left, wearing a smiling expression, with long reddish-brown hair and a linked metal necklace.",131,131,185,185,True,True,0.9999999403953552,1,1.0,1,1,0.9794742465019226,0.020525693893432617,50
clip_b16,face::train::170623.jpg,face,train,170623.jpg,summary_10w,gemini:gemini-3.1-flash-lite:recovered-ac117c33c6ff,information_reduced,"Male-presenting middle-aged adult, with an oval facial shape, balanced thirds, and average facial depth; jawline with moderate definition, chin rounded and moderate in projection with a slight vertical height. Hairline M-shaped with temporal recession; eyebrows medium in thickness, soft-arched with a low peak, moderate spacing between the brows, and moderate brow-to-eye vertical distance. Eyes almond-shaped, moderate palpebral fissure length with a horizontal slant, average distance between inner corners relative to eye width, upper-lid crease double and moderate in height, moderate lid exposure, and average orbital depth. Nasal root moderate in width and depth, dorsum straight, bridge moderate in width, tip rounded with moderate projection and rotation, alar width moderate relative to intercanthal distance, alar flare moderate, and nostrils partially visible. Mouth width moderate relative to interpuptillary distance, upper-to-lower lip fullness ratio balanced, vermilion fullness moderate, cupid's bow defined, corners level, philtrum moderate in length and width with defined ridges, and visible upper dental alignment at rest. Ears average in size, moderate protrusion, helix rolled, antihelix defined, lobes free, and positioned level with the eye-nose line; persistent marks not discernible; captured in a medium close-up with a smiling expression, head slightly turned and tilted, indoor directional lighting against a blue gradient backdrop, and soft focus throughout.",Middle-aged man with M-shaped hairline and smiling expression.,205,8,304,16,True,False,0.751381516456604,6,0.16666666666666666,0,0,0.7856334447860718,-0.03425192832946777,50
clip_b16,face::train::170623.jpg,face,train,170623.jpg,summary_20w,gemini:gemini-3.1-flash-lite:recovered-ac117c33c6ff,information_reduced,"Male-presenting middle-aged adult, with an oval facial shape, balanced thirds, and average facial depth; jawline with moderate definition, chin rounded and moderate in projection with a slight vertical height. Hairline M-shaped with temporal recession; eyebrows medium in thickness, soft-arched with a low peak, moderate spacing between the brows, and moderate brow-to-eye vertical distance. Eyes almond-shaped, moderate palpebral fissure length with a horizontal slant, average distance between inner corners relative to eye width, upper-lid crease double and moderate in height, moderate lid exposure, and average orbital depth. Nasal root moderate in width and depth, dorsum straight, bridge moderate in width, tip rounded with moderate projection and rotation, alar width moderate relative to intercanthal distance, alar flare moderate, and nostrils partially visible. Mouth width moderate relative to interpuptillary distance, upper-to-lower lip fullness ratio balanced, vermilion fullness moderate, cupid's bow defined, corners level, philtrum moderate in length and width with defined ridges, and visible upper dental alignment at rest. Ears average in size, moderate protrusion, helix rolled, antihelix defined, lobes free, and positioned level with the eye-nose line; persistent marks not discernible; captured in a medium close-up with a smiling expression, head slightly turned and tilted, indoor directional lighting against a blue gradient backdrop, and soft focus throughout.","A middle-aged man with an M-shaped hairline, almond-shaped eyes, and a defined cupid's bow, captured smiling in a medium close-up.",205,20,304,36,True,False,0.7035976648330688,6,0.16666666666666666,0,0,0.7435165643692017,-0.03991889953613281,50
clip_b16,face::train::170623.jpg,face,train,170623.jpg,summary_40w,gemini:gemini-3.1-flash-lite:recovered-ac117c33c6ff,information_reduced,"Male-presenting middle-aged adult, with an oval facial shape, balanced thirds, and average facial depth; jawline with moderate definition, chin rounded and moderate in projection with a slight vertical height. Hairline M-shaped with temporal recession; eyebrows medium in thickness, soft-arched with a low peak, moderate spacing between the brows, and moderate brow-to-eye vertical distance. Eyes almond-shaped, moderate palpebral fissure length with a horizontal slant, average distance between inner corners relative to eye width, upper-lid crease double and moderate in height, moderate lid exposure, and average orbital depth. Nasal root moderate in width and depth, dorsum straight, bridge moderate in width, tip rounded with moderate projection and rotation, alar width moderate relative to intercanthal distance, alar flare moderate, and nostrils partially visible. Mouth width moderate relative to interpuptillary distance, upper-to-lower lip fullness ratio balanced, vermilion fullness moderate, cupid's bow defined, corners level, philtrum moderate in length and width with defined ridges, and visible upper dental alignment at rest. Ears average in size, moderate protrusion, helix rolled, antihelix defined, lobes free, and positioned level with the eye-nose line; persistent marks not discernible; captured in a medium close-up with a smiling expression, head slightly turned and tilted, indoor directional lighting against a blue gradient backdrop, and soft focus throughout.","A middle-aged man with an oval face, M-shaped hairline, and almond-shaped eyes. He has a straight nasal dorsum, defined cupid's bow, and average ears. He is shown smiling in a medium close-up, illuminated by indoor directional lighting against a blue backdrop.",205,41,304,62,True,False,0.6314268112182617,10,0.1,0,0,0.6831848621368408,-0.0517580509185791,50
clip_b16,face::train::170623.jpg,face,train,170623.jpg,llm_human_description,gemini:gemini-3.1-flash-lite:5be2ef381cb1,information_reduced,"Male-presenting middle-aged adult, with an oval facial shape, balanced thirds, and average facial depth; jawline with moderate definition, chin rounded and moderate in projection with a slight vertical height. Hairline M-shaped with temporal recession; eyebrows medium in thickness, soft-arched with a low peak, moderate spacing between the brows, and moderate brow-to-eye vertical distance. Eyes almond-shaped, moderate palpebral fissure length with a horizontal slant, average distance between inner corners relative to eye width, upper-lid crease double and moderate in height, moderate lid exposure, and average orbital depth. Nasal root moderate in width and depth, dorsum straight, bridge moderate in width, tip rounded with moderate projection and rotation, alar width moderate relative to intercanthal distance, alar flare moderate, and nostrils partially visible. Mouth width moderate relative to interpuptillary distance, upper-to-lower lip fullness ratio balanced, vermilion fullness moderate, cupid's bow defined, corners level, philtrum moderate in length and width with defined ridges, and visible upper dental alignment at rest. Ears average in size, moderate protrusion, helix rolled, antihelix defined, lobes free, and positioned level with the eye-nose line; persistent marks not discernible; captured in a medium close-up with a smiling expression, head slightly turned and tilted, indoor directional lighting against a blue gradient backdrop, and soft focus throughout.","He's a middle-aged guy with an oval face and a friendly smile. He has a bit of a receding hairline and arched eyebrows. His eyes are almond-shaped, and his nose is pretty straight. He looks like he's in a good mood, with his head tilted just a little to the side.",205,51,304,69,True,False,0.6836050748825073,8,0.125,0,0,0.7009687423706055,-0.017363667488098145,50
siglip2_b16_224,person::train::00197_4.png,person,train,00197_4.png,identity,builtin:identity,same,"Average-build woman with long brown hair, wearing a light brown winter jacket with a fur hood, light blue pants, and white shoes.","Average-build woman with long brown hair, wearing a light brown winter jacket with a fur hood, light blue pants, and white shoes.",22,22,29,29,False,False,1.0,1,1.0,1,1,0.7176865339279175,0.2823134660720825,50
siglip2_b16_224,person::train::03736_1.jpg,person,train,03736_1.jpg,identity,builtin:identity,same,"Average-build man, short dark hair, wearing eyeglasses, medium skin tone, black long-sleeved quilted jacket with a light gray collar lining layered over a dark inner collar, black long pants, black shoes, carrying a white plastic bag in hand.","Average-build man, short dark hair, wearing eyeglasses, medium skin tone, black long-sleeved quilted jacket with a light gray collar lining layered over a dark inner collar, black long pants, black shoes, carrying a white plastic bag in hand.",38,38,52,52,False,False,1.0000001192092896,1,1.0,1,1,0.8577479124069214,0.14225220680236816,50
siglip2_b16_224,person::train::06597_2.jpg,person,train,06597_2.jpg,identity,builtin:identity,same,"Average-build man with short dark hair, wearing a dark blue short-sleeved collared shirt, dark trousers, and dark shoes.","Average-build man with short dark hair, wearing a dark blue short-sleeved collared shirt, dark trousers, and dark shoes.",18,18,29,29,False,False,1.0000001192092896,1,1.0,1,1,0.9311742186546326,0.06882590055465698,50
siglip2_b16_224,person::train::10977_1.jpg,person,train,10977_1.jpg,identity,builtin:identity,same,"Average-build woman with shoulder-length dark brown hair, black sunglasses, and a white face mask covering the lower face; wearing a light gray short-sleeved top, dark pants, and dark sandals; carrying a dark shoulder bag with a strap over one shoulder.","Average-build woman with shoulder-length dark brown hair, black sunglasses, and a white face mask covering the lower face; wearing a light gray short-sleeved top, dark pants, and dark sandals; carrying a dark shoulder bag with a strap over one shoulder.",40,40,55,55,False,False,1.0,1,1.0,1,1,0.81982421875,0.18017578125,50
siglip2_b16_224,person::train::12050_5.jpg,person,train,12050_5.jpg,identity,builtin:identity,same,"Average build, short brown hair, short-sleeved white polo shirt, light brown pants, dark brown shoes.","Average build, short brown hair, short-sleeved white polo shirt, light brown pants, dark brown shoes.",15,15,24,24,False,False,1.0,1,1.0,1,1,0.854541540145874,0.14545845985412598,50
siglip2_b16_224,person::train::08529_4.jpg,person,train,08529_4.jpg,identity,builtin:identity,same,"Average-build male wearing a dark blue long-sleeved outer jacket over a white inner garment, paired with white trousers and dark shoes, with dark headwear.","Average-build male wearing a dark blue long-sleeved outer jacket over a white inner garment, paired with white trousers and dark shoes, with dark headwear.",24,24,34,34,False,False,0.9999999403953552,1,1.0,1,1,0.8181143403053284,0.18188560009002686,50
siglip2_b16_224,person::train::01742_4.jpg,person,train,01742_4.jpg,identity,builtin:identity,same,"Average-build woman, dark brown hair tied back in a ponytail, eyeglasses, dark brown scarf wrapped around the neck. Light brown hooded winter coat with long sleeves and knee-length hem, black pants, and light brown shoes.","Average-build woman, dark brown hair tied back in a ponytail, eyeglasses, dark brown scarf wrapped around the neck. Light brown hooded winter coat with long sleeves and knee-length hem, black pants, and light brown shoes.",35,35,47,47,False,False,1.0000001192092896,1,1.0,1,1,0.8124121427536011,0.18758797645568848,50
siglip2_b16_224,person::train::05158_3.jpg,person,train,05158_3.jpg,identity,builtin:identity,same,"Male, average build, black hooded jacket with long sleeves, dark pants.","Male, average build, black hooded jacket with long sleeves, dark pants.",11,11,16,16,False,False,1.0,1,1.0,1,1,0.8832385540008545,0.11676144599914551,50
siglip2_b16_224,person::train::02167_1.jpg,person,train,02167_1.jpg,identity,builtin:identity,same,"Male, slim build, short dark hair, eyeglasses with thin frames, dark jacket with long sleeves layered over a light-colored collar, black pants, black backpack on both shoulders.","Male, slim build, short dark hair, eyeglasses with thin frames, dark jacket with long sleeves layered over a light-colored collar, black pants, black backpack on both shoulders.",27,27,37,37,False,False,1.0000001192092896,1,1.0,1,1,0.8926885724067688,0.10731154680252075,50
siglip2_b16_224,person::train::00233_10.png,person,train,00233_10.png,identity,builtin:identity,same,"Adult male with average build, short dark hair, dark blue short-sleeved collared shirt, black trousers, and black shoes.","Adult male with average build, short dark hair, dark blue short-sleeved collared shirt, black trousers, and black shoes.",18,18,28,28,False,False,1.0,1,1.0,1,1,0.9311742186546326,0.06882578134536743,50
siglip2_b16_224,person::train::01108_7.png,person,train,01108_7.png,identity,builtin:identity,same,"Male, average build, dark brown medium-length hair, dark blue hooded jacket with long sleeves, dark pants, dark shoes.","Male, average build, dark brown medium-length hair, dark blue hooded jacket with long sleeves, dark pants, dark shoes.",18,18,27,27,False,False,1.0,1,1.0,1,1,0.9198808073997498,0.08011919260025024,50
siglip2_b16_224,person::train::06085_7.jpg,person,train,06085_7.jpg,identity,builtin:identity,same,"Male, average build, short dark hair, long-sleeved light gray shirt, dark pants, black shoes, dark backpack on both shoulders.","Male, average build, short dark hair, long-sleeved light gray shirt, dark pants, black shoes, dark backpack on both shoulders.",19,19,30,30,False,False,0.9999999403953552,1,1.0,1,1,0.8971517086029053,0.10284823179244995,50
siglip2_b16_224,person::train::12462_1.jpg,person,train,12462_1.jpg,identity,builtin:identity,same,Average-build man with short light hair and eyeglasses; wearing a light blue short-sleeved collared shirt and dark trousers.,Average-build man with short light hair and eyeglasses; wearing a light blue short-sleeved collared shirt and dark trousers.,18,18,27,27,False,False,1.0,1,1.0,1,1,0.7737657427787781,0.22623425722122192,50
siglip2_b16_224,person::train::01924_2.jpg,person,train,01924_2.jpg,identity,builtin:identity,same,"Male, average build, short dark hair; wearing a hooded puffer jacket featuring a grey and black patterned design, layered over a striped shirt; dark blue pants; red shoes with white soles.","Male, average build, short dark hair; wearing a hooded puffer jacket featuring a grey and black patterned design, layered over a striped shirt; dark blue pants; red shoes with white soles.",31,31,39,39,False,False,0.9999998807907104,1,1.0,1,1,0.8180834054946899,0.1819164752960205,50
siglip2_b16_224,person::train::00969_2.png,person,train,00969_2.png,identity,builtin:identity,same,"Average build, dark brown medium-length hair, dark sunglasses, dark jacket with long sleeves, dark trousers, dark shoes, white shopping bag with a dark pattern.","Average build, dark brown medium-length hair, dark sunglasses, dark jacket with long sleeves, dark trousers, dark shoes, white shopping bag with a dark pattern.",24,24,34,34,False,False,1.0000001192092896,1,1.0,1,1,0.8926885724067688,0.10731154680252075,50
siglip2_b16_224,person::train::09634_1.jpg,person,train,09634_1.jpg,identity,builtin:identity,same,"Average-build female with long dark hair, wearing a white cardigan over a white top, black pants, and dark shoes. A dark shoulder bag is worn with a strap across the body. A watch is worn on the wrist.","Average-build female with long dark hair, wearing a white cardigan over a white top, black pants, and dark shoes. A dark shoulder bag is worn with a strap across the body. A watch is worn on the wrist.",38,38,47,47,False,False,0.9999999403953552,1,1.0,1,1,0.8320755958557129,0.16792434453964233,50
siglip2_b16_224,person::train::11561_6.jpg,person,train,11561_6.jpg,identity,builtin:identity,same,"Woman with an average build, dark short hair, light skin tone, wearing a light blue hooded puffer jacket with long sleeves over dark blue pants, dark brown boots, and a light brown shoulder bag with a long strap.","Woman with an average build, dark short hair, light skin tone, wearing a light blue hooded puffer jacket with long sleeves over dark blue pants, dark brown boots, and a light brown shoulder bag with a long strap.",38,38,45,45,False,False,1.0,1,1.0,1,1,0.8054617047309875,0.19453829526901245,50
siglip2_b16_224,person::train::08528_6.jpg,person,train,08528_6.jpg,identity,builtin:identity,same,"Average-build male, short dark hair, dark cap, light skin tone, long-sleeved black jacket zipped over a white shirt, light blue jeans, and white shoes.","Average-build male, short dark hair, dark cap, light skin tone, long-sleeved black jacket zipped over a white shirt, light blue jeans, and white shoes.",24,24,37,37,False,False,0.9999998807907104,1,1.0,1,1,0.8943995237350464,0.10560035705566406,50
siglip2_b16_224,person::train::01287_5.jpg,person,train,01287_5.jpg,identity,builtin:identity,same,"Average build, dark hair, red scarf wrapped around the neck, light gray long-sleeved coat with front pockets, white skirt, black leggings, and black shoes.","Average build, dark hair, red scarf wrapped around the neck, light gray long-sleeved coat with front pockets, white skirt, black leggings, and black shoes.",24,24,35,35,False,False,1.0000001192092896,1,1.0,1,1,0.8224743604660034,0.17752575874328613,50
siglip2_b16_224,person::train::10252_1.jpg,person,train,10252_1.jpg,identity,builtin:identity,same,"Female, average build, long dark hair; black long-sleeved jacket over a light gray mid-layer garment; dark blue trousers; dark shoes; black shoulder bag with a thin strap.","Female, average build, long dark hair; black long-sleeved jacket over a light gray mid-layer garment; dark blue trousers; dark shoes; black shoulder bag with a thin strap.",27,27,40,40,False,False,1.0,1,1.0,1,1,0.8649075031280518,0.13509249687194824,50
siglip2_b16_224,person::train::08924_1.jpg,person,train,08924_1.jpg,identity,builtin:identity,same,"Average-build female with dark hair; wearing a dark blue long-sleeved top, dark pants, and dark shoes; carrying a dark bag by its strap and holding a smartphone.","Average-build female with dark hair; wearing a dark blue long-sleeved top, dark pants, and dark shoes; carrying a dark bag by its strap and holding a smartphone.",27,27,38,38,False,False,1.0,1,1.0,1,1,0.8451390266418457,0.1548609733581543,50
siglip2_b16_224,person::train::02319_1.jpg,person,train,02319_1.jpg,identity,builtin:identity,same,"Average build, short dark hair, orange and dark brown hooded puffer jacket with long sleeves, black pants, white shoes.","Average build, short dark hair, orange and dark brown hooded puffer jacket with long sleeves, black pants, white shoes.",19,19,25,25,False,False,0.9999999403953552,1,1.0,1,1,0.8054275512695312,0.19457238912582397,50
siglip2_b16_224,person::train::09715_3.jpg,person,train,09715_3.jpg,identity,builtin:identity,same,"Average build male wearing a black cap, long-sleeve black hooded sweatshirt, and black shorts.","Average build male wearing a black cap, long-sleeve black hooded sweatshirt, and black shorts.",14,14,20,20,False,False,1.0,1,1.0,1,1,0.7905532121658325,0.20944678783416748,50
siglip2_b16_224,person::train::13508_2.jpg,person,train,13508_2.jpg,identity,builtin:identity,same,Average-build woman with voluminous black hair. Black sleeveless top. Short black skirt. Black boots reaching above the knees.,Average-build woman with voluminous black hair. Black sleeveless top. Short black skirt. Black boots reaching above the knees.,18,18,25,25,False,False,0.9999998807907104,1,1.0,1,1,0.7641670107841492,0.23583287000656128,50
siglip2_b16_224,person::train::09751_6.jpg,person,train,09751_6.jpg,identity,builtin:identity,same,"Male, average build, short dark hair, long-sleeved white shirt, dark shorts, white shoes.","Male, average build, short dark hair, long-sleeved white shirt, dark shorts, white shoes.",13,13,23,23,False,False,1.0000001192092896,1,1.0,1,1,0.8758019804954529,0.12419813871383667,50
siglip2_b16_224,person::train::11903_4.jpg,person,train,11903_4.jpg,identity,builtin:identity,same,"Female, average build, dark medium-length hair, dark skin tone, white short-sleeved crew-neck t-shirt featuring a large graphic print of a face on the front, dark trousers, silver-colored watch on the right wrist.","Female, average build, dark medium-length hair, dark skin tone, white short-sleeved crew-neck t-shirt featuring a large graphic print of a face on the front, dark trousers, silver-colored watch on the right wrist.",32,32,51,51,False,False,1.0,1,1.0,1,1,0.7982743978500366,0.20172560214996338,50
siglip2_b16_224,person::train::03720_4.jpg,person,train,03720_4.jpg,identity,builtin:identity,same,"Child, slim build, short dark hair, long-sleeved dark pink hooded puffer coat, black pants, pink and white shoes.","Child, slim build, short dark hair, long-sleeved dark pink hooded puffer coat, black pants, pink and white shoes.",18,18,28,28,False,False,0.9999998807907104,1,1.0,1,1,0.8227466344833374,0.17725324630737305,50
siglip2_b16_224,person::train::26249_12.jpg,person,train,26249_12.jpg,identity,builtin:identity,same,"Adult male with stocky build, short dark hair, light skin tone, light blue long-sleeved collared shirt with rolled-up sleeves, dark trousers, black shoes, holding a white rectangular folder, pulling a two-wheeled cart with a green mesh container.","Adult male with stocky build, short dark hair, light skin tone, light blue long-sleeved collared shirt with rolled-up sleeves, dark trousers, black shoes, holding a white rectangular folder, pulling a two-wheeled cart with a green mesh container.",37,37,56,56,False,False,1.0,1,1.0,1,1,0.8578993082046509,0.14210069179534912,50
siglip2_b16_224,person::train::08634_3.jpg,person,train,08634_3.jpg,identity,builtin:identity,same,"Female, average build, short gray hair, sunglasses, white sleeveless outer vest, short-sleeved striped shirt with horizontal white, black, and blue stripes and a dark blue collar, light skin tone, black pants, black shoes, black shoulder bag with a long strap, blue garment draped over the shoulder bag, watch on left wrist.","Female, average build, short gray hair, sunglasses, white sleeveless outer vest, short-sleeved striped shirt with horizontal white, black, and blue stripes and a dark blue collar, light skin tone, black pants, black shoes, black shoulder bag with a long strap, blue garment draped over the shoulder bag, watch on left wrist.",51,51,69,69,True,True,1.0,1,1.0,1,1,0.8036192059516907,0.19638079404830933,50
siglip2_b16_224,person::train::00837_3.png,person,train,00837_3.png,identity,builtin:identity,same,"Male, average build, light-colored short hair, wearing a dark green long-sleeve jacket, dark green trousers, and dark shoes, carrying a dark bag.","Male, average build, light-colored short hair, wearing a dark green long-sleeve jacket, dark green trousers, and dark shoes, carrying a dark bag.",22,22,34,34,False,False,1.0,1,1.0,1,1,0.8664066791534424,0.13359332084655762,50
siglip2_b16_224,person::query::26685_1.jpg,person,query,26685_1.jpg,identity,builtin:identity,same,"Male, average build, short dark hair, long-sleeved light blue button-down shirt, light brown trousers, dark shoes.","Male, average build, short dark hair, long-sleeved light blue button-down shirt, light brown trousers, dark shoes.",16,16,28,28,False,False,0.9999999403953552,1,1.0,1,1,0.8758019804954529,0.12419795989990234,50
siglip2_b16_224,person::query::14604_1.png,person,query,14604_1.png,identity,builtin:identity,same,"Average build male wearing black headwear, dark gray long-sleeved upper garment, blue pants, and black shoes, carrying a black backpack on both shoulders.","Average build male wearing black headwear, dark gray long-sleeved upper garment, blue pants, and black shoes, carrying a black backpack on both shoulders.",23,23,33,33,False,False,0.9999999403953552,1,1.0,1,1,0.8434521555900574,0.15654778480529785,50
siglip2_b16_224,person::query::27008_3.jpg,person,query,27008_3.jpg,identity,builtin:identity,same,"Average build, dark hair, wearing a long-sleeved black jacket, dark pants, and light-colored shoes, holding a smartphone.","Average build, dark hair, wearing a long-sleeved black jacket, dark pants, and light-colored shoes, holding a smartphone.",17,17,29,29,False,False,1.0000001192092896,1,1.0,1,1,0.9172603487968445,0.08273977041244507,50
siglip2_b16_224,person::query::14994_1.png,person,query,14994_1.png,identity,builtin:identity,same,"Average build male, short black hair, dark green long-sleeved jacket, dark gray loose trousers, white shoes, yellow backpack worn on both shoulders.","Average build male, short black hair, dark green long-sleeved jacket, dark gray loose trousers, white shoes, yellow backpack worn on both shoulders.",22,22,32,32,False,False,0.9999999403953552,1,1.0,1,1,0.8612654209136963,0.13873451948165894,50
siglip2_b16_224,person::query::14459_1.png,person,query,14459_1.png,identity,builtin:identity,same,"Average-build man, short dark hair, wearing eyeglasses. Long-sleeved button-down shirt with a blue, white, and green plaid pattern. Dark gray long pants. White shoes.","Average-build man, short dark hair, wearing eyeglasses. Long-sleeved button-down shirt with a blue, white, and green plaid pattern. Dark gray long pants. White shoes.",24,24,40,40,False,False,0.9999999403953552,1,1.0,1,1,0.8190286755561829,0.18097126483917236,50
siglip2_b16_224,person::query::26943_3.jpg,person,query,26943_3.jpg,identity,builtin:identity,same,"Average-build male with short dark hair, wearing a red short-sleeved shirt, dark pants, and light-colored shoes.","Average-build male with short dark hair, wearing a red short-sleeved shirt, dark pants, and light-colored shoes.",16,16,28,28,False,False,1.0,1,1.0,1,1,0.9105583429336548,0.08944165706634521,50
siglip2_b16_224,person::query::26789_3.jpg,person,query,26789_3.jpg,identity,builtin:identity,same,"Average-build male, dark short hair, dark long-sleeved shirt in dark red, blue pants, light-colored backpack with straps on both shoulders.","Average-build male, dark short hair, dark long-sleeved shirt in dark red, blue pants, light-colored backpack with straps on both shoulders.",20,20,33,33,False,False,0.9999998211860657,1,1.0,1,1,0.9105583429336548,0.08944147825241089,50
siglip2_b16_224,person::query::26935_2.jpg,person,query,26935_2.jpg,identity,builtin:identity,same,"Average build, white headwear, long-sleeved light green jacket, dark pants, dark shoes.","Average build, white headwear, long-sleeved light green jacket, dark pants, dark shoes.",12,12,22,22,False,False,0.9999998807907104,1,1.0,1,1,0.8553609848022461,0.14463889598846436,50
siglip2_b16_224,person::query::27100_1.jpg,person,query,27100_1.jpg,identity,builtin:identity,same,"Average-build male, dark short hair, cap, long-sleeved light pink button-down shirt, long blue jeans, dark shoes, dark backpack worn on one shoulder.","Average-build male, dark short hair, cap, long-sleeved light pink button-down shirt, long blue jeans, dark shoes, dark backpack worn on one shoulder.",22,22,37,37,False,False,1.0,1,1.0,1,1,0.8739831447601318,0.12601685523986816,50
siglip2_b16_224,person::query::26761_2.jpg,person,query,26761_2.jpg,identity,builtin:identity,same,"Average build, dark hair, dark long-sleeved hooded jacket, dark pants, dark shoes.","Average build, dark hair, dark long-sleeved hooded jacket, dark pants, dark shoes.",12,12,21,21,False,False,0.9999998807907104,1,1.0,1,1,0.9384148120880127,0.061585068702697754,50
siglip2_b16_224,person::gallery::26474_5.jpg,person,gallery,26474_5.jpg,identity,builtin:identity,same,"Male, average build, short black hair, eyeglasses, light-colored hooded zip-up jacket worn over a purple-patterned collared shirt, dark blue pants, dark shoes, black backpack on both shoulders.","Male, average build, short black hair, eyeglasses, light-colored hooded zip-up jacket worn over a purple-patterned collared shirt, dark blue pants, dark shoes, black backpack on both shoulders.",27,27,44,44,False,False,1.000000238418579,1,1.0,1,1,0.8586874604225159,0.14131277799606323,50
siglip2_b16_224,person::gallery::27153_5.jpg,person,gallery,27153_5.jpg,identity,builtin:identity,same,"Average build adult wearing a long-sleeved light gray shirt, dark pants, and light-colored shoes.","Average build adult wearing a long-sleeved light gray shirt, dark pants, and light-colored shoes.",14,14,23,23,False,False,0.9999999403953552,1,1.0,1,1,0.8811014890670776,0.11889845132827759,50
siglip2_b16_224,person::gallery::26789_1.jpg,person,gallery,26789_1.jpg,identity,builtin:identity,same,"Average-build man wearing a long-sleeved dark red jacket, light gray trousers, and dark shoes.","Average-build man wearing a long-sleeved dark red jacket, light gray trousers, and dark shoes.",14,14,23,23,False,False,0.9999999403953552,1,1.0,1,1,0.8102355003356934,0.18976444005966187,50
siglip2_b16_224,person::gallery::26721_4.jpg,person,gallery,26721_4.jpg,identity,builtin:identity,same,"Average build, dark long-sleeved jacket, dark trousers, dark shoes.","Average build, dark long-sleeved jacket, dark trousers, dark shoes.",9,9,17,17,False,False,0.9999999403953552,1,1.0,1,1,0.9384148120880127,0.06158512830734253,50
siglip2_b16_224,person::gallery::26991_3.jpg,person,gallery,26991_3.jpg,identity,builtin:identity,same,"Male, average build, short dark hair; light skin; long-sleeved white shirt with dark stripes on the shoulders and chest text; loose light brown pants; white shoes; smartphone held in hand.","Male, average build, short dark hair; light skin; long-sleeved white shirt with dark stripes on the shoulders and chest text; loose light brown pants; white shoes; smartphone held in hand.",30,30,42,42,False,False,0.9999998807907104,1,1.0,1,1,0.8294748663902283,0.17052501440048218,50
siglip2_b16_224,person::gallery::26735_2.jpg,person,gallery,26735_2.jpg,identity,builtin:identity,same,"Male, average build, short black hair; long-sleeve shirt with blue, white, and purple horizontal stripes; dark pants; light brown shoes; black backpack worn on both shoulders.","Male, average build, short black hair; long-sleeve shirt with blue, white, and purple horizontal stripes; dark pants; light brown shoes; black backpack worn on both shoulders.",26,26,38,38,False,False,1.0000001192092896,1,1.0,1,1,0.852756142616272,0.14724397659301758,50
siglip2_b16_224,person::gallery::14888_1.png,person,gallery,14888_1.png,identity,builtin:identity,same,"Male, slim build, short dark hair, long-sleeved bright blue hooded jacket, long blue jeans, light brown shoes, black messenger bag with a single long strap across the right shoulder.","Male, slim build, short dark hair, long-sleeved bright blue hooded jacket, long blue jeans, light brown shoes, black messenger bag with a single long strap across the right shoulder.",29,29,40,40,False,False,0.9999998807907104,1,1.0,1,1,0.8771457672119141,0.12285411357879639,50
siglip2_b16_224,person::gallery::26774_3.jpg,person,gallery,26774_3.jpg,identity,builtin:identity,same,"Male, average build, short dark hair, blue hooded jacket with long sleeves, dark blue pants, white shoes, black backpack on both shoulders.","Male, average build, short dark hair, blue hooded jacket with long sleeves, dark blue pants, white shoes, black backpack on both shoulders.",22,22,30,30,False,False,1.0000001192092896,1,1.0,1,1,0.8858654499053955,0.11413466930389404,50
siglip2_b16_224,person::gallery::15309_3.png,person,gallery,15309_3.png,identity,builtin:identity,same,"Average-build male, short dark hair, wearing a gray short-sleeve collared shirt, dark pants, and dark shoes.","Average-build male, short dark hair, wearing a gray short-sleeve collared shirt, dark pants, and dark shoes.",16,16,27,27,False,False,1.0,1,1.0,1,1,0.8971518874168396,0.1028481125831604,50
siglip2_b16_224,person::gallery::15194_3.png,person,gallery,15194_3.png,identity,builtin:identity,same,"Male, average build, short dark hair, eyeglasses, long-sleeved dark purple full-zip jacket, light gray trousers, dark shoes, papers held in hand.","Male, average build, short dark hair, eyeglasses, long-sleeved dark purple full-zip jacket, light gray trousers, dark shoes, papers held in hand.",21,21,35,35,False,False,0.9999998211860657,1,1.0,1,1,0.8793565630912781,0.1206432580947876,50
siglip2_b16_224,vehicle::train_images::19666_c077_02.jpg,vehicle,train_images,19666_c077_02.jpg,identity,builtin:identity,same,"Minivan, Volkswagen Touran, black paint, alloy rims, silver roof rails, tinted windows.","Minivan, Volkswagen Touran, black paint, alloy rims, silver roof rails, tinted windows.",12,12,21,21,False,False,0.9999999403953552,1,1.0,1,1,0.9448124170303345,0.05518752336502075,50
siglip2_b16_224,vehicle::train_images::13184_c012_02.jpg,vehicle,train_images,13184_c012_02.jpg,identity,builtin:identity,same,"Sedan, silver, steel wheels with multi-spoke hubcaps, sunroof, several white cloth items visible on the rear parcel shelf.","Sedan, silver, steel wheels with multi-spoke hubcaps, sunroof, several white cloth items visible on the rear parcel shelf.",18,18,27,27,False,False,0.9999997615814209,1,1.0,1,1,0.9064731597900391,0.09352660179138184,50
siglip2_b16_224,vehicle::train_images::13608_c139_04.jpg,vehicle,train_images,13608_c139_04.jpg,identity,builtin:identity,same,"Sedan, black, chrome vertical slat grille with a centered Buick emblem, multi-spoke silver alloy wheels, sunroof.","Sedan, black, chrome vertical slat grille with a centered Buick emblem, multi-spoke silver alloy wheels, sunroof.",16,16,24,24,False,False,1.0000001192092896,1,1.0,1,1,0.905998706817627,0.0940014123916626,50
siglip2_b16_224,vehicle::train_images::12849_c170_02.jpg,vehicle,train_images,12849_c170_02.jpg,identity,builtin:identity,same,Sedan. Volkswagen Jetta. Black paint. Alloy wheels. Dark window tint.,Sedan. Volkswagen Jetta. Black paint. Alloy wheels. Dark window tint.,10,10,17,17,False,False,1.0,1,1.0,1,1,0.9045047760009766,0.09549522399902344,50
siglip2_b16_224,vehicle::train_images::10839_c110_00.jpg,vehicle,train_images,10839_c110_00.jpg,identity,builtin:identity,same,"Hatchback, Volkswagen Polo, silver, multi-spoke alloy wheels, rearview mirror air freshener hanging, front bumper fog lights.","Hatchback, Volkswagen Polo, silver, multi-spoke alloy wheels, rearview mirror air freshener hanging, front bumper fog lights.",16,16,28,28,False,False,0.9999997615814209,1,1.0,1,1,0.8869376182556152,0.11306214332580566,50
siglip2_b16_224,vehicle::train_images::02440_c090_02.jpg,vehicle,train_images,02440_c090_02.jpg,identity,builtin:identity,same,"SUV, Hyundai Tucson, dark brown, alloy wheels, silver-colored side steps, rear bumper trim with silver accents, roof rails, shark fin antenna, tinted windows, circular decal on the rear bumper.","SUV, Hyundai Tucson, dark brown, alloy wheels, silver-colored side steps, rear bumper trim with silver accents, roof rails, shark fin antenna, tinted windows, circular decal on the rear bumper.",29,29,42,42,False,False,1.0,1,1.0,1,1,0.9125984907150269,0.08740150928497314,50
siglip2_b16_224,vehicle::train_images::12341_c073_00.jpg,vehicle,train_images,12341_c073_00.jpg,identity,builtin:identity,same,"Sedan, Nissan Altima, black paint, alloy wheels, sunroof, moderate window tint.","Sedan, Nissan Altima, black paint, alloy wheels, sunroof, moderate window tint.",11,11,19,19,False,False,1.0000001192092896,1,1.0,1,1,0.9594548940658569,0.04054522514343262,50
siglip2_b16_224,vehicle::train_images::18263_c110_02.jpg,vehicle,train_images,18263_c110_02.jpg,identity,builtin:identity,same,"SUV, Nissan Qashqai, silver, silver-painted alloy wheels, sunroof, roof rails.","SUV, Nissan Qashqai, silver, silver-painted alloy wheels, sunroof, roof rails.",10,10,20,20,False,False,0.9999998807907104,1,1.0,1,1,0.9314699172973633,0.06852996349334717,50
siglip2_b16_224,vehicle::train_images::10529_c003_02.jpg,vehicle,train_images,10529_c003_02.jpg,identity,builtin:identity,same,"Sedan, Kia Rio, silver, five-spoke alloy wheels, windshield rain guard deflectors.","Sedan, Kia Rio, silver, five-spoke alloy wheels, windshield rain guard deflectors.",11,11,20,20,False,False,1.000000238418579,1,1.0,1,1,0.9459404945373535,0.054059743881225586,50
siglip2_b16_224,vehicle::train_images::15907_c041_04.jpg,vehicle,train_images,15907_c041_04.jpg,identity,builtin:identity,same,"Sedan, Mazda 6, red, alloy wheels.","Sedan, Mazda 6, red, alloy wheels.",6,6,12,12,False,False,1.0,1,1.0,1,1,0.950371503829956,0.049628496170043945,50
siglip2_b16_224,vehicle::train_images::08854_c110_02.jpg,vehicle,train_images,08854_c110_02.jpg,identity,builtin:identity,same,"Sedan, dark gray, alloy wheels, dark window tint.","Sedan, dark gray, alloy wheels, dark window tint.",8,8,13,13,False,False,0.9999999403953552,1,1.0,1,1,0.9575374126434326,0.04246252775192261,50
siglip2_b16_224,vehicle::train_images::04922_c023_01.jpg,vehicle,train_images,04922_c023_01.jpg,identity,builtin:identity,same,"Hatchback, BAIC E-Series, bright red, alloy wheels, sunroof, window tint.","Hatchback, BAIC E-Series, bright red, alloy wheels, sunroof, window tint.",10,10,21,21,False,False,1.0,1,1.0,1,1,0.9393005967140198,0.060699403285980225,50
siglip2_b16_224,vehicle::train_images::19263_c030_03.jpg,vehicle,train_images,19263_c030_03.jpg,identity,builtin:identity,same,"Sedan, Buick Verano, light brown, silver alloy rims, integrated rear spoiler, tinted rear windows.","Sedan, Buick Verano, light brown, silver alloy rims, integrated rear spoiler, tinted rear windows.",14,14,22,22,False,False,1.0,1,1.0,1,1,0.9248527884483337,0.07514721155166626,50
siglip2_b16_224,vehicle::train_images::07345_c110_03.jpg,vehicle,train_images,07345_c110_03.jpg,identity,builtin:identity,same,"Sedan, white Chevrolet Cruze, featuring alloy wheels, black window tinting, and a small sticker on the rear window.","Sedan, white Chevrolet Cruze, featuring alloy wheels, black window tinting, and a small sticker on the rear window.",18,18,26,26,False,False,1.0,1,1.0,1,1,0.9417234659194946,0.05827653408050537,50
siglip2_b16_224,vehicle::train_images::19520_c034_01.jpg,vehicle,train_images,19520_c034_01.jpg,identity,builtin:identity,same,"SUV, white, Ford Escape, dual exhaust tips, silver roof rails, silver alloy rims, panoramic sunroof, tinted windows.","SUV, white, Ford Escape, dual exhaust tips, silver roof rails, silver alloy rims, panoramic sunroof, tinted windows.",17,17,26,26,False,False,0.9999998807907104,1,1.0,1,1,0.9348955154418945,0.06510436534881592,50
siglip2_b16_224,vehicle::train_images::16253_c139_00.jpg,vehicle,train_images,16253_c139_00.jpg,identity,builtin:identity,same,"Sedan, black paint, alloy rims.","Sedan, black paint, alloy rims.",5,5,9,9,False,False,1.0,1,1.0,1,1,0.9425759315490723,0.057424068450927734,50
siglip2_b16_224,vehicle::train_images::06987_c051_04.jpg,vehicle,train_images,06987_c051_04.jpg,identity,builtin:identity,same,"Hatchback, dark gray paint, black roof rails, alloy wheels, aftermarket blue accent lighting strip beneath the headlights.","Hatchback, dark gray paint, black roof rails, alloy wheels, aftermarket blue accent lighting strip beneath the headlights.",17,17,24,24,False,False,1.0,1,1.0,1,1,0.8844617605209351,0.11553823947906494,50
siglip2_b16_224,vehicle::train_images::05685_c100_04.jpg,vehicle,train_images,05685_c100_04.jpg,identity,builtin:identity,same,"Sedan, silver, with a sunroof, alloy rims, and window visors on the side windows.","Sedan, silver, with a sunroof, alloy rims, and window visors on the side windows.",14,14,21,21,False,False,1.0,1,1.0,1,1,0.9608088135719299,0.03919118642807007,50
siglip2_b16_224,vehicle::train_images::16614_c041_04.jpg,vehicle,train_images,16614_c041_04.jpg,identity,builtin:identity,same,"Sedan, Infiniti M, black, alloy rims, tinted windows.","Sedan, Infiniti M, black, alloy rims, tinted windows.",8,8,14,14,False,False,1.0,1,1.0,1,1,0.9775569438934326,0.022443056106567383,50
siglip2_b16_224,vehicle::train_images::13946_c012_04.jpg,vehicle,train_images,13946_c012_04.jpg,identity,builtin:identity,same,"Minivan, silver, sunroof, alloy wheels.","Minivan, silver, sunroof, alloy wheels.",5,5,11,11,False,False,1.0,1,1.0,1,1,0.9626326560974121,0.03736734390258789,50
siglip2_b16_224,vehicle::train_images::14133_c170_01.jpg,vehicle,train_images,14133_c170_01.jpg,identity,builtin:identity,same,"Sedan, black paint, dark tinted rear windows, tree branches secured to the roof.","Sedan, black paint, dark tinted rear windows, tree branches secured to the roof.",13,13,18,18,False,False,1.0,1,1.0,1,1,0.8968072533607483,0.10319274663925171,50
siglip2_b16_224,vehicle::train_images::16747_c163_03.jpg,vehicle,train_images,16747_c163_03.jpg,identity,builtin:identity,same,"Sedan, Buick Regal, white, sunroof, stickers on the upper portion of the windshield.","Sedan, Buick Regal, white, sunroof, stickers on the upper portion of the windshield.",13,13,19,19,False,False,0.9999998807907104,1,1.0,1,1,0.9089819192886353,0.0910179615020752,50
siglip2_b16_224,vehicle::train_images::05432_c163_04.jpg,vehicle,train_images,05432_c163_04.jpg,identity,builtin:identity,same,Sedan. Volkswagen Passat. Black. Alloy rims.,Sedan. Volkswagen Passat. Black. Alloy rims.,6,6,11,11,False,False,1.0,1,1.0,1,1,0.9053406119346619,0.09465938806533813,50
siglip2_b16_224,vehicle::train_images::19057_c170_04.jpg,vehicle,train_images,19057_c170_04.jpg,identity,builtin:identity,same,"SUV, white, with a black bumper and dark gray lower cladding, featuring a rectangular yellow sticker on the trunk lid below the rear window, a rear wiper, and tree branches laying across the roof.","SUV, white, with a black bumper and dark gray lower cladding, featuring a rectangular yellow sticker on the trunk lid below the rear window, a rear wiper, and tree branches laying across the roof.",34,34,41,41,False,False,1.0,1,1.0,1,1,0.8987045288085938,0.10129547119140625,50
siglip2_b16_224,vehicle::train_images::04455_c078_00.jpg,vehicle,train_images,04455_c078_00.jpg,identity,builtin:identity,same,"Sedan, Toyota Camry, black paint, alloy rims, damage on the hood near the driver-side headlight.","Sedan, Toyota Camry, black paint, alloy rims, damage on the hood near the driver-side headlight.",15,15,23,23,False,False,0.9999999403953552,1,1.0,1,1,0.923888623714447,0.0761113166809082,50
siglip2_b16_224,vehicle::train_images::14387_c163_04.jpg,vehicle,train_images,14387_c163_04.jpg,identity,builtin:identity,same,"SUV, Volkswagen Tiguan, white, alloy wheels, dark window tint, sunroof, window visors on the side windows.","SUV, Volkswagen Tiguan, white, alloy wheels, dark window tint, sunroof, window visors on the side windows.",16,16,26,26,False,False,1.0000001192092896,1,1.0,1,1,0.9577533006668091,0.04224681854248047,50
siglip2_b16_224,vehicle::train_images::09221_c139_03.jpg,vehicle,train_images,09221_c139_03.jpg,identity,builtin:identity,same,Sedan with a white paint finish. Toyota badging is present on the grille. Alloy rims are visible. The windows have light tinting. An antenna is positioned on the roof.,Sedan with a white paint finish. Toyota badging is present on the grille. Alloy rims are visible. The windows have light tinting. An antenna is positioned on the roof.,29,29,37,37,False,False,0.9999997615814209,1,1.0,1,1,0.8773741722106934,0.12262558937072754,50
siglip2_b16_224,vehicle::train_images::04724_c110_02.jpg,vehicle,train_images,04724_c110_02.jpg,identity,builtin:identity,same,"Hatchback, white, sunroof, alloy wheels.","Hatchback, white, sunroof, alloy wheels.",5,5,11,11,False,False,0.9999998807907104,1,1.0,1,1,0.9626326560974121,0.03736722469329834,50
siglip2_b16_224,vehicle::train_images::08361_c094_04.jpg,vehicle,train_images,08361_c094_04.jpg,identity,builtin:identity,same,"Sedan, Nissan Tiida, silver, alloy wheels, sunroof, wind deflectors on the front and rear passenger windows.","Sedan, Nissan Tiida, silver, alloy wheels, sunroof, wind deflectors on the front and rear passenger windows.",16,16,25,25,False,False,0.9999999403953552,1,1.0,1,1,0.9608088135719299,0.03919112682342529,50
siglip2_b16_224,vehicle::train_images::03678_c014_03.jpg,vehicle,train_images,03678_c014_03.jpg,identity,builtin:identity,same,"Sedan, white, Buick, alloy multi-spoke rims, sunroof, dark window tint, red ribbon attached to the driver's side mirror.","Sedan, white, Buick, alloy multi-spoke rims, sunroof, dark window tint, red ribbon attached to the driver's side mirror.",18,18,30,30,False,False,0.9999999403953552,1,1.0,1,1,0.9006640911102295,0.09933584928512573,50
siglip2_b16_224,vehicle::query_images::20204_c041_01.jpg,vehicle,query_images,20204_c041_01.jpg,identity,builtin:identity,same,"Sedan, black paint, alloy wheels, chrome trunk trim, tinted rear window.","Sedan, black paint, alloy wheels, chrome trunk trim, tinted rear window.",11,11,17,17,False,False,1.0,1,1.0,1,1,0.9594548940658569,0.040545105934143066,50
siglip2_b16_224,vehicle::query_images::21022_c078_01.jpg,vehicle,query_images,21022_c078_01.jpg,identity,builtin:identity,same,"SUV, FAW, white, alloy rims, roof rails, sunroof.","SUV, FAW, white, alloy rims, roof rails, sunroof.",8,8,16,16,False,False,0.9999999403953552,1,1.0,1,1,0.9398504495620728,0.06014949083328247,50
siglip2_b16_224,vehicle::query_images::20039_c015_00.jpg,vehicle,query_images,20039_c015_00.jpg,identity,builtin:identity,same,"Box truck, JAC brand, silver paint, black side mirrors, black front grill, clear windshield, roof-mounted wind deflector.","Box truck, JAC brand, silver paint, black side mirrors, black front grill, clear windshield, roof-mounted wind deflector.",17,17,28,28,False,False,0.9999999403953552,1,1.0,1,1,0.9026575684547424,0.09734237194061279,50
siglip2_b16_224,vehicle::query_images::20298_c122_00.jpg,vehicle,query_images,20298_c122_00.jpg,identity,builtin:identity,same,"MPV, silver, silver alloy wheels.","MPV, silver, silver alloy wheels.",5,5,10,10,False,False,1.0,1,1.0,1,1,0.9762643575668335,0.023735642433166504,50
siglip2_b16_224,vehicle::query_images::21010_c163_01.jpg,vehicle,query_images,21010_c163_01.jpg,identity,builtin:identity,same,"SUV, Lexus RX, black, alloy wheels, roof rails, window visors attached to the top of the side windows, sheet of paper on the dashboard.","SUV, Lexus RX, black, alloy wheels, roof rails, window visors attached to the top of the side windows, sheet of paper on the dashboard.",24,24,33,33,False,False,0.9999999403953552,1,1.0,1,1,0.9147858619689941,0.08521407842636108,50
siglip2_b16_224,vehicle::query_images::20249_c003_00.jpg,vehicle,query_images,20249_c003_00.jpg,identity,builtin:identity,same,"Sedan, Volkswagen Passat, black, alloy rims, sunroof, tinted windows.","Sedan, Volkswagen Passat, black, alloy rims, sunroof, tinted windows.",9,9,16,16,False,False,1.0,1,1.0,1,1,0.9775569438934326,0.022443056106567383,50
siglip2_b16_224,vehicle::query_images::20506_c051_01.jpg,vehicle,query_images,20506_c051_01.jpg,identity,builtin:identity,same,"Hatchback, Ford Focus, white, alloy rims, sunroof.","Hatchback, Ford Focus, white, alloy rims, sunroof.",7,7,14,14,False,False,1.0,1,1.0,1,1,0.9605150818824768,0.03948491811752319,50
siglip2_b16_224,vehicle::query_images::21112_c079_00.jpg,vehicle,query_images,21112_c079_00.jpg,identity,builtin:identity,same,"Compact crossover SUV.
Honda CR-V.
White primary color.
Silver alloy wheels.
Roof rails.
Clear windows.
Green registration sticker on the upper corner of the windshield.
Small white bobblehead ornament on the dashboard.","Compact crossover SUV.
Honda CR-V.
White primary color.
Silver alloy wheels.
Roof rails.
Clear windows.
Green registration sticker on the upper corner of the windshield.
Small white bobblehead ornament on the dashboard.",32,32,52,52,False,False,1.0,1,1.0,1,1,0.9074448347091675,0.09255516529083252,50
siglip2_b16_224,vehicle::query_images::20949_c003_01.jpg,vehicle,query_images,20949_c003_01.jpg,identity,builtin:identity,same,"Sedan, black paint, alloy rims with a multi-spoke design, sunroof, dark window tint, multiple circular stickers on the lower passenger side of the windshield.","Sedan, black paint, alloy rims with a multi-spoke design, sunroof, dark window tint, multiple circular stickers on the lower passenger side of the windshield.",24,24,33,33,False,False,1.0,1,1.0,1,1,0.9338817596435547,0.06611824035644531,50
siglip2_b16_224,vehicle::query_images::20272_c102_00.jpg,vehicle,query_images,20272_c102_00.jpg,identity,builtin:identity,same,"Sedan, Volkswagen Lamando, black, alloy wheels, dark window tint.","Sedan, Volkswagen Lamando, black, alloy wheels, dark window tint.",9,9,16,16,False,False,0.9999997615814209,1,1.0,1,1,0.9603292942047119,0.039670467376708984,50
siglip2_b16_224,vehicle::gallery_images::20591_c110_03.jpg,vehicle,gallery_images,20591_c110_03.jpg,identity,builtin:identity,same,"Sedan, BMW 5 Series (F10 generation), black paint, multi-spoke alloy wheels, sunroof, light window tint, stickers on the front windshield (passenger side).","Sedan, BMW 5 Series (F10 generation), black paint, multi-spoke alloy wheels, sunroof, light window tint, stickers on the front windshield (passenger side).",22,22,37,37,False,False,1.0,1,1.0,1,1,0.9426192045211792,0.0573807954788208,50
siglip2_b16_224,vehicle::gallery_images::20535_c170_02.jpg,vehicle,gallery_images,20535_c170_02.jpg,identity,builtin:identity,same,"Sedan, Volkswagen Passat B4, silver, alloy wheels.","Sedan, Volkswagen Passat B4, silver, alloy wheels.",7,7,13,13,False,False,0.9999999403953552,1,1.0,1,1,0.9762643575668335,0.02373558282852173,50
siglip2_b16_224,vehicle::gallery_images::20877_c110_00.jpg,vehicle,gallery_images,20877_c110_00.jpg,identity,builtin:identity,same,"Sedan, dark gray, alloy rims, spoiler, tinted windows, small oval decal on the right side of the rear bumper, rectangular decal on the right side of the trunk lid.","Sedan, dark gray, alloy rims, spoiler, tinted windows, small oval decal on the right side of the rear bumper, rectangular decal on the right side of the trunk lid.",29,29,37,37,False,False,1.000000238418579,1,1.0,1,1,0.9293542504310608,0.07064598798751831,50
siglip2_b16_224,vehicle::gallery_images::20159_c003_00.jpg,vehicle,gallery_images,20159_c003_00.jpg,identity,builtin:identity,same,"Sedan, Toyota Camry, black, hubcap wheels, moderate window tint, chrome trim strip on the rear bumper.","Sedan, Toyota Camry, black, hubcap wheels, moderate window tint, chrome trim strip on the rear bumper.",16,16,24,24,False,False,1.0,1,1.0,1,1,0.935988187789917,0.06401181221008301,50
siglip2_b16_224,vehicle::gallery_images::21199_c014_04.jpg,vehicle,gallery_images,21199_c014_04.jpg,identity,builtin:identity,same,"Sedan, FAW V5, silver, multi-spoke alloy rims, light window tint.","Sedan, FAW V5, silver, multi-spoke alloy rims, light window tint.",10,10,20,20,False,False,1.0,1,1.0,1,1,0.9678901433944702,0.032109856605529785,50
siglip2_b16_224,vehicle::gallery_images::20762_c156_00.jpg,vehicle,gallery_images,20762_c156_00.jpg,identity,builtin:identity,same,"Compact minivan, Nissan Livina, black, five-spoke alloy rims, silver roof rails.","Compact minivan, Nissan Livina, black, five-spoke alloy rims, silver roof rails.",11,11,20,20,False,False,1.0000001192092896,1,1.0,1,1,0.9327479600906372,0.06725215911865234,50
siglip2_b16_224,vehicle::gallery_images::20070_c017_01.jpg,vehicle,gallery_images,20070_c017_01.jpg,identity,builtin:identity,same,"Bus, white and blue two-tone paint, digital route display on the rear window, text ""AZ7892"" printed above the license plate area, stacked tail lights on both sides.","Bus, white and blue two-tone paint, digital route display on the rear window, text ""AZ7892"" printed above the license plate area, stacked tail lights on both sides.",27,27,41,41,False,False,1.0000001192092896,1,1.0,1,1,0.829534113407135,0.17046600580215454,50
siglip2_b16_224,vehicle::gallery_images::21216_c003_04.jpg,vehicle,gallery_images,21216_c003_04.jpg,identity,builtin:identity,same,"Sedan, Volkswagen Passat, silver, five-spoke alloy wheels, tinted windows.","Sedan, Volkswagen Passat, silver, five-spoke alloy wheels, tinted windows.",9,9,17,17,False,False,0.9999999403953552,1,1.0,1,1,0.9678901433944702,0.03210979700088501,50
siglip2_b16_224,vehicle::gallery_images::20559_c170_01.jpg,vehicle,gallery_images,20559_c170_01.jpg,identity,builtin:identity,same,Sedan with a white exterior. The badge on the center of the trunk lid depicts a stylized symbol composed of interlocking circular and geometric elements. Rectangular taillights are situated on either side of the trunk.,Sedan with a white exterior. The badge on the center of the trunk lid depicts a stylized symbol composed of interlocking circular and geometric elements. Rectangular taillights are situated on either side of the trunk.,35,35,41,41,False,False,0.9999998807907104,1,1.0,1,1,0.8266104459762573,0.17338943481445312,50
siglip2_b16_224,vehicle::gallery_images::20401_c023_03.jpg,vehicle,gallery_images,20401_c023_03.jpg,identity,builtin:identity,same,"Hatchback, Smart Fortwo, two-tone white body with red roof and side mirror caps, five-spoke dark alloy wheels, tinted windows.","Hatchback, Smart Fortwo, two-tone white body with red roof and side mirror caps, five-spoke dark alloy wheels, tinted windows.",19,19,31,31,False,False,1.0,1,1.0,1,1,0.8604791760444641,0.1395208239555359,50
siglip2_b16_224,face::train::170623.jpg,face,train,170623.jpg,identity,builtin:identity,same,"Male-presenting middle-aged adult, with an oval facial shape, balanced thirds, and average facial depth; jawline with moderate definition, chin rounded and moderate in projection with a slight vertical height. Hairline M-shaped with temporal recession; eyebrows medium in thickness, soft-arched with a low peak, moderate spacing between the brows, and moderate brow-to-eye vertical distance. Eyes almond-shaped, moderate palpebral fissure length with a horizontal slant, average distance between inner corners relative to eye width, upper-lid crease double and moderate in height, moderate lid exposure, and average orbital depth. Nasal root moderate in width and depth, dorsum straight, bridge moderate in width, tip rounded with moderate projection and rotation, alar width moderate relative to intercanthal distance, alar flare moderate, and nostrils partially visible. Mouth width moderate relative to interpuptillary distance, upper-to-lower lip fullness ratio balanced, vermilion fullness moderate, cupid's bow defined, corners level, philtrum moderate in length and width with defined ridges, and visible upper dental alignment at rest. Ears average in size, moderate protrusion, helix rolled, antihelix defined, lobes free, and positioned level with the eye-nose line; persistent marks not discernible; captured in a medium close-up with a smiling expression, head slightly turned and tilted, indoor directional lighting against a blue gradient backdrop, and soft focus throughout.","Male-presenting middle-aged adult, with an oval facial shape, balanced thirds, and average facial depth; jawline with moderate definition, chin rounded and moderate in projection with a slight vertical height. Hairline M-shaped with temporal recession; eyebrows medium in thickness, soft-arched with a low peak, moderate spacing between the brows, and moderate brow-to-eye vertical distance. Eyes almond-shaped, moderate palpebral fissure length with a horizontal slant, average distance between inner corners relative to eye width, upper-lid crease double and moderate in height, moderate lid exposure, and average orbital depth. Nasal root moderate in width and depth, dorsum straight, bridge moderate in width, tip rounded with moderate projection and rotation, alar width moderate relative to intercanthal distance, alar flare moderate, and nostrils partially visible. Mouth width moderate relative to interpuptillary distance, upper-to-lower lip fullness ratio balanced, vermilion fullness moderate, cupid's bow defined, corners level, philtrum moderate in length and width with defined ridges, and visible upper dental alignment at rest. Ears average in size, moderate protrusion, helix rolled, antihelix defined, lobes free, and positioned level with the eye-nose line; persistent marks not discernible; captured in a medium close-up with a smiling expression, head slightly turned and tilted, indoor directional lighting against a blue gradient backdrop, and soft focus throughout.",205,205,290,290,True,True,0.9999998807907104,1,1.0,1,1,0.9449787735939026,0.05502110719680786,50
siglip2_b16_224,face::train::081413.jpg,face,train,081413.jpg,identity,builtin:identity,same,"Male-presenting older adult with an oblong facial shape, balanced thirds, and defined bone structure; high, moderately wide forehead with prominent horizontal creases; receding hairline at the temples; moderate brow ridge with low, soft-arched eyebrows; almond-shaped eyes with moderate upper-lid exposure and deep-set orbital depth; straight nasal bridge with a slightly downturned, bulbous tip and moderate alar width; medium-width mouth with thin lips and level corners; short philtrum with defined ridges; sharp jawline with moderate angularity and a rounded chin; moderate ear size with attached lobes positioned level with the eye-nose line; short grey hair styled back, short grey mustache above the upper lip, captured in a medium close-up with a slight upward head tilt against a dark background with red and white lettering.","Male-presenting older adult with an oblong facial shape, balanced thirds, and defined bone structure; high, moderately wide forehead with prominent horizontal creases; receding hairline at the temples; moderate brow ridge with low, soft-arched eyebrows; almond-shaped eyes with moderate upper-lid exposure and deep-set orbital depth; straight nasal bridge with a slightly downturned, bulbous tip and moderate alar width; medium-width mouth with thin lips and level corners; short philtrum with defined ridges; sharp jawline with moderate angularity and a rounded chin; moderate ear size with attached lobes positioned level with the eye-nose line; short grey hair styled back, short grey mustache above the upper lip, captured in a medium close-up with a slight upward head tilt against a dark background with red and white lettering.",123,123,165,165,True,True,1.0,1,1.0,1,1,0.9468953609466553,0.05310463905334473,50
siglip2_b16_224,face::train::137722.jpg,face,train,137722.jpg,identity,builtin:identity,same,"Female presentation, older adult, oval face shape with balanced vertical thirds and a moderate width-to-length ratio, soft tissue fullness distributed evenly across the cheeks and jawline; hairline occluded by headwear, straight bangs framing the forehead; thin, sparse eyebrows with a soft arch; almond-shaped eyes with moderate palpebral fissure length, average orbital depth, visible upper-lid creases, and average intercanthal distance; straight nasal dorsum, moderate bridge width, rounded tip with moderate projection, and average alar width; medium-thin lips with a defined cupid's bow, level corners, and a moderately short philtrum; smooth submental contour with mild vertical neck creases; ears occluded; captured in a medium close-up with soft front lighting, a slight downward camera angle, neutral expression, and wearing a textured white flat cap with a dark band.","Female presentation, older adult, oval face shape with balanced vertical thirds and a moderate width-to-length ratio, soft tissue fullness distributed evenly across the cheeks and jawline; hairline occluded by headwear, straight bangs framing the forehead; thin, sparse eyebrows with a soft arch; almond-shaped eyes with moderate palpebral fissure length, average orbital depth, visible upper-lid creases, and average intercanthal distance; straight nasal dorsum, moderate bridge width, rounded tip with moderate projection, and average alar width; medium-thin lips with a defined cupid's bow, level corners, and a moderately short philtrum; smooth submental contour with mild vertical neck creases; ears occluded; captured in a medium close-up with soft front lighting, a slight downward camera angle, neutral expression, and wearing a textured white flat cap with a dark band.",125,125,176,176,True,True,1.0000001192092896,1,1.0,1,1,0.9367409944534302,0.06325912475585938,50
siglip2_b16_224,face::train::071174.jpg,face,train,071174.jpg,identity,builtin:identity,same,"Female presentation, young adult, oval face shape with balanced vertical thirds; rounded forehead contour with moderate brow ridge and narrow glabella; not discernible hairline due to head covering; soft-arched eyebrows with moderate thickness and a low peak; almond-shaped eyes with a slight upward canthal tilt, double upper-lid creases, and average orbital depth; straight nasal dorsum, medium bridge width, rounded tip with moderate projection, and wide alar flare; medium mouth width, upper-to-lower lip fullness ratio balanced, level corners, and narrow philtrum with defined ridges; smooth skin surface with a small dark mole on the forehead above the medial end of the right eyebrow; ears occluded by garment; captured in a close-up photograph with direct frontal lighting, a slight head tilt, a gentle smile, and colorful patterned garments framing the head.","Female presentation, young adult, oval face shape with balanced vertical thirds; rounded forehead contour with moderate brow ridge and narrow glabella; not discernible hairline due to head covering; soft-arched eyebrows with moderate thickness and a low peak; almond-shaped eyes with a slight upward canthal tilt, double upper-lid creases, and average orbital depth; straight nasal dorsum, medium bridge width, rounded tip with moderate projection, and wide alar flare; medium mouth width, upper-to-lower lip fullness ratio balanced, level corners, and narrow philtrum with defined ridges; smooth skin surface with a small dark mole on the forehead above the medial end of the right eyebrow; ears occluded by garment; captured in a close-up photograph with direct frontal lighting, a slight head tilt, a gentle smile, and colorful patterned garments framing the head.",129,129,172,172,True,True,1.0,1,1.0,1,1,0.9398713111877441,0.06012868881225586,50
siglip2_b16_224,face::train::166091.jpg,face,train,166091.jpg,identity,builtin:identity,same,"Male presentation, adult, oval face shape with balanced upper, middle, and lower thirds; moderate facial depth and balanced bone structure to soft tissue. Symmetrical features without prominent permanent structural asymmetries. M-shaped hairline with moderate temporal recession and average height on the forehead; brow ridge with moderate prominence and average glabella width. Soft-arched eyebrows with moderate density and length, moderate spacing between the brows, and a medium brow-to-eye vertical distance. Almond-shaped eyes with average palpebral fissure length, negligible canthal tilt, double upper-lid creases of moderate height, and average orbital depth. Straight nasal dorsum profile, medium bridge width, rounded tip shape with moderate projection and rotation, average alar width, and moderate alar flare. Medium mouth width with balanced upper-to-lower lip fullness, well-defined cupid's bow, level corner orientation, and short philtrum with defined ridges. Ears of average size relative to face height, moderate protrusion, rolled helices, and free lobes positioned level with the eye-nose line. Short dark hair styled upwards with stubble facial hair on the jawline and upper lip; captured in a direct frontal view with a closed-mouth smile under even lighting against a blue background with digital artifacts at the top.","Male presentation, adult, oval face shape with balanced upper, middle, and lower thirds; moderate facial depth and balanced bone structure to soft tissue. Symmetrical features without prominent permanent structural asymmetries. M-shaped hairline with moderate temporal recession and average height on the forehead; brow ridge with moderate prominence and average glabella width. Soft-arched eyebrows with moderate density and length, moderate spacing between the brows, and a medium brow-to-eye vertical distance. Almond-shaped eyes with average palpebral fissure length, negligible canthal tilt, double upper-lid creases of moderate height, and average orbital depth. Straight nasal dorsum profile, medium bridge width, rounded tip shape with moderate projection and rotation, average alar width, and moderate alar flare. Medium mouth width with balanced upper-to-lower lip fullness, well-defined cupid's bow, level corner orientation, and short philtrum with defined ridges. Ears of average size relative to face height, moderate protrusion, rolled helices, and free lobes positioned level with the eye-nose line. Short dark hair styled upwards with stubble facial hair on the jawline and upper lip; captured in a direct frontal view with a closed-mouth smile under even lighting against a blue background with digital artifacts at the top.",190,190,259,259,True,True,0.9999998807907104,1,1.0,1,1,0.9488869905471802,0.05111289024353027,50
siglip2_b16_224,face::train::157804.jpg,face,train,157804.jpg,identity,builtin:identity,same,"Male presenting, older adult, with an oval face shape, balanced facial thirds, and a wide jawline relative to the cheekbones. The forehead is moderately high and gently rounded, featuring a receding hairline at the temples with light hair density. Eyebrows are thin, sparse, and lightly arched, positioned moderately high above the eyes. Eyes are almond-shaped with a slight upturn, average orbital depth, and visible upper-lid creases. The nose has a straight dorsum, moderate bridge width, and a rounded tip with visible nostrils. The mouth is wide with thin vermilion lips, an even fullness ratio, level corners, and upper dental show during a closed smile. The philtrum is defined with moderate ridge separation. Facial hair is clean-shaven. Ears are not visible due to crop and hair position. Persistent marks include a vertical crease on the left cheek and a prominent cleft chin. All features are captured in a forward-facing head pose with a closed-mouth smile, bright lighting, and visible compression artifacts.","Male presenting, older adult, with an oval face shape, balanced facial thirds, and a wide jawline relative to the cheekbones. The forehead is moderately high and gently rounded, featuring a receding hairline at the temples with light hair density. Eyebrows are thin, sparse, and lightly arched, positioned moderately high above the eyes. Eyes are almond-shaped with a slight upturn, average orbital depth, and visible upper-lid creases. The nose has a straight dorsum, moderate bridge width, and a rounded tip with visible nostrils. The mouth is wide with thin vermilion lips, an even fullness ratio, level corners, and upper dental show during a closed smile. The philtrum is defined with moderate ridge separation. Facial hair is clean-shaven. Ears are not visible due to crop and hair position. Persistent marks include a vertical crease on the left cheek and a prominent cleft chin. All features are captured in a forward-facing head pose with a closed-mouth smile, bright lighting, and visible compression artifacts.",160,160,208,208,True,True,1.0000001192092896,1,1.0,1,1,0.944693922996521,0.055306196212768555,50
siglip2_b16_224,face::train::091980.jpg,face,train,091980.jpg,identity,builtin:identity,same,"Female-presenting middle-aged adult with an oval face shape, balanced facial thirds, and moderately prominent cheekbones; left eyebrow arches slightly higher than the right; center-parted dark brown hair with soft waves falling past the shoulders and temporal recession exposing a high forehead; eyebrows are medium thickness, soft-arched, and moderately spaced; eyes are almond-shaped with a slight upward slant, average orbital depth, and visible upper-lid creases; nose features a straight dorsum, moderate bridge width, rounded tip, and medium alar width; mouth has medium fullness, level corners, and a defined cupid's bow with upper teeth showing in a closed-smile; skin surface is smooth with no visible scars or marks; ears are not visible; captured in a head-on, frontal-view medium shot with bright indoor lighting, neutral expression, and slight softness in resolution.","Female-presenting middle-aged adult with an oval face shape, balanced facial thirds, and moderately prominent cheekbones; left eyebrow arches slightly higher than the right; center-parted dark brown hair with soft waves falling past the shoulders and temporal recession exposing a high forehead; eyebrows are medium thickness, soft-arched, and moderately spaced; eyes are almond-shaped with a slight upward slant, average orbital depth, and visible upper-lid creases; nose features a straight dorsum, moderate bridge width, rounded tip, and medium alar width; mouth has medium fullness, level corners, and a defined cupid's bow with upper teeth showing in a closed-smile; skin surface is smooth with no visible scars or marks; ears are not visible; captured in a head-on, frontal-view medium shot with bright indoor lighting, neutral expression, and slight softness in resolution.",128,128,178,178,True,True,1.0000001192092896,1,1.0,1,1,0.9440751075744629,0.05592501163482666,50
siglip2_b16_224,face::train::121281.jpg,face,train,121281.jpg,identity,builtin:identity,same,"Female presentation, young adult, oval face shape with balanced facial thirds and high cheekbones; not discernible asymmetries; rounded hairline with moderate temporal recession; medium-thick soft-arched eyebrows with lateral tapering; almond-shaped eyes with moderate palpebral fissure length, average canthal tilt, and visible double eyelids; straight nasal bridge, rounded tip, and moderate alar width; medium-width mouth with full lips, defined cupid's bow, and level corners; smooth skin texture with no visible permanent marks; ears not visible; captured in a medium close-up with soft studio lighting, straight-on head pose, neutral expression, and dark voluminous wavy hair.","Female presentation, young adult, oval face shape with balanced facial thirds and high cheekbones; not discernible asymmetries; rounded hairline with moderate temporal recession; medium-thick soft-arched eyebrows with lateral tapering; almond-shaped eyes with moderate palpebral fissure length, average canthal tilt, and visible double eyelids; straight nasal bridge, rounded tip, and moderate alar width; medium-width mouth with full lips, defined cupid's bow, and level corners; smooth skin texture with no visible permanent marks; ears not visible; captured in a medium close-up with soft studio lighting, straight-on head pose, neutral expression, and dark voluminous wavy hair.",93,93,135,135,True,True,1.0000001192092896,1,1.0,1,1,0.9473266005516052,0.052673518657684326,50
siglip2_b16_224,face::train::114832.jpg,face,train,114832.jpg,identity,builtin:identity,same,"Male presentation, young adult, oval face shape with balanced vertical thirds and moderately prominent cheekbones; forehead is medium height and width with a gently rounded contour; hairline is straight with slight temporal recession; eyebrows are thick, dark, and soft-arched with moderate spacing; eyes are almond-shaped with an average palpebral fissure length, level canthal tilt, and double eyelids; nose features a straight dorsum, medium bridge width, and a rounded tip with moderate projection; mouth is medium width with balanced vermilion fullness, a well-defined cupid's bow, and level corners; philtrum has moderate length with defined ridges; jawline is defined with a moderate angle flare and a rounded chin projection; facial hair consists of light stubble on the upper lip and chin; skin has a small mole on the right cheek near the mouth; ears are partially visible with free lobes; captured in a medium close-up with neutral expression and direct gaze under even lighting, featuring vertical artifact distortion on the neck region.","Male presentation, young adult, oval face shape with balanced vertical thirds and moderately prominent cheekbones; forehead is medium height and width with a gently rounded contour; hairline is straight with slight temporal recession; eyebrows are thick, dark, and soft-arched with moderate spacing; eyes are almond-shaped with an average palpebral fissure length, level canthal tilt, and double eyelids; nose features a straight dorsum, medium bridge width, and a rounded tip with moderate projection; mouth is medium width with balanced vermilion fullness, a well-defined cupid's bow, and level corners; philtrum has moderate length with defined ridges; jawline is defined with a moderate angle flare and a rounded chin projection; facial hair consists of light stubble on the upper lip and chin; skin has a small mole on the right cheek near the mouth; ears are partially visible with free lobes; captured in a medium close-up with neutral expression and direct gaze under even lighting, featuring vertical artifact distortion on the neck region.",160,160,204,204,True,True,0.9999999403953552,1,1.0,1,1,0.9378687739372253,0.06213116645812988,50
siglip2_b16_224,face::train::090489.jpg,face,train,090489.jpg,identity,builtin:identity,same,"Female presentation, young adult, oval face shape with balanced vertical thirds and moderately defined bone structure; forehead moderately high and wide with a gently rounded profile; hairline rounded with slight temporal recession; cheekbones moderately prominent and average in width; jawline moderately defined with a rounded chin; eyebrows medium thickness, density, and length, with a soft-arched shape positioned close to the eyes; eyes almond-shaped with a slight upward slant, average intercanthal distance, and visible double eyelid creases; nose straight with a medium bridge width and a rounded tip; mouth of medium width with balanced vermilion fullness, level corners, and upper teeth visible at rest; ears of average size and protrusion with free lobes; short blonde hair pulled straight back from the face, captured in bright outdoor daylight with a neutral expression and a straight-on head pose.","Female presentation, young adult, oval face shape with balanced vertical thirds and moderately defined bone structure; forehead moderately high and wide with a gently rounded profile; hairline rounded with slight temporal recession; cheekbones moderately prominent and average in width; jawline moderately defined with a rounded chin; eyebrows medium thickness, density, and length, with a soft-arched shape positioned close to the eyes; eyes almond-shaped with a slight upward slant, average intercanthal distance, and visible double eyelid creases; nose straight with a medium bridge width and a rounded tip; mouth of medium width with balanced vermilion fullness, level corners, and upper teeth visible at rest; ears of average size and protrusion with free lobes; short blonde hair pulled straight back from the face, captured in bright outdoor daylight with a neutral expression and a straight-on head pose.",135,135,170,170,True,True,1.0000001192092896,1,1.0,1,1,0.9513027667999268,0.04869735240936279,50
siglip2_b16_224,face::train::008309.jpg,face,train,008309.jpg,identity,builtin:identity,same,"Male, middle-aged adult, oblong face with a balanced upper, middle, and lower thirds, and moderate soft tissue over prominent bone structure; no visible facial asymmetries; receding hairline with deep temporal recession, and dark wavy hair; medium thickness eyebrows with a soft arch, moderate spacing, and standard brow-to-eye vertical distance; almond-shaped eyes with a neutral canthal tilt, average orbital depth, and defined upper-lid creases; straight nasal bridge of medium width, rounded tip with moderate projection, and narrow alar base; medium-width mouth with balanced lip fullness, level corners, and a defined philtrum with moderate ridges; light stubble on the upper lip and chin; smooth skin surface with no persistent marks; left ear partially occluded, right ear not visible; captured in a medium close-up with a slight head tilt and turn, hand resting near the temple, and vertical compression artifacts distorting the background.","Male, middle-aged adult, oblong face with a balanced upper, middle, and lower thirds, and moderate soft tissue over prominent bone structure; no visible facial asymmetries; receding hairline with deep temporal recession, and dark wavy hair; medium thickness eyebrows with a soft arch, moderate spacing, and standard brow-to-eye vertical distance; almond-shaped eyes with a neutral canthal tilt, average orbital depth, and defined upper-lid creases; straight nasal bridge of medium width, rounded tip with moderate projection, and narrow alar base; medium-width mouth with balanced lip fullness, level corners, and a defined philtrum with moderate ridges; light stubble on the upper lip and chin; smooth skin surface with no persistent marks; left ear partially occluded, right ear not visible; captured in a medium close-up with a slight head tilt and turn, hand resting near the temple, and vertical compression artifacts distorting the background.",140,140,188,188,True,True,1.0000001192092896,1,1.0,1,1,0.9523249864578247,0.047675132751464844,50
siglip2_b16_224,face::train::129132.jpg,face,train,129132.jpg,identity,builtin:identity,same,"Male presentation, middle-aged adult, oval face shape with balanced upper, middle, and lower thirds, moderate facial depth, and prominent bone structure relative to soft tissue; forehead high and moderately wide with a gently rounded contour, prominent brow ridge, and moderate temple narrowing; hairline receding at the temples with a rounded central shape; cheekbones moderately wide with moderate projection and hollowing below, moderate nasolabial folds; lower face wide with a defined, slightly rounded jawline and a rounded chin with moderate projection; eyebrows medium in thickness, density, and length, soft-arched with lateral tapering and moderate spacing from the eyes; eyes almond-shaped with a moderate palpebral fissure length, average orbital depth, moderate upper-lid exposure, and visible under-eye fullness; nose straight-dorsumed with a moderate bridge width, rounded tip, and moderate alar width; mouth medium in width with balanced lip fullness, level corners, and a defined philtrum with moderate ridge definition; ears not visible; skin surface showing permanent creases across the forehead and around the eyes; captured in a medium-close headshot with soft frontal lighting, wearing thin-rimmed rectangular eyeglasses, a patterned collared shirt, and a dark jacket, displaying a neutral expression and direct gaze.","Male presentation, middle-aged adult, oval face shape with balanced upper, middle, and lower thirds, moderate facial depth, and prominent bone structure relative to soft tissue; forehead high and moderately wide with a gently rounded contour, prominent brow ridge, and moderate temple narrowing; hairline receding at the temples with a rounded central shape; cheekbones moderately wide with moderate projection and hollowing below, moderate nasolabial folds; lower face wide with a defined, slightly rounded jawline and a rounded chin with moderate projection; eyebrows medium in thickness, density, and length, soft-arched with lateral tapering and moderate spacing from the eyes; eyes almond-shaped with a moderate palpebral fissure length, average orbital depth, moderate upper-lid exposure, and visible under-eye fullness; nose straight-dorsumed with a moderate bridge width, rounded tip, and moderate alar width; mouth medium in width with balanced lip fullness, level corners, and a defined philtrum with moderate ridge definition; ears not visible; skin surface showing permanent creases across the forehead and around the eyes; captured in a medium-close headshot with soft frontal lighting, wearing thin-rimmed rectangular eyeglasses, a patterned collared shirt, and a dark jacket, displaying a neutral expression and direct gaze.",189,189,255,255,True,True,0.9999999403953552,1,1.0,1,1,0.968903124332428,0.031096816062927246,50
siglip2_b16_224,face::train::053065.jpg,face,train,053065.jpg,identity,builtin:identity,same,"Female-presenting middle-aged adult, oval face shape with balanced facial thirds and moderate soft tissue coverage; not discernible persistent asymmetries; hairline obscured by hair, forehead of moderate height and width; eyebrows thin, soft-arched, moderate spacing; eyes almond-shaped, medium palpebral fissure length, horizontal canthal tilt, double eyelids with moderate exposure; nose with straight dorsum, average root width, rounded tip, moderate alar width; mouth medium width, upper-to-lower lip fullness balanced, corners slightly upturned, moderate philtrum length with defined ridges, upper teeth visible at rest; facial hair not applicable; skin surface clear without prominent persistent marks; ears not discernible; captured in a medium close-up shot with direct front-facing pose, smiling expression, and direct gaze under indoor lighting against a blurred backdrop with partial hair occlusion.","Female-presenting middle-aged adult, oval face shape with balanced facial thirds and moderate soft tissue coverage; not discernible persistent asymmetries; hairline obscured by hair, forehead of moderate height and width; eyebrows thin, soft-arched, moderate spacing; eyes almond-shaped, medium palpebral fissure length, horizontal canthal tilt, double eyelids with moderate exposure; nose with straight dorsum, average root width, rounded tip, moderate alar width; mouth medium width, upper-to-lower lip fullness balanced, corners slightly upturned, moderate philtrum length with defined ridges, upper teeth visible at rest; facial hair not applicable; skin surface clear without prominent persistent marks; ears not discernible; captured in a medium close-up shot with direct front-facing pose, smiling expression, and direct gaze under indoor lighting against a blurred backdrop with partial hair occlusion.",121,121,174,174,True,True,1.000000238418579,1,1.0,1,1,0.9283034801483154,0.07169675827026367,50
siglip2_b16_224,face::train::143554.jpg,face,train,143554.jpg,identity,builtin:identity,same,"Female presentation, young adult, oval face shape with balanced vertical thirds and moderately prominent cheekbones, forehead partially occluded by hair; hairline not discernible, eyebrows not discernible; eyes and periocular region occluded by sunglasses; nasal root narrow, straight dorsum, narrow bridge, tip narrow and slightly rounded, alar base narrow; mouth medium width with full vermilion lips, well-defined cupid's bow, level corners, philtrum with defined ridges; smooth skin with two small round dark moles on the left cheek below the outer corner of the eye; left earlobe visible with a dangling earring attached; featured against a purple patterned background with pink hair, a red heart-shaped headpiece, heavy red lipstick, black rectangular sunglasses, and frontal lighting with soft focus.","Female presentation, young adult, oval face shape with balanced vertical thirds and moderately prominent cheekbones, forehead partially occluded by hair; hairline not discernible, eyebrows not discernible; eyes and periocular region occluded by sunglasses; nasal root narrow, straight dorsum, narrow bridge, tip narrow and slightly rounded, alar base narrow; mouth medium width with full vermilion lips, well-defined cupid's bow, level corners, philtrum with defined ridges; smooth skin with two small round dark moles on the left cheek below the outer corner of the eye; left earlobe visible with a dangling earring attached; featured against a purple patterned background with pink hair, a red heart-shaped headpiece, heavy red lipstick, black rectangular sunglasses, and frontal lighting with soft focus.",116,116,155,155,True,True,1.0000001192092896,1,1.0,1,1,0.9482384920120239,0.051761627197265625,50
siglip2_b16_224,face::train::178182.jpg,face,train,178182.jpg,identity,builtin:identity,same,"Female presentation, young adult, oval face shape with balanced thirds and moderate facial depth; not discernible bone-to-soft-tissue balance due to soft lighting and angle; not discernible forehead contour due to hair occlusion; not visible hairline and hair; moderately thick, soft-arched eyebrows with a lateral peak and moderate brow-to-eye vertical distance; almond eyes with a slight upward canthal tilt, average palpebral fissure length, moderate upper-lid double crease, and average intercanthal distance; straight nasal dorsum, average root width, rounded tip with moderate projection, and narrow alar base; medium-width mouth with an even upper-to-lower fullness ratio, a defined cupid's bow, and level lip corners; not discernible philtrum; not visible facial hair; smooth skin surface with no persistent marks visible; not visible ears; captured in a close-up outdoor shot with soft, warm lighting, slight motion blur, and a shallow depth of field against a textured green background.","Female presentation, young adult, oval face shape with balanced thirds and moderate facial depth; not discernible bone-to-soft-tissue balance due to soft lighting and angle; not discernible forehead contour due to hair occlusion; not visible hairline and hair; moderately thick, soft-arched eyebrows with a lateral peak and moderate brow-to-eye vertical distance; almond eyes with a slight upward canthal tilt, average palpebral fissure length, moderate upper-lid double crease, and average intercanthal distance; straight nasal dorsum, average root width, rounded tip with moderate projection, and narrow alar base; medium-width mouth with an even upper-to-lower fullness ratio, a defined cupid's bow, and level lip corners; not discernible philtrum; not visible facial hair; smooth skin surface with no persistent marks visible; not visible ears; captured in a close-up outdoor shot with soft, warm lighting, slight motion blur, and a shallow depth of field against a textured green background.",143,143,203,203,True,True,0.9999998807907104,1,1.0,1,1,0.9356536865234375,0.06434619426727295,50
siglip2_b16_224,face::train::063618.jpg,face,train,063618.jpg,identity,builtin:identity,same,"Male-presenting older adult with an oblong facial shape, balanced thirds, and angular bone structure; high forehead with prominent brow ridges and deep temples; receding hairline with thin, light-colored hair swept backward; thin, light-colored, soft-arched eyebrows with lateral thinning; deep-set eyes with moderate palpebral fissure length, downward slant, and visible upper-lid creases; straight nasal dorsum, moderate bridge width, and a rounded tip; wide mouth with thin lips, level corners, and visible upper teeth; smooth jawline with a rounded chin and moderate vertical height; high cheekbones with moderate projection and deep nasolabial folds; ears positioned alongside the central face line with attached lobes; captured in a close-up outdoor medium shot with a smiling expression, head slightly turned, and soft natural lighting.","Male-presenting older adult with an oblong facial shape, balanced thirds, and angular bone structure; high forehead with prominent brow ridges and deep temples; receding hairline with thin, light-colored hair swept backward; thin, light-colored, soft-arched eyebrows with lateral thinning; deep-set eyes with moderate palpebral fissure length, downward slant, and visible upper-lid creases; straight nasal dorsum, moderate bridge width, and a rounded tip; wide mouth with thin lips, level corners, and visible upper teeth; smooth jawline with a rounded chin and moderate vertical height; high cheekbones with moderate projection and deep nasolabial folds; ears positioned alongside the central face line with attached lobes; captured in a close-up outdoor medium shot with a smiling expression, head slightly turned, and soft natural lighting.",119,119,167,167,True,True,0.9999998807907104,1,1.0,1,1,0.9468953609466553,0.053104519844055176,50
siglip2_b16_224,face::train::089537.jpg,face,train,089537.jpg,identity,builtin:identity,same,"Female presentation, young adult, oval face shape with balanced vertical thirds; smooth forehead contour, moderate brow ridge, average glabella width, temples obscured by hair; hairline obscured by bangs; cheekbones moderately prominent with average fullness, shallow nasolabial folds; lower face tapering to a rounded chin with moderate projection; eyebrows medium in thickness, soft-arched, moderate spacing; eyes almond-shaped, horizontal palpebral fissure, average inner-corner distance, upward canthal tilt, double upper-lid crease, average orbital depth; nasal root medium width, straight dorsum profile, medium bridge width, bulbous tip shape, moderate tip projection and rotation, alar width proportional to inner eye corners, nostrils partially visible; mouth width proportional to inter-pupillary distance, upper-to-lower lip fullness ratio balanced with moderate vermilion fullness, defined cupid's bow, corner orientation level, philtrum short with defined ridges; ears occluded; no persistent marks or asymmetries visible; captured in a close-up shot with soft lighting, head slightly tilted and turned, neutral expression, and a plain light background.","Female presentation, young adult, oval face shape with balanced vertical thirds; smooth forehead contour, moderate brow ridge, average glabella width, temples obscured by hair; hairline obscured by bangs; cheekbones moderately prominent with average fullness, shallow nasolabial folds; lower face tapering to a rounded chin with moderate projection; eyebrows medium in thickness, soft-arched, moderate spacing; eyes almond-shaped, horizontal palpebral fissure, average inner-corner distance, upward canthal tilt, double upper-lid crease, average orbital depth; nasal root medium width, straight dorsum profile, medium bridge width, bulbous tip shape, moderate tip projection and rotation, alar width proportional to inner eye corners, nostrils partially visible; mouth width proportional to inter-pupillary distance, upper-to-lower lip fullness ratio balanced with moderate vermilion fullness, defined cupid's bow, corner orientation level, philtrum short with defined ridges; ears occluded; no persistent marks or asymmetries visible; captured in a close-up shot with soft lighting, head slightly tilted and turned, neutral expression, and a plain light background.",153,153,226,226,True,True,1.0,1,1.0,1,1,0.939453125,0.060546875,50
siglip2_b16_224,face::train::065762.jpg,face,train,065762.jpg,identity,builtin:identity,same,"Feminine-presenting adult, oval face shape with balanced upper, middle, and lower thirds, moderate facial depth, and strong bone structure relative to soft tissue; forehead height and width average, gently rounded contour in profile, moderate brow ridge, average glabella width, slight temple narrowing; hairline rounded with moderate temporal recession; cheekbones wide and high with moderate projection and fullness; lower-face width proportional to cheekbones, jaw angle moderately defined, continuous jawline, rounded chin with moderate projection; eyebrows medium-thick with soft arches, moderate spacing; eyes almond-shaped, moderate palpebral fissure, average intercanthal distance, slight upward canthal tilt, double upper-lid creases, average orbital depth; nasal root average, dorsum straight, bridge medium width, tip rounded with moderate projection, alar width proportional to inner eye corners, nostrils partially visible; mouth width moderate, upper and lower lips medium fullness, cupid's bow defined, corners level, philtrum average length with defined ridges, upper teeth visible at rest; ears not visible; skin surface smooth with no discernible persistent marks; captured in an outdoor setting with a slight upward head tilt, smiling expression, direct gaze, soft lighting, and low resolution with grain and compression artifacts.","Feminine-presenting adult, oval face shape with balanced upper, middle, and lower thirds, moderate facial depth, and strong bone structure relative to soft tissue; forehead height and width average, gently rounded contour in profile, moderate brow ridge, average glabella width, slight temple narrowing; hairline rounded with moderate temporal recession; cheekbones wide and high with moderate projection and fullness; lower-face width proportional to cheekbones, jaw angle moderately defined, continuous jawline, rounded chin with moderate projection; eyebrows medium-thick with soft arches, moderate spacing; eyes almond-shaped, moderate palpebral fissure, average intercanthal distance, slight upward canthal tilt, double upper-lid creases, average orbital depth; nasal root average, dorsum straight, bridge medium width, tip rounded with moderate projection, alar width proportional to inner eye corners, nostrils partially visible; mouth width moderate, upper and lower lips medium fullness, cupid's bow defined, corners level, philtrum average length with defined ridges, upper teeth visible at rest; ears not visible; skin surface smooth with no discernible persistent marks; captured in an outdoor setting with a slight upward head tilt, smiling expression, direct gaze, soft lighting, and low resolution with grain and compression artifacts.",182,182,253,253,True,True,1.0000001192092896,1,1.0,1,1,0.9450196623802185,0.054980456829071045,50
siglip2_b16_224,face::train::168471.jpg,face,train,168471.jpg,identity,builtin:identity,same,"Female presentation, adult, oval face shape with balanced upper, middle, and lower thirds; straight forehead contour with moderate height, prominent brow ridge, and gentle temple narrowing; rounded hairline with temporal recession; prominent cheekbones with moderate width and fullness; lower-face width proportional to cheekbones, defined jawline, and rounded chin with moderate projection; thick, soft-arched eyebrows with moderate length and spacing; almond-shaped eyes with moderate palpebral fissure length, positive canthal tilt, double upper-lid creases, average orbital depth, and moderate under-eye fullness; straight nasal dorsum, moderate bridge width, rounded tip with moderate projection, and narrow alar base; average mouth width, upper-to-lower lip fullness ratio favoring the lower lip, defined cupid's bow, level lip corners, and moderate philtrum length with defined ridges; attached earlobes positioned level with the eye-nose line; dark hair styled in loose waves with side-swept bangs, captured in a close-up shot with warm indoor lighting and the chin resting on a hand.","Female presentation, adult, oval face shape with balanced upper, middle, and lower thirds; straight forehead contour with moderate height, prominent brow ridge, and gentle temple narrowing; rounded hairline with temporal recession; prominent cheekbones with moderate width and fullness; lower-face width proportional to cheekbones, defined jawline, and rounded chin with moderate projection; thick, soft-arched eyebrows with moderate length and spacing; almond-shaped eyes with moderate palpebral fissure length, positive canthal tilt, double upper-lid creases, average orbital depth, and moderate under-eye fullness; straight nasal dorsum, moderate bridge width, rounded tip with moderate projection, and narrow alar base; average mouth width, upper-to-lower lip fullness ratio favoring the lower lip, defined cupid's bow, level lip corners, and moderate philtrum length with defined ridges; attached earlobes positioned level with the eye-nose line; dark hair styled in loose waves with side-swept bangs, captured in a close-up shot with warm indoor lighting and the chin resting on a hand.",151,151,217,217,True,True,1.000000238418579,1,1.0,1,1,0.9591068625450134,0.040893375873565674,50
siglip2_b16_224,face::train::101485.jpg,face,train,101485.jpg,identity,builtin:identity,same,"Female presentation, young adult, oval face shape with balanced facial thirds; high, gently rounded forehead with moderate temple narrowing; prominent cheekbones and moderate cheek fullness; narrow lower face with a rounded chin; medium-thin eyebrows with soft arches set far above the eyes; almond-shaped eyes with a moderate upward slant, visible double eyelids, and average orbital depth; straight nose bridge with a rounded tip and narrow alar base; medium-width lips with balanced fullness and upturned corners; short, well-defined philtrum; smooth skin with no prominent permanent marks; large circular hoop earrings; styled voluminous layered brown hair swept to the side, wearing dark makeup, smiling with direct gaze, head turned slightly, under bright lighting against a light background.","Female presentation, young adult, oval face shape with balanced facial thirds; high, gently rounded forehead with moderate temple narrowing; prominent cheekbones and moderate cheek fullness; narrow lower face with a rounded chin; medium-thin eyebrows with soft arches set far above the eyes; almond-shaped eyes with a moderate upward slant, visible double eyelids, and average orbital depth; straight nose bridge with a rounded tip and narrow alar base; medium-width lips with balanced fullness and upturned corners; short, well-defined philtrum; smooth skin with no prominent permanent marks; large circular hoop earrings; styled voluminous layered brown hair swept to the side, wearing dark makeup, smiling with direct gaze, head turned slightly, under bright lighting against a light background.",115,115,149,149,True,True,1.0,1,1.0,1,1,0.9578307867050171,0.04216921329498291,50
siglip2_b16_224,face::train::023736.jpg,face,train,023736.jpg,identity,builtin:identity,same,"Male presentation, middle-aged adult, oval face shape with balanced upper, middle, and lower thirds, moderate facial depth, and strong bone structure relative to soft tissue; forehead of average height and width with a gently rounded profile and subtle brow ridge prominence; hairline set moderately low with balanced temporal recession; prominent cheekbones with moderate zygomatic flare and slight cheek hollowing; lower-face width proportional to cheekbones, defined continuous jawline, and rounded chin with moderate projection; thick, dark, soft-arched eyebrows with moderate length and spacing; almond-shaped eyes with a slight positive canthal tilt, average orbital depth, and visible double upper-lid creases; straight nasal dorsum, moderate bridge width, rounded tip, and average alar width with moderate flare; lips of medium fullness with level corners and a well-defined cupid's bow on a medium-length philtrum; ears with free lobes positioned normally relative to the eye-nose line; short, dense beard and mustache covering the lower jaw and upper lip; short, wavy dark brown hair styled messy on top, captured in a medium-close portrait with a slightly turned head, smiling expression, outdoor lighting, and soft focus on the blurred background.","Male presentation, middle-aged adult, oval face shape with balanced upper, middle, and lower thirds, moderate facial depth, and strong bone structure relative to soft tissue; forehead of average height and width with a gently rounded profile and subtle brow ridge prominence; hairline set moderately low with balanced temporal recession; prominent cheekbones with moderate zygomatic flare and slight cheek hollowing; lower-face width proportional to cheekbones, defined continuous jawline, and rounded chin with moderate projection; thick, dark, soft-arched eyebrows with moderate length and spacing; almond-shaped eyes with a slight positive canthal tilt, average orbital depth, and visible double upper-lid creases; straight nasal dorsum, moderate bridge width, rounded tip, and average alar width with moderate flare; lips of medium fullness with level corners and a well-defined cupid's bow on a medium-length philtrum; ears with free lobes positioned normally relative to the eye-nose line; short, dense beard and mustache covering the lower jaw and upper lip; short, wavy dark brown hair styled messy on top, captured in a medium-close portrait with a slightly turned head, smiling expression, outdoor lighting, and soft focus on the blurred background.",182,182,246,246,True,True,0.9999998211860657,1,1.0,1,1,0.9498639106750488,0.050135910511016846,50
siglip2_b16_224,face::train::063708.jpg,face,train,063708.jpg,identity,builtin:identity,same,"Male presentation, adult, oval face shape with balanced upper, middle, and lower thirds; moderate bone structure prominence relative to soft tissue; forehead of medium height and width with a gently rounded profile and moderate brow ridge; hairline with a low center and slight temporal recession; cheekbones of average width and moderate projection; lower face with a rounded chin and moderate jawline definition; eyebrows of medium thickness, density, and length with a soft arch; almond-shaped eyes with a neutral palpebral fissure slant and medium upper-lid crease; nose with a straight dorsum, medium bridge width, and rounded tip; mouth of medium width with balanced vermilion fullness and level corners; ears of medium size with free lobes; short dark hair styled forward, wearing a white shirt under natural daylight with a slight head turn and a neutral expression.","Male presentation, adult, oval face shape with balanced upper, middle, and lower thirds; moderate bone structure prominence relative to soft tissue; forehead of medium height and width with a gently rounded profile and moderate brow ridge; hairline with a low center and slight temporal recession; cheekbones of average width and moderate projection; lower face with a rounded chin and moderate jawline definition; eyebrows of medium thickness, density, and length with a soft arch; almond-shaped eyes with a neutral palpebral fissure slant and medium upper-lid crease; nose with a straight dorsum, medium bridge width, and rounded tip; mouth of medium width with balanced vermilion fullness and level corners; ears of medium size with free lobes; short dark hair styled forward, wearing a white shirt under natural daylight with a slight head turn and a neutral expression.",135,135,167,167,True,True,1.0,1,1.0,1,1,0.9413208961486816,0.05867910385131836,50
siglip2_b16_224,face::train::138886.jpg,face,train,138886.jpg,identity,builtin:identity,same,"Woman, young adult, with an oval face shape, balanced facial thirds, and high cheekbones projecting moderately with a moderate amount of soft tissue. Forehead height is average, forehead contour is gently rounded, brow ridge is moderately prominent, glabella width is average, and temple narrowing is not discernible due to hair occlusion. Hairline is rounded with moderate temporal recession and high forehead placement. Eyebrows are medium thickness and density, soft-arched with lateral tails angling downward, and positioned at a moderate distance above the eyes. Eyes are almond-shaped, medium palpebral fissure length with an upward slant, average intercanthal distance, positive canthal tilt, double upper-lid creases of moderate height, moderate lid exposure, average orbital depth, and slight under-eye fullness. Nasal root width is average, nasal dorsum is straight with a moderate bridge width and length, tip is rounded with average projection and rotation, alar width is proportional to the intercanthal distance, alar flare is moderate, and nostrils are partially visible. Mouth width is moderate relative to the pupillary distance, upper-to-lower lip fullness ratio is balanced with moderate vermilion fullness, cupid's bow is moderately defined, and mouth corners are level. Chin is rounded with moderate vertical height and projection. Ears are not visible. Skin surface texture is smooth without persistent marks. Shown with long dark hair, a direct sideways gaze, a neutral expression, head turned to the side, and noticeable digital distortion stretching the upper background vertically.","Woman, young adult, with an oval face shape, balanced facial thirds, and high cheekbones projecting moderately with a moderate amount of soft tissue. Forehead height is average, forehead contour is gently rounded, brow ridge is moderately prominent, glabella width is average, and temple narrowing is not discernible due to hair occlusion. Hairline is rounded with moderate temporal recession and high forehead placement. Eyebrows are medium thickness and density, soft-arched with lateral tails angling downward, and positioned at a moderate distance above the eyes. Eyes are almond-shaped, medium palpebral fissure length with an upward slant, average intercanthal distance, positive canthal tilt, double upper-lid creases of moderate height, moderate lid exposure, average orbital depth, and slight under-eye fullness. Nasal root width is average, nasal dorsum is straight with a moderate bridge width and length, tip is rounded with average projection and rotation, alar width is proportional to the intercanthal distance, alar flare is moderate, and nostrils are partially visible. Mouth width is moderate relative to the pupillary distance, upper-to-lower lip fullness ratio is balanced with moderate vermilion fullness, cupid's bow is moderately defined, and mouth corners are level. Chin is rounded with moderate vertical height and projection. Ears are not visible. Skin surface texture is smooth without persistent marks. Shown with long dark hair, a direct sideways gaze, a neutral expression, head turned to the side, and noticeable digital distortion stretching the upper background vertically.",233,233,306,306,True,True,0.9999998807907104,1,1.0,1,1,0.9482384920120239,0.05176138877868652,50
siglip2_b16_224,face::train::149220.jpg,face,train,149220.jpg,identity,builtin:identity,same,"Male-presenting adult, oval face shape, balanced thirds, moderate bone structure with balanced soft tissue; hairline and forehead largely occluded by accessories; eyebrows thin, soft-arched, moderate spacing; eyes almond-shaped, moderate palpebral fissure, average orbital depth, upper-lid creases present; nose straight dorsum, medium bridge width, rounded tip, moderate alar width; mouth medium width, upper-to-lower lip fullness balanced, corners level, philtrum with defined ridges; short facial hair stubble on upper lip and chin; ears not visible; captured in a close-up indoor shot with a neutral expression, head slightly turned, wearing a yellow headband and a white towel draped over the head.","Male-presenting adult, oval face shape, balanced thirds, moderate bone structure with balanced soft tissue; hairline and forehead largely occluded by accessories; eyebrows thin, soft-arched, moderate spacing; eyes almond-shaped, moderate palpebral fissure, average orbital depth, upper-lid creases present; nose straight dorsum, medium bridge width, rounded tip, moderate alar width; mouth medium width, upper-to-lower lip fullness balanced, corners level, philtrum with defined ridges; short facial hair stubble on upper lip and chin; ears not visible; captured in a close-up indoor shot with a neutral expression, head slightly turned, wearing a yellow headband and a white towel draped over the head.",98,98,145,145,True,True,1.0,1,1.0,1,1,0.9212732315063477,0.07872676849365234,50
siglip2_b16_224,face::train::060309.jpg,face,train,060309.jpg,identity,builtin:identity,same,"Male presentation, older adult, round face shape with balanced vertical thirds, prominent soft tissue relative to bone structure, high and rounded forehead with a strongly convex profile, receding hairline with hair present only at the temples and back of the head. Eyebrows thin and sparse, arched, with wide spacing. Eyes almond-shaped, moderate palpebral fissure length, average orbital depth, upper lids partially obscured by frames. Nose with straight dorsum, wide bridge, bulbous tip, moderate alar width, and flaring nostrils. Mouth wide relative to pupil distance, thin upper lip and fuller lower lip, upturned corners, visible upper teeth at rest, medium-length philtrum with well-defined ridges. Skin with permanent horizontal forehead creases and prominent nasolabial folds, ears not discernible, wearing dark-rimmed rectangular eyeglasses and a striped dark shirt, shown in a smiling expression with direct gaze under indoor lighting and slight blur.","Male presentation, older adult, round face shape with balanced vertical thirds, prominent soft tissue relative to bone structure, high and rounded forehead with a strongly convex profile, receding hairline with hair present only at the temples and back of the head. Eyebrows thin and sparse, arched, with wide spacing. Eyes almond-shaped, moderate palpebral fissure length, average orbital depth, upper lids partially obscured by frames. Nose with straight dorsum, wide bridge, bulbous tip, moderate alar width, and flaring nostrils. Mouth wide relative to pupil distance, thin upper lip and fuller lower lip, upturned corners, visible upper teeth at rest, medium-length philtrum with well-defined ridges. Skin with permanent horizontal forehead creases and prominent nasolabial folds, ears not discernible, wearing dark-rimmed rectangular eyeglasses and a striped dark shirt, shown in a smiling expression with direct gaze under indoor lighting and slight blur.",139,139,186,186,True,True,1.0,1,1.0,1,1,0.9515169858932495,0.04848301410675049,50
siglip2_b16_224,face::train::025692.jpg,face,train,025692.jpg,identity,builtin:identity,same,"Woman presenting as an adult with an oval face shape and balanced upper, middle, and lower thirds; gently rounded forehead, moderate brow ridge, and average glabella width; moderate cheekbone width with smooth contours; tapering jawline to a rounded chin; eyebrows of medium thickness, soft-arched shape, and moderate spacing; almond-shaped eyes with a neutral canthal tilt, average palpebral fissure length, and visible double upper-lid creases; straight nasal dorsum of medium width, moderate tip projection, and narrow alar base; mouth of average width with medium lip fullness, level corners, and a defined philtrum; ears occluded by hair; captured in a front-facing portrait with soft indoor lighting, neutral expression, and a soft-textured hairstyle with wispy bangs.","Woman presenting as an adult with an oval face shape and balanced upper, middle, and lower thirds; gently rounded forehead, moderate brow ridge, and average glabella width; moderate cheekbone width with smooth contours; tapering jawline to a rounded chin; eyebrows of medium thickness, soft-arched shape, and moderate spacing; almond-shaped eyes with a neutral canthal tilt, average palpebral fissure length, and visible double upper-lid creases; straight nasal dorsum of medium width, moderate tip projection, and narrow alar base; mouth of average width with medium lip fullness, level corners, and a defined philtrum; ears occluded by hair; captured in a front-facing portrait with soft indoor lighting, neutral expression, and a soft-textured hairstyle with wispy bangs.",113,113,160,160,True,True,1.0,1,1.0,1,1,0.9363802075386047,0.06361979246139526,50
siglip2_b16_224,face::train::060555.jpg,face,train,060555.jpg,identity,builtin:identity,same,"Male presentation, middle-aged adult, oval face shape with balanced upper, middle, and lower thirds, moderate facial depth, and balanced bone structure to soft tissue; forehead high and wide with a gently rounded contour and moderate brow ridge prominence; hairline receding at the temples with a rounded frontal shape; cheekbones moderately wide and prominent with average fullness; lower-face width proportional to cheekbones, with a defined jawline and a rounded chin; eyebrows medium thickness and density, soft-arched, moderately spaced; eyes almond-shaped, average palpebral fissure length, moderate canthal tilt, double upper-lid crease, average orbital depth; nose with a straight dorsum, medium bridge, rounded tip, moderate alar width, and visible nostrils; mouth with medium width, thin upper vermilion and medium lower vermilion, level corners, and a distinct philtrum with moderate ridges; ears partially occluded; short dark hair styled backward, clean-shaven, captured in a straight-on head pose with neutral expression and soft lighting against a plain background.","Male presentation, middle-aged adult, oval face shape with balanced upper, middle, and lower thirds, moderate facial depth, and balanced bone structure to soft tissue; forehead high and wide with a gently rounded contour and moderate brow ridge prominence; hairline receding at the temples with a rounded frontal shape; cheekbones moderately wide and prominent with average fullness; lower-face width proportional to cheekbones, with a defined jawline and a rounded chin; eyebrows medium thickness and density, soft-arched, moderately spaced; eyes almond-shaped, average palpebral fissure length, moderate canthal tilt, double upper-lid crease, average orbital depth; nose with a straight dorsum, medium bridge, rounded tip, moderate alar width, and visible nostrils; mouth with medium width, thin upper vermilion and medium lower vermilion, level corners, and a distinct philtrum with moderate ridges; ears partially occluded; short dark hair styled backward, clean-shaven, captured in a straight-on head pose with neutral expression and soft lighting against a plain background.",152,152,213,213,True,True,1.0,1,1.0,1,1,0.968903124332428,0.03109687566757202,50
siglip2_b16_224,face::train::150659.jpg,face,train,150659.jpg,identity,builtin:identity,same,"Female presentation, young adult, oval face shape with balanced vertical thirds; high forehead with a gentle contour, moderate brow ridge, medium glabella width, slight temple narrowing; receding hairline at the temples with a rounded central peak; medium-width cheekbones with moderate projection, average midface length, shallow nasolabial folds; moderate lower-face width, defined jawline and continuous contour, rounded chin with moderate vertical height; soft-arched eyebrows with a high arch peak, medium thickness and density, moderate spacing; almond-shaped eyes, moderate palpebral fissure length, level canthal tilt, double upper-lid crease, average orbital depth; straight nasal dorsum, medium bridge width, rounded tip with moderate projection, moderate alar width, visible nostrils; medium mouth width, upper-to-lower lip fullness ratio balanced, vermilion full, well-defined cupid's bow, level lip corners, short philtrum with defined ridges; average-sized ears with a rolled helix and free lobes, positioned level with the eye-nose line; no persistent marks or asymmetries visible; captured in a studio setting with dark background, head turned and tilted upward, wearing dark lipstick, dangling earrings, and a light-colored garment, under directional lighting.","Female presentation, young adult, oval face shape with balanced vertical thirds; high forehead with a gentle contour, moderate brow ridge, medium glabella width, slight temple narrowing; receding hairline at the temples with a rounded central peak; medium-width cheekbones with moderate projection, average midface length, shallow nasolabial folds; moderate lower-face width, defined jawline and continuous contour, rounded chin with moderate vertical height; soft-arched eyebrows with a high arch peak, medium thickness and density, moderate spacing; almond-shaped eyes, moderate palpebral fissure length, level canthal tilt, double upper-lid crease, average orbital depth; straight nasal dorsum, medium bridge width, rounded tip with moderate projection, moderate alar width, visible nostrils; medium mouth width, upper-to-lower lip fullness ratio balanced, vermilion full, well-defined cupid's bow, level lip corners, short philtrum with defined ridges; average-sized ears with a rolled helix and free lobes, positioned level with the eye-nose line; no persistent marks or asymmetries visible; captured in a studio setting with dark background, head turned and tilted upward, wearing dark lipstick, dangling earrings, and a light-colored garment, under directional lighting.",172,172,254,254,True,True,0.9999998807907104,1,1.0,1,1,0.9441847205162048,0.055815160274505615,50
siglip2_b16_224,face::train::026996.jpg,face,train,026996.jpg,identity,builtin:identity,same,"Female presentation, middle-aged adult, oval face shape with balanced upper, middle, and lower thirds, moderate facial depth, and soft tissue fullness conforming closely to the underlying bone structure; forehead moderately high and gently rounded, temples full; hairline rounded with moderate temporal recession; cheekbones prominent and wide relative to the lower face, midface average in length with shallow nasolabial folds; jawline smooth and continuous, jaw angle rounded, chin rounded with moderate projection and vertical height; eyebrows medium in thickness and density, soft-arched with medial spacing equal to one eye width, positioned moderately high above the eyes; eyes almond-shaped, moderate palpebral fissure length with a slight upward slant, average intercanthal distance, canthal tilt neutral, upper-lid crease double and well-defined, lid exposure moderate, orbital depth average, under-eye fullness smooth; nasal root medium in width and depth, dorsum straight, bridge medium in width, tip rounded with moderate projection and rotation, alar width equal to intercanthal distance, alar flare slight, nostrils partially visible, columella show moderate; mouth width equal to interocular distance, upper-to-lower lip fullness ratio balanced with moderate vermilion height, cupid's bow moderately defined, corners level, philtrum average in length and width with distinct ridges, upper teeth visible at rest; ears average in size, free lobes, positioned level with the eye-nose line; captured in an upward-angled medium close-up view with dim directional lighting, a slight head turn to the right and tilt backward, a speaking expression, open mouth, and a small wireless microphone attached near the right cheek.","Female presentation, middle-aged adult, oval face shape with balanced upper, middle, and lower thirds, moderate facial depth, and soft tissue fullness conforming closely to the underlying bone structure; forehead moderately high and gently rounded, temples full; hairline rounded with moderate temporal recession; cheekbones prominent and wide relative to the lower face, midface average in length with shallow nasolabial folds; jawline smooth and continuous, jaw angle rounded, chin rounded with moderate projection and vertical height; eyebrows medium in thickness and density, soft-arched with medial spacing equal to one eye width, positioned moderately high above the eyes; eyes almond-shaped, moderate palpebral fissure length with a slight upward slant, average intercanthal distance, canthal tilt neutral, upper-lid crease double and well-defined, lid exposure moderate, orbital depth average, under-eye fullness smooth; nasal root medium in width and depth, dorsum straight, bridge medium in width, tip rounded with moderate projection and rotation, alar width equal to intercanthal distance, alar flare slight, nostrils partially visible, columella show moderate; mouth width equal to interocular distance, upper-to-lower lip fullness ratio balanced with moderate vermilion height, cupid's bow moderately defined, corners level, philtrum average in length and width with distinct ridges, upper teeth visible at rest; ears average in size, free lobes, positioned level with the eye-nose line; captured in an upward-angled medium close-up view with dim directional lighting, a slight head turn to the right and tilt backward, a speaking expression, open mouth, and a small wireless microphone attached near the right cheek.",244,244,336,336,True,True,1.0,1,1.0,1,1,0.942157506942749,0.05784249305725098,50
siglip2_b16_224,face::train::082954.jpg,face,train,082954.jpg,identity,builtin:identity,same,"Female presentation, young adult, heart-shaped face with balanced upper and middle thirds and a tapering lower third; moderately high forehead with a gently rounded contour, prominent brow ridges, moderate glabella width, and slight temple narrowing; hairline partially obscured by side-swept bangs parted on the right side; medium-width cheekbones with moderate projection and fullness; jawline narrowing smoothly to a rounded chin with moderate projection; thick, soft-arched eyebrows with a lateral peak and moderate spacing; almond-shaped eyes with a slight upward canthal tilt, moderate palpebral fissure length, average orbital depth, and defined upper-lid creases; straight nasal dorsum, moderate bridge width, rounded tip with moderate projection, and narrow alar base; medium-width mouth with thin upper lip and moderately full lower lip, level corners, and a short philtrum with well-defined ridges; ears not visible; dark wavy hair worn down with side-swept bangs; captured in a close-up frontal view with soft lighting and a neutral expression.","Female presentation, young adult, heart-shaped face with balanced upper and middle thirds and a tapering lower third; moderately high forehead with a gently rounded contour, prominent brow ridges, moderate glabella width, and slight temple narrowing; hairline partially obscured by side-swept bangs parted on the right side; medium-width cheekbones with moderate projection and fullness; jawline narrowing smoothly to a rounded chin with moderate projection; thick, soft-arched eyebrows with a lateral peak and moderate spacing; almond-shaped eyes with a slight upward canthal tilt, moderate palpebral fissure length, average orbital depth, and defined upper-lid creases; straight nasal dorsum, moderate bridge width, rounded tip with moderate projection, and narrow alar base; medium-width mouth with thin upper lip and moderately full lower lip, level corners, and a short philtrum with well-defined ridges; ears not visible; dark wavy hair worn down with side-swept bangs; captured in a close-up frontal view with soft lighting and a neutral expression.",151,151,208,208,True,True,1.0000001192092896,1,1.0,1,1,0.9378153681755066,0.06218475103378296,50
siglip2_b16_224,face::train::042973.jpg,face,train,042973.jpg,identity,builtin:identity,same,"Female presentation, young adult, oval face shape with balanced vertical thirds and moderate soft tissue coverage over smooth bone structure; forehead height and contour not discernible due to occlusion by hair; midface presenting gently rounded cheekbones and smooth infraorbital contours with shallow nasolabial folds; lower face featuring a continuous, moderately defined jawline and a rounded chin with a shallow mentolabial sulcus; eyebrows thin, soft-arched, and positioned at a moderate distance above the eyes; eyes almond-shaped, medium palpebral fissure length, with a slight upward canthal tilt and visible double upper-lid creases, set at an average orbital depth; nose with a straight dorsum, medium bridge width, and a rounded tip of moderate projection, paired with narrow, partially visible alar bases; mouth medium in width with balanced upper and lower lip fullness, defined cupid's bow, level lip corners, and a smooth philtrum with soft ridge definition; ears not visible; persistent marks and asymmetries not discernible; captured in an upward-angled medium close-up with soft, bright indoor lighting, low-contrast tonality, and strands of brown hair partially obscuring the forehead and left eye region while the head is tilted back and turned to the side in a relaxed expression.","Female presentation, young adult, oval face shape with balanced vertical thirds and moderate soft tissue coverage over smooth bone structure; forehead height and contour not discernible due to occlusion by hair; midface presenting gently rounded cheekbones and smooth infraorbital contours with shallow nasolabial folds; lower face featuring a continuous, moderately defined jawline and a rounded chin with a shallow mentolabial sulcus; eyebrows thin, soft-arched, and positioned at a moderate distance above the eyes; eyes almond-shaped, medium palpebral fissure length, with a slight upward canthal tilt and visible double upper-lid creases, set at an average orbital depth; nose with a straight dorsum, medium bridge width, and a rounded tip of moderate projection, paired with narrow, partially visible alar bases; mouth medium in width with balanced upper and lower lip fullness, defined cupid's bow, level lip corners, and a smooth philtrum with soft ridge definition; ears not visible; persistent marks and asymmetries not discernible; captured in an upward-angled medium close-up with soft, bright indoor lighting, low-contrast tonality, and strands of brown hair partially obscuring the forehead and left eye region while the head is tilted back and turned to the side in a relaxed expression.",193,193,256,256,True,True,0.9999998807907104,1,1.0,1,1,0.9301639795303345,0.06983590126037598,50
siglip2_b16_224,face::train::092618.jpg,face,train,092618.jpg,identity,builtin:identity,same,"Male presentation, young adult, oval face shape with balanced vertical thirds and moderately defined bone structure; forehead moderately high with gently rounded contour; cheekbones average in width and projection; lower face width proportionate to cheekbones with a defined jawline and rounded chin; hairline obscured by hair; eyebrows medium in thickness, soft-arched, and moderately spaced; eyes almond-shaped, medium palpebral fissure length, with a neutral canthal tilt and visible upper-lid crease; nose with a straight dorsum, medium bridge width, and rounded tip; mouth medium in width with thin upper and lower lips, level corners, and upper teeth showing in a smile; facial hair consisting of light stubble along the jawline and chin; ears with free lobes and a metal ring piercing in the left lobe; all captured with soft indoor lighting, short tousled light brown hair, direct gaze, and a slight head tilt.","Male presentation, young adult, oval face shape with balanced vertical thirds and moderately defined bone structure; forehead moderately high with gently rounded contour; cheekbones average in width and projection; lower face width proportionate to cheekbones with a defined jawline and rounded chin; hairline obscured by hair; eyebrows medium in thickness, soft-arched, and moderately spaced; eyes almond-shaped, medium palpebral fissure length, with a neutral canthal tilt and visible upper-lid crease; nose with a straight dorsum, medium bridge width, and rounded tip; mouth medium in width with thin upper and lower lips, level corners, and upper teeth showing in a smile; facial hair consisting of light stubble along the jawline and chin; ears with free lobes and a metal ring piercing in the left lobe; all captured with soft indoor lighting, short tousled light brown hair, direct gaze, and a slight head tilt.",141,141,183,183,True,True,0.9999999403953552,1,1.0,1,1,0.9532787203788757,0.04672122001647949,50
siglip2_b16_224,face::train::073196.jpg,face,train,073196.jpg,identity,builtin:identity,same,"Male-presenting adult, oblong face shape, balanced facial thirds with prominent bone structure and moderate soft tissue coverage; straight hairline with moderate temporal recession, high forehead, gently rounded profile, moderate brow ridge, average glabella width; moderate cheekbone projection, medium-length midface, shallow nasolabial folds; lower-face width proportional to cheekbones, defined continuous jawline with moderate angle flare, rounded chin with moderate vertical height and projection; thick, medium-length, soft-arched eyebrows with lateral thinning, moderate interbrow spacing; almond-shaped eyes with average palpebral fissure length, slight upward canthal tilt, double upper-lid crease, average orbital depth; straight nasal dorsum, average bridge width, rounded tip with moderate projection and rotation, medium alar width with slight flare; medium mouth width, upper-to-lower lip fullness ratio balanced, level lip corners, short philtrum with defined ridges, upper teeth visible at rest; average-sized ears with free lobes positioned level with the eye-nose line; short dark hairstyle with textured styling, light stubble on jaw and chin, smiling expression, forward gaze, slight head turn, bright indoor lighting, soft focus, and medium-resolution crop.","Male-presenting adult, oblong face shape, balanced facial thirds with prominent bone structure and moderate soft tissue coverage; straight hairline with moderate temporal recession, high forehead, gently rounded profile, moderate brow ridge, average glabella width; moderate cheekbone projection, medium-length midface, shallow nasolabial folds; lower-face width proportional to cheekbones, defined continuous jawline with moderate angle flare, rounded chin with moderate vertical height and projection; thick, medium-length, soft-arched eyebrows with lateral thinning, moderate interbrow spacing; almond-shaped eyes with average palpebral fissure length, slight upward canthal tilt, double upper-lid crease, average orbital depth; straight nasal dorsum, average bridge width, rounded tip with moderate projection and rotation, medium alar width with slight flare; medium mouth width, upper-to-lower lip fullness ratio balanced, level lip corners, short philtrum with defined ridges, upper teeth visible at rest; average-sized ears with free lobes positioned level with the eye-nose line; short dark hairstyle with textured styling, light stubble on jaw and chin, smiling expression, forward gaze, slight head turn, bright indoor lighting, soft focus, and medium-resolution crop.",167,167,248,248,True,True,0.9999999403953552,1,1.0,1,1,0.8978698253631592,0.10213011503219604,50
siglip2_b16_224,face::train::178129.jpg,face,train,178129.jpg,identity,builtin:identity,same,"Female presentation, middle-aged adult, oval face shape with balanced facial thirds and a moderately wide jawline; no persistent asymmetries visible; natural hairline with a rounded shape and moderate temporal recession; thin, soft-arched eyebrows with a high arch peak position; almond-shaped eyes with a neutral canthal tilt, double upper-lid creases, and moderate lid exposure; narrow nasal root, straight dorsum, narrow bridge, and a rounded tip with moderate projection; medium-width mouth with thin upper and lower lips, level corners, and visible upper teeth; smooth skin surface with no discernible persistent marks; free ear lobes wearing drop earrings; captured in a medium shot with a three-quarter turn, smiling expression, and warm indoor lighting.","Female presentation, middle-aged adult, oval face shape with balanced facial thirds and a moderately wide jawline; no persistent asymmetries visible; natural hairline with a rounded shape and moderate temporal recession; thin, soft-arched eyebrows with a high arch peak position; almond-shaped eyes with a neutral canthal tilt, double upper-lid creases, and moderate lid exposure; narrow nasal root, straight dorsum, narrow bridge, and a rounded tip with moderate projection; medium-width mouth with thin upper and lower lips, level corners, and visible upper teeth; smooth skin surface with no discernible persistent marks; free ear lobes wearing drop earrings; captured in a medium shot with a three-quarter turn, smiling expression, and warm indoor lighting.",110,110,150,150,True,True,1.0000001192092896,1,1.0,1,1,0.9546087980270386,0.04539132118225098,50
siglip2_b16_224,face::train::123459.jpg,face,train,123459.jpg,identity,builtin:identity,same,"Male-presenting adult, oval face shape with balanced vertical thirds; high forehead with a rounded hairline, moderate temporal recession; prominent brow ridge, straight eyebrows with moderate density; almond-shaped eyes, moderate palpebral fissure, slight upward slant, defined double eyelid creases, average orbital depth; straight nasal dorsum, moderate bridge width, rounded tip with moderate projection, average alar width; medium-thickness lips with a defined cupid's bow, level mouth corners, short philtrum with distinct ridges; narrow jawline, rounded chin with moderate projection; short dark facial hair styled as a thin mustache and stubble along the jaw; short dark hair; ears not discernible; captured in a medium close-up with direct flash lighting, neutral expression, and a slight downward head tilt against a dark background.","Male-presenting adult, oval face shape with balanced vertical thirds; high forehead with a rounded hairline, moderate temporal recession; prominent brow ridge, straight eyebrows with moderate density; almond-shaped eyes, moderate palpebral fissure, slight upward slant, defined double eyelid creases, average orbital depth; straight nasal dorsum, moderate bridge width, rounded tip with moderate projection, average alar width; medium-thickness lips with a defined cupid's bow, level mouth corners, short philtrum with distinct ridges; narrow jawline, rounded chin with moderate projection; short dark facial hair styled as a thin mustache and stubble along the jaw; short dark hair; ears not discernible; captured in a medium close-up with direct flash lighting, neutral expression, and a slight downward head tilt against a dark background.",118,118,161,161,True,True,0.9999998807907104,1,1.0,1,1,0.9207508563995361,0.07924902439117432,50
siglip2_b16_224,face::train::088914.jpg,face,train,088914.jpg,identity,builtin:identity,same,"Male presentation, adult, oval face shape, balanced upper, middle, and lower thirds, moderate soft tissue covering over prominent bone structure; rounded forehead contour with a receding hairline; prominent cheekbones with moderate fullness; lower-face width proportional to cheekbones, defined jawline, rounded chin with moderate projection; eyebrows not visible due to eyewear; eyes occluded by dark sunglasses; straight nose dorsum, moderate bridge width, rounded tip with moderate projection, average alar width; lips of moderate fullness with level corners, philtrum with defined ridges; thin mustache and goatee facial hair style; ears partially occluded; captured in a medium close-up shot with a hand saluting near the head, wearing dark sunglasses, under indoor lighting against a plain light background.","Male presentation, adult, oval face shape, balanced upper, middle, and lower thirds, moderate soft tissue covering over prominent bone structure; rounded forehead contour with a receding hairline; prominent cheekbones with moderate fullness; lower-face width proportional to cheekbones, defined jawline, rounded chin with moderate projection; eyebrows not visible due to eyewear; eyes occluded by dark sunglasses; straight nose dorsum, moderate bridge width, rounded tip with moderate projection, average alar width; lips of moderate fullness with level corners, philtrum with defined ridges; thin mustache and goatee facial hair style; ears partially occluded; captured in a medium close-up shot with a hand saluting near the head, wearing dark sunglasses, under indoor lighting against a plain light background.",114,114,153,153,True,True,0.9999997615814209,1,1.0,1,1,0.944903552532196,0.055096209049224854,50
siglip2_b16_224,face::train::141457.jpg,face,train,141457.jpg,identity,builtin:identity,same,"Male-presenting middle-aged adult, oval face shape with balanced upper, middle, and lower thirds, and moderate soft tissue depth; forehead of medium height with a gently rounded profile; hairline receding evenly at the temples; thin, sparse eyebrows with a soft arch; almond-shaped eyes with a neutral canthal tilt and visible upper-lid creases; straight nose with a medium bridge and rounded tip; mouth of moderate width with thin vermilion lips and level corners; short hair styled forward, clean-shaven face, wearing round glasses with yellow-tinted lenses, high-collared dark outerwear, a ring on the finger resting against the cheek, captured in a close-up with motion blur and heavy compression artifacts stretching the top edge of the frame.","Male-presenting middle-aged adult, oval face shape with balanced upper, middle, and lower thirds, and moderate soft tissue depth; forehead of medium height with a gently rounded profile; hairline receding evenly at the temples; thin, sparse eyebrows with a soft arch; almond-shaped eyes with a neutral canthal tilt and visible upper-lid creases; straight nose with a medium bridge and rounded tip; mouth of moderate width with thin vermilion lips and level corners; short hair styled forward, clean-shaven face, wearing round glasses with yellow-tinted lenses, high-collared dark outerwear, a ring on the finger resting against the cheek, captured in a close-up with motion blur and heavy compression artifacts stretching the top edge of the frame.",113,113,154,154,True,True,0.9999998211860657,1,1.0,1,1,0.9372865557670593,0.06271326541900635,50
siglip2_b16_224,face::train::001042.jpg,face,train,001042.jpg,identity,builtin:identity,same,"Feminine-presenting adult, oval face shape with balanced upper, middle, and lower thirds, moderate soft tissue coverage over distinct bone structure; hairline rounded with slight temporal recession; eyebrows medium in thickness with a soft arch, moderate spacing, and moderate brow-to-eye vertical distance; almond-shaped eyes with a slight upward slant, average orbital depth, visible upper-lid crease, and under-eye fullness; nose with a straight dorsum, medium bridge width, rounded tip, average projection, and moderate alar width; mouth with lips of moderate fullness, cupid's bow defined, corners level, philtrum with defined ridges, and teeth partially occluded by a finger; ears not discernible; skin clear with no prominent persistent marks; captured in a close-up portrait with soft lighting, head turned slightly, a hand partially occluding the lower face, and a neutral expression.","Feminine-presenting adult, oval face shape with balanced upper, middle, and lower thirds, moderate soft tissue coverage over distinct bone structure; hairline rounded with slight temporal recession; eyebrows medium in thickness with a soft arch, moderate spacing, and moderate brow-to-eye vertical distance; almond-shaped eyes with a slight upward slant, average orbital depth, visible upper-lid crease, and under-eye fullness; nose with a straight dorsum, medium bridge width, rounded tip, average projection, and moderate alar width; mouth with lips of moderate fullness, cupid's bow defined, corners level, philtrum with defined ridges, and teeth partially occluded by a finger; ears not discernible; skin clear with no prominent persistent marks; captured in a close-up portrait with soft lighting, head turned slightly, a hand partially occluding the lower face, and a neutral expression.",127,127,179,179,True,True,1.0,1,1.0,1,1,0.9435573816299438,0.05644261837005615,50
siglip2_b16_224,face::train::032580.jpg,face,train,032580.jpg,identity,builtin:identity,same,"Male-presenting adult, oblong face with balanced vertical thirds and prominent bone structure, high and broad forehead with a gently rounded profile, slight temporal narrowing, high M-shaped hairline with deep temporal recession, prominent brow ridges with minimal spacing between the brows, medium-thick soft-arched eyebrows with lateral tails sloping downward, almond-shaped eyes with a moderate upper-lid crease and average orbital depth, straight nasal bridge with a high nasal root and a slightly bulbous tip, moderate alar width, thin lips with a level mouth corner orientation, shallow philtrum with well-defined ridges, moderate jaw angle sharpness with a strong, continuous jawline, rounded chin with moderate vertical height and a slight central indentation, moderate-sized free-lobed ears positioned level with the eye-nose line, short dark wavy hair styled away from the forehead, clean-shaven face with light stubble on the upper lip, captured in a frontal medium shot with even indoor lighting and a neutral expression.","Male-presenting adult, oblong face with balanced vertical thirds and prominent bone structure, high and broad forehead with a gently rounded profile, slight temporal narrowing, high M-shaped hairline with deep temporal recession, prominent brow ridges with minimal spacing between the brows, medium-thick soft-arched eyebrows with lateral tails sloping downward, almond-shaped eyes with a moderate upper-lid crease and average orbital depth, straight nasal bridge with a high nasal root and a slightly bulbous tip, moderate alar width, thin lips with a level mouth corner orientation, shallow philtrum with well-defined ridges, moderate jaw angle sharpness with a strong, continuous jawline, rounded chin with moderate vertical height and a slight central indentation, moderate-sized free-lobed ears positioned level with the eye-nose line, short dark wavy hair styled away from the forehead, clean-shaven face with light stubble on the upper lip, captured in a frontal medium shot with even indoor lighting and a neutral expression.",149,149,198,198,True,True,1.0,1,1.0,1,1,0.9523249864578247,0.04767501354217529,50
siglip2_b16_224,face::train::109762.jpg,face,train,109762.jpg,identity,builtin:identity,same,"Male-presenting middle-aged adult with an oblong facial shape and balanced upper, middle, and lower thirds; straight forehead, prominent brow ridge, moderate temple narrowing, high receding hairline with deep temporal recession, moderate cheekbone projection with slight hollowing, narrow jawline with a defined jaw and a rounded chin. Eyebrows are thin, sparse, and straight-arched with moderate spacing and high vertical distance to the eyes. Eyes are almond-shaped with a medium palpebral fissure, moderate intercanthal distance, horizontal canthal tilt, visible double upper-lid crease, average orbital depth, and moderate under-eye fullness. Nose features a straight dorsum, narrow bridge, rounded tip with moderate projection, moderate alar width, and visible nostrils. Mouth has moderate width, thin upper and lower lips with level corners, defined cupid's bow, and a short philtrum with well-defined ridges showing upper teeth at rest. Ears are average size with attached lobes and moderate protrusion. Skin shows permanent horizontal forehead creases and nasolabial folds; variable features include short wavy light brown hair styled upwards, a smiling expression with direct forward gaze, outdoors lighting, and a shallow depth of field.","Male-presenting middle-aged adult with an oblong facial shape and balanced upper, middle, and lower thirds; straight forehead, prominent brow ridge, moderate temple narrowing, high receding hairline with deep temporal recession, moderate cheekbone projection with slight hollowing, narrow jawline with a defined jaw and a rounded chin. Eyebrows are thin, sparse, and straight-arched with moderate spacing and high vertical distance to the eyes. Eyes are almond-shaped with a medium palpebral fissure, moderate intercanthal distance, horizontal canthal tilt, visible double upper-lid crease, average orbital depth, and moderate under-eye fullness. Nose features a straight dorsum, narrow bridge, rounded tip with moderate projection, moderate alar width, and visible nostrils. Mouth has moderate width, thin upper and lower lips with level corners, defined cupid's bow, and a short philtrum with well-defined ridges showing upper teeth at rest. Ears are average size with attached lobes and moderate protrusion. Skin shows permanent horizontal forehead creases and nasolabial folds; variable features include short wavy light brown hair styled upwards, a smiling expression with direct forward gaze, outdoors lighting, and a shallow depth of field.",176,176,243,243,True,True,1.0,1,1.0,1,1,0.9355590343475342,0.06444096565246582,50
siglip2_b16_224,face::test::189457.jpg,face,test,189457.jpg,identity,builtin:identity,same,"Male, young adult, oval face shape with balanced upper, middle, and lower thirds; moderate bone structure to soft tissue balance; forehead of medium height and width with a gently rounded profile, moderate brow ridge, average glabella width, and slight temporal narrowing; hairline with a rounded shape and moderate temporal recession; prominent cheekbones of medium width and height, average midface length, shallow nasolabial folds, and smooth infraorbital contours; lower face tapering slightly from the cheekbones, with a continuous, well-defined jawline, rounded chin of moderate projection, and a shallow mentolabial sulcus; eyebrows of medium thickness, density, and length, with soft-arched shape, moderate spacing, and average brow-to-eye vertical distance; almond-shaped eyes with a moderate palpebral fissure length, minimal canthal tilt, double upper-lid creases of medium height, average lid exposure, average orbital depth, and smooth under-eye fullness; nasal root of medium width and depth, straight dorsum, bridge of average width, rounded tip, moderate tip projection, moderate alar width, and visible nostrils; mouth of moderate width relative to pupil distance, upper-to-lower lip fullness ratio balanced with moderate vermilion fullness, defined cupid's bow, upturned corners, and a medium-length philtrum with well-defined ridges; short facial stubble along the jawline; skin surface clear without persistent marks; ears not discernible; captured in a slightly low-resolution, close-up photograph with warm lighting, slight motion blur, a slight head turn to the right, and a smiling expression.","Male, young adult, oval face shape with balanced upper, middle, and lower thirds; moderate bone structure to soft tissue balance; forehead of medium height and width with a gently rounded profile, moderate brow ridge, average glabella width, and slight temporal narrowing; hairline with a rounded shape and moderate temporal recession; prominent cheekbones of medium width and height, average midface length, shallow nasolabial folds, and smooth infraorbital contours; lower face tapering slightly from the cheekbones, with a continuous, well-defined jawline, rounded chin of moderate projection, and a shallow mentolabial sulcus; eyebrows of medium thickness, density, and length, with soft-arched shape, moderate spacing, and average brow-to-eye vertical distance; almond-shaped eyes with a moderate palpebral fissure length, minimal canthal tilt, double upper-lid creases of medium height, average lid exposure, average orbital depth, and smooth under-eye fullness; nasal root of medium width and depth, straight dorsum, bridge of average width, rounded tip, moderate tip projection, moderate alar width, and visible nostrils; mouth of moderate width relative to pupil distance, upper-to-lower lip fullness ratio balanced with moderate vermilion fullness, defined cupid's bow, upturned corners, and a medium-length philtrum with well-defined ridges; short facial stubble along the jawline; skin surface clear without persistent marks; ears not discernible; captured in a slightly low-resolution, close-up photograph with warm lighting, slight motion blur, a slight head turn to the right, and a smiling expression.",225,225,328,328,True,True,1.0,1,1.0,1,1,0.9591068625450134,0.04089313745498657,50
siglip2_b16_224,face::test::186223.jpg,face,test,186223.jpg,identity,builtin:identity,same,"Female presentation, adult, oval face shape with balanced upper, middle, and lower thirds; soft tissue balance moderate with smooth contours, forehead height moderate and gently rounded, brow ridge subtle, glabella average width, temples full; hairline obscured by bangs, dark hair styled up with loose side strands; eyebrows medium thickness and density, soft-arched with medial spacing and moderate vertical distance to eyes; eyes almond-shaped, horizontal palpebral fissures, average intercanthal distance, neutral canthal tilt, upper lids with visible creases, moderate orbital depth, under-eye fullness smooth; nose with average root width, straight dorsum, medium bridge width, rounded tip with moderate projection, alar base proportional to inner eye corners, nostrils partially visible; mouth medium width with upper-to-lower lip fullness ratio balanced, vermilion full, cupid's bow defined, corners slightly upturned, philtrum with defined ridges; facial hair none; skin smooth with no prominent persistent marks; ears not discernible; captured in a close-up shot with warm indoor lighting, wearing a tiara, veil, necklace, and a slight smiling expression with head turned slightly to the left.","Female presentation, adult, oval face shape with balanced upper, middle, and lower thirds; soft tissue balance moderate with smooth contours, forehead height moderate and gently rounded, brow ridge subtle, glabella average width, temples full; hairline obscured by bangs, dark hair styled up with loose side strands; eyebrows medium thickness and density, soft-arched with medial spacing and moderate vertical distance to eyes; eyes almond-shaped, horizontal palpebral fissures, average intercanthal distance, neutral canthal tilt, upper lids with visible creases, moderate orbital depth, under-eye fullness smooth; nose with average root width, straight dorsum, medium bridge width, rounded tip with moderate projection, alar base proportional to inner eye corners, nostrils partially visible; mouth medium width with upper-to-lower lip fullness ratio balanced, vermilion full, cupid's bow defined, corners slightly upturned, philtrum with defined ridges; facial hair none; skin smooth with no prominent persistent marks; ears not discernible; captured in a close-up shot with warm indoor lighting, wearing a tiara, veil, necklace, and a slight smiling expression with head turned slightly to the left.",168,168,235,235,True,True,0.9999998807907104,1,1.0,1,1,0.9427704811096191,0.05722939968109131,50
siglip2_b16_224,face::test::185812.jpg,face,test,185812.jpg,identity,builtin:identity,same,"Male-presenting adult, round face shape with balanced vertical thirds, broad forehead with slight temporal recession, prominent brow ridge, moderate temple narrowing; hairline receding at the temples, irregular M-shaped pattern; eyebrows moderately thick, straight, spaced apart; eyes almond-shaped, horizontal palpebral fissure, average orbital depth, upper-lid crease visible; nose with straight dorsum, medium bridge width, rounded tip with moderate projection, alar width proportional to inner eye corners; mouth of medium width, thin upper lip, slightly fuller lower lip, level corners, shallow philtrum with soft ridges; jawline moderately defined with rounded chin and smooth submental contour; ears of average size with free lobes, positioned level with the eye-nose line; short dark hair styled upward, thin facial hair growth along the jawline, wearing thin-metal-frame eyeglasses, captured in low-key lighting with a neutral expression.","Male-presenting adult, round face shape with balanced vertical thirds, broad forehead with slight temporal recession, prominent brow ridge, moderate temple narrowing; hairline receding at the temples, irregular M-shaped pattern; eyebrows moderately thick, straight, spaced apart; eyes almond-shaped, horizontal palpebral fissure, average orbital depth, upper-lid crease visible; nose with straight dorsum, medium bridge width, rounded tip with moderate projection, alar width proportional to inner eye corners; mouth of medium width, thin upper lip, slightly fuller lower lip, level corners, shallow philtrum with soft ridges; jawline moderately defined with rounded chin and smooth submental contour; ears of average size with free lobes, positioned level with the eye-nose line; short dark hair styled upward, thin facial hair growth along the jawline, wearing thin-metal-frame eyeglasses, captured in low-key lighting with a neutral expression.",129,129,184,184,True,True,1.0000001192092896,1,1.0,1,1,0.9275388717651367,0.07246124744415283,50
siglip2_b16_224,face::test::189858.jpg,face,test,189858.jpg,identity,builtin:identity,same,"Woman, young adult, oval face with balanced thirds and moderate soft tissue coverage over distinct bone structure; forehead height and width are not discernible due to hair obscuring the upper region; cheekbones moderate in width and projection with smooth contours; lower face tapering to a rounded chin with moderate projection and a shallow mentolabial sulcus; eyebrows partially obscured by hair, showing a soft-arched shape and moderate thickness; eyes almond-shaped, medium palpebral fissure length with a neutral canthal tilt, moderate upper-lid exposure with visible double creases, and average orbital depth; nose with a straight dorsum, medium bridge width, rounded tip with moderate projection, and average alar width; mouth open with moderate lip fullness, level corners, and defined cupid's bow; ears mostly occluded by hair; skin surface clear without persistent marks; captured in an uncalibrated indoor flash photograph with the head turned and tilted upward, showing a surprised expression with parted lips and voluminous curly reddish-brown hair styled with bangs across the forehead.","Woman, young adult, oval face with balanced thirds and moderate soft tissue coverage over distinct bone structure; forehead height and width are not discernible due to hair obscuring the upper region; cheekbones moderate in width and projection with smooth contours; lower face tapering to a rounded chin with moderate projection and a shallow mentolabial sulcus; eyebrows partially obscured by hair, showing a soft-arched shape and moderate thickness; eyes almond-shaped, medium palpebral fissure length with a neutral canthal tilt, moderate upper-lid exposure with visible double creases, and average orbital depth; nose with a straight dorsum, medium bridge width, rounded tip with moderate projection, and average alar width; mouth open with moderate lip fullness, level corners, and defined cupid's bow; ears mostly occluded by hair; skin surface clear without persistent marks; captured in an uncalibrated indoor flash photograph with the head turned and tilted upward, showing a surprised expression with parted lips and voluminous curly reddish-brown hair styled with bangs across the forehead.",161,161,209,209,True,True,1.0,1,1.0,1,1,0.9456866383552551,0.05431336164474487,50
siglip2_b16_224,face::test::183801.jpg,face,test,183801.jpg,identity,builtin:identity,same,"Woman, adult, oval face shape with balanced vertical thirds, moderate cheekbone width, and defined jawline; no persistent asymmetries visible; rounded hairline pulled backward with moderate temporal recession; medium-thick, soft-arched eyebrows with a lateral peak and moderate spacing; almond-shaped eyes with a slight upward slant, moderate palpebral fissure length, double eyelids with visible upper lid exposure, and average orbital depth; straight nasal dorsum, medium bridge width, rounded tip with moderate projection, and visible nostrils; medium mouth width, upper-to-lower lip fullness ratio near even, defined cupid's bow, and level lip corners; no facial hair; smooth skin surface without visible permanent marks; average-sized ears with free lobes and visible small stud earrings; shown in a low-angle shot with a slight head tilt upward, neutral expression, and directional lighting from the upper left.","Woman, adult, oval face shape with balanced vertical thirds, moderate cheekbone width, and defined jawline; no persistent asymmetries visible; rounded hairline pulled backward with moderate temporal recession; medium-thick, soft-arched eyebrows with a lateral peak and moderate spacing; almond-shaped eyes with a slight upward slant, moderate palpebral fissure length, double eyelids with visible upper lid exposure, and average orbital depth; straight nasal dorsum, medium bridge width, rounded tip with moderate projection, and visible nostrils; medium mouth width, upper-to-lower lip fullness ratio near even, defined cupid's bow, and level lip corners; no facial hair; smooth skin surface without visible permanent marks; average-sized ears with free lobes and visible small stud earrings; shown in a low-angle shot with a slight head tilt upward, neutral expression, and directional lighting from the upper left.",129,129,180,180,True,True,1.0,1,1.0,1,1,0.9575247764587402,0.042475223541259766,50
siglip2_b16_224,face::test::188858.jpg,face,test,188858.jpg,identity,builtin:identity,same,"Woman, young adult, oval face shape with balanced facial thirds and moderate soft tissue. Not discernible asymmetry; rounded hairline with moderate temporal recession; medium-thick, soft-arched eyebrows with lateral thinning; almond-shaped eyes with moderate palpebral fissure length, slight upward canthal tilt, and visible double upper-lid creases; straight nasal dorsum, moderate bridge width, rounded tip with average projection, and average alar width; medium mouth width, upper-to-lower lip fullness ratio balanced with moderate vermilion height, well-defined cupid's bow, upturned corners, and visible upper teeth during a smiling expression; not discernible facial hair; smooth skin without prominent marks; ears partially occluded; captured in a close-up indoor shot with direct flash lighting, a slight head turn to the right, a wide smile, and overlaid text across the frame.","Woman, young adult, oval face shape with balanced facial thirds and moderate soft tissue. Not discernible asymmetry; rounded hairline with moderate temporal recession; medium-thick, soft-arched eyebrows with lateral thinning; almond-shaped eyes with moderate palpebral fissure length, slight upward canthal tilt, and visible double upper-lid creases; straight nasal dorsum, moderate bridge width, rounded tip with average projection, and average alar width; medium mouth width, upper-to-lower lip fullness ratio balanced with moderate vermilion height, well-defined cupid's bow, upturned corners, and visible upper teeth during a smiling expression; not discernible facial hair; smooth skin without prominent marks; ears partially occluded; captured in a close-up indoor shot with direct flash lighting, a slight head turn to the right, a wide smile, and overlaid text across the frame.",123,123,176,176,True,True,1.0,1,1.0,1,1,0.9388846158981323,0.061115384101867676,50
siglip2_b16_224,face::test::196777.jpg,face,test,196777.jpg,identity,builtin:identity,same,"Male-presenting young adult with an oval face shape, balanced thirds, and moderate soft tissue coverage over prominent bone structure; forehead height is medium with a gently rounded contour and moderate brow ridge prominence; hairline is rounded with slight temporal recession; cheekbones are wide and moderately projecting with average fullness; lower-face width is broad with a strong, square jawline, well-defined jaw angle, and a rounded chin with moderate projection; eyebrows are thick, dense, and straight with a low vertical distance to the eyes; eyes are almond-shaped with a medium palpebral fissure length, level canthal tilt, and visible double upper-lid crease; nose has a straight dorsum, medium bridge width, bulbous tip with moderate projection, and narrow alar base; mouth has medium width, even lip fullness, level corners, and a defined cupid's bow above a medium-length philtrum with distinct ridges; facial hair consists of short stubble covering the upper lip, chin, and jawline; ears have free lobes and are positioned slightly above the eye-nose line; captured in a close-up three-quarter view with soft lighting and a neutral expression against a red and white patterned background, with noticeable lens distortion compressing the upper left background.","Male-presenting young adult with an oval face shape, balanced thirds, and moderate soft tissue coverage over prominent bone structure; forehead height is medium with a gently rounded contour and moderate brow ridge prominence; hairline is rounded with slight temporal recession; cheekbones are wide and moderately projecting with average fullness; lower-face width is broad with a strong, square jawline, well-defined jaw angle, and a rounded chin with moderate projection; eyebrows are thick, dense, and straight with a low vertical distance to the eyes; eyes are almond-shaped with a medium palpebral fissure length, level canthal tilt, and visible double upper-lid crease; nose has a straight dorsum, medium bridge width, bulbous tip with moderate projection, and narrow alar base; mouth has medium width, even lip fullness, level corners, and a defined cupid's bow above a medium-length philtrum with distinct ridges; facial hair consists of short stubble covering the upper lip, chin, and jawline; ears have free lobes and are positioned slightly above the eye-nose line; captured in a close-up three-quarter view with soft lighting and a neutral expression against a red and white patterned background, with noticeable lens distortion compressing the upper left background.",191,191,253,253,True,True,1.0,1,1.0,1,1,0.9353557825088501,0.0646442174911499,50
siglip2_b16_224,face::test::184003.jpg,face,test,184003.jpg,identity,builtin:identity,same,"Male, young adult, oval face shape with balanced facial thirds and moderate soft tissue coverage. Forehead height is medium with a gently rounded profile and slight temple narrowing. Hairline is rounded with low temporal recession and moderate height on the forehead. Cheekbones have average width and moderate projection, midface length is medium, and nasolabial folds are shallow. Lower face width is proportional to the cheekbones, with a continuous jawline, rounded chin of moderate projection, and a shallow mentolabial sulcus. Eyebrows are medium in thickness and density with a soft arch, moderate spacing, and standard brow-to-eye vertical distance. Eyes are almond-shaped with a slight upward canthal tilt, moderate palpebral fissure length, average intercanthal distance, visible double upper-lid creases, and average orbital depth. Nasal root is medium in width, dorsum is straight, bridge is medium in width, tip is rounded with moderate projection, alar width is proportional to the inner eye corners, and nostrils are partially visible with a moderate columella show. Mouth width is moderate relative to the pupils, lips have medium fullness with a defined cupid's bow, and mouth corners are slightly upturned. Philtrum is moderate in length with defined ridges. Facial hair is clean-shaven. Ears are average in size with free lobes and are positioned in line with the eye-nose region; captured in a close-up crop with slight upward head tilt, neutral expression, and digital distortion artifacts on the left side and top.","Male, young adult, oval face shape with balanced facial thirds and moderate soft tissue coverage. Forehead height is medium with a gently rounded profile and slight temple narrowing. Hairline is rounded with low temporal recession and moderate height on the forehead. Cheekbones have average width and moderate projection, midface length is medium, and nasolabial folds are shallow. Lower face width is proportional to the cheekbones, with a continuous jawline, rounded chin of moderate projection, and a shallow mentolabial sulcus. Eyebrows are medium in thickness and density with a soft arch, moderate spacing, and standard brow-to-eye vertical distance. Eyes are almond-shaped with a slight upward canthal tilt, moderate palpebral fissure length, average intercanthal distance, visible double upper-lid creases, and average orbital depth. Nasal root is medium in width, dorsum is straight, bridge is medium in width, tip is rounded with moderate projection, alar width is proportional to the inner eye corners, and nostrils are partially visible with a moderate columella show. Mouth width is moderate relative to the pupils, lips have medium fullness with a defined cupid's bow, and mouth corners are slightly upturned. Philtrum is moderate in length with defined ridges. Facial hair is clean-shaven. Ears are average in size with free lobes and are positioned in line with the eye-nose region; captured in a close-up crop with slight upward head tilt, neutral expression, and digital distortion artifacts on the left side and top.",234,234,311,311,True,True,1.0,1,1.0,1,1,0.9456866383552551,0.05431336164474487,50
siglip2_b16_224,face::test::201409.jpg,face,test,201409.jpg,identity,builtin:identity,same,"Male-presenting young adult, oval face shape with balanced upper, middle, and lower thirds, moderate facial depth, and strong bone structure relative to soft tissue; forehead moderately high and wide with gentle rounding, prominent brow ridges, and slight temple narrowing; receding hairline with temporal recession; eyebrows thick, dense, and soft-arched with moderate spacing; almond-shaped eyes with moderate palpebral fissure length, average orbital depth, and visible upper-lid creases; nasal root medium width, straight dorsum, rounded tip, and medium alar width; mouth medium width with balanced vermilion fullness, defined cupid's bow, and level corners; short facial stubble on cheeks, jaw, and chin; ears partially visible with free lobes; captured in a head-and-shoulders portrait with a turned pose, direct gaze, neutral expression, and severe digital glitch artifacts distorting the top of the frame.","Male-presenting young adult, oval face shape with balanced upper, middle, and lower thirds, moderate facial depth, and strong bone structure relative to soft tissue; forehead moderately high and wide with gentle rounding, prominent brow ridges, and slight temple narrowing; receding hairline with temporal recession; eyebrows thick, dense, and soft-arched with moderate spacing; almond-shaped eyes with moderate palpebral fissure length, average orbital depth, and visible upper-lid creases; nasal root medium width, straight dorsum, rounded tip, and medium alar width; mouth medium width with balanced vermilion fullness, defined cupid's bow, and level corners; short facial stubble on cheeks, jaw, and chin; ears partially visible with free lobes; captured in a head-and-shoulders portrait with a turned pose, direct gaze, neutral expression, and severe digital glitch artifacts distorting the top of the frame.",129,129,183,183,True,True,0.9999998211860657,1,1.0,1,1,0.9450196027755737,0.05498021841049194,50
siglip2_b16_224,face::test::196611.jpg,face,test,196611.jpg,identity,builtin:identity,same,"Woman, adult, oval face shape with balanced facial thirds and prominent cheekbones. Forehead of moderate height with a gently rounded contour, slight temple narrowing, and a straight hairline with minor temporal recession. Eyebrows medium in thickness, soft-arched with lateral tails angling downward. Almond-shaped eyes with a slight upward canthal tilt, moderate palpebral fissure length, and visible double eyelid creases. Nose with a straight dorsum, medium-width bridge, and rounded tip. Mouth with moderate vermilion fullness, upturned corners, and visible upper teeth. Jawline defined with a moderate angle flare and a rounded chin. Ears mostly occluded by hair. Skin smooth with no visible persistent marks. Captured in a medium-close shot with bright indoor lighting, head turned slightly to the left, wearing a smiling expression, with long reddish-brown hair and a linked metal necklace.","Woman, adult, oval face shape with balanced facial thirds and prominent cheekbones. Forehead of moderate height with a gently rounded contour, slight temple narrowing, and a straight hairline with minor temporal recession. Eyebrows medium in thickness, soft-arched with lateral tails angling downward. Almond-shaped eyes with a slight upward canthal tilt, moderate palpebral fissure length, and visible double eyelid creases. Nose with a straight dorsum, medium-width bridge, and rounded tip. Mouth with moderate vermilion fullness, upturned corners, and visible upper teeth. Jawline defined with a moderate angle flare and a rounded chin. Ears mostly occluded by hair. Skin smooth with no visible persistent marks. Captured in a medium-close shot with bright indoor lighting, head turned slightly to the left, wearing a smiling expression, with long reddish-brown hair and a linked metal necklace.",131,131,180,180,True,True,0.9999997615814209,1,1.0,1,1,0.9486727714538574,0.05132699012756348,50
siglip2_b16_224,face::train::170623.jpg,face,train,170623.jpg,summary_10w,gemini:gemini-3.1-flash-lite:recovered-ac117c33c6ff,information_reduced,"Male-presenting middle-aged adult, with an oval facial shape, balanced thirds, and average facial depth; jawline with moderate definition, chin rounded and moderate in projection with a slight vertical height. Hairline M-shaped with temporal recession; eyebrows medium in thickness, soft-arched with a low peak, moderate spacing between the brows, and moderate brow-to-eye vertical distance. Eyes almond-shaped, moderate palpebral fissure length with a horizontal slant, average distance between inner corners relative to eye width, upper-lid crease double and moderate in height, moderate lid exposure, and average orbital depth. Nasal root moderate in width and depth, dorsum straight, bridge moderate in width, tip rounded with moderate projection and rotation, alar width moderate relative to intercanthal distance, alar flare moderate, and nostrils partially visible. Mouth width moderate relative to interpuptillary distance, upper-to-lower lip fullness ratio balanced, vermilion fullness moderate, cupid's bow defined, corners level, philtrum moderate in length and width with defined ridges, and visible upper dental alignment at rest. Ears average in size, moderate protrusion, helix rolled, antihelix defined, lobes free, and positioned level with the eye-nose line; persistent marks not discernible; captured in a medium close-up with a smiling expression, head slightly turned and tilted, indoor directional lighting against a blue gradient backdrop, and soft focus throughout.",Middle-aged man with M-shaped hairline and smiling expression.,205,8,290,14,True,False,0.7324564456939697,40,0.025,0,0,0.8068023920059204,-0.07434594631195068,50
siglip2_b16_224,face::train::170623.jpg,face,train,170623.jpg,summary_20w,gemini:gemini-3.1-flash-lite:recovered-ac117c33c6ff,information_reduced,"Male-presenting middle-aged adult, with an oval facial shape, balanced thirds, and average facial depth; jawline with moderate definition, chin rounded and moderate in projection with a slight vertical height. Hairline M-shaped with temporal recession; eyebrows medium in thickness, soft-arched with a low peak, moderate spacing between the brows, and moderate brow-to-eye vertical distance. Eyes almond-shaped, moderate palpebral fissure length with a horizontal slant, average distance between inner corners relative to eye width, upper-lid crease double and moderate in height, moderate lid exposure, and average orbital depth. Nasal root moderate in width and depth, dorsum straight, bridge moderate in width, tip rounded with moderate projection and rotation, alar width moderate relative to intercanthal distance, alar flare moderate, and nostrils partially visible. Mouth width moderate relative to interpuptillary distance, upper-to-lower lip fullness ratio balanced, vermilion fullness moderate, cupid's bow defined, corners level, philtrum moderate in length and width with defined ridges, and visible upper dental alignment at rest. Ears average in size, moderate protrusion, helix rolled, antihelix defined, lobes free, and positioned level with the eye-nose line; persistent marks not discernible; captured in a medium close-up with a smiling expression, head slightly turned and tilted, indoor directional lighting against a blue gradient backdrop, and soft focus throughout.","A middle-aged man with an M-shaped hairline, almond-shaped eyes, and a defined cupid's bow, captured smiling in a medium close-up.",205,20,290,35,True,False,0.8155972957611084,27,0.037037037037037035,0,0,0.8655281066894531,-0.04993081092834473,50
siglip2_b16_224,face::train::170623.jpg,face,train,170623.jpg,summary_40w,gemini:gemini-3.1-flash-lite:recovered-ac117c33c6ff,information_reduced,"Male-presenting middle-aged adult, with an oval facial shape, balanced thirds, and average facial depth; jawline with moderate definition, chin rounded and moderate in projection with a slight vertical height. Hairline M-shaped with temporal recession; eyebrows medium in thickness, soft-arched with a low peak, moderate spacing between the brows, and moderate brow-to-eye vertical distance. Eyes almond-shaped, moderate palpebral fissure length with a horizontal slant, average distance between inner corners relative to eye width, upper-lid crease double and moderate in height, moderate lid exposure, and average orbital depth. Nasal root moderate in width and depth, dorsum straight, bridge moderate in width, tip rounded with moderate projection and rotation, alar width moderate relative to intercanthal distance, alar flare moderate, and nostrils partially visible. Mouth width moderate relative to interpuptillary distance, upper-to-lower lip fullness ratio balanced, vermilion fullness moderate, cupid's bow defined, corners level, philtrum moderate in length and width with defined ridges, and visible upper dental alignment at rest. Ears average in size, moderate protrusion, helix rolled, antihelix defined, lobes free, and positioned level with the eye-nose line; persistent marks not discernible; captured in a medium close-up with a smiling expression, head slightly turned and tilted, indoor directional lighting against a blue gradient backdrop, and soft focus throughout.","A middle-aged man with an oval face, M-shaped hairline, and almond-shaped eyes. He has a straight nasal dorsum, defined cupid's bow, and average ears. He is shown smiling in a medium close-up, illuminated by indoor directional lighting against a blue backdrop.",205,41,290,61,True,False,0.8941981792449951,6,0.16666666666666666,0,0,0.9020017385482788,-0.007803559303283691,50
siglip2_b16_224,face::train::170623.jpg,face,train,170623.jpg,llm_human_description,gemini:gemini-3.1-flash-lite:5be2ef381cb1,information_reduced,"Male-presenting middle-aged adult, with an oval facial shape, balanced thirds, and average facial depth; jawline with moderate definition, chin rounded and moderate in projection with a slight vertical height. Hairline M-shaped with temporal recession; eyebrows medium in thickness, soft-arched with a low peak, moderate spacing between the brows, and moderate brow-to-eye vertical distance. Eyes almond-shaped, moderate palpebral fissure length with a horizontal slant, average distance between inner corners relative to eye width, upper-lid crease double and moderate in height, moderate lid exposure, and average orbital depth. Nasal root moderate in width and depth, dorsum straight, bridge moderate in width, tip rounded with moderate projection and rotation, alar width moderate relative to intercanthal distance, alar flare moderate, and nostrils partially visible. Mouth width moderate relative to interpuptillary distance, upper-to-lower lip fullness ratio balanced, vermilion fullness moderate, cupid's bow defined, corners level, philtrum moderate in length and width with defined ridges, and visible upper dental alignment at rest. Ears average in size, moderate protrusion, helix rolled, antihelix defined, lobes free, and positioned level with the eye-nose line; persistent marks not discernible; captured in a medium close-up with a smiling expression, head slightly turned and tilted, indoor directional lighting against a blue gradient backdrop, and soft focus throughout.","He's a middle-aged guy with an oval face and a friendly smile. He has a bit of a receding hairline and arched eyebrows. His eyes are almond-shaped, and his nose is pretty straight. He looks like he's in a good mood, with his head tilted just a little to the side.",205,51,290,66,True,True,0.855780839920044,31,0.03225806451612903,0,0,0.9040166735649109,-0.04823583364486694,50
minilm_l6,person::train::00197_4.png,person,train,00197_4.png,identity,builtin:identity,same,"Average-build woman with long brown hair, wearing a light brown winter jacket with a fur hood, light blue pants, and white shoes.","Average-build woman with long brown hair, wearing a light brown winter jacket with a fur hood, light blue pants, and white shoes.",22,22,30,30,False,False,1.0,1,1.0,1,1,0.8100164532661438,0.1899835467338562,50
minilm_l6,person::train::03736_1.jpg,person,train,03736_1.jpg,identity,builtin:identity,same,"Average-build man, short dark hair, wearing eyeglasses, medium skin tone, black long-sleeved quilted jacket with a light gray collar lining layered over a dark inner collar, black long pants, black shoes, carrying a white plastic bag in hand.","Average-build man, short dark hair, wearing eyeglasses, medium skin tone, black long-sleeved quilted jacket with a light gray collar lining layered over a dark inner collar, black long pants, black shoes, carrying a white plastic bag in hand.",38,38,56,56,False,False,0.9999998807907104,1,1.0,1,1,0.8484089970588684,0.15159088373184204,50
minilm_l6,person::train::06597_2.jpg,person,train,06597_2.jpg,identity,builtin:identity,same,"Average-build man with short dark hair, wearing a dark blue short-sleeved collared shirt, dark trousers, and dark shoes.","Average-build man with short dark hair, wearing a dark blue short-sleeved collared shirt, dark trousers, and dark shoes.",18,18,30,30,False,False,1.0,1,1.0,1,1,0.9179566502571106,0.0820433497428894,50
minilm_l6,person::train::10977_1.jpg,person,train,10977_1.jpg,identity,builtin:identity,same,"Average-build woman with shoulder-length dark brown hair, black sunglasses, and a white face mask covering the lower face; wearing a light gray short-sleeved top, dark pants, and dark sandals; carrying a dark shoulder bag with a strap over one shoulder.","Average-build woman with shoulder-length dark brown hair, black sunglasses, and a white face mask covering the lower face; wearing a light gray short-sleeved top, dark pants, and dark sandals; carrying a dark shoulder bag with a strap over one shoulder.",40,40,56,56,False,False,1.0000001192092896,1,1.0,1,1,0.7721430063247681,0.22785711288452148,50
minilm_l6,person::train::12050_5.jpg,person,train,12050_5.jpg,identity,builtin:identity,same,"Average build, short brown hair, short-sleeved white polo shirt, light brown pants, dark brown shoes.","Average build, short brown hair, short-sleeved white polo shirt, light brown pants, dark brown shoes.",15,15,25,25,False,False,1.0000001192092896,1,1.0,1,1,0.878034770488739,0.12196534872055054,50
minilm_l6,person::train::08529_4.jpg,person,train,08529_4.jpg,identity,builtin:identity,same,"Average-build male wearing a dark blue long-sleeved outer jacket over a white inner garment, paired with white trousers and dark shoes, with dark headwear.","Average-build male wearing a dark blue long-sleeved outer jacket over a white inner garment, paired with white trousers and dark shoes, with dark headwear.",24,24,35,35,False,False,0.9999999403953552,1,1.0,1,1,0.8335189819335938,0.16648095846176147,50
minilm_l6,person::train::01742_4.jpg,person,train,01742_4.jpg,identity,builtin:identity,same,"Average-build woman, dark brown hair tied back in a ponytail, eyeglasses, dark brown scarf wrapped around the neck. Light brown hooded winter coat with long sleeves and knee-length hem, black pants, and light brown shoes.","Average-build woman, dark brown hair tied back in a ponytail, eyeglasses, dark brown scarf wrapped around the neck. Light brown hooded winter coat with long sleeves and knee-length hem, black pants, and light brown shoes.",35,35,50,50,False,False,1.0000001192092896,1,1.0,1,1,0.8100164532661438,0.18998366594314575,50
minilm_l6,person::train::05158_3.jpg,person,train,05158_3.jpg,identity,builtin:identity,same,"Male, average build, black hooded jacket with long sleeves, dark pants.","Male, average build, black hooded jacket with long sleeves, dark pants.",11,11,17,17,False,False,0.9999998807907104,1,1.0,1,1,0.9091781377792358,0.09082174301147461,50
minilm_l6,person::train::02167_1.jpg,person,train,02167_1.jpg,identity,builtin:identity,same,"Male, slim build, short dark hair, eyeglasses with thin frames, dark jacket with long sleeves layered over a light-colored collar, black pants, black backpack on both shoulders.","Male, slim build, short dark hair, eyeglasses with thin frames, dark jacket with long sleeves layered over a light-colored collar, black pants, black backpack on both shoulders.",27,27,40,40,False,False,0.9999998807907104,1,1.0,1,1,0.9065359234809875,0.0934639573097229,50
minilm_l6,person::train::00233_10.png,person,train,00233_10.png,identity,builtin:identity,same,"Adult male with average build, short dark hair, dark blue short-sleeved collared shirt, black trousers, and black shoes.","Adult male with average build, short dark hair, dark blue short-sleeved collared shirt, black trousers, and black shoes.",18,18,29,29,False,False,0.9999998211860657,1,1.0,1,1,0.895196795463562,0.10480302572250366,50
minilm_l6,person::train::01108_7.png,person,train,01108_7.png,identity,builtin:identity,same,"Male, average build, dark brown medium-length hair, dark blue hooded jacket with long sleeves, dark pants, dark shoes.","Male, average build, dark brown medium-length hair, dark blue hooded jacket with long sleeves, dark pants, dark shoes.",18,18,28,28,False,False,0.9999999403953552,1,1.0,1,1,0.932906448841095,0.06709349155426025,50
minilm_l6,person::train::06085_7.jpg,person,train,06085_7.jpg,identity,builtin:identity,same,"Male, average build, short dark hair, long-sleeved light gray shirt, dark pants, black shoes, dark backpack on both shoulders.","Male, average build, short dark hair, long-sleeved light gray shirt, dark pants, black shoes, dark backpack on both shoulders.",19,19,31,31,False,False,1.0,1,1.0,1,1,0.939741849899292,0.06025815010070801,50
minilm_l6,person::train::12462_1.jpg,person,train,12462_1.jpg,identity,builtin:identity,same,Average-build man with short light hair and eyeglasses; wearing a light blue short-sleeved collared shirt and dark trousers.,Average-build man with short light hair and eyeglasses; wearing a light blue short-sleeved collared shirt and dark trousers.,18,18,30,30,False,False,0.9999998211860657,1,1.0,1,1,0.9179566502571106,0.08204317092895508,50
minilm_l6,person::train::01924_2.jpg,person,train,01924_2.jpg,identity,builtin:identity,same,"Male, average build, short dark hair; wearing a hooded puffer jacket featuring a grey and black patterned design, layered over a striped shirt; dark blue pants; red shoes with white soles.","Male, average build, short dark hair; wearing a hooded puffer jacket featuring a grey and black patterned design, layered over a striped shirt; dark blue pants; red shoes with white soles.",31,31,42,42,False,False,1.0,1,1.0,1,1,0.8828422427177429,0.11715775728225708,50
minilm_l6,person::train::00969_2.png,person,train,00969_2.png,identity,builtin:identity,same,"Average build, dark brown medium-length hair, dark sunglasses, dark jacket with long sleeves, dark trousers, dark shoes, white shopping bag with a dark pattern.","Average build, dark brown medium-length hair, dark sunglasses, dark jacket with long sleeves, dark trousers, dark shoes, white shopping bag with a dark pattern.",24,24,35,35,False,False,0.9999999403953552,1,1.0,1,1,0.894649863243103,0.1053500771522522,50
minilm_l6,person::train::09634_1.jpg,person,train,09634_1.jpg,identity,builtin:identity,same,"Average-build female with long dark hair, wearing a white cardigan over a white top, black pants, and dark shoes. A dark shoulder bag is worn with a strap across the body. A watch is worn on the wrist.","Average-build female with long dark hair, wearing a white cardigan over a white top, black pants, and dark shoes. A dark shoulder bag is worn with a strap across the body. A watch is worn on the wrist.",38,38,49,49,False,False,1.0,1,1.0,1,1,0.7470560073852539,0.2529439926147461,50
minilm_l6,person::train::11561_6.jpg,person,train,11561_6.jpg,identity,builtin:identity,same,"Woman with an average build, dark short hair, light skin tone, wearing a light blue hooded puffer jacket with long sleeves over dark blue pants, dark brown boots, and a light brown shoulder bag with a long strap.","Woman with an average build, dark short hair, light skin tone, wearing a light blue hooded puffer jacket with long sleeves over dark blue pants, dark brown boots, and a light brown shoulder bag with a long strap.",38,38,47,47,False,False,1.0000001192092896,1,1.0,1,1,0.8116207122802734,0.1883794069290161,50
minilm_l6,person::train::08528_6.jpg,person,train,08528_6.jpg,identity,builtin:identity,same,"Average-build male, short dark hair, dark cap, light skin tone, long-sleeved black jacket zipped over a white shirt, light blue jeans, and white shoes.","Average-build male, short dark hair, dark cap, light skin tone, long-sleeved black jacket zipped over a white shirt, light blue jeans, and white shoes.",24,24,39,39,False,False,0.9999999403953552,1,1.0,1,1,0.8941776156425476,0.10582232475280762,50
minilm_l6,person::train::01287_5.jpg,person,train,01287_5.jpg,identity,builtin:identity,same,"Average build, dark hair, red scarf wrapped around the neck, light gray long-sleeved coat with front pockets, white skirt, black leggings, and black shoes.","Average build, dark hair, red scarf wrapped around the neck, light gray long-sleeved coat with front pockets, white skirt, black leggings, and black shoes.",24,24,38,38,False,False,1.0,1,1.0,1,1,0.8241823315620422,0.17581766843795776,50
minilm_l6,person::train::10252_1.jpg,person,train,10252_1.jpg,identity,builtin:identity,same,"Female, average build, long dark hair; black long-sleeved jacket over a light gray mid-layer garment; dark blue trousers; dark shoes; black shoulder bag with a thin strap.","Female, average build, long dark hair; black long-sleeved jacket over a light gray mid-layer garment; dark blue trousers; dark shoes; black shoulder bag with a thin strap.",27,27,41,41,False,False,1.0,1,1.0,1,1,0.8637248873710632,0.13627511262893677,50
minilm_l6,person::train::08924_1.jpg,person,train,08924_1.jpg,identity,builtin:identity,same,"Average-build female with dark hair; wearing a dark blue long-sleeved top, dark pants, and dark shoes; carrying a dark bag by its strap and holding a smartphone.","Average-build female with dark hair; wearing a dark blue long-sleeved top, dark pants, and dark shoes; carrying a dark bag by its strap and holding a smartphone.",27,27,39,39,False,False,0.9999999403953552,1,1.0,1,1,0.8207851648330688,0.17921477556228638,50
minilm_l6,person::train::02319_1.jpg,person,train,02319_1.jpg,identity,builtin:identity,same,"Average build, short dark hair, orange and dark brown hooded puffer jacket with long sleeves, black pants, white shoes.","Average build, short dark hair, orange and dark brown hooded puffer jacket with long sleeves, black pants, white shoes.",19,19,27,27,False,False,0.9999998807907104,1,1.0,1,1,0.906958818435669,0.0930410623550415,50
minilm_l6,person::train::09715_3.jpg,person,train,09715_3.jpg,identity,builtin:identity,same,"Average build male wearing a black cap, long-sleeve black hooded sweatshirt, and black shorts.","Average build male wearing a black cap, long-sleeve black hooded sweatshirt, and black shorts.",14,14,21,21,False,False,0.9999999403953552,1,1.0,1,1,0.798980712890625,0.20101922750473022,50
minilm_l6,person::train::13508_2.jpg,person,train,13508_2.jpg,identity,builtin:identity,same,Average-build woman with voluminous black hair. Black sleeveless top. Short black skirt. Black boots reaching above the knees.,Average-build woman with voluminous black hair. Black sleeveless top. Short black skirt. Black boots reaching above the knees.,18,18,29,29,False,False,1.0000001192092896,1,1.0,1,1,0.6687481999397278,0.33125191926956177,50
minilm_l6,person::train::09751_6.jpg,person,train,09751_6.jpg,identity,builtin:identity,same,"Male, average build, short dark hair, long-sleeved white shirt, dark shorts, white shoes.","Male, average build, short dark hair, long-sleeved white shirt, dark shorts, white shoes.",13,13,24,24,False,False,0.9999998807907104,1,1.0,1,1,0.9222203493118286,0.07777953147888184,50
minilm_l6,person::train::11903_4.jpg,person,train,11903_4.jpg,identity,builtin:identity,same,"Female, average build, dark medium-length hair, dark skin tone, white short-sleeved crew-neck t-shirt featuring a large graphic print of a face on the front, dark trousers, silver-colored watch on the right wrist.","Female, average build, dark medium-length hair, dark skin tone, white short-sleeved crew-neck t-shirt featuring a large graphic print of a face on the front, dark trousers, silver-colored watch on the right wrist.",32,32,52,52,False,False,0.9999999403953552,1,1.0,1,1,0.8230968713760376,0.17690306901931763,50
minilm_l6,person::train::03720_4.jpg,person,train,03720_4.jpg,identity,builtin:identity,same,"Child, slim build, short dark hair, long-sleeved dark pink hooded puffer coat, black pants, pink and white shoes.","Child, slim build, short dark hair, long-sleeved dark pink hooded puffer coat, black pants, pink and white shoes.",18,18,30,30,False,False,1.0,1,1.0,1,1,0.7647711038589478,0.23522889614105225,50
minilm_l6,person::train::26249_12.jpg,person,train,26249_12.jpg,identity,builtin:identity,same,"Adult male with stocky build, short dark hair, light skin tone, light blue long-sleeved collared shirt with rolled-up sleeves, dark trousers, black shoes, holding a white rectangular folder, pulling a two-wheeled cart with a green mesh container.","Adult male with stocky build, short dark hair, light skin tone, light blue long-sleeved collared shirt with rolled-up sleeves, dark trousers, black shoes, holding a white rectangular folder, pulling a two-wheeled cart with a green mesh container.",37,37,56,56,False,False,1.0,1,1.0,1,1,0.7164758443832397,0.28352415561676025,50
minilm_l6,person::train::08634_3.jpg,person,train,08634_3.jpg,identity,builtin:identity,same,"Female, average build, short gray hair, sunglasses, white sleeveless outer vest, short-sleeved striped shirt with horizontal white, black, and blue stripes and a dark blue collar, light skin tone, black pants, black shoes, black shoulder bag with a long strap, blue garment draped over the shoulder bag, watch on left wrist.","Female, average build, short gray hair, sunglasses, white sleeveless outer vest, short-sleeved striped shirt with horizontal white, black, and blue stripes and a dark blue collar, light skin tone, black pants, black shoes, black shoulder bag with a long strap, blue garment draped over the shoulder bag, watch on left wrist.",51,51,71,71,False,False,1.0,1,1.0,1,1,0.8490438461303711,0.1509561538696289,50
minilm_l6,person::train::00837_3.png,person,train,00837_3.png,identity,builtin:identity,same,"Male, average build, light-colored short hair, wearing a dark green long-sleeve jacket, dark green trousers, and dark shoes, carrying a dark bag.","Male, average build, light-colored short hair, wearing a dark green long-sleeve jacket, dark green trousers, and dark shoes, carrying a dark bag.",22,22,35,35,False,False,1.0000001192092896,1,1.0,1,1,0.8097522258758545,0.19024789333343506,50
minilm_l6,person::query::26685_1.jpg,person,query,26685_1.jpg,identity,builtin:identity,same,"Male, average build, short dark hair, long-sleeved light blue button-down shirt, light brown trousers, dark shoes.","Male, average build, short dark hair, long-sleeved light blue button-down shirt, light brown trousers, dark shoes.",16,16,29,29,False,False,0.9999999403953552,1,1.0,1,1,0.9222203493118286,0.07777959108352661,50
minilm_l6,person::query::14604_1.png,person,query,14604_1.png,identity,builtin:identity,same,"Average build male wearing black headwear, dark gray long-sleeved upper garment, blue pants, and black shoes, carrying a black backpack on both shoulders.","Average build male wearing black headwear, dark gray long-sleeved upper garment, blue pants, and black shoes, carrying a black backpack on both shoulders.",23,23,34,34,False,False,1.0,1,1.0,1,1,0.815563440322876,0.18443655967712402,50
minilm_l6,person::query::27008_3.jpg,person,query,27008_3.jpg,identity,builtin:identity,same,"Average build, dark hair, wearing a long-sleeved black jacket, dark pants, and light-colored shoes, holding a smartphone.","Average build, dark hair, wearing a long-sleeved black jacket, dark pants, and light-colored shoes, holding a smartphone.",17,17,30,30,False,False,1.0,1,1.0,1,1,0.8207851648330688,0.17921483516693115,50
minilm_l6,person::query::14994_1.png,person,query,14994_1.png,identity,builtin:identity,same,"Average build male, short black hair, dark green long-sleeved jacket, dark gray loose trousers, white shoes, yellow backpack worn on both shoulders.","Average build male, short black hair, dark green long-sleeved jacket, dark gray loose trousers, white shoes, yellow backpack worn on both shoulders.",22,22,33,33,False,False,1.0,1,1.0,1,1,0.9438353776931763,0.05616462230682373,50
minilm_l6,person::query::14459_1.png,person,query,14459_1.png,identity,builtin:identity,same,"Average-build man, short dark hair, wearing eyeglasses. Long-sleeved button-down shirt with a blue, white, and green plaid pattern. Dark gray long pants. White shoes.","Average-build man, short dark hair, wearing eyeglasses. Long-sleeved button-down shirt with a blue, white, and green plaid pattern. Dark gray long pants. White shoes.",24,24,43,43,False,False,1.0,1,1.0,1,1,0.8437459468841553,0.15625405311584473,50
minilm_l6,person::query::26943_3.jpg,person,query,26943_3.jpg,identity,builtin:identity,same,"Average-build male with short dark hair, wearing a red short-sleeved shirt, dark pants, and light-colored shoes.","Average-build male with short dark hair, wearing a red short-sleeved shirt, dark pants, and light-colored shoes.",16,16,29,29,False,False,1.0,1,1.0,1,1,0.9312832355499268,0.06871676445007324,50
minilm_l6,person::query::26789_3.jpg,person,query,26789_3.jpg,identity,builtin:identity,same,"Average-build male, dark short hair, dark long-sleeved shirt in dark red, blue pants, light-colored backpack with straps on both shoulders.","Average-build male, dark short hair, dark long-sleeved shirt in dark red, blue pants, light-colored backpack with straps on both shoulders.",20,20,34,34,False,False,0.9999998211860657,1,1.0,1,1,0.9227266907691956,0.07727313041687012,50
minilm_l6,person::query::26935_2.jpg,person,query,26935_2.jpg,identity,builtin:identity,same,"Average build, white headwear, long-sleeved light green jacket, dark pants, dark shoes.","Average build, white headwear, long-sleeved light green jacket, dark pants, dark shoes.",12,12,23,23,False,False,1.0000001192092896,1,1.0,1,1,0.914963960647583,0.08503615856170654,50
minilm_l6,person::query::27100_1.jpg,person,query,27100_1.jpg,identity,builtin:identity,same,"Average-build male, dark short hair, cap, long-sleeved light pink button-down shirt, long blue jeans, dark shoes, dark backpack worn on one shoulder.","Average-build male, dark short hair, cap, long-sleeved light pink button-down shirt, long blue jeans, dark shoes, dark backpack worn on one shoulder.",22,22,38,38,False,False,0.9999999403953552,1,1.0,1,1,0.918687105178833,0.08131283521652222,50
minilm_l6,person::query::26761_2.jpg,person,query,26761_2.jpg,identity,builtin:identity,same,"Average build, dark hair, dark long-sleeved hooded jacket, dark pants, dark shoes.","Average build, dark hair, dark long-sleeved hooded jacket, dark pants, dark shoes.",12,12,22,22,False,False,1.0,1,1.0,1,1,0.9275676608085632,0.07243233919143677,50
minilm_l6,person::gallery::26474_5.jpg,person,gallery,26474_5.jpg,identity,builtin:identity,same,"Male, average build, short black hair, eyeglasses, light-colored hooded zip-up jacket worn over a purple-patterned collared shirt, dark blue pants, dark shoes, black backpack on both shoulders.","Male, average build, short black hair, eyeglasses, light-colored hooded zip-up jacket worn over a purple-patterned collared shirt, dark blue pants, dark shoes, black backpack on both shoulders.",27,27,46,46,False,False,1.0,1,1.0,1,1,0.9221702218055725,0.07782977819442749,50
minilm_l6,person::gallery::27153_5.jpg,person,gallery,27153_5.jpg,identity,builtin:identity,same,"Average build adult wearing a long-sleeved light gray shirt, dark pants, and light-colored shoes.","Average build adult wearing a long-sleeved light gray shirt, dark pants, and light-colored shoes.",14,14,24,24,False,False,1.0000001192092896,1,1.0,1,1,0.8015820980072021,0.1984180212020874,50
minilm_l6,person::gallery::26789_1.jpg,person,gallery,26789_1.jpg,identity,builtin:identity,same,"Average-build man wearing a long-sleeved dark red jacket, light gray trousers, and dark shoes.","Average-build man wearing a long-sleeved dark red jacket, light gray trousers, and dark shoes.",14,14,24,24,False,False,1.0,1,1.0,1,1,0.8335189819335938,0.16648101806640625,50
minilm_l6,person::gallery::26721_4.jpg,person,gallery,26721_4.jpg,identity,builtin:identity,same,"Average build, dark long-sleeved jacket, dark trousers, dark shoes.","Average build, dark long-sleeved jacket, dark trousers, dark shoes.",9,9,18,18,False,False,1.0000001192092896,1,1.0,1,1,0.9275676608085632,0.07243245840072632,50
minilm_l6,person::gallery::26991_3.jpg,person,gallery,26991_3.jpg,identity,builtin:identity,same,"Male, average build, short dark hair; light skin; long-sleeved white shirt with dark stripes on the shoulders and chest text; loose light brown pants; white shoes; smartphone held in hand.","Male, average build, short dark hair; light skin; long-sleeved white shirt with dark stripes on the shoulders and chest text; loose light brown pants; white shoes; smartphone held in hand.",30,30,43,43,False,False,1.0,1,1.0,1,1,0.8803805112838745,0.11961948871612549,50
minilm_l6,person::gallery::26735_2.jpg,person,gallery,26735_2.jpg,identity,builtin:identity,same,"Male, average build, short black hair; long-sleeve shirt with blue, white, and purple horizontal stripes; dark pants; light brown shoes; black backpack worn on both shoulders.","Male, average build, short black hair; long-sleeve shirt with blue, white, and purple horizontal stripes; dark pants; light brown shoes; black backpack worn on both shoulders.",26,26,39,39,False,False,0.9999998807907104,1,1.0,1,1,0.939741849899292,0.06025803089141846,50
minilm_l6,person::gallery::14888_1.png,person,gallery,14888_1.png,identity,builtin:identity,same,"Male, slim build, short dark hair, long-sleeved bright blue hooded jacket, long blue jeans, light brown shoes, black messenger bag with a single long strap across the right shoulder.","Male, slim build, short dark hair, long-sleeved bright blue hooded jacket, long blue jeans, light brown shoes, black messenger bag with a single long strap across the right shoulder.",29,29,41,41,False,False,1.0000001192092896,1,1.0,1,1,0.8812648057937622,0.11873531341552734,50
minilm_l6,person::gallery::26774_3.jpg,person,gallery,26774_3.jpg,identity,builtin:identity,same,"Male, average build, short dark hair, blue hooded jacket with long sleeves, dark blue pants, white shoes, black backpack on both shoulders.","Male, average build, short dark hair, blue hooded jacket with long sleeves, dark blue pants, white shoes, black backpack on both shoulders.",22,22,31,31,False,False,1.0,1,1.0,1,1,0.9438353776931763,0.05616462230682373,50
minilm_l6,person::gallery::15309_3.png,person,gallery,15309_3.png,identity,builtin:identity,same,"Average-build male, short dark hair, wearing a gray short-sleeve collared shirt, dark pants, and dark shoes.","Average-build male, short dark hair, wearing a gray short-sleeve collared shirt, dark pants, and dark shoes.",16,16,28,28,False,False,0.9999997615814209,1,1.0,1,1,0.9312832355499268,0.06871652603149414,50
minilm_l6,person::gallery::15194_3.png,person,gallery,15194_3.png,identity,builtin:identity,same,"Male, average build, short dark hair, eyeglasses, long-sleeved dark purple full-zip jacket, light gray trousers, dark shoes, papers held in hand.","Male, average build, short dark hair, eyeglasses, long-sleeved dark purple full-zip jacket, light gray trousers, dark shoes, papers held in hand.",21,21,38,38,False,False,0.9999999403953552,1,1.0,1,1,0.890259861946106,0.10974007844924927,50
minilm_l6,vehicle::train_images::19666_c077_02.jpg,vehicle,train_images,19666_c077_02.jpg,identity,builtin:identity,same,"Minivan, Volkswagen Touran, black paint, alloy rims, silver roof rails, tinted windows.","Minivan, Volkswagen Touran, black paint, alloy rims, silver roof rails, tinted windows.",12,12,23,23,False,False,1.0,1,1.0,1,1,0.8663581609725952,0.13364183902740479,50
minilm_l6,vehicle::train_images::13184_c012_02.jpg,vehicle,train_images,13184_c012_02.jpg,identity,builtin:identity,same,"Sedan, silver, steel wheels with multi-spoke hubcaps, sunroof, several white cloth items visible on the rear parcel shelf.","Sedan, silver, steel wheels with multi-spoke hubcaps, sunroof, several white cloth items visible on the rear parcel shelf.",18,18,31,31,False,False,1.0,1,1.0,1,1,0.7047804594039917,0.2952195405960083,50
minilm_l6,vehicle::train_images::13608_c139_04.jpg,vehicle,train_images,13608_c139_04.jpg,identity,builtin:identity,same,"Sedan, black, chrome vertical slat grille with a centered Buick emblem, multi-spoke silver alloy wheels, sunroof.","Sedan, black, chrome vertical slat grille with a centered Buick emblem, multi-spoke silver alloy wheels, sunroof.",16,16,28,28,False,False,0.9999998807907104,1,1.0,1,1,0.7628227472305298,0.23717713356018066,50
minilm_l6,vehicle::train_images::12849_c170_02.jpg,vehicle,train_images,12849_c170_02.jpg,identity,builtin:identity,same,Sedan. Volkswagen Jetta. Black paint. Alloy wheels. Dark window tint.,Sedan. Volkswagen Jetta. Black paint. Alloy wheels. Dark window tint.,10,10,19,19,False,False,0.9999998807907104,1,1.0,1,1,0.8952549695968628,0.10474491119384766,50
minilm_l6,vehicle::train_images::10839_c110_00.jpg,vehicle,train_images,10839_c110_00.jpg,identity,builtin:identity,same,"Hatchback, Volkswagen Polo, silver, multi-spoke alloy wheels, rearview mirror air freshener hanging, front bumper fog lights.","Hatchback, Volkswagen Polo, silver, multi-spoke alloy wheels, rearview mirror air freshener hanging, front bumper fog lights.",16,16,28,28,False,False,1.0000001192092896,1,1.0,1,1,0.807854175567627,0.1921459436416626,50
minilm_l6,vehicle::train_images::02440_c090_02.jpg,vehicle,train_images,02440_c090_02.jpg,identity,builtin:identity,same,"SUV, Hyundai Tucson, dark brown, alloy wheels, silver-colored side steps, rear bumper trim with silver accents, roof rails, shark fin antenna, tinted windows, circular decal on the rear bumper.","SUV, Hyundai Tucson, dark brown, alloy wheels, silver-colored side steps, rear bumper trim with silver accents, roof rails, shark fin antenna, tinted windows, circular decal on the rear bumper.",29,29,44,44,False,False,1.0,1,1.0,1,1,0.7780813574790955,0.22191864252090454,50
minilm_l6,vehicle::train_images::12341_c073_00.jpg,vehicle,train_images,12341_c073_00.jpg,identity,builtin:identity,same,"Sedan, Nissan Altima, black paint, alloy wheels, sunroof, moderate window tint.","Sedan, Nissan Altima, black paint, alloy wheels, sunroof, moderate window tint.",11,11,23,23,False,False,1.0000001192092896,1,1.0,1,1,0.8443289995193481,0.1556711196899414,50
minilm_l6,vehicle::train_images::18263_c110_02.jpg,vehicle,train_images,18263_c110_02.jpg,identity,builtin:identity,same,"SUV, Nissan Qashqai, silver, silver-painted alloy wheels, sunroof, roof rails.","SUV, Nissan Qashqai, silver, silver-painted alloy wheels, sunroof, roof rails.",10,10,25,25,False,False,0.9999999403953552,1,1.0,1,1,0.8603456616401672,0.139654278755188,50
minilm_l6,vehicle::train_images::10529_c003_02.jpg,vehicle,train_images,10529_c003_02.jpg,identity,builtin:identity,same,"Sedan, Kia Rio, silver, five-spoke alloy wheels, windshield rain guard deflectors.","Sedan, Kia Rio, silver, five-spoke alloy wheels, windshield rain guard deflectors.",11,11,22,22,False,False,1.0,1,1.0,1,1,0.7571486234664917,0.2428513765335083,50
minilm_l6,vehicle::train_images::15907_c041_04.jpg,vehicle,train_images,15907_c041_04.jpg,identity,builtin:identity,same,"Sedan, Mazda 6, red, alloy wheels.","Sedan, Mazda 6, red, alloy wheels.",6,6,12,12,False,False,1.000000238418579,1,1.0,1,1,0.7445067167282104,0.25549352169036865,50
minilm_l6,vehicle::train_images::08854_c110_02.jpg,vehicle,train_images,08854_c110_02.jpg,identity,builtin:identity,same,"Sedan, dark gray, alloy wheels, dark window tint.","Sedan, dark gray, alloy wheels, dark window tint.",8,8,15,15,False,False,1.0,1,1.0,1,1,0.8962908983230591,0.10370910167694092,50
minilm_l6,vehicle::train_images::04922_c023_01.jpg,vehicle,train_images,04922_c023_01.jpg,identity,builtin:identity,same,"Hatchback, BAIC E-Series, bright red, alloy wheels, sunroof, window tint.","Hatchback, BAIC E-Series, bright red, alloy wheels, sunroof, window tint.",10,10,25,25,False,False,1.0,1,1.0,1,1,0.8456469774246216,0.15435302257537842,50
minilm_l6,vehicle::train_images::19263_c030_03.jpg,vehicle,train_images,19263_c030_03.jpg,identity,builtin:identity,same,"Sedan, Buick Verano, light brown, silver alloy rims, integrated rear spoiler, tinted rear windows.","Sedan, Buick Verano, light brown, silver alloy rims, integrated rear spoiler, tinted rear windows.",14,14,25,25,False,False,1.0,1,1.0,1,1,0.8236264586448669,0.17637354135513306,50
minilm_l6,vehicle::train_images::07345_c110_03.jpg,vehicle,train_images,07345_c110_03.jpg,identity,builtin:identity,same,"Sedan, white Chevrolet Cruze, featuring alloy wheels, black window tinting, and a small sticker on the rear window.","Sedan, white Chevrolet Cruze, featuring alloy wheels, black window tinting, and a small sticker on the rear window.",18,18,28,28,False,False,1.0000001192092896,1,1.0,1,1,0.750922441482544,0.2490776777267456,50
minilm_l6,vehicle::train_images::19520_c034_01.jpg,vehicle,train_images,19520_c034_01.jpg,identity,builtin:identity,same,"SUV, white, Ford Escape, dual exhaust tips, silver roof rails, silver alloy rims, panoramic sunroof, tinted windows.","SUV, white, Ford Escape, dual exhaust tips, silver roof rails, silver alloy rims, panoramic sunroof, tinted windows.",17,17,32,32,False,False,1.0,1,1.0,1,1,0.8425750732421875,0.1574249267578125,50
minilm_l6,vehicle::train_images::16253_c139_00.jpg,vehicle,train_images,16253_c139_00.jpg,identity,builtin:identity,same,"Sedan, black paint, alloy rims.","Sedan, black paint, alloy rims.",5,5,11,11,False,False,1.0,1,1.0,1,1,0.837615966796875,0.162384033203125,50
minilm_l6,vehicle::train_images::06987_c051_04.jpg,vehicle,train_images,06987_c051_04.jpg,identity,builtin:identity,same,"Hatchback, dark gray paint, black roof rails, alloy wheels, aftermarket blue accent lighting strip beneath the headlights.","Hatchback, dark gray paint, black roof rails, alloy wheels, aftermarket blue accent lighting strip beneath the headlights.",17,17,26,26,False,False,1.0,1,1.0,1,1,0.7787404656410217,0.22125953435897827,50
minilm_l6,vehicle::train_images::05685_c100_04.jpg,vehicle,train_images,05685_c100_04.jpg,identity,builtin:identity,same,"Sedan, silver, with a sunroof, alloy rims, and window visors on the side windows.","Sedan, silver, with a sunroof, alloy rims, and window visors on the side windows.",14,14,25,25,False,False,1.0,1,1.0,1,1,0.8457680940628052,0.15423190593719482,50
minilm_l6,vehicle::train_images::16614_c041_04.jpg,vehicle,train_images,16614_c041_04.jpg,identity,builtin:identity,same,"Sedan, Infiniti M, black, alloy rims, tinted windows.","Sedan, Infiniti M, black, alloy rims, tinted windows.",8,8,18,18,False,False,1.0,1,1.0,1,1,0.8508532643318176,0.14914673566818237,50
minilm_l6,vehicle::train_images::13946_c012_04.jpg,vehicle,train_images,13946_c012_04.jpg,identity,builtin:identity,same,"Minivan, silver, sunroof, alloy wheels.","Minivan, silver, sunroof, alloy wheels.",5,5,14,14,False,False,0.9999998807907104,1,1.0,1,1,0.8221792578697205,0.17782062292099,50
minilm_l6,vehicle::train_images::14133_c170_01.jpg,vehicle,train_images,14133_c170_01.jpg,identity,builtin:identity,same,"Sedan, black paint, dark tinted rear windows, tree branches secured to the roof.","Sedan, black paint, dark tinted rear windows, tree branches secured to the roof.",13,13,19,19,False,False,0.9999999403953552,1,1.0,1,1,0.8713855147361755,0.1286144256591797,50
minilm_l6,vehicle::train_images::16747_c163_03.jpg,vehicle,train_images,16747_c163_03.jpg,identity,builtin:identity,same,"Sedan, Buick Regal, white, sunroof, stickers on the upper portion of the windshield.","Sedan, Buick Regal, white, sunroof, stickers on the upper portion of the windshield.",13,13,23,23,False,False,1.0,1,1.0,1,1,0.7195130586624146,0.28048694133758545,50
minilm_l6,vehicle::train_images::05432_c163_04.jpg,vehicle,train_images,05432_c163_04.jpg,identity,builtin:identity,same,Sedan. Volkswagen Passat. Black. Alloy rims.,Sedan. Volkswagen Passat. Black. Alloy rims.,6,6,14,14,False,False,0.9999998807907104,1,1.0,1,1,0.8520861864089966,0.14791369438171387,50
minilm_l6,vehicle::train_images::19057_c170_04.jpg,vehicle,train_images,19057_c170_04.jpg,identity,builtin:identity,same,"SUV, white, with a black bumper and dark gray lower cladding, featuring a rectangular yellow sticker on the trunk lid below the rear window, a rear wiper, and tree branches laying across the roof.","SUV, white, with a black bumper and dark gray lower cladding, featuring a rectangular yellow sticker on the trunk lid below the rear window, a rear wiper, and tree branches laying across the roof.",34,34,45,45,False,False,1.0,1,1.0,1,1,0.7000486850738525,0.29995131492614746,50
minilm_l6,vehicle::train_images::04455_c078_00.jpg,vehicle,train_images,04455_c078_00.jpg,identity,builtin:identity,same,"Sedan, Toyota Camry, black paint, alloy rims, damage on the hood near the driver-side headlight.","Sedan, Toyota Camry, black paint, alloy rims, damage on the hood near the driver-side headlight.",15,15,27,27,False,False,0.9999999403953552,1,1.0,1,1,0.6838608384132385,0.3161391019821167,50
minilm_l6,vehicle::train_images::14387_c163_04.jpg,vehicle,train_images,14387_c163_04.jpg,identity,builtin:identity,same,"SUV, Volkswagen Tiguan, white, alloy wheels, dark window tint, sunroof, window visors on the side windows.","SUV, Volkswagen Tiguan, white, alloy wheels, dark window tint, sunroof, window visors on the side windows.",16,16,31,31,False,False,1.0000001192092896,1,1.0,1,1,0.8677771091461182,0.1322230100631714,50
minilm_l6,vehicle::train_images::09221_c139_03.jpg,vehicle,train_images,09221_c139_03.jpg,identity,builtin:identity,same,Sedan with a white paint finish. Toyota badging is present on the grille. Alloy rims are visible. The windows have light tinting. An antenna is positioned on the roof.,Sedan with a white paint finish. Toyota badging is present on the grille. Alloy rims are visible. The windows have light tinting. An antenna is positioned on the roof.,29,29,39,39,False,False,0.9999998807907104,1,1.0,1,1,0.72368323802948,0.27631664276123047,50
minilm_l6,vehicle::train_images::04724_c110_02.jpg,vehicle,train_images,04724_c110_02.jpg,identity,builtin:identity,same,"Hatchback, white, sunroof, alloy wheels.","Hatchback, white, sunroof, alloy wheels.",5,5,14,14,False,False,0.9999998807907104,1,1.0,1,1,0.8856310844421387,0.11436879634857178,50
minilm_l6,vehicle::train_images::08361_c094_04.jpg,vehicle,train_images,08361_c094_04.jpg,identity,builtin:identity,same,"Sedan, Nissan Tiida, silver, alloy wheels, sunroof, wind deflectors on the front and rear passenger windows.","Sedan, Nissan Tiida, silver, alloy wheels, sunroof, wind deflectors on the front and rear passenger windows.",16,16,29,29,False,False,0.9999998211860657,1,1.0,1,1,0.8107492327690125,0.18925058841705322,50
minilm_l6,vehicle::train_images::03678_c014_03.jpg,vehicle,train_images,03678_c014_03.jpg,identity,builtin:identity,same,"Sedan, white, Buick, alloy multi-spoke rims, sunroof, dark window tint, red ribbon attached to the driver's side mirror.","Sedan, white, Buick, alloy multi-spoke rims, sunroof, dark window tint, red ribbon attached to the driver's side mirror.",18,18,35,35,False,False,0.9999998807907104,1,1.0,1,1,0.8246987462043762,0.17530113458633423,50
minilm_l6,vehicle::query_images::20204_c041_01.jpg,vehicle,query_images,20204_c041_01.jpg,identity,builtin:identity,same,"Sedan, black paint, alloy wheels, chrome trunk trim, tinted rear window.","Sedan, black paint, alloy wheels, chrome trunk trim, tinted rear window.",11,11,18,18,False,False,0.9999998807907104,1,1.0,1,1,0.8752909898757935,0.12470889091491699,50
minilm_l6,vehicle::query_images::21022_c078_01.jpg,vehicle,query_images,21022_c078_01.jpg,identity,builtin:identity,same,"SUV, FAW, white, alloy rims, roof rails, sunroof.","SUV, FAW, white, alloy rims, roof rails, sunroof.",8,8,20,20,False,False,1.0,1,1.0,1,1,0.8603456616401672,0.13965433835983276,50
minilm_l6,vehicle::query_images::20039_c015_00.jpg,vehicle,query_images,20039_c015_00.jpg,identity,builtin:identity,same,"Box truck, JAC brand, silver paint, black side mirrors, black front grill, clear windshield, roof-mounted wind deflector.","Box truck, JAC brand, silver paint, black side mirrors, black front grill, clear windshield, roof-mounted wind deflector.",17,17,31,31,False,False,1.0,1,1.0,1,1,0.7354323863983154,0.26456761360168457,50
minilm_l6,vehicle::query_images::20298_c122_00.jpg,vehicle,query_images,20298_c122_00.jpg,identity,builtin:identity,same,"MPV, silver, silver alloy wheels.","MPV, silver, silver alloy wheels.",5,5,11,11,False,False,1.0,1,1.0,1,1,0.7806899547576904,0.21931004524230957,50
minilm_l6,vehicle::query_images::21010_c163_01.jpg,vehicle,query_images,21010_c163_01.jpg,identity,builtin:identity,same,"SUV, Lexus RX, black, alloy wheels, roof rails, window visors attached to the top of the side windows, sheet of paper on the dashboard.","SUV, Lexus RX, black, alloy wheels, roof rails, window visors attached to the top of the side windows, sheet of paper on the dashboard.",24,24,36,36,False,False,1.0,1,1.0,1,1,0.8111482262611389,0.18885177373886108,50
minilm_l6,vehicle::query_images::20249_c003_00.jpg,vehicle,query_images,20249_c003_00.jpg,identity,builtin:identity,same,"Sedan, Volkswagen Passat, black, alloy rims, sunroof, tinted windows.","Sedan, Volkswagen Passat, black, alloy rims, sunroof, tinted windows.",9,9,21,21,False,False,0.9999998211860657,1,1.0,1,1,0.9305589199066162,0.06944090127944946,50
minilm_l6,vehicle::query_images::20506_c051_01.jpg,vehicle,query_images,20506_c051_01.jpg,identity,builtin:identity,same,"Hatchback, Ford Focus, white, alloy rims, sunroof.","Hatchback, Ford Focus, white, alloy rims, sunroof.",7,7,18,18,False,False,0.9999999403953552,1,1.0,1,1,0.8856310844421387,0.11436885595321655,50
minilm_l6,vehicle::query_images::21112_c079_00.jpg,vehicle,query_images,21112_c079_00.jpg,identity,builtin:identity,same,"Compact crossover SUV.
Honda CR-V.
White primary color.
Silver alloy wheels.
Roof rails.
Clear windows.
Green registration sticker on the upper corner of the windshield.
Small white bobblehead ornament on the dashboard.","Compact crossover SUV.
Honda CR-V.
White primary color.
Silver alloy wheels.
Roof rails.
Clear windows.
Green registration sticker on the upper corner of the windshield.
Small white bobblehead ornament on the dashboard.",32,32,49,49,False,False,1.0000001192092896,1,1.0,1,1,0.7000486850738525,0.299951434135437,50
minilm_l6,vehicle::query_images::20949_c003_01.jpg,vehicle,query_images,20949_c003_01.jpg,identity,builtin:identity,same,"Sedan, black paint, alloy rims with a multi-spoke design, sunroof, dark window tint, multiple circular stickers on the lower passenger side of the windshield.","Sedan, black paint, alloy rims with a multi-spoke design, sunroof, dark window tint, multiple circular stickers on the lower passenger side of the windshield.",24,24,39,39,False,False,0.9999999403953552,1,1.0,1,1,0.8562222719192505,0.14377766847610474,50
minilm_l6,vehicle::query_images::20272_c102_00.jpg,vehicle,query_images,20272_c102_00.jpg,identity,builtin:identity,same,"Sedan, Volkswagen Lamando, black, alloy wheels, dark window tint.","Sedan, Volkswagen Lamando, black, alloy wheels, dark window tint.",9,9,18,18,False,False,0.9999998807907104,1,1.0,1,1,0.8962908983230591,0.10370898246765137,50
minilm_l6,vehicle::gallery_images::20591_c110_03.jpg,vehicle,gallery_images,20591_c110_03.jpg,identity,builtin:identity,same,"Sedan, BMW 5 Series (F10 generation), black paint, multi-spoke alloy wheels, sunroof, light window tint, stickers on the front windshield (passenger side).","Sedan, BMW 5 Series (F10 generation), black paint, multi-spoke alloy wheels, sunroof, light window tint, stickers on the front windshield (passenger side).",22,22,42,42,False,False,0.9999999403953552,1,1.0,1,1,0.8562222719192505,0.14377766847610474,50
minilm_l6,vehicle::gallery_images::20535_c170_02.jpg,vehicle,gallery_images,20535_c170_02.jpg,identity,builtin:identity,same,"Sedan, Volkswagen Passat B4, silver, alloy wheels.","Sedan, Volkswagen Passat B4, silver, alloy wheels.",7,7,15,15,False,False,1.0,1,1.0,1,1,0.8733229637145996,0.1266770362854004,50
minilm_l6,vehicle::gallery_images::20877_c110_00.jpg,vehicle,gallery_images,20877_c110_00.jpg,identity,builtin:identity,same,"Sedan, dark gray, alloy rims, spoiler, tinted windows, small oval decal on the right side of the rear bumper, rectangular decal on the right side of the trunk lid.","Sedan, dark gray, alloy rims, spoiler, tinted windows, small oval decal on the right side of the rear bumper, rectangular decal on the right side of the trunk lid.",29,29,42,42,False,False,1.0,1,1.0,1,1,0.7810980081558228,0.21890199184417725,50
minilm_l6,vehicle::gallery_images::20159_c003_00.jpg,vehicle,gallery_images,20159_c003_00.jpg,identity,builtin:identity,same,"Sedan, Toyota Camry, black, hubcap wheels, moderate window tint, chrome trim strip on the rear bumper.","Sedan, Toyota Camry, black, hubcap wheels, moderate window tint, chrome trim strip on the rear bumper.",16,16,27,27,False,False,0.9999998807907104,1,1.0,1,1,0.837160587310791,0.16283929347991943,50
minilm_l6,vehicle::gallery_images::21199_c014_04.jpg,vehicle,gallery_images,21199_c014_04.jpg,identity,builtin:identity,same,"Sedan, FAW V5, silver, multi-spoke alloy rims, light window tint.","Sedan, FAW V5, silver, multi-spoke alloy rims, light window tint.",10,10,23,23,False,False,0.9999998807907104,1,1.0,1,1,0.8603124618530273,0.1396874189376831,50
minilm_l6,vehicle::gallery_images::20762_c156_00.jpg,vehicle,gallery_images,20762_c156_00.jpg,identity,builtin:identity,same,"Compact minivan, Nissan Livina, black, five-spoke alloy rims, silver roof rails.","Compact minivan, Nissan Livina, black, five-spoke alloy rims, silver roof rails.",11,11,23,23,False,False,1.0000001192092896,1,1.0,1,1,0.8054670095443726,0.194533109664917,50
minilm_l6,vehicle::gallery_images::20070_c017_01.jpg,vehicle,gallery_images,20070_c017_01.jpg,identity,builtin:identity,same,"Bus, white and blue two-tone paint, digital route display on the rear window, text ""AZ7892"" printed above the license plate area, stacked tail lights on both sides.","Bus, white and blue two-tone paint, digital route display on the rear window, text ""AZ7892"" printed above the license plate area, stacked tail lights on both sides.",27,27,42,42,False,False,0.9999998807907104,1,1.0,1,1,0.6675512790679932,0.3324486017227173,50
minilm_l6,vehicle::gallery_images::21216_c003_04.jpg,vehicle,gallery_images,21216_c003_04.jpg,identity,builtin:identity,same,"Sedan, Volkswagen Passat, silver, five-spoke alloy wheels, tinted windows.","Sedan, Volkswagen Passat, silver, five-spoke alloy wheels, tinted windows.",9,9,19,19,False,False,0.9999998807907104,1,1.0,1,1,0.9305589199066162,0.06944096088409424,50
minilm_l6,vehicle::gallery_images::20559_c170_01.jpg,vehicle,gallery_images,20559_c170_01.jpg,identity,builtin:identity,same,Sedan with a white exterior. The badge on the center of the trunk lid depicts a stylized symbol composed of interlocking circular and geometric elements. Rectangular taillights are situated on either side of the trunk.,Sedan with a white exterior. The badge on the center of the trunk lid depicts a stylized symbol composed of interlocking circular and geometric elements. Rectangular taillights are situated on either side of the trunk.,35,35,43,43,False,False,0.9999999403953552,1,1.0,1,1,0.6334143280982971,0.3665856122970581,50
minilm_l6,vehicle::gallery_images::20401_c023_03.jpg,vehicle,gallery_images,20401_c023_03.jpg,identity,builtin:identity,same,"Hatchback, Smart Fortwo, two-tone white body with red roof and side mirror caps, five-spoke dark alloy wheels, tinted windows.","Hatchback, Smart Fortwo, two-tone white body with red roof and side mirror caps, five-spoke dark alloy wheels, tinted windows.",19,19,32,32,False,False,1.0000001192092896,1,1.0,1,1,0.7967919707298279,0.20320814847946167,50
minilm_l6,face::train::170623.jpg,face,train,170623.jpg,identity,builtin:identity,same,"Male-presenting middle-aged adult, with an oval facial shape, balanced thirds, and average facial depth; jawline with moderate definition, chin rounded and moderate in projection with a slight vertical height. Hairline M-shaped with temporal recession; eyebrows medium in thickness, soft-arched with a low peak, moderate spacing between the brows, and moderate brow-to-eye vertical distance. Eyes almond-shaped, moderate palpebral fissure length with a horizontal slant, average distance between inner corners relative to eye width, upper-lid crease double and moderate in height, moderate lid exposure, and average orbital depth. Nasal root moderate in width and depth, dorsum straight, bridge moderate in width, tip rounded with moderate projection and rotation, alar width moderate relative to intercanthal distance, alar flare moderate, and nostrils partially visible. Mouth width moderate relative to interpuptillary distance, upper-to-lower lip fullness ratio balanced, vermilion fullness moderate, cupid's bow defined, corners level, philtrum moderate in length and width with defined ridges, and visible upper dental alignment at rest. Ears average in size, moderate protrusion, helix rolled, antihelix defined, lobes free, and positioned level with the eye-nose line; persistent marks not discernible; captured in a medium close-up with a smiling expression, head slightly turned and tilted, indoor directional lighting against a blue gradient backdrop, and soft focus throughout.","Male-presenting middle-aged adult, with an oval facial shape, balanced thirds, and average facial depth; jawline with moderate definition, chin rounded and moderate in projection with a slight vertical height. Hairline M-shaped with temporal recession; eyebrows medium in thickness, soft-arched with a low peak, moderate spacing between the brows, and moderate brow-to-eye vertical distance. Eyes almond-shaped, moderate palpebral fissure length with a horizontal slant, average distance between inner corners relative to eye width, upper-lid crease double and moderate in height, moderate lid exposure, and average orbital depth. Nasal root moderate in width and depth, dorsum straight, bridge moderate in width, tip rounded with moderate projection and rotation, alar width moderate relative to intercanthal distance, alar flare moderate, and nostrils partially visible. Mouth width moderate relative to interpuptillary distance, upper-to-lower lip fullness ratio balanced, vermilion fullness moderate, cupid's bow defined, corners level, philtrum moderate in length and width with defined ridges, and visible upper dental alignment at rest. Ears average in size, moderate protrusion, helix rolled, antihelix defined, lobes free, and positioned level with the eye-nose line; persistent marks not discernible; captured in a medium close-up with a smiling expression, head slightly turned and tilted, indoor directional lighting against a blue gradient backdrop, and soft focus throughout.",205,205,305,305,True,True,0.9999998807907104,1,1.0,1,1,0.926159143447876,0.07384073734283447,50
minilm_l6,face::train::081413.jpg,face,train,081413.jpg,identity,builtin:identity,same,"Male-presenting older adult with an oblong facial shape, balanced thirds, and defined bone structure; high, moderately wide forehead with prominent horizontal creases; receding hairline at the temples; moderate brow ridge with low, soft-arched eyebrows; almond-shaped eyes with moderate upper-lid exposure and deep-set orbital depth; straight nasal bridge with a slightly downturned, bulbous tip and moderate alar width; medium-width mouth with thin lips and level corners; short philtrum with defined ridges; sharp jawline with moderate angularity and a rounded chin; moderate ear size with attached lobes positioned level with the eye-nose line; short grey hair styled back, short grey mustache above the upper lip, captured in a medium close-up with a slight upward head tilt against a dark background with red and white lettering.","Male-presenting older adult with an oblong facial shape, balanced thirds, and defined bone structure; high, moderately wide forehead with prominent horizontal creases; receding hairline at the temples; moderate brow ridge with low, soft-arched eyebrows; almond-shaped eyes with moderate upper-lid exposure and deep-set orbital depth; straight nasal bridge with a slightly downturned, bulbous tip and moderate alar width; medium-width mouth with thin lips and level corners; short philtrum with defined ridges; sharp jawline with moderate angularity and a rounded chin; moderate ear size with attached lobes positioned level with the eye-nose line; short grey hair styled back, short grey mustache above the upper lip, captured in a medium close-up with a slight upward head tilt against a dark background with red and white lettering.",123,123,171,171,False,False,1.0000001192092896,1,1.0,1,1,0.9199872016906738,0.08001291751861572,50
minilm_l6,face::train::137722.jpg,face,train,137722.jpg,identity,builtin:identity,same,"Female presentation, older adult, oval face shape with balanced vertical thirds and a moderate width-to-length ratio, soft tissue fullness distributed evenly across the cheeks and jawline; hairline occluded by headwear, straight bangs framing the forehead; thin, sparse eyebrows with a soft arch; almond-shaped eyes with moderate palpebral fissure length, average orbital depth, visible upper-lid creases, and average intercanthal distance; straight nasal dorsum, moderate bridge width, rounded tip with moderate projection, and average alar width; medium-thin lips with a defined cupid's bow, level corners, and a moderately short philtrum; smooth submental contour with mild vertical neck creases; ears occluded; captured in a medium close-up with soft front lighting, a slight downward camera angle, neutral expression, and wearing a textured white flat cap with a dark band.","Female presentation, older adult, oval face shape with balanced vertical thirds and a moderate width-to-length ratio, soft tissue fullness distributed evenly across the cheeks and jawline; hairline occluded by headwear, straight bangs framing the forehead; thin, sparse eyebrows with a soft arch; almond-shaped eyes with moderate palpebral fissure length, average orbital depth, visible upper-lid creases, and average intercanthal distance; straight nasal dorsum, moderate bridge width, rounded tip with moderate projection, and average alar width; medium-thin lips with a defined cupid's bow, level corners, and a moderately short philtrum; smooth submental contour with mild vertical neck creases; ears occluded; captured in a medium close-up with soft front lighting, a slight downward camera angle, neutral expression, and wearing a textured white flat cap with a dark band.",125,125,194,194,False,False,0.9999998807907104,1,1.0,1,1,0.9357656240463257,0.06423425674438477,50
minilm_l6,face::train::071174.jpg,face,train,071174.jpg,identity,builtin:identity,same,"Female presentation, young adult, oval face shape with balanced vertical thirds; rounded forehead contour with moderate brow ridge and narrow glabella; not discernible hairline due to head covering; soft-arched eyebrows with moderate thickness and a low peak; almond-shaped eyes with a slight upward canthal tilt, double upper-lid creases, and average orbital depth; straight nasal dorsum, medium bridge width, rounded tip with moderate projection, and wide alar flare; medium mouth width, upper-to-lower lip fullness ratio balanced, level corners, and narrow philtrum with defined ridges; smooth skin surface with a small dark mole on the forehead above the medial end of the right eyebrow; ears occluded by garment; captured in a close-up photograph with direct frontal lighting, a slight head tilt, a gentle smile, and colorful patterned garments framing the head.","Female presentation, young adult, oval face shape with balanced vertical thirds; rounded forehead contour with moderate brow ridge and narrow glabella; not discernible hairline due to head covering; soft-arched eyebrows with moderate thickness and a low peak; almond-shaped eyes with a slight upward canthal tilt, double upper-lid creases, and average orbital depth; straight nasal dorsum, medium bridge width, rounded tip with moderate projection, and wide alar flare; medium mouth width, upper-to-lower lip fullness ratio balanced, level corners, and narrow philtrum with defined ridges; smooth skin surface with a small dark mole on the forehead above the medial end of the right eyebrow; ears occluded by garment; captured in a close-up photograph with direct frontal lighting, a slight head tilt, a gentle smile, and colorful patterned garments framing the head.",129,129,183,183,False,False,0.9999998807907104,1,1.0,1,1,0.9357656240463257,0.06423425674438477,50
minilm_l6,face::train::166091.jpg,face,train,166091.jpg,identity,builtin:identity,same,"Male presentation, adult, oval face shape with balanced upper, middle, and lower thirds; moderate facial depth and balanced bone structure to soft tissue. Symmetrical features without prominent permanent structural asymmetries. M-shaped hairline with moderate temporal recession and average height on the forehead; brow ridge with moderate prominence and average glabella width. Soft-arched eyebrows with moderate density and length, moderate spacing between the brows, and a medium brow-to-eye vertical distance. Almond-shaped eyes with average palpebral fissure length, negligible canthal tilt, double upper-lid creases of moderate height, and average orbital depth. Straight nasal dorsum profile, medium bridge width, rounded tip shape with moderate projection and rotation, average alar width, and moderate alar flare. Medium mouth width with balanced upper-to-lower lip fullness, well-defined cupid's bow, level corner orientation, and short philtrum with defined ridges. Ears of average size relative to face height, moderate protrusion, rolled helices, and free lobes positioned level with the eye-nose line. Short dark hair styled upwards with stubble facial hair on the jawline and upper lip; captured in a direct frontal view with a closed-mouth smile under even lighting against a blue background with digital artifacts at the top.","Male presentation, adult, oval face shape with balanced upper, middle, and lower thirds; moderate facial depth and balanced bone structure to soft tissue. Symmetrical features without prominent permanent structural asymmetries. M-shaped hairline with moderate temporal recession and average height on the forehead; brow ridge with moderate prominence and average glabella width. Soft-arched eyebrows with moderate density and length, moderate spacing between the brows, and a medium brow-to-eye vertical distance. Almond-shaped eyes with average palpebral fissure length, negligible canthal tilt, double upper-lid creases of moderate height, and average orbital depth. Straight nasal dorsum profile, medium bridge width, rounded tip shape with moderate projection and rotation, average alar width, and moderate alar flare. Medium mouth width with balanced upper-to-lower lip fullness, well-defined cupid's bow, level corner orientation, and short philtrum with defined ridges. Ears of average size relative to face height, moderate protrusion, rolled helices, and free lobes positioned level with the eye-nose line. Short dark hair styled upwards with stubble facial hair on the jawline and upper lip; captured in a direct frontal view with a closed-mouth smile under even lighting against a blue background with digital artifacts at the top.",190,190,274,274,True,True,1.0,1,1.0,1,1,0.926159143447876,0.07384085655212402,50
minilm_l6,face::train::157804.jpg,face,train,157804.jpg,identity,builtin:identity,same,"Male presenting, older adult, with an oval face shape, balanced facial thirds, and a wide jawline relative to the cheekbones. The forehead is moderately high and gently rounded, featuring a receding hairline at the temples with light hair density. Eyebrows are thin, sparse, and lightly arched, positioned moderately high above the eyes. Eyes are almond-shaped with a slight upturn, average orbital depth, and visible upper-lid creases. The nose has a straight dorsum, moderate bridge width, and a rounded tip with visible nostrils. The mouth is wide with thin vermilion lips, an even fullness ratio, level corners, and upper dental show during a closed smile. The philtrum is defined with moderate ridge separation. Facial hair is clean-shaven. Ears are not visible due to crop and hair position. Persistent marks include a vertical crease on the left cheek and a prominent cleft chin. All features are captured in a forward-facing head pose with a closed-mouth smile, bright lighting, and visible compression artifacts.","Male presenting, older adult, with an oval face shape, balanced facial thirds, and a wide jawline relative to the cheekbones. The forehead is moderately high and gently rounded, featuring a receding hairline at the temples with light hair density. Eyebrows are thin, sparse, and lightly arched, positioned moderately high above the eyes. Eyes are almond-shaped with a slight upturn, average orbital depth, and visible upper-lid creases. The nose has a straight dorsum, moderate bridge width, and a rounded tip with visible nostrils. The mouth is wide with thin vermilion lips, an even fullness ratio, level corners, and upper dental show during a closed smile. The philtrum is defined with moderate ridge separation. Facial hair is clean-shaven. Ears are not visible due to crop and hair position. Persistent marks include a vertical crease on the left cheek and a prominent cleft chin. All features are captured in a forward-facing head pose with a closed-mouth smile, bright lighting, and visible compression artifacts.",160,160,215,215,False,False,1.0,1,1.0,1,1,0.8842441439628601,0.11575585603713989,50
minilm_l6,face::train::091980.jpg,face,train,091980.jpg,identity,builtin:identity,same,"Female-presenting middle-aged adult with an oval face shape, balanced facial thirds, and moderately prominent cheekbones; left eyebrow arches slightly higher than the right; center-parted dark brown hair with soft waves falling past the shoulders and temporal recession exposing a high forehead; eyebrows are medium thickness, soft-arched, and moderately spaced; eyes are almond-shaped with a slight upward slant, average orbital depth, and visible upper-lid creases; nose features a straight dorsum, moderate bridge width, rounded tip, and medium alar width; mouth has medium fullness, level corners, and a defined cupid's bow with upper teeth showing in a closed-smile; skin surface is smooth with no visible scars or marks; ears are not visible; captured in a head-on, frontal-view medium shot with bright indoor lighting, neutral expression, and slight softness in resolution.","Female-presenting middle-aged adult with an oval face shape, balanced facial thirds, and moderately prominent cheekbones; left eyebrow arches slightly higher than the right; center-parted dark brown hair with soft waves falling past the shoulders and temporal recession exposing a high forehead; eyebrows are medium thickness, soft-arched, and moderately spaced; eyes are almond-shaped with a slight upward slant, average orbital depth, and visible upper-lid creases; nose features a straight dorsum, moderate bridge width, rounded tip, and medium alar width; mouth has medium fullness, level corners, and a defined cupid's bow with upper teeth showing in a closed-smile; skin surface is smooth with no visible scars or marks; ears are not visible; captured in a head-on, frontal-view medium shot with bright indoor lighting, neutral expression, and slight softness in resolution.",128,128,181,181,False,False,1.0,1,1.0,1,1,0.9165589809417725,0.08344101905822754,50
minilm_l6,face::train::121281.jpg,face,train,121281.jpg,identity,builtin:identity,same,"Female presentation, young adult, oval face shape with balanced facial thirds and high cheekbones; not discernible asymmetries; rounded hairline with moderate temporal recession; medium-thick soft-arched eyebrows with lateral tapering; almond-shaped eyes with moderate palpebral fissure length, average canthal tilt, and visible double eyelids; straight nasal bridge, rounded tip, and moderate alar width; medium-width mouth with full lips, defined cupid's bow, and level corners; smooth skin texture with no visible permanent marks; ears not visible; captured in a medium close-up with soft studio lighting, straight-on head pose, neutral expression, and dark voluminous wavy hair.","Female presentation, young adult, oval face shape with balanced facial thirds and high cheekbones; not discernible asymmetries; rounded hairline with moderate temporal recession; medium-thick soft-arched eyebrows with lateral tapering; almond-shaped eyes with moderate palpebral fissure length, average canthal tilt, and visible double eyelids; straight nasal bridge, rounded tip, and moderate alar width; medium-width mouth with full lips, defined cupid's bow, and level corners; smooth skin texture with no visible permanent marks; ears not visible; captured in a medium close-up with soft studio lighting, straight-on head pose, neutral expression, and dark voluminous wavy hair.",93,93,146,146,False,False,0.9999999403953552,1,1.0,1,1,0.937176525592804,0.06282341480255127,50
minilm_l6,face::train::114832.jpg,face,train,114832.jpg,identity,builtin:identity,same,"Male presentation, young adult, oval face shape with balanced vertical thirds and moderately prominent cheekbones; forehead is medium height and width with a gently rounded contour; hairline is straight with slight temporal recession; eyebrows are thick, dark, and soft-arched with moderate spacing; eyes are almond-shaped with an average palpebral fissure length, level canthal tilt, and double eyelids; nose features a straight dorsum, medium bridge width, and a rounded tip with moderate projection; mouth is medium width with balanced vermilion fullness, a well-defined cupid's bow, and level corners; philtrum has moderate length with defined ridges; jawline is defined with a moderate angle flare and a rounded chin projection; facial hair consists of light stubble on the upper lip and chin; skin has a small mole on the right cheek near the mouth; ears are partially visible with free lobes; captured in a medium close-up with neutral expression and direct gaze under even lighting, featuring vertical artifact distortion on the neck region.","Male presentation, young adult, oval face shape with balanced vertical thirds and moderately prominent cheekbones; forehead is medium height and width with a gently rounded contour; hairline is straight with slight temporal recession; eyebrows are thick, dark, and soft-arched with moderate spacing; eyes are almond-shaped with an average palpebral fissure length, level canthal tilt, and double eyelids; nose features a straight dorsum, medium bridge width, and a rounded tip with moderate projection; mouth is medium width with balanced vermilion fullness, a well-defined cupid's bow, and level corners; philtrum has moderate length with defined ridges; jawline is defined with a moderate angle flare and a rounded chin projection; facial hair consists of light stubble on the upper lip and chin; skin has a small mole on the right cheek near the mouth; ears are partially visible with free lobes; captured in a medium close-up with neutral expression and direct gaze under even lighting, featuring vertical artifact distortion on the neck region.",160,160,212,212,False,False,0.9999998807907104,1,1.0,1,1,0.9475933313369751,0.05240654945373535,50
minilm_l6,face::train::090489.jpg,face,train,090489.jpg,identity,builtin:identity,same,"Female presentation, young adult, oval face shape with balanced vertical thirds and moderately defined bone structure; forehead moderately high and wide with a gently rounded profile; hairline rounded with slight temporal recession; cheekbones moderately prominent and average in width; jawline moderately defined with a rounded chin; eyebrows medium thickness, density, and length, with a soft-arched shape positioned close to the eyes; eyes almond-shaped with a slight upward slant, average intercanthal distance, and visible double eyelid creases; nose straight with a medium bridge width and a rounded tip; mouth of medium width with balanced vermilion fullness, level corners, and upper teeth visible at rest; ears of average size and protrusion with free lobes; short blonde hair pulled straight back from the face, captured in bright outdoor daylight with a neutral expression and a straight-on head pose.","Female presentation, young adult, oval face shape with balanced vertical thirds and moderately defined bone structure; forehead moderately high and wide with a gently rounded profile; hairline rounded with slight temporal recession; cheekbones moderately prominent and average in width; jawline moderately defined with a rounded chin; eyebrows medium thickness, density, and length, with a soft-arched shape positioned close to the eyes; eyes almond-shaped with a slight upward slant, average intercanthal distance, and visible double eyelid creases; nose straight with a medium bridge width and a rounded tip; mouth of medium width with balanced vermilion fullness, level corners, and upper teeth visible at rest; ears of average size and protrusion with free lobes; short blonde hair pulled straight back from the face, captured in bright outdoor daylight with a neutral expression and a straight-on head pose.",135,135,176,176,False,False,0.9999998807907104,1,1.0,1,1,0.9160932898521423,0.08390659093856812,50
minilm_l6,face::train::008309.jpg,face,train,008309.jpg,identity,builtin:identity,same,"Male, middle-aged adult, oblong face with a balanced upper, middle, and lower thirds, and moderate soft tissue over prominent bone structure; no visible facial asymmetries; receding hairline with deep temporal recession, and dark wavy hair; medium thickness eyebrows with a soft arch, moderate spacing, and standard brow-to-eye vertical distance; almond-shaped eyes with a neutral canthal tilt, average orbital depth, and defined upper-lid creases; straight nasal bridge of medium width, rounded tip with moderate projection, and narrow alar base; medium-width mouth with balanced lip fullness, level corners, and a defined philtrum with moderate ridges; light stubble on the upper lip and chin; smooth skin surface with no persistent marks; left ear partially occluded, right ear not visible; captured in a medium close-up with a slight head tilt and turn, hand resting near the temple, and vertical compression artifacts distorting the background.","Male, middle-aged adult, oblong face with a balanced upper, middle, and lower thirds, and moderate soft tissue over prominent bone structure; no visible facial asymmetries; receding hairline with deep temporal recession, and dark wavy hair; medium thickness eyebrows with a soft arch, moderate spacing, and standard brow-to-eye vertical distance; almond-shaped eyes with a neutral canthal tilt, average orbital depth, and defined upper-lid creases; straight nasal bridge of medium width, rounded tip with moderate projection, and narrow alar base; medium-width mouth with balanced lip fullness, level corners, and a defined philtrum with moderate ridges; light stubble on the upper lip and chin; smooth skin surface with no persistent marks; left ear partially occluded, right ear not visible; captured in a medium close-up with a slight head tilt and turn, hand resting near the temple, and vertical compression artifacts distorting the background.",140,140,202,202,False,False,0.9999999403953552,1,1.0,1,1,0.9213719367980957,0.07862800359725952,50
minilm_l6,face::train::129132.jpg,face,train,129132.jpg,identity,builtin:identity,same,"Male presentation, middle-aged adult, oval face shape with balanced upper, middle, and lower thirds, moderate facial depth, and prominent bone structure relative to soft tissue; forehead high and moderately wide with a gently rounded contour, prominent brow ridge, and moderate temple narrowing; hairline receding at the temples with a rounded central shape; cheekbones moderately wide with moderate projection and hollowing below, moderate nasolabial folds; lower face wide with a defined, slightly rounded jawline and a rounded chin with moderate projection; eyebrows medium in thickness, density, and length, soft-arched with lateral tapering and moderate spacing from the eyes; eyes almond-shaped with a moderate palpebral fissure length, average orbital depth, moderate upper-lid exposure, and visible under-eye fullness; nose straight-dorsumed with a moderate bridge width, rounded tip, and moderate alar width; mouth medium in width with balanced lip fullness, level corners, and a defined philtrum with moderate ridge definition; ears not visible; skin surface showing permanent creases across the forehead and around the eyes; captured in a medium-close headshot with soft frontal lighting, wearing thin-rimmed rectangular eyeglasses, a patterned collared shirt, and a dark jacket, displaying a neutral expression and direct gaze.","Male presentation, middle-aged adult, oval face shape with balanced upper, middle, and lower thirds, moderate facial depth, and prominent bone structure relative to soft tissue; forehead high and moderately wide with a gently rounded contour, prominent brow ridge, and moderate temple narrowing; hairline receding at the temples with a rounded central shape; cheekbones moderately wide with moderate projection and hollowing below, moderate nasolabial folds; lower face wide with a defined, slightly rounded jawline and a rounded chin with moderate projection; eyebrows medium in thickness, density, and length, soft-arched with lateral tapering and moderate spacing from the eyes; eyes almond-shaped with a moderate palpebral fissure length, average orbital depth, moderate upper-lid exposure, and visible under-eye fullness; nose straight-dorsumed with a moderate bridge width, rounded tip, and moderate alar width; mouth medium in width with balanced lip fullness, level corners, and a defined philtrum with moderate ridge definition; ears not visible; skin surface showing permanent creases across the forehead and around the eyes; captured in a medium-close headshot with soft frontal lighting, wearing thin-rimmed rectangular eyeglasses, a patterned collared shirt, and a dark jacket, displaying a neutral expression and direct gaze.",189,189,270,270,True,True,0.9999998807907104,1,1.0,1,1,0.9073907136917114,0.09260916709899902,50
minilm_l6,face::train::053065.jpg,face,train,053065.jpg,identity,builtin:identity,same,"Female-presenting middle-aged adult, oval face shape with balanced facial thirds and moderate soft tissue coverage; not discernible persistent asymmetries; hairline obscured by hair, forehead of moderate height and width; eyebrows thin, soft-arched, moderate spacing; eyes almond-shaped, medium palpebral fissure length, horizontal canthal tilt, double eyelids with moderate exposure; nose with straight dorsum, average root width, rounded tip, moderate alar width; mouth medium width, upper-to-lower lip fullness balanced, corners slightly upturned, moderate philtrum length with defined ridges, upper teeth visible at rest; facial hair not applicable; skin surface clear without prominent persistent marks; ears not discernible; captured in a medium close-up shot with direct front-facing pose, smiling expression, and direct gaze under indoor lighting against a blurred backdrop with partial hair occlusion.","Female-presenting middle-aged adult, oval face shape with balanced facial thirds and moderate soft tissue coverage; not discernible persistent asymmetries; hairline obscured by hair, forehead of moderate height and width; eyebrows thin, soft-arched, moderate spacing; eyes almond-shaped, medium palpebral fissure length, horizontal canthal tilt, double eyelids with moderate exposure; nose with straight dorsum, average root width, rounded tip, moderate alar width; mouth medium width, upper-to-lower lip fullness balanced, corners slightly upturned, moderate philtrum length with defined ridges, upper teeth visible at rest; facial hair not applicable; skin surface clear without prominent persistent marks; ears not discernible; captured in a medium close-up shot with direct front-facing pose, smiling expression, and direct gaze under indoor lighting against a blurred backdrop with partial hair occlusion.",121,121,189,189,False,False,1.0,1,1.0,1,1,0.9229016304016113,0.07709836959838867,50
minilm_l6,face::train::143554.jpg,face,train,143554.jpg,identity,builtin:identity,same,"Female presentation, young adult, oval face shape with balanced vertical thirds and moderately prominent cheekbones, forehead partially occluded by hair; hairline not discernible, eyebrows not discernible; eyes and periocular region occluded by sunglasses; nasal root narrow, straight dorsum, narrow bridge, tip narrow and slightly rounded, alar base narrow; mouth medium width with full vermilion lips, well-defined cupid's bow, level corners, philtrum with defined ridges; smooth skin with two small round dark moles on the left cheek below the outer corner of the eye; left earlobe visible with a dangling earring attached; featured against a purple patterned background with pink hair, a red heart-shaped headpiece, heavy red lipstick, black rectangular sunglasses, and frontal lighting with soft focus.","Female presentation, young adult, oval face shape with balanced vertical thirds and moderately prominent cheekbones, forehead partially occluded by hair; hairline not discernible, eyebrows not discernible; eyes and periocular region occluded by sunglasses; nasal root narrow, straight dorsum, narrow bridge, tip narrow and slightly rounded, alar base narrow; mouth medium width with full vermilion lips, well-defined cupid's bow, level corners, philtrum with defined ridges; smooth skin with two small round dark moles on the left cheek below the outer corner of the eye; left earlobe visible with a dangling earring attached; featured against a purple patterned background with pink hair, a red heart-shaped headpiece, heavy red lipstick, black rectangular sunglasses, and frontal lighting with soft focus.",116,116,171,171,False,False,1.0,1,1.0,1,1,0.8963958621025085,0.10360413789749146,50
minilm_l6,face::train::178182.jpg,face,train,178182.jpg,identity,builtin:identity,same,"Female presentation, young adult, oval face shape with balanced thirds and moderate facial depth; not discernible bone-to-soft-tissue balance due to soft lighting and angle; not discernible forehead contour due to hair occlusion; not visible hairline and hair; moderately thick, soft-arched eyebrows with a lateral peak and moderate brow-to-eye vertical distance; almond eyes with a slight upward canthal tilt, average palpebral fissure length, moderate upper-lid double crease, and average intercanthal distance; straight nasal dorsum, average root width, rounded tip with moderate projection, and narrow alar base; medium-width mouth with an even upper-to-lower fullness ratio, a defined cupid's bow, and level lip corners; not discernible philtrum; not visible facial hair; smooth skin surface with no persistent marks visible; not visible ears; captured in a close-up outdoor shot with soft, warm lighting, slight motion blur, and a shallow depth of field against a textured green background.","Female presentation, young adult, oval face shape with balanced thirds and moderate facial depth; not discernible bone-to-soft-tissue balance due to soft lighting and angle; not discernible forehead contour due to hair occlusion; not visible hairline and hair; moderately thick, soft-arched eyebrows with a lateral peak and moderate brow-to-eye vertical distance; almond eyes with a slight upward canthal tilt, average palpebral fissure length, moderate upper-lid double crease, and average intercanthal distance; straight nasal dorsum, average root width, rounded tip with moderate projection, and narrow alar base; medium-width mouth with an even upper-to-lower fullness ratio, a defined cupid's bow, and level lip corners; not discernible philtrum; not visible facial hair; smooth skin surface with no persistent marks visible; not visible ears; captured in a close-up outdoor shot with soft, warm lighting, slight motion blur, and a shallow depth of field against a textured green background.",143,143,221,221,False,False,1.0,1,1.0,1,1,0.9260674715042114,0.07393252849578857,50
minilm_l6,face::train::063618.jpg,face,train,063618.jpg,identity,builtin:identity,same,"Male-presenting older adult with an oblong facial shape, balanced thirds, and angular bone structure; high forehead with prominent brow ridges and deep temples; receding hairline with thin, light-colored hair swept backward; thin, light-colored, soft-arched eyebrows with lateral thinning; deep-set eyes with moderate palpebral fissure length, downward slant, and visible upper-lid creases; straight nasal dorsum, moderate bridge width, and a rounded tip; wide mouth with thin lips, level corners, and visible upper teeth; smooth jawline with a rounded chin and moderate vertical height; high cheekbones with moderate projection and deep nasolabial folds; ears positioned alongside the central face line with attached lobes; captured in a close-up outdoor medium shot with a smiling expression, head slightly turned, and soft natural lighting.","Male-presenting older adult with an oblong facial shape, balanced thirds, and angular bone structure; high forehead with prominent brow ridges and deep temples; receding hairline with thin, light-colored hair swept backward; thin, light-colored, soft-arched eyebrows with lateral thinning; deep-set eyes with moderate palpebral fissure length, downward slant, and visible upper-lid creases; straight nasal dorsum, moderate bridge width, and a rounded tip; wide mouth with thin lips, level corners, and visible upper teeth; smooth jawline with a rounded chin and moderate vertical height; high cheekbones with moderate projection and deep nasolabial folds; ears positioned alongside the central face line with attached lobes; captured in a close-up outdoor medium shot with a smiling expression, head slightly turned, and soft natural lighting.",119,119,174,174,False,False,1.0000001192092896,1,1.0,1,1,0.9161454439163208,0.08385467529296875,50
minilm_l6,face::train::089537.jpg,face,train,089537.jpg,identity,builtin:identity,same,"Female presentation, young adult, oval face shape with balanced vertical thirds; smooth forehead contour, moderate brow ridge, average glabella width, temples obscured by hair; hairline obscured by bangs; cheekbones moderately prominent with average fullness, shallow nasolabial folds; lower face tapering to a rounded chin with moderate projection; eyebrows medium in thickness, soft-arched, moderate spacing; eyes almond-shaped, horizontal palpebral fissure, average inner-corner distance, upward canthal tilt, double upper-lid crease, average orbital depth; nasal root medium width, straight dorsum profile, medium bridge width, bulbous tip shape, moderate tip projection and rotation, alar width proportional to inner eye corners, nostrils partially visible; mouth width proportional to inter-pupillary distance, upper-to-lower lip fullness ratio balanced with moderate vermilion fullness, defined cupid's bow, corner orientation level, philtrum short with defined ridges; ears occluded; no persistent marks or asymmetries visible; captured in a close-up shot with soft lighting, head slightly tilted and turned, neutral expression, and a plain light background.","Female presentation, young adult, oval face shape with balanced vertical thirds; smooth forehead contour, moderate brow ridge, average glabella width, temples obscured by hair; hairline obscured by bangs; cheekbones moderately prominent with average fullness, shallow nasolabial folds; lower face tapering to a rounded chin with moderate projection; eyebrows medium in thickness, soft-arched, moderate spacing; eyes almond-shaped, horizontal palpebral fissure, average inner-corner distance, upward canthal tilt, double upper-lid crease, average orbital depth; nasal root medium width, straight dorsum profile, medium bridge width, bulbous tip shape, moderate tip projection and rotation, alar width proportional to inner eye corners, nostrils partially visible; mouth width proportional to inter-pupillary distance, upper-to-lower lip fullness ratio balanced with moderate vermilion fullness, defined cupid's bow, corner orientation level, philtrum short with defined ridges; ears occluded; no persistent marks or asymmetries visible; captured in a close-up shot with soft lighting, head slightly tilted and turned, neutral expression, and a plain light background.",153,153,243,243,False,False,1.0,1,1.0,1,1,0.946850061416626,0.05314993858337402,50
minilm_l6,face::train::065762.jpg,face,train,065762.jpg,identity,builtin:identity,same,"Feminine-presenting adult, oval face shape with balanced upper, middle, and lower thirds, moderate facial depth, and strong bone structure relative to soft tissue; forehead height and width average, gently rounded contour in profile, moderate brow ridge, average glabella width, slight temple narrowing; hairline rounded with moderate temporal recession; cheekbones wide and high with moderate projection and fullness; lower-face width proportional to cheekbones, jaw angle moderately defined, continuous jawline, rounded chin with moderate projection; eyebrows medium-thick with soft arches, moderate spacing; eyes almond-shaped, moderate palpebral fissure, average intercanthal distance, slight upward canthal tilt, double upper-lid creases, average orbital depth; nasal root average, dorsum straight, bridge medium width, tip rounded with moderate projection, alar width proportional to inner eye corners, nostrils partially visible; mouth width moderate, upper and lower lips medium fullness, cupid's bow defined, corners level, philtrum average length with defined ridges, upper teeth visible at rest; ears not visible; skin surface smooth with no discernible persistent marks; captured in an outdoor setting with a slight upward head tilt, smiling expression, direct gaze, soft lighting, and low resolution with grain and compression artifacts.","Feminine-presenting adult, oval face shape with balanced upper, middle, and lower thirds, moderate facial depth, and strong bone structure relative to soft tissue; forehead height and width average, gently rounded contour in profile, moderate brow ridge, average glabella width, slight temple narrowing; hairline rounded with moderate temporal recession; cheekbones wide and high with moderate projection and fullness; lower-face width proportional to cheekbones, jaw angle moderately defined, continuous jawline, rounded chin with moderate projection; eyebrows medium-thick with soft arches, moderate spacing; eyes almond-shaped, moderate palpebral fissure, average intercanthal distance, slight upward canthal tilt, double upper-lid creases, average orbital depth; nasal root average, dorsum straight, bridge medium width, tip rounded with moderate projection, alar width proportional to inner eye corners, nostrils partially visible; mouth width moderate, upper and lower lips medium fullness, cupid's bow defined, corners level, philtrum average length with defined ridges, upper teeth visible at rest; ears not visible; skin surface smooth with no discernible persistent marks; captured in an outdoor setting with a slight upward head tilt, smiling expression, direct gaze, soft lighting, and low resolution with grain and compression artifacts.",182,182,264,264,True,True,1.0,1,1.0,1,1,0.9094433188438416,0.09055668115615845,50
minilm_l6,face::train::168471.jpg,face,train,168471.jpg,identity,builtin:identity,same,"Female presentation, adult, oval face shape with balanced upper, middle, and lower thirds; straight forehead contour with moderate height, prominent brow ridge, and gentle temple narrowing; rounded hairline with temporal recession; prominent cheekbones with moderate width and fullness; lower-face width proportional to cheekbones, defined jawline, and rounded chin with moderate projection; thick, soft-arched eyebrows with moderate length and spacing; almond-shaped eyes with moderate palpebral fissure length, positive canthal tilt, double upper-lid creases, average orbital depth, and moderate under-eye fullness; straight nasal dorsum, moderate bridge width, rounded tip with moderate projection, and narrow alar base; average mouth width, upper-to-lower lip fullness ratio favoring the lower lip, defined cupid's bow, level lip corners, and moderate philtrum length with defined ridges; attached earlobes positioned level with the eye-nose line; dark hair styled in loose waves with side-swept bangs, captured in a close-up shot with warm indoor lighting and the chin resting on a hand.","Female presentation, adult, oval face shape with balanced upper, middle, and lower thirds; straight forehead contour with moderate height, prominent brow ridge, and gentle temple narrowing; rounded hairline with temporal recession; prominent cheekbones with moderate width and fullness; lower-face width proportional to cheekbones, defined jawline, and rounded chin with moderate projection; thick, soft-arched eyebrows with moderate length and spacing; almond-shaped eyes with moderate palpebral fissure length, positive canthal tilt, double upper-lid creases, average orbital depth, and moderate under-eye fullness; straight nasal dorsum, moderate bridge width, rounded tip with moderate projection, and narrow alar base; average mouth width, upper-to-lower lip fullness ratio favoring the lower lip, defined cupid's bow, level lip corners, and moderate philtrum length with defined ridges; attached earlobes positioned level with the eye-nose line; dark hair styled in loose waves with side-swept bangs, captured in a close-up shot with warm indoor lighting and the chin resting on a hand.",151,151,229,229,False,False,0.9999999403953552,1,1.0,1,1,0.943394124507904,0.05660581588745117,50
minilm_l6,face::train::101485.jpg,face,train,101485.jpg,identity,builtin:identity,same,"Female presentation, young adult, oval face shape with balanced facial thirds; high, gently rounded forehead with moderate temple narrowing; prominent cheekbones and moderate cheek fullness; narrow lower face with a rounded chin; medium-thin eyebrows with soft arches set far above the eyes; almond-shaped eyes with a moderate upward slant, visible double eyelids, and average orbital depth; straight nose bridge with a rounded tip and narrow alar base; medium-width lips with balanced fullness and upturned corners; short, well-defined philtrum; smooth skin with no prominent permanent marks; large circular hoop earrings; styled voluminous layered brown hair swept to the side, wearing dark makeup, smiling with direct gaze, head turned slightly, under bright lighting against a light background.","Female presentation, young adult, oval face shape with balanced facial thirds; high, gently rounded forehead with moderate temple narrowing; prominent cheekbones and moderate cheek fullness; narrow lower face with a rounded chin; medium-thin eyebrows with soft arches set far above the eyes; almond-shaped eyes with a moderate upward slant, visible double eyelids, and average orbital depth; straight nose bridge with a rounded tip and narrow alar base; medium-width lips with balanced fullness and upturned corners; short, well-defined philtrum; smooth skin with no prominent permanent marks; large circular hoop earrings; styled voluminous layered brown hair swept to the side, wearing dark makeup, smiling with direct gaze, head turned slightly, under bright lighting against a light background.",115,115,155,155,False,False,0.9999999403953552,1,1.0,1,1,0.9100459814071655,0.0899539589881897,50
minilm_l6,face::train::023736.jpg,face,train,023736.jpg,identity,builtin:identity,same,"Male presentation, middle-aged adult, oval face shape with balanced upper, middle, and lower thirds, moderate facial depth, and strong bone structure relative to soft tissue; forehead of average height and width with a gently rounded profile and subtle brow ridge prominence; hairline set moderately low with balanced temporal recession; prominent cheekbones with moderate zygomatic flare and slight cheek hollowing; lower-face width proportional to cheekbones, defined continuous jawline, and rounded chin with moderate projection; thick, dark, soft-arched eyebrows with moderate length and spacing; almond-shaped eyes with a slight positive canthal tilt, average orbital depth, and visible double upper-lid creases; straight nasal dorsum, moderate bridge width, rounded tip, and average alar width with moderate flare; lips of medium fullness with level corners and a well-defined cupid's bow on a medium-length philtrum; ears with free lobes positioned normally relative to the eye-nose line; short, dense beard and mustache covering the lower jaw and upper lip; short, wavy dark brown hair styled messy on top, captured in a medium-close portrait with a slightly turned head, smiling expression, outdoor lighting, and soft focus on the blurred background.","Male presentation, middle-aged adult, oval face shape with balanced upper, middle, and lower thirds, moderate facial depth, and strong bone structure relative to soft tissue; forehead of average height and width with a gently rounded profile and subtle brow ridge prominence; hairline set moderately low with balanced temporal recession; prominent cheekbones with moderate zygomatic flare and slight cheek hollowing; lower-face width proportional to cheekbones, defined continuous jawline, and rounded chin with moderate projection; thick, dark, soft-arched eyebrows with moderate length and spacing; almond-shaped eyes with a slight positive canthal tilt, average orbital depth, and visible double upper-lid creases; straight nasal dorsum, moderate bridge width, rounded tip, and average alar width with moderate flare; lips of medium fullness with level corners and a well-defined cupid's bow on a medium-length philtrum; ears with free lobes positioned normally relative to the eye-nose line; short, dense beard and mustache covering the lower jaw and upper lip; short, wavy dark brown hair styled messy on top, captured in a medium-close portrait with a slightly turned head, smiling expression, outdoor lighting, and soft focus on the blurred background.",182,182,253,253,False,False,1.0,1,1.0,1,1,0.9422919750213623,0.057708024978637695,50
minilm_l6,face::train::063708.jpg,face,train,063708.jpg,identity,builtin:identity,same,"Male presentation, adult, oval face shape with balanced upper, middle, and lower thirds; moderate bone structure prominence relative to soft tissue; forehead of medium height and width with a gently rounded profile and moderate brow ridge; hairline with a low center and slight temporal recession; cheekbones of average width and moderate projection; lower face with a rounded chin and moderate jawline definition; eyebrows of medium thickness, density, and length with a soft arch; almond-shaped eyes with a neutral palpebral fissure slant and medium upper-lid crease; nose with a straight dorsum, medium bridge width, and rounded tip; mouth of medium width with balanced vermilion fullness and level corners; ears of medium size with free lobes; short dark hair styled forward, wearing a white shirt under natural daylight with a slight head turn and a neutral expression.","Male presentation, adult, oval face shape with balanced upper, middle, and lower thirds; moderate bone structure prominence relative to soft tissue; forehead of medium height and width with a gently rounded profile and moderate brow ridge; hairline with a low center and slight temporal recession; cheekbones of average width and moderate projection; lower face with a rounded chin and moderate jawline definition; eyebrows of medium thickness, density, and length with a soft arch; almond-shaped eyes with a neutral palpebral fissure slant and medium upper-lid crease; nose with a straight dorsum, medium bridge width, and rounded tip; mouth of medium width with balanced vermilion fullness and level corners; ears of medium size with free lobes; short dark hair styled forward, wearing a white shirt under natural daylight with a slight head turn and a neutral expression.",135,135,174,174,False,False,1.0,1,1.0,1,1,0.930325984954834,0.06967401504516602,50
minilm_l6,face::train::138886.jpg,face,train,138886.jpg,identity,builtin:identity,same,"Woman, young adult, with an oval face shape, balanced facial thirds, and high cheekbones projecting moderately with a moderate amount of soft tissue. Forehead height is average, forehead contour is gently rounded, brow ridge is moderately prominent, glabella width is average, and temple narrowing is not discernible due to hair occlusion. Hairline is rounded with moderate temporal recession and high forehead placement. Eyebrows are medium thickness and density, soft-arched with lateral tails angling downward, and positioned at a moderate distance above the eyes. Eyes are almond-shaped, medium palpebral fissure length with an upward slant, average intercanthal distance, positive canthal tilt, double upper-lid creases of moderate height, moderate lid exposure, average orbital depth, and slight under-eye fullness. Nasal root width is average, nasal dorsum is straight with a moderate bridge width and length, tip is rounded with average projection and rotation, alar width is proportional to the intercanthal distance, alar flare is moderate, and nostrils are partially visible. Mouth width is moderate relative to the pupillary distance, upper-to-lower lip fullness ratio is balanced with moderate vermilion fullness, cupid's bow is moderately defined, and mouth corners are level. Chin is rounded with moderate vertical height and projection. Ears are not visible. Skin surface texture is smooth without persistent marks. Shown with long dark hair, a direct sideways gaze, a neutral expression, head turned to the side, and noticeable digital distortion stretching the upper background vertically.","Woman, young adult, with an oval face shape, balanced facial thirds, and high cheekbones projecting moderately with a moderate amount of soft tissue. Forehead height is average, forehead contour is gently rounded, brow ridge is moderately prominent, glabella width is average, and temple narrowing is not discernible due to hair occlusion. Hairline is rounded with moderate temporal recession and high forehead placement. Eyebrows are medium thickness and density, soft-arched with lateral tails angling downward, and positioned at a moderate distance above the eyes. Eyes are almond-shaped, medium palpebral fissure length with an upward slant, average intercanthal distance, positive canthal tilt, double upper-lid creases of moderate height, moderate lid exposure, average orbital depth, and slight under-eye fullness. Nasal root width is average, nasal dorsum is straight with a moderate bridge width and length, tip is rounded with average projection and rotation, alar width is proportional to the intercanthal distance, alar flare is moderate, and nostrils are partially visible. Mouth width is moderate relative to the pupillary distance, upper-to-lower lip fullness ratio is balanced with moderate vermilion fullness, cupid's bow is moderately defined, and mouth corners are level. Chin is rounded with moderate vertical height and projection. Ears are not visible. Skin surface texture is smooth without persistent marks. Shown with long dark hair, a direct sideways gaze, a neutral expression, head turned to the side, and noticeable digital distortion stretching the upper background vertically.",233,233,320,320,True,True,1.0,1,1.0,1,1,0.951667308807373,0.04833269119262695,50
minilm_l6,face::train::149220.jpg,face,train,149220.jpg,identity,builtin:identity,same,"Male-presenting adult, oval face shape, balanced thirds, moderate bone structure with balanced soft tissue; hairline and forehead largely occluded by accessories; eyebrows thin, soft-arched, moderate spacing; eyes almond-shaped, moderate palpebral fissure, average orbital depth, upper-lid creases present; nose straight dorsum, medium bridge width, rounded tip, moderate alar width; mouth medium width, upper-to-lower lip fullness balanced, corners level, philtrum with defined ridges; short facial hair stubble on upper lip and chin; ears not visible; captured in a close-up indoor shot with a neutral expression, head slightly turned, wearing a yellow headband and a white towel draped over the head.","Male-presenting adult, oval face shape, balanced thirds, moderate bone structure with balanced soft tissue; hairline and forehead largely occluded by accessories; eyebrows thin, soft-arched, moderate spacing; eyes almond-shaped, moderate palpebral fissure, average orbital depth, upper-lid creases present; nose straight dorsum, medium bridge width, rounded tip, moderate alar width; mouth medium width, upper-to-lower lip fullness balanced, corners level, philtrum with defined ridges; short facial hair stubble on upper lip and chin; ears not visible; captured in a close-up indoor shot with a neutral expression, head slightly turned, wearing a yellow headband and a white towel draped over the head.",98,98,156,156,False,False,0.9999999403953552,1,1.0,1,1,0.9243068099021912,0.07569313049316406,50
minilm_l6,face::train::060309.jpg,face,train,060309.jpg,identity,builtin:identity,same,"Male presentation, older adult, round face shape with balanced vertical thirds, prominent soft tissue relative to bone structure, high and rounded forehead with a strongly convex profile, receding hairline with hair present only at the temples and back of the head. Eyebrows thin and sparse, arched, with wide spacing. Eyes almond-shaped, moderate palpebral fissure length, average orbital depth, upper lids partially obscured by frames. Nose with straight dorsum, wide bridge, bulbous tip, moderate alar width, and flaring nostrils. Mouth wide relative to pupil distance, thin upper lip and fuller lower lip, upturned corners, visible upper teeth at rest, medium-length philtrum with well-defined ridges. Skin with permanent horizontal forehead creases and prominent nasolabial folds, ears not discernible, wearing dark-rimmed rectangular eyeglasses and a striped dark shirt, shown in a smiling expression with direct gaze under indoor lighting and slight blur.","Male presentation, older adult, round face shape with balanced vertical thirds, prominent soft tissue relative to bone structure, high and rounded forehead with a strongly convex profile, receding hairline with hair present only at the temples and back of the head. Eyebrows thin and sparse, arched, with wide spacing. Eyes almond-shaped, moderate palpebral fissure length, average orbital depth, upper lids partially obscured by frames. Nose with straight dorsum, wide bridge, bulbous tip, moderate alar width, and flaring nostrils. Mouth wide relative to pupil distance, thin upper lip and fuller lower lip, upturned corners, visible upper teeth at rest, medium-length philtrum with well-defined ridges. Skin with permanent horizontal forehead creases and prominent nasolabial folds, ears not discernible, wearing dark-rimmed rectangular eyeglasses and a striped dark shirt, shown in a smiling expression with direct gaze under indoor lighting and slight blur.",139,139,200,200,False,False,0.9999999403953552,1,1.0,1,1,0.921622633934021,0.07837730646133423,50
minilm_l6,face::train::025692.jpg,face,train,025692.jpg,identity,builtin:identity,same,"Woman presenting as an adult with an oval face shape and balanced upper, middle, and lower thirds; gently rounded forehead, moderate brow ridge, and average glabella width; moderate cheekbone width with smooth contours; tapering jawline to a rounded chin; eyebrows of medium thickness, soft-arched shape, and moderate spacing; almond-shaped eyes with a neutral canthal tilt, average palpebral fissure length, and visible double upper-lid creases; straight nasal dorsum of medium width, moderate tip projection, and narrow alar base; mouth of average width with medium lip fullness, level corners, and a defined philtrum; ears occluded by hair; captured in a front-facing portrait with soft indoor lighting, neutral expression, and a soft-textured hairstyle with wispy bangs.","Woman presenting as an adult with an oval face shape and balanced upper, middle, and lower thirds; gently rounded forehead, moderate brow ridge, and average glabella width; moderate cheekbone width with smooth contours; tapering jawline to a rounded chin; eyebrows of medium thickness, soft-arched shape, and moderate spacing; almond-shaped eyes with a neutral canthal tilt, average palpebral fissure length, and visible double upper-lid creases; straight nasal dorsum of medium width, moderate tip projection, and narrow alar base; mouth of average width with medium lip fullness, level corners, and a defined philtrum; ears occluded by hair; captured in a front-facing portrait with soft indoor lighting, neutral expression, and a soft-textured hairstyle with wispy bangs.",113,113,176,176,False,False,1.0,1,1.0,1,1,0.9053501486778259,0.09464985132217407,50
minilm_l6,face::train::060555.jpg,face,train,060555.jpg,identity,builtin:identity,same,"Male presentation, middle-aged adult, oval face shape with balanced upper, middle, and lower thirds, moderate facial depth, and balanced bone structure to soft tissue; forehead high and wide with a gently rounded contour and moderate brow ridge prominence; hairline receding at the temples with a rounded frontal shape; cheekbones moderately wide and prominent with average fullness; lower-face width proportional to cheekbones, with a defined jawline and a rounded chin; eyebrows medium thickness and density, soft-arched, moderately spaced; eyes almond-shaped, average palpebral fissure length, moderate canthal tilt, double upper-lid crease, average orbital depth; nose with a straight dorsum, medium bridge, rounded tip, moderate alar width, and visible nostrils; mouth with medium width, thin upper vermilion and medium lower vermilion, level corners, and a distinct philtrum with moderate ridges; ears partially occluded; short dark hair styled backward, clean-shaven, captured in a straight-on head pose with neutral expression and soft lighting against a plain background.","Male presentation, middle-aged adult, oval face shape with balanced upper, middle, and lower thirds, moderate facial depth, and balanced bone structure to soft tissue; forehead high and wide with a gently rounded contour and moderate brow ridge prominence; hairline receding at the temples with a rounded frontal shape; cheekbones moderately wide and prominent with average fullness; lower-face width proportional to cheekbones, with a defined jawline and a rounded chin; eyebrows medium thickness and density, soft-arched, moderately spaced; eyes almond-shaped, average palpebral fissure length, moderate canthal tilt, double upper-lid crease, average orbital depth; nose with a straight dorsum, medium bridge, rounded tip, moderate alar width, and visible nostrils; mouth with medium width, thin upper vermilion and medium lower vermilion, level corners, and a distinct philtrum with moderate ridges; ears partially occluded; short dark hair styled backward, clean-shaven, captured in a straight-on head pose with neutral expression and soft lighting against a plain background.",152,152,224,224,False,False,1.0000001192092896,1,1.0,1,1,0.9405787587165833,0.0594213604927063,50
minilm_l6,face::train::150659.jpg,face,train,150659.jpg,identity,builtin:identity,same,"Female presentation, young adult, oval face shape with balanced vertical thirds; high forehead with a gentle contour, moderate brow ridge, medium glabella width, slight temple narrowing; receding hairline at the temples with a rounded central peak; medium-width cheekbones with moderate projection, average midface length, shallow nasolabial folds; moderate lower-face width, defined jawline and continuous contour, rounded chin with moderate vertical height; soft-arched eyebrows with a high arch peak, medium thickness and density, moderate spacing; almond-shaped eyes, moderate palpebral fissure length, level canthal tilt, double upper-lid crease, average orbital depth; straight nasal dorsum, medium bridge width, rounded tip with moderate projection, moderate alar width, visible nostrils; medium mouth width, upper-to-lower lip fullness ratio balanced, vermilion full, well-defined cupid's bow, level lip corners, short philtrum with defined ridges; average-sized ears with a rolled helix and free lobes, positioned level with the eye-nose line; no persistent marks or asymmetries visible; captured in a studio setting with dark background, head turned and tilted upward, wearing dark lipstick, dangling earrings, and a light-colored garment, under directional lighting.","Female presentation, young adult, oval face shape with balanced vertical thirds; high forehead with a gentle contour, moderate brow ridge, medium glabella width, slight temple narrowing; receding hairline at the temples with a rounded central peak; medium-width cheekbones with moderate projection, average midface length, shallow nasolabial folds; moderate lower-face width, defined jawline and continuous contour, rounded chin with moderate vertical height; soft-arched eyebrows with a high arch peak, medium thickness and density, moderate spacing; almond-shaped eyes, moderate palpebral fissure length, level canthal tilt, double upper-lid crease, average orbital depth; straight nasal dorsum, medium bridge width, rounded tip with moderate projection, moderate alar width, visible nostrils; medium mouth width, upper-to-lower lip fullness ratio balanced, vermilion full, well-defined cupid's bow, level lip corners, short philtrum with defined ridges; average-sized ears with a rolled helix and free lobes, positioned level with the eye-nose line; no persistent marks or asymmetries visible; captured in a studio setting with dark background, head turned and tilted upward, wearing dark lipstick, dangling earrings, and a light-colored garment, under directional lighting.",172,172,268,268,True,True,1.0,1,1.0,1,1,0.9358165860176086,0.06418341398239136,50
minilm_l6,face::train::026996.jpg,face,train,026996.jpg,identity,builtin:identity,same,"Female presentation, middle-aged adult, oval face shape with balanced upper, middle, and lower thirds, moderate facial depth, and soft tissue fullness conforming closely to the underlying bone structure; forehead moderately high and gently rounded, temples full; hairline rounded with moderate temporal recession; cheekbones prominent and wide relative to the lower face, midface average in length with shallow nasolabial folds; jawline smooth and continuous, jaw angle rounded, chin rounded with moderate projection and vertical height; eyebrows medium in thickness and density, soft-arched with medial spacing equal to one eye width, positioned moderately high above the eyes; eyes almond-shaped, moderate palpebral fissure length with a slight upward slant, average intercanthal distance, canthal tilt neutral, upper-lid crease double and well-defined, lid exposure moderate, orbital depth average, under-eye fullness smooth; nasal root medium in width and depth, dorsum straight, bridge medium in width, tip rounded with moderate projection and rotation, alar width equal to intercanthal distance, alar flare slight, nostrils partially visible, columella show moderate; mouth width equal to interocular distance, upper-to-lower lip fullness ratio balanced with moderate vermilion height, cupid's bow moderately defined, corners level, philtrum average in length and width with distinct ridges, upper teeth visible at rest; ears average in size, free lobes, positioned level with the eye-nose line; captured in an upward-angled medium close-up view with dim directional lighting, a slight head turn to the right and tilt backward, a speaking expression, open mouth, and a small wireless microphone attached near the right cheek.","Female presentation, middle-aged adult, oval face shape with balanced upper, middle, and lower thirds, moderate facial depth, and soft tissue fullness conforming closely to the underlying bone structure; forehead moderately high and gently rounded, temples full; hairline rounded with moderate temporal recession; cheekbones prominent and wide relative to the lower face, midface average in length with shallow nasolabial folds; jawline smooth and continuous, jaw angle rounded, chin rounded with moderate projection and vertical height; eyebrows medium in thickness and density, soft-arched with medial spacing equal to one eye width, positioned moderately high above the eyes; eyes almond-shaped, moderate palpebral fissure length with a slight upward slant, average intercanthal distance, canthal tilt neutral, upper-lid crease double and well-defined, lid exposure moderate, orbital depth average, under-eye fullness smooth; nasal root medium in width and depth, dorsum straight, bridge medium in width, tip rounded with moderate projection and rotation, alar width equal to intercanthal distance, alar flare slight, nostrils partially visible, columella show moderate; mouth width equal to interocular distance, upper-to-lower lip fullness ratio balanced with moderate vermilion height, cupid's bow moderately defined, corners level, philtrum average in length and width with distinct ridges, upper teeth visible at rest; ears average in size, free lobes, positioned level with the eye-nose line; captured in an upward-angled medium close-up view with dim directional lighting, a slight head turn to the right and tilt backward, a speaking expression, open mouth, and a small wireless microphone attached near the right cheek.",244,244,350,350,True,True,1.0000001192092896,1,1.0,1,1,0.9220300912857056,0.07797002792358398,50
minilm_l6,face::train::082954.jpg,face,train,082954.jpg,identity,builtin:identity,same,"Female presentation, young adult, heart-shaped face with balanced upper and middle thirds and a tapering lower third; moderately high forehead with a gently rounded contour, prominent brow ridges, moderate glabella width, and slight temple narrowing; hairline partially obscured by side-swept bangs parted on the right side; medium-width cheekbones with moderate projection and fullness; jawline narrowing smoothly to a rounded chin with moderate projection; thick, soft-arched eyebrows with a lateral peak and moderate spacing; almond-shaped eyes with a slight upward canthal tilt, moderate palpebral fissure length, average orbital depth, and defined upper-lid creases; straight nasal dorsum, moderate bridge width, rounded tip with moderate projection, and narrow alar base; medium-width mouth with thin upper lip and moderately full lower lip, level corners, and a short philtrum with well-defined ridges; ears not visible; dark wavy hair worn down with side-swept bangs; captured in a close-up frontal view with soft lighting and a neutral expression.","Female presentation, young adult, heart-shaped face with balanced upper and middle thirds and a tapering lower third; moderately high forehead with a gently rounded contour, prominent brow ridges, moderate glabella width, and slight temple narrowing; hairline partially obscured by side-swept bangs parted on the right side; medium-width cheekbones with moderate projection and fullness; jawline narrowing smoothly to a rounded chin with moderate projection; thick, soft-arched eyebrows with a lateral peak and moderate spacing; almond-shaped eyes with a slight upward canthal tilt, moderate palpebral fissure length, average orbital depth, and defined upper-lid creases; straight nasal dorsum, moderate bridge width, rounded tip with moderate projection, and narrow alar base; medium-width mouth with thin upper lip and moderately full lower lip, level corners, and a short philtrum with well-defined ridges; ears not visible; dark wavy hair worn down with side-swept bangs; captured in a close-up frontal view with soft lighting and a neutral expression.",151,151,218,218,False,False,0.9999999403953552,1,1.0,1,1,0.943394124507904,0.05660581588745117,50
minilm_l6,face::train::042973.jpg,face,train,042973.jpg,identity,builtin:identity,same,"Female presentation, young adult, oval face shape with balanced vertical thirds and moderate soft tissue coverage over smooth bone structure; forehead height and contour not discernible due to occlusion by hair; midface presenting gently rounded cheekbones and smooth infraorbital contours with shallow nasolabial folds; lower face featuring a continuous, moderately defined jawline and a rounded chin with a shallow mentolabial sulcus; eyebrows thin, soft-arched, and positioned at a moderate distance above the eyes; eyes almond-shaped, medium palpebral fissure length, with a slight upward canthal tilt and visible double upper-lid creases, set at an average orbital depth; nose with a straight dorsum, medium bridge width, and a rounded tip of moderate projection, paired with narrow, partially visible alar bases; mouth medium in width with balanced upper and lower lip fullness, defined cupid's bow, level lip corners, and a smooth philtrum with soft ridge definition; ears not visible; persistent marks and asymmetries not discernible; captured in an upward-angled medium close-up with soft, bright indoor lighting, low-contrast tonality, and strands of brown hair partially obscuring the forehead and left eye region while the head is tilted back and turned to the side in a relaxed expression.","Female presentation, young adult, oval face shape with balanced vertical thirds and moderate soft tissue coverage over smooth bone structure; forehead height and contour not discernible due to occlusion by hair; midface presenting gently rounded cheekbones and smooth infraorbital contours with shallow nasolabial folds; lower face featuring a continuous, moderately defined jawline and a rounded chin with a shallow mentolabial sulcus; eyebrows thin, soft-arched, and positioned at a moderate distance above the eyes; eyes almond-shaped, medium palpebral fissure length, with a slight upward canthal tilt and visible double upper-lid creases, set at an average orbital depth; nose with a straight dorsum, medium bridge width, and a rounded tip of moderate projection, paired with narrow, partially visible alar bases; mouth medium in width with balanced upper and lower lip fullness, defined cupid's bow, level lip corners, and a smooth philtrum with soft ridge definition; ears not visible; persistent marks and asymmetries not discernible; captured in an upward-angled medium close-up with soft, bright indoor lighting, low-contrast tonality, and strands of brown hair partially obscuring the forehead and left eye region while the head is tilted back and turned to the side in a relaxed expression.",193,193,278,278,True,True,1.0,1,1.0,1,1,0.9123598337173462,0.08764016628265381,50
minilm_l6,face::train::092618.jpg,face,train,092618.jpg,identity,builtin:identity,same,"Male presentation, young adult, oval face shape with balanced vertical thirds and moderately defined bone structure; forehead moderately high with gently rounded contour; cheekbones average in width and projection; lower face width proportionate to cheekbones with a defined jawline and rounded chin; hairline obscured by hair; eyebrows medium in thickness, soft-arched, and moderately spaced; eyes almond-shaped, medium palpebral fissure length, with a neutral canthal tilt and visible upper-lid crease; nose with a straight dorsum, medium bridge width, and rounded tip; mouth medium in width with thin upper and lower lips, level corners, and upper teeth showing in a smile; facial hair consisting of light stubble along the jawline and chin; ears with free lobes and a metal ring piercing in the left lobe; all captured with soft indoor lighting, short tousled light brown hair, direct gaze, and a slight head tilt.","Male presentation, young adult, oval face shape with balanced vertical thirds and moderately defined bone structure; forehead moderately high with gently rounded contour; cheekbones average in width and projection; lower face width proportionate to cheekbones with a defined jawline and rounded chin; hairline obscured by hair; eyebrows medium in thickness, soft-arched, and moderately spaced; eyes almond-shaped, medium palpebral fissure length, with a neutral canthal tilt and visible upper-lid crease; nose with a straight dorsum, medium bridge width, and rounded tip; mouth medium in width with thin upper and lower lips, level corners, and upper teeth showing in a smile; facial hair consisting of light stubble along the jawline and chin; ears with free lobes and a metal ring piercing in the left lobe; all captured with soft indoor lighting, short tousled light brown hair, direct gaze, and a slight head tilt.",141,141,189,189,False,False,1.0,1,1.0,1,1,0.930325984954834,0.06967401504516602,50
minilm_l6,face::train::073196.jpg,face,train,073196.jpg,identity,builtin:identity,same,"Male-presenting adult, oblong face shape, balanced facial thirds with prominent bone structure and moderate soft tissue coverage; straight hairline with moderate temporal recession, high forehead, gently rounded profile, moderate brow ridge, average glabella width; moderate cheekbone projection, medium-length midface, shallow nasolabial folds; lower-face width proportional to cheekbones, defined continuous jawline with moderate angle flare, rounded chin with moderate vertical height and projection; thick, medium-length, soft-arched eyebrows with lateral thinning, moderate interbrow spacing; almond-shaped eyes with average palpebral fissure length, slight upward canthal tilt, double upper-lid crease, average orbital depth; straight nasal dorsum, average bridge width, rounded tip with moderate projection and rotation, medium alar width with slight flare; medium mouth width, upper-to-lower lip fullness ratio balanced, level lip corners, short philtrum with defined ridges, upper teeth visible at rest; average-sized ears with free lobes positioned level with the eye-nose line; short dark hairstyle with textured styling, light stubble on jaw and chin, smiling expression, forward gaze, slight head turn, bright indoor lighting, soft focus, and medium-resolution crop.","Male-presenting adult, oblong face shape, balanced facial thirds with prominent bone structure and moderate soft tissue coverage; straight hairline with moderate temporal recession, high forehead, gently rounded profile, moderate brow ridge, average glabella width; moderate cheekbone projection, medium-length midface, shallow nasolabial folds; lower-face width proportional to cheekbones, defined continuous jawline with moderate angle flare, rounded chin with moderate vertical height and projection; thick, medium-length, soft-arched eyebrows with lateral thinning, moderate interbrow spacing; almond-shaped eyes with average palpebral fissure length, slight upward canthal tilt, double upper-lid crease, average orbital depth; straight nasal dorsum, average bridge width, rounded tip with moderate projection and rotation, medium alar width with slight flare; medium mouth width, upper-to-lower lip fullness ratio balanced, level lip corners, short philtrum with defined ridges, upper teeth visible at rest; average-sized ears with free lobes positioned level with the eye-nose line; short dark hairstyle with textured styling, light stubble on jaw and chin, smiling expression, forward gaze, slight head turn, bright indoor lighting, soft focus, and medium-resolution crop.",167,167,259,259,True,True,1.0,1,1.0,1,1,0.9263758659362793,0.0736241340637207,50
minilm_l6,face::train::178129.jpg,face,train,178129.jpg,identity,builtin:identity,same,"Female presentation, middle-aged adult, oval face shape with balanced facial thirds and a moderately wide jawline; no persistent asymmetries visible; natural hairline with a rounded shape and moderate temporal recession; thin, soft-arched eyebrows with a high arch peak position; almond-shaped eyes with a neutral canthal tilt, double upper-lid creases, and moderate lid exposure; narrow nasal root, straight dorsum, narrow bridge, and a rounded tip with moderate projection; medium-width mouth with thin upper and lower lips, level corners, and visible upper teeth; smooth skin surface with no discernible persistent marks; free ear lobes wearing drop earrings; captured in a medium shot with a three-quarter turn, smiling expression, and warm indoor lighting.","Female presentation, middle-aged adult, oval face shape with balanced facial thirds and a moderately wide jawline; no persistent asymmetries visible; natural hairline with a rounded shape and moderate temporal recession; thin, soft-arched eyebrows with a high arch peak position; almond-shaped eyes with a neutral canthal tilt, double upper-lid creases, and moderate lid exposure; narrow nasal root, straight dorsum, narrow bridge, and a rounded tip with moderate projection; medium-width mouth with thin upper and lower lips, level corners, and visible upper teeth; smooth skin surface with no discernible persistent marks; free ear lobes wearing drop earrings; captured in a medium shot with a three-quarter turn, smiling expression, and warm indoor lighting.",110,110,158,158,False,False,1.0000001192092896,1,1.0,1,1,0.937176525592804,0.0628235936164856,50
minilm_l6,face::train::123459.jpg,face,train,123459.jpg,identity,builtin:identity,same,"Male-presenting adult, oval face shape with balanced vertical thirds; high forehead with a rounded hairline, moderate temporal recession; prominent brow ridge, straight eyebrows with moderate density; almond-shaped eyes, moderate palpebral fissure, slight upward slant, defined double eyelid creases, average orbital depth; straight nasal dorsum, moderate bridge width, rounded tip with moderate projection, average alar width; medium-thickness lips with a defined cupid's bow, level mouth corners, short philtrum with distinct ridges; narrow jawline, rounded chin with moderate projection; short dark facial hair styled as a thin mustache and stubble along the jaw; short dark hair; ears not discernible; captured in a medium close-up with direct flash lighting, neutral expression, and a slight downward head tilt against a dark background.","Male-presenting adult, oval face shape with balanced vertical thirds; high forehead with a rounded hairline, moderate temporal recession; prominent brow ridge, straight eyebrows with moderate density; almond-shaped eyes, moderate palpebral fissure, slight upward slant, defined double eyelid creases, average orbital depth; straight nasal dorsum, moderate bridge width, rounded tip with moderate projection, average alar width; medium-thickness lips with a defined cupid's bow, level mouth corners, short philtrum with distinct ridges; narrow jawline, rounded chin with moderate projection; short dark facial hair styled as a thin mustache and stubble along the jaw; short dark hair; ears not discernible; captured in a medium close-up with direct flash lighting, neutral expression, and a slight downward head tilt against a dark background.",118,118,172,172,False,False,1.0,1,1.0,1,1,0.9460440278053284,0.05395597219467163,50
minilm_l6,face::train::088914.jpg,face,train,088914.jpg,identity,builtin:identity,same,"Male presentation, adult, oval face shape, balanced upper, middle, and lower thirds, moderate soft tissue covering over prominent bone structure; rounded forehead contour with a receding hairline; prominent cheekbones with moderate fullness; lower-face width proportional to cheekbones, defined jawline, rounded chin with moderate projection; eyebrows not visible due to eyewear; eyes occluded by dark sunglasses; straight nose dorsum, moderate bridge width, rounded tip with moderate projection, average alar width; lips of moderate fullness with level corners, philtrum with defined ridges; thin mustache and goatee facial hair style; ears partially occluded; captured in a medium close-up shot with a hand saluting near the head, wearing dark sunglasses, under indoor lighting against a plain light background.","Male presentation, adult, oval face shape, balanced upper, middle, and lower thirds, moderate soft tissue covering over prominent bone structure; rounded forehead contour with a receding hairline; prominent cheekbones with moderate fullness; lower-face width proportional to cheekbones, defined jawline, rounded chin with moderate projection; eyebrows not visible due to eyewear; eyes occluded by dark sunglasses; straight nose dorsum, moderate bridge width, rounded tip with moderate projection, average alar width; lips of moderate fullness with level corners, philtrum with defined ridges; thin mustache and goatee facial hair style; ears partially occluded; captured in a medium close-up shot with a hand saluting near the head, wearing dark sunglasses, under indoor lighting against a plain light background.",114,114,164,164,False,False,1.0,1,1.0,1,1,0.9243068099021912,0.07569319009780884,50
minilm_l6,face::train::141457.jpg,face,train,141457.jpg,identity,builtin:identity,same,"Male-presenting middle-aged adult, oval face shape with balanced upper, middle, and lower thirds, and moderate soft tissue depth; forehead of medium height with a gently rounded profile; hairline receding evenly at the temples; thin, sparse eyebrows with a soft arch; almond-shaped eyes with a neutral canthal tilt and visible upper-lid creases; straight nose with a medium bridge and rounded tip; mouth of moderate width with thin vermilion lips and level corners; short hair styled forward, clean-shaven face, wearing round glasses with yellow-tinted lenses, high-collared dark outerwear, a ring on the finger resting against the cheek, captured in a close-up with motion blur and heavy compression artifacts stretching the top edge of the frame.","Male-presenting middle-aged adult, oval face shape with balanced upper, middle, and lower thirds, and moderate soft tissue depth; forehead of medium height with a gently rounded profile; hairline receding evenly at the temples; thin, sparse eyebrows with a soft arch; almond-shaped eyes with a neutral canthal tilt and visible upper-lid creases; straight nose with a medium bridge and rounded tip; mouth of moderate width with thin vermilion lips and level corners; short hair styled forward, clean-shaven face, wearing round glasses with yellow-tinted lenses, high-collared dark outerwear, a ring on the finger resting against the cheek, captured in a close-up with motion blur and heavy compression artifacts stretching the top edge of the frame.",113,113,159,159,False,False,0.9999998807907104,1,1.0,1,1,0.9050123691558838,0.09498751163482666,50
minilm_l6,face::train::001042.jpg,face,train,001042.jpg,identity,builtin:identity,same,"Feminine-presenting adult, oval face shape with balanced upper, middle, and lower thirds, moderate soft tissue coverage over distinct bone structure; hairline rounded with slight temporal recession; eyebrows medium in thickness with a soft arch, moderate spacing, and moderate brow-to-eye vertical distance; almond-shaped eyes with a slight upward slant, average orbital depth, visible upper-lid crease, and under-eye fullness; nose with a straight dorsum, medium bridge width, rounded tip, average projection, and moderate alar width; mouth with lips of moderate fullness, cupid's bow defined, corners level, philtrum with defined ridges, and teeth partially occluded by a finger; ears not discernible; skin clear with no prominent persistent marks; captured in a close-up portrait with soft lighting, head turned slightly, a hand partially occluding the lower face, and a neutral expression.","Feminine-presenting adult, oval face shape with balanced upper, middle, and lower thirds, moderate soft tissue coverage over distinct bone structure; hairline rounded with slight temporal recession; eyebrows medium in thickness with a soft arch, moderate spacing, and moderate brow-to-eye vertical distance; almond-shaped eyes with a slight upward slant, average orbital depth, visible upper-lid crease, and under-eye fullness; nose with a straight dorsum, medium bridge width, rounded tip, average projection, and moderate alar width; mouth with lips of moderate fullness, cupid's bow defined, corners level, philtrum with defined ridges, and teeth partially occluded by a finger; ears not discernible; skin clear with no prominent persistent marks; captured in a close-up portrait with soft lighting, head turned slightly, a hand partially occluding the lower face, and a neutral expression.",127,127,192,192,False,False,1.0,1,1.0,1,1,0.9154684543609619,0.08453154563903809,50
minilm_l6,face::train::032580.jpg,face,train,032580.jpg,identity,builtin:identity,same,"Male-presenting adult, oblong face with balanced vertical thirds and prominent bone structure, high and broad forehead with a gently rounded profile, slight temporal narrowing, high M-shaped hairline with deep temporal recession, prominent brow ridges with minimal spacing between the brows, medium-thick soft-arched eyebrows with lateral tails sloping downward, almond-shaped eyes with a moderate upper-lid crease and average orbital depth, straight nasal bridge with a high nasal root and a slightly bulbous tip, moderate alar width, thin lips with a level mouth corner orientation, shallow philtrum with well-defined ridges, moderate jaw angle sharpness with a strong, continuous jawline, rounded chin with moderate vertical height and a slight central indentation, moderate-sized free-lobed ears positioned level with the eye-nose line, short dark wavy hair styled away from the forehead, clean-shaven face with light stubble on the upper lip, captured in a frontal medium shot with even indoor lighting and a neutral expression.","Male-presenting adult, oblong face with balanced vertical thirds and prominent bone structure, high and broad forehead with a gently rounded profile, slight temporal narrowing, high M-shaped hairline with deep temporal recession, prominent brow ridges with minimal spacing between the brows, medium-thick soft-arched eyebrows with lateral tails sloping downward, almond-shaped eyes with a moderate upper-lid crease and average orbital depth, straight nasal bridge with a high nasal root and a slightly bulbous tip, moderate alar width, thin lips with a level mouth corner orientation, shallow philtrum with well-defined ridges, moderate jaw angle sharpness with a strong, continuous jawline, rounded chin with moderate vertical height and a slight central indentation, moderate-sized free-lobed ears positioned level with the eye-nose line, short dark wavy hair styled away from the forehead, clean-shaven face with light stubble on the upper lip, captured in a frontal medium shot with even indoor lighting and a neutral expression.",149,149,204,204,False,False,0.9999999403953552,1,1.0,1,1,0.9255455136299133,0.0744544267654419,50
minilm_l6,face::train::109762.jpg,face,train,109762.jpg,identity,builtin:identity,same,"Male-presenting middle-aged adult with an oblong facial shape and balanced upper, middle, and lower thirds; straight forehead, prominent brow ridge, moderate temple narrowing, high receding hairline with deep temporal recession, moderate cheekbone projection with slight hollowing, narrow jawline with a defined jaw and a rounded chin. Eyebrows are thin, sparse, and straight-arched with moderate spacing and high vertical distance to the eyes. Eyes are almond-shaped with a medium palpebral fissure, moderate intercanthal distance, horizontal canthal tilt, visible double upper-lid crease, average orbital depth, and moderate under-eye fullness. Nose features a straight dorsum, narrow bridge, rounded tip with moderate projection, moderate alar width, and visible nostrils. Mouth has moderate width, thin upper and lower lips with level corners, defined cupid's bow, and a short philtrum with well-defined ridges showing upper teeth at rest. Ears are average size with attached lobes and moderate protrusion. Skin shows permanent horizontal forehead creases and nasolabial folds; variable features include short wavy light brown hair styled upwards, a smiling expression with direct forward gaze, outdoors lighting, and a shallow depth of field.","Male-presenting middle-aged adult with an oblong facial shape and balanced upper, middle, and lower thirds; straight forehead, prominent brow ridge, moderate temple narrowing, high receding hairline with deep temporal recession, moderate cheekbone projection with slight hollowing, narrow jawline with a defined jaw and a rounded chin. Eyebrows are thin, sparse, and straight-arched with moderate spacing and high vertical distance to the eyes. Eyes are almond-shaped with a medium palpebral fissure, moderate intercanthal distance, horizontal canthal tilt, visible double upper-lid crease, average orbital depth, and moderate under-eye fullness. Nose features a straight dorsum, narrow bridge, rounded tip with moderate projection, moderate alar width, and visible nostrils. Mouth has moderate width, thin upper and lower lips with level corners, defined cupid's bow, and a short philtrum with well-defined ridges showing upper teeth at rest. Ears are average size with attached lobes and moderate protrusion. Skin shows permanent horizontal forehead creases and nasolabial folds; variable features include short wavy light brown hair styled upwards, a smiling expression with direct forward gaze, outdoors lighting, and a shallow depth of field.",176,176,254,254,False,False,1.0,1,1.0,1,1,0.9290781021118164,0.0709218978881836,50
minilm_l6,face::test::189457.jpg,face,test,189457.jpg,identity,builtin:identity,same,"Male, young adult, oval face shape with balanced upper, middle, and lower thirds; moderate bone structure to soft tissue balance; forehead of medium height and width with a gently rounded profile, moderate brow ridge, average glabella width, and slight temporal narrowing; hairline with a rounded shape and moderate temporal recession; prominent cheekbones of medium width and height, average midface length, shallow nasolabial folds, and smooth infraorbital contours; lower face tapering slightly from the cheekbones, with a continuous, well-defined jawline, rounded chin of moderate projection, and a shallow mentolabial sulcus; eyebrows of medium thickness, density, and length, with soft-arched shape, moderate spacing, and average brow-to-eye vertical distance; almond-shaped eyes with a moderate palpebral fissure length, minimal canthal tilt, double upper-lid creases of medium height, average lid exposure, average orbital depth, and smooth under-eye fullness; nasal root of medium width and depth, straight dorsum, bridge of average width, rounded tip, moderate tip projection, moderate alar width, and visible nostrils; mouth of moderate width relative to pupil distance, upper-to-lower lip fullness ratio balanced with moderate vermilion fullness, defined cupid's bow, upturned corners, and a medium-length philtrum with well-defined ridges; short facial stubble along the jawline; skin surface clear without persistent marks; ears not discernible; captured in a slightly low-resolution, close-up photograph with warm lighting, slight motion blur, a slight head turn to the right, and a smiling expression.","Male, young adult, oval face shape with balanced upper, middle, and lower thirds; moderate bone structure to soft tissue balance; forehead of medium height and width with a gently rounded profile, moderate brow ridge, average glabella width, and slight temporal narrowing; hairline with a rounded shape and moderate temporal recession; prominent cheekbones of medium width and height, average midface length, shallow nasolabial folds, and smooth infraorbital contours; lower face tapering slightly from the cheekbones, with a continuous, well-defined jawline, rounded chin of moderate projection, and a shallow mentolabial sulcus; eyebrows of medium thickness, density, and length, with soft-arched shape, moderate spacing, and average brow-to-eye vertical distance; almond-shaped eyes with a moderate palpebral fissure length, minimal canthal tilt, double upper-lid creases of medium height, average lid exposure, average orbital depth, and smooth under-eye fullness; nasal root of medium width and depth, straight dorsum, bridge of average width, rounded tip, moderate tip projection, moderate alar width, and visible nostrils; mouth of moderate width relative to pupil distance, upper-to-lower lip fullness ratio balanced with moderate vermilion fullness, defined cupid's bow, upturned corners, and a medium-length philtrum with well-defined ridges; short facial stubble along the jawline; skin surface clear without persistent marks; ears not discernible; captured in a slightly low-resolution, close-up photograph with warm lighting, slight motion blur, a slight head turn to the right, and a smiling expression.",225,225,348,348,True,True,1.0,1,1.0,1,1,0.9245288968086243,0.07547110319137573,50
minilm_l6,face::test::186223.jpg,face,test,186223.jpg,identity,builtin:identity,same,"Female presentation, adult, oval face shape with balanced upper, middle, and lower thirds; soft tissue balance moderate with smooth contours, forehead height moderate and gently rounded, brow ridge subtle, glabella average width, temples full; hairline obscured by bangs, dark hair styled up with loose side strands; eyebrows medium thickness and density, soft-arched with medial spacing and moderate vertical distance to eyes; eyes almond-shaped, horizontal palpebral fissures, average intercanthal distance, neutral canthal tilt, upper lids with visible creases, moderate orbital depth, under-eye fullness smooth; nose with average root width, straight dorsum, medium bridge width, rounded tip with moderate projection, alar base proportional to inner eye corners, nostrils partially visible; mouth medium width with upper-to-lower lip fullness ratio balanced, vermilion full, cupid's bow defined, corners slightly upturned, philtrum with defined ridges; facial hair none; skin smooth with no prominent persistent marks; ears not discernible; captured in a close-up shot with warm indoor lighting, wearing a tiara, veil, necklace, and a slight smiling expression with head turned slightly to the left.","Female presentation, adult, oval face shape with balanced upper, middle, and lower thirds; soft tissue balance moderate with smooth contours, forehead height moderate and gently rounded, brow ridge subtle, glabella average width, temples full; hairline obscured by bangs, dark hair styled up with loose side strands; eyebrows medium thickness and density, soft-arched with medial spacing and moderate vertical distance to eyes; eyes almond-shaped, horizontal palpebral fissures, average intercanthal distance, neutral canthal tilt, upper lids with visible creases, moderate orbital depth, under-eye fullness smooth; nose with average root width, straight dorsum, medium bridge width, rounded tip with moderate projection, alar base proportional to inner eye corners, nostrils partially visible; mouth medium width with upper-to-lower lip fullness ratio balanced, vermilion full, cupid's bow defined, corners slightly upturned, philtrum with defined ridges; facial hair none; skin smooth with no prominent persistent marks; ears not discernible; captured in a close-up shot with warm indoor lighting, wearing a tiara, veil, necklace, and a slight smiling expression with head turned slightly to the left.",168,168,254,254,False,False,1.0,1,1.0,1,1,0.946850061416626,0.05314993858337402,50
minilm_l6,face::test::185812.jpg,face,test,185812.jpg,identity,builtin:identity,same,"Male-presenting adult, round face shape with balanced vertical thirds, broad forehead with slight temporal recession, prominent brow ridge, moderate temple narrowing; hairline receding at the temples, irregular M-shaped pattern; eyebrows moderately thick, straight, spaced apart; eyes almond-shaped, horizontal palpebral fissure, average orbital depth, upper-lid crease visible; nose with straight dorsum, medium bridge width, rounded tip with moderate projection, alar width proportional to inner eye corners; mouth of medium width, thin upper lip, slightly fuller lower lip, level corners, shallow philtrum with soft ridges; jawline moderately defined with rounded chin and smooth submental contour; ears of average size with free lobes, positioned level with the eye-nose line; short dark hair styled upward, thin facial hair growth along the jawline, wearing thin-metal-frame eyeglasses, captured in low-key lighting with a neutral expression.","Male-presenting adult, round face shape with balanced vertical thirds, broad forehead with slight temporal recession, prominent brow ridge, moderate temple narrowing; hairline receding at the temples, irregular M-shaped pattern; eyebrows moderately thick, straight, spaced apart; eyes almond-shaped, horizontal palpebral fissure, average orbital depth, upper-lid crease visible; nose with straight dorsum, medium bridge width, rounded tip with moderate projection, alar width proportional to inner eye corners; mouth of medium width, thin upper lip, slightly fuller lower lip, level corners, shallow philtrum with soft ridges; jawline moderately defined with rounded chin and smooth submental contour; ears of average size with free lobes, positioned level with the eye-nose line; short dark hair styled upward, thin facial hair growth along the jawline, wearing thin-metal-frame eyeglasses, captured in low-key lighting with a neutral expression.",129,129,194,194,False,False,0.9999998807907104,1,1.0,1,1,0.9460440278053284,0.05395585298538208,50
minilm_l6,face::test::189858.jpg,face,test,189858.jpg,identity,builtin:identity,same,"Woman, young adult, oval face with balanced thirds and moderate soft tissue coverage over distinct bone structure; forehead height and width are not discernible due to hair obscuring the upper region; cheekbones moderate in width and projection with smooth contours; lower face tapering to a rounded chin with moderate projection and a shallow mentolabial sulcus; eyebrows partially obscured by hair, showing a soft-arched shape and moderate thickness; eyes almond-shaped, medium palpebral fissure length with a neutral canthal tilt, moderate upper-lid exposure with visible double creases, and average orbital depth; nose with a straight dorsum, medium bridge width, rounded tip with moderate projection, and average alar width; mouth open with moderate lip fullness, level corners, and defined cupid's bow; ears mostly occluded by hair; skin surface clear without persistent marks; captured in an uncalibrated indoor flash photograph with the head turned and tilted upward, showing a surprised expression with parted lips and voluminous curly reddish-brown hair styled with bangs across the forehead.","Woman, young adult, oval face with balanced thirds and moderate soft tissue coverage over distinct bone structure; forehead height and width are not discernible due to hair obscuring the upper region; cheekbones moderate in width and projection with smooth contours; lower face tapering to a rounded chin with moderate projection and a shallow mentolabial sulcus; eyebrows partially obscured by hair, showing a soft-arched shape and moderate thickness; eyes almond-shaped, medium palpebral fissure length with a neutral canthal tilt, moderate upper-lid exposure with visible double creases, and average orbital depth; nose with a straight dorsum, medium bridge width, rounded tip with moderate projection, and average alar width; mouth open with moderate lip fullness, level corners, and defined cupid's bow; ears mostly occluded by hair; skin surface clear without persistent marks; captured in an uncalibrated indoor flash photograph with the head turned and tilted upward, showing a surprised expression with parted lips and voluminous curly reddish-brown hair styled with bangs across the forehead.",161,161,227,227,False,False,0.9999998807907104,1,1.0,1,1,0.8960306644439697,0.10396921634674072,50
minilm_l6,face::test::183801.jpg,face,test,183801.jpg,identity,builtin:identity,same,"Woman, adult, oval face shape with balanced vertical thirds, moderate cheekbone width, and defined jawline; no persistent asymmetries visible; rounded hairline pulled backward with moderate temporal recession; medium-thick, soft-arched eyebrows with a lateral peak and moderate spacing; almond-shaped eyes with a slight upward slant, moderate palpebral fissure length, double eyelids with visible upper lid exposure, and average orbital depth; straight nasal dorsum, medium bridge width, rounded tip with moderate projection, and visible nostrils; medium mouth width, upper-to-lower lip fullness ratio near even, defined cupid's bow, and level lip corners; no facial hair; smooth skin surface without visible permanent marks; average-sized ears with free lobes and visible small stud earrings; shown in a low-angle shot with a slight head tilt upward, neutral expression, and directional lighting from the upper left.","Woman, adult, oval face shape with balanced vertical thirds, moderate cheekbone width, and defined jawline; no persistent asymmetries visible; rounded hairline pulled backward with moderate temporal recession; medium-thick, soft-arched eyebrows with a lateral peak and moderate spacing; almond-shaped eyes with a slight upward slant, moderate palpebral fissure length, double eyelids with visible upper lid exposure, and average orbital depth; straight nasal dorsum, medium bridge width, rounded tip with moderate projection, and visible nostrils; medium mouth width, upper-to-lower lip fullness ratio near even, defined cupid's bow, and level lip corners; no facial hair; smooth skin surface without visible permanent marks; average-sized ears with free lobes and visible small stud earrings; shown in a low-angle shot with a slight head tilt upward, neutral expression, and directional lighting from the upper left.",129,129,189,189,False,False,1.0000001192092896,1,1.0,1,1,0.9206733107566833,0.0793268084526062,50
minilm_l6,face::test::188858.jpg,face,test,188858.jpg,identity,builtin:identity,same,"Woman, young adult, oval face shape with balanced facial thirds and moderate soft tissue. Not discernible asymmetry; rounded hairline with moderate temporal recession; medium-thick, soft-arched eyebrows with lateral thinning; almond-shaped eyes with moderate palpebral fissure length, slight upward canthal tilt, and visible double upper-lid creases; straight nasal dorsum, moderate bridge width, rounded tip with average projection, and average alar width; medium mouth width, upper-to-lower lip fullness ratio balanced with moderate vermilion height, well-defined cupid's bow, upturned corners, and visible upper teeth during a smiling expression; not discernible facial hair; smooth skin without prominent marks; ears partially occluded; captured in a close-up indoor shot with direct flash lighting, a slight head turn to the right, a wide smile, and overlaid text across the frame.","Woman, young adult, oval face shape with balanced facial thirds and moderate soft tissue. Not discernible asymmetry; rounded hairline with moderate temporal recession; medium-thick, soft-arched eyebrows with lateral thinning; almond-shaped eyes with moderate palpebral fissure length, slight upward canthal tilt, and visible double upper-lid creases; straight nasal dorsum, moderate bridge width, rounded tip with average projection, and average alar width; medium mouth width, upper-to-lower lip fullness ratio balanced with moderate vermilion height, well-defined cupid's bow, upturned corners, and visible upper teeth during a smiling expression; not discernible facial hair; smooth skin without prominent marks; ears partially occluded; captured in a close-up indoor shot with direct flash lighting, a slight head turn to the right, a wide smile, and overlaid text across the frame.",123,123,197,197,False,False,0.9999998807907104,1,1.0,1,1,0.9144300818443298,0.08556979894638062,50
minilm_l6,face::test::196777.jpg,face,test,196777.jpg,identity,builtin:identity,same,"Male-presenting young adult with an oval face shape, balanced thirds, and moderate soft tissue coverage over prominent bone structure; forehead height is medium with a gently rounded contour and moderate brow ridge prominence; hairline is rounded with slight temporal recession; cheekbones are wide and moderately projecting with average fullness; lower-face width is broad with a strong, square jawline, well-defined jaw angle, and a rounded chin with moderate projection; eyebrows are thick, dense, and straight with a low vertical distance to the eyes; eyes are almond-shaped with a medium palpebral fissure length, level canthal tilt, and visible double upper-lid crease; nose has a straight dorsum, medium bridge width, bulbous tip with moderate projection, and narrow alar base; mouth has medium width, even lip fullness, level corners, and a defined cupid's bow above a medium-length philtrum with distinct ridges; facial hair consists of short stubble covering the upper lip, chin, and jawline; ears have free lobes and are positioned slightly above the eye-nose line; captured in a close-up three-quarter view with soft lighting and a neutral expression against a red and white patterned background, with noticeable lens distortion compressing the upper left background.","Male-presenting young adult with an oval face shape, balanced thirds, and moderate soft tissue coverage over prominent bone structure; forehead height is medium with a gently rounded contour and moderate brow ridge prominence; hairline is rounded with slight temporal recession; cheekbones are wide and moderately projecting with average fullness; lower-face width is broad with a strong, square jawline, well-defined jaw angle, and a rounded chin with moderate projection; eyebrows are thick, dense, and straight with a low vertical distance to the eyes; eyes are almond-shaped with a medium palpebral fissure length, level canthal tilt, and visible double upper-lid crease; nose has a straight dorsum, medium bridge width, bulbous tip with moderate projection, and narrow alar base; mouth has medium width, even lip fullness, level corners, and a defined cupid's bow above a medium-length philtrum with distinct ridges; facial hair consists of short stubble covering the upper lip, chin, and jawline; ears have free lobes and are positioned slightly above the eye-nose line; captured in a close-up three-quarter view with soft lighting and a neutral expression against a red and white patterned background, with noticeable lens distortion compressing the upper left background.",191,191,262,262,True,True,1.0,1,1.0,1,1,0.9475933313369751,0.0524066686630249,50
minilm_l6,face::test::184003.jpg,face,test,184003.jpg,identity,builtin:identity,same,"Male, young adult, oval face shape with balanced facial thirds and moderate soft tissue coverage. Forehead height is medium with a gently rounded profile and slight temple narrowing. Hairline is rounded with low temporal recession and moderate height on the forehead. Cheekbones have average width and moderate projection, midface length is medium, and nasolabial folds are shallow. Lower face width is proportional to the cheekbones, with a continuous jawline, rounded chin of moderate projection, and a shallow mentolabial sulcus. Eyebrows are medium in thickness and density with a soft arch, moderate spacing, and standard brow-to-eye vertical distance. Eyes are almond-shaped with a slight upward canthal tilt, moderate palpebral fissure length, average intercanthal distance, visible double upper-lid creases, and average orbital depth. Nasal root is medium in width, dorsum is straight, bridge is medium in width, tip is rounded with moderate projection, alar width is proportional to the inner eye corners, and nostrils are partially visible with a moderate columella show. Mouth width is moderate relative to the pupils, lips have medium fullness with a defined cupid's bow, and mouth corners are slightly upturned. Philtrum is moderate in length with defined ridges. Facial hair is clean-shaven. Ears are average in size with free lobes and are positioned in line with the eye-nose region; captured in a close-up crop with slight upward head tilt, neutral expression, and digital distortion artifacts on the left side and top.","Male, young adult, oval face shape with balanced facial thirds and moderate soft tissue coverage. Forehead height is medium with a gently rounded profile and slight temple narrowing. Hairline is rounded with low temporal recession and moderate height on the forehead. Cheekbones have average width and moderate projection, midface length is medium, and nasolabial folds are shallow. Lower face width is proportional to the cheekbones, with a continuous jawline, rounded chin of moderate projection, and a shallow mentolabial sulcus. Eyebrows are medium in thickness and density with a soft arch, moderate spacing, and standard brow-to-eye vertical distance. Eyes are almond-shaped with a slight upward canthal tilt, moderate palpebral fissure length, average intercanthal distance, visible double upper-lid creases, and average orbital depth. Nasal root is medium in width, dorsum is straight, bridge is medium in width, tip is rounded with moderate projection, alar width is proportional to the inner eye corners, and nostrils are partially visible with a moderate columella show. Mouth width is moderate relative to the pupils, lips have medium fullness with a defined cupid's bow, and mouth corners are slightly upturned. Philtrum is moderate in length with defined ridges. Facial hair is clean-shaven. Ears are average in size with free lobes and are positioned in line with the eye-nose region; captured in a close-up crop with slight upward head tilt, neutral expression, and digital distortion artifacts on the left side and top.",234,234,317,317,True,True,1.0,1,1.0,1,1,0.951667308807373,0.04833269119262695,50
minilm_l6,face::test::201409.jpg,face,test,201409.jpg,identity,builtin:identity,same,"Male-presenting young adult, oval face shape with balanced upper, middle, and lower thirds, moderate facial depth, and strong bone structure relative to soft tissue; forehead moderately high and wide with gentle rounding, prominent brow ridges, and slight temple narrowing; receding hairline with temporal recession; eyebrows thick, dense, and soft-arched with moderate spacing; almond-shaped eyes with moderate palpebral fissure length, average orbital depth, and visible upper-lid creases; nasal root medium width, straight dorsum, rounded tip, and medium alar width; mouth medium width with balanced vermilion fullness, defined cupid's bow, and level corners; short facial stubble on cheeks, jaw, and chin; ears partially visible with free lobes; captured in a head-and-shoulders portrait with a turned pose, direct gaze, neutral expression, and severe digital glitch artifacts distorting the top of the frame.","Male-presenting young adult, oval face shape with balanced upper, middle, and lower thirds, moderate facial depth, and strong bone structure relative to soft tissue; forehead moderately high and wide with gentle rounding, prominent brow ridges, and slight temple narrowing; receding hairline with temporal recession; eyebrows thick, dense, and soft-arched with moderate spacing; almond-shaped eyes with moderate palpebral fissure length, average orbital depth, and visible upper-lid creases; nasal root medium width, straight dorsum, rounded tip, and medium alar width; mouth medium width with balanced vermilion fullness, defined cupid's bow, and level corners; short facial stubble on cheeks, jaw, and chin; ears partially visible with free lobes; captured in a head-and-shoulders portrait with a turned pose, direct gaze, neutral expression, and severe digital glitch artifacts distorting the top of the frame.",129,129,196,196,False,False,1.0,1,1.0,1,1,0.9134034514427185,0.0865965485572815,50
minilm_l6,face::test::196611.jpg,face,test,196611.jpg,identity,builtin:identity,same,"Woman, adult, oval face shape with balanced facial thirds and prominent cheekbones. Forehead of moderate height with a gently rounded contour, slight temple narrowing, and a straight hairline with minor temporal recession. Eyebrows medium in thickness, soft-arched with lateral tails angling downward. Almond-shaped eyes with a slight upward canthal tilt, moderate palpebral fissure length, and visible double eyelid creases. Nose with a straight dorsum, medium-width bridge, and rounded tip. Mouth with moderate vermilion fullness, upturned corners, and visible upper teeth. Jawline defined with a moderate angle flare and a rounded chin. Ears mostly occluded by hair. Skin smooth with no visible persistent marks. Captured in a medium-close shot with bright indoor lighting, head turned slightly to the left, wearing a smiling expression, with long reddish-brown hair and a linked metal necklace.","Woman, adult, oval face shape with balanced facial thirds and prominent cheekbones. Forehead of moderate height with a gently rounded contour, slight temple narrowing, and a straight hairline with minor temporal recession. Eyebrows medium in thickness, soft-arched with lateral tails angling downward. Almond-shaped eyes with a slight upward canthal tilt, moderate palpebral fissure length, and visible double eyelid creases. Nose with a straight dorsum, medium-width bridge, and rounded tip. Mouth with moderate vermilion fullness, upturned corners, and visible upper teeth. Jawline defined with a moderate angle flare and a rounded chin. Ears mostly occluded by hair. Skin smooth with no visible persistent marks. Captured in a medium-close shot with bright indoor lighting, head turned slightly to the left, wearing a smiling expression, with long reddish-brown hair and a linked metal necklace.",131,131,189,189,False,False,0.9999998807907104,1,1.0,1,1,0.8779735565185547,0.12202632427215576,50
minilm_l6,face::train::170623.jpg,face,train,170623.jpg,summary_10w,gemini:gemini-3.1-flash-lite:recovered-ac117c33c6ff,information_reduced,"Male-presenting middle-aged adult, with an oval facial shape, balanced thirds, and average facial depth; jawline with moderate definition, chin rounded and moderate in projection with a slight vertical height. Hairline M-shaped with temporal recession; eyebrows medium in thickness, soft-arched with a low peak, moderate spacing between the brows, and moderate brow-to-eye vertical distance. Eyes almond-shaped, moderate palpebral fissure length with a horizontal slant, average distance between inner corners relative to eye width, upper-lid crease double and moderate in height, moderate lid exposure, and average orbital depth. Nasal root moderate in width and depth, dorsum straight, bridge moderate in width, tip rounded with moderate projection and rotation, alar width moderate relative to intercanthal distance, alar flare moderate, and nostrils partially visible. Mouth width moderate relative to interpuptillary distance, upper-to-lower lip fullness ratio balanced, vermilion fullness moderate, cupid's bow defined, corners level, philtrum moderate in length and width with defined ridges, and visible upper dental alignment at rest. Ears average in size, moderate protrusion, helix rolled, antihelix defined, lobes free, and positioned level with the eye-nose line; persistent marks not discernible; captured in a medium close-up with a smiling expression, head slightly turned and tilted, indoor directional lighting against a blue gradient backdrop, and soft focus throughout.",Middle-aged man with M-shaped hairline and smiling expression.,205,8,305,16,True,False,0.329414963722229,32,0.03125,0,0,0.4758870005607605,-0.1464720368385315,50
minilm_l6,face::train::170623.jpg,face,train,170623.jpg,summary_20w,gemini:gemini-3.1-flash-lite:recovered-ac117c33c6ff,information_reduced,"Male-presenting middle-aged adult, with an oval facial shape, balanced thirds, and average facial depth; jawline with moderate definition, chin rounded and moderate in projection with a slight vertical height. Hairline M-shaped with temporal recession; eyebrows medium in thickness, soft-arched with a low peak, moderate spacing between the brows, and moderate brow-to-eye vertical distance. Eyes almond-shaped, moderate palpebral fissure length with a horizontal slant, average distance between inner corners relative to eye width, upper-lid crease double and moderate in height, moderate lid exposure, and average orbital depth. Nasal root moderate in width and depth, dorsum straight, bridge moderate in width, tip rounded with moderate projection and rotation, alar width moderate relative to intercanthal distance, alar flare moderate, and nostrils partially visible. Mouth width moderate relative to interpuptillary distance, upper-to-lower lip fullness ratio balanced, vermilion fullness moderate, cupid's bow defined, corners level, philtrum moderate in length and width with defined ridges, and visible upper dental alignment at rest. Ears average in size, moderate protrusion, helix rolled, antihelix defined, lobes free, and positioned level with the eye-nose line; persistent marks not discernible; captured in a medium close-up with a smiling expression, head slightly turned and tilted, indoor directional lighting against a blue gradient backdrop, and soft focus throughout.","A middle-aged man with an M-shaped hairline, almond-shaped eyes, and a defined cupid's bow, captured smiling in a medium close-up.",205,20,305,38,True,False,0.42829614877700806,20,0.05,0,0,0.5426580905914307,-0.11436194181442261,50
minilm_l6,face::train::170623.jpg,face,train,170623.jpg,summary_40w,gemini:gemini-3.1-flash-lite:recovered-ac117c33c6ff,information_reduced,"Male-presenting middle-aged adult, with an oval facial shape, balanced thirds, and average facial depth; jawline with moderate definition, chin rounded and moderate in projection with a slight vertical height. Hairline M-shaped with temporal recession; eyebrows medium in thickness, soft-arched with a low peak, moderate spacing between the brows, and moderate brow-to-eye vertical distance. Eyes almond-shaped, moderate palpebral fissure length with a horizontal slant, average distance between inner corners relative to eye width, upper-lid crease double and moderate in height, moderate lid exposure, and average orbital depth. Nasal root moderate in width and depth, dorsum straight, bridge moderate in width, tip rounded with moderate projection and rotation, alar width moderate relative to intercanthal distance, alar flare moderate, and nostrils partially visible. Mouth width moderate relative to interpuptillary distance, upper-to-lower lip fullness ratio balanced, vermilion fullness moderate, cupid's bow defined, corners level, philtrum moderate in length and width with defined ridges, and visible upper dental alignment at rest. Ears average in size, moderate protrusion, helix rolled, antihelix defined, lobes free, and positioned level with the eye-nose line; persistent marks not discernible; captured in a medium close-up with a smiling expression, head slightly turned and tilted, indoor directional lighting against a blue gradient backdrop, and soft focus throughout.","A middle-aged man with an oval face, M-shaped hairline, and almond-shaped eyes. He has a straight nasal dorsum, defined cupid's bow, and average ears. He is shown smiling in a medium close-up, illuminated by indoor directional lighting against a blue backdrop.",205,41,305,65,True,False,0.599452793598175,18,0.05555555555555555,0,0,0.7326024770736694,-0.13314968347549438,50
minilm_l6,face::train::170623.jpg,face,train,170623.jpg,llm_human_description,gemini:gemini-3.1-flash-lite:5be2ef381cb1,information_reduced,"Male-presenting middle-aged adult, with an oval facial shape, balanced thirds, and average facial depth; jawline with moderate definition, chin rounded and moderate in projection with a slight vertical height. Hairline M-shaped with temporal recession; eyebrows medium in thickness, soft-arched with a low peak, moderate spacing between the brows, and moderate brow-to-eye vertical distance. Eyes almond-shaped, moderate palpebral fissure length with a horizontal slant, average distance between inner corners relative to eye width, upper-lid crease double and moderate in height, moderate lid exposure, and average orbital depth. Nasal root moderate in width and depth, dorsum straight, bridge moderate in width, tip rounded with moderate projection and rotation, alar width moderate relative to intercanthal distance, alar flare moderate, and nostrils partially visible. Mouth width moderate relative to interpuptillary distance, upper-to-lower lip fullness ratio balanced, vermilion fullness moderate, cupid's bow defined, corners level, philtrum moderate in length and width with defined ridges, and visible upper dental alignment at rest. Ears average in size, moderate protrusion, helix rolled, antihelix defined, lobes free, and positioned level with the eye-nose line; persistent marks not discernible; captured in a medium close-up with a smiling expression, head slightly turned and tilted, indoor directional lighting against a blue gradient backdrop, and soft focus throughout.","He's a middle-aged guy with an oval face and a friendly smile. He has a bit of a receding hairline and arched eyebrows. His eyes are almond-shaped, and his nose is pretty straight. He looks like he's in a good mood, with his head tilted just a little to the side.",205,51,305,69,True,False,0.4675147533416748,45,0.022222222222222223,0,0,0.6353987455368042,-0.1678839921951294,50
