model,domain,sample_id,variant_type,relation,cosine,rank,negative_count,hard_negative_count,hard_set_margin,hard_negative_win_rate,hardest_sample_id,hardest_cosine,negative_percentile,negative_median,negative_p95,median_margin,hardest_margin,recall_at_1,reciprocal_rank
bge_m3,person,person::train::00197_4.png,llm_brief,information_reduced,0.9644675205888578,1,49,5,0.10551837184231272,1.0,person::train::01742_4.jpg,0.858949148746545,1.0,0.6840439428037762,0.7884939843405744,0.28042357778508153,0.10551837184231272,1.0,1.0
bge_m3,person,person::train::00197_4.png,llm_balanced,information_reduced,0.9999999999996799,1,49,5,0.13540481650564806,1.0,person::train::01742_4.jpg,0.8645951834940319,1.0,0.687324173192922,0.7907876440579453,0.3126758268067579,0.13540481650564806,1.0,1.0
bge_m3,person,person::train::00197_4.png,llm_detailed,information_reduced,0.9763297611648729,1,49,5,0.1337684757493327,1.0,person::train::01742_4.jpg,0.8425612854155402,1.0,0.6632287676648048,0.7711850513017354,0.31310099350006815,0.1337684757493327,1.0,1.0
bge_m3,person,person::train::00197_4.png,llm_human_description,information_reduced,0.9502711061552553,1,49,5,0.11865450310112746,1.0,person::train::11561_6.jpg,0.8316166030541279,1.0,0.6679371868339712,0.7767055078977054,0.28233391932128415,0.11865450310112746,1.0,1.0
bge_m3,person,person::query::26685_1.jpg,llm_brief,information_reduced,0.9073368854440945,1,49,5,0.07045818567326378,1.0,person::train::12462_1.jpg,0.8368786997708307,1.0,0.6973135537903721,0.8011249320362817,0.21002333165372244,0.07045818567326378,1.0,1.0
bge_m3,person,person::query::26685_1.jpg,llm_balanced,information_reduced,0.9727256073972088,1,49,5,0.06667398330856489,1.0,person::train::06597_2.jpg,0.9060516240886439,1.0,0.7780748686594392,0.8831424003579101,0.1946507387377696,0.06667398330856489,1.0,1.0
bge_m3,person,person::query::26685_1.jpg,llm_detailed,information_reduced,0.9631717056289131,1,49,5,0.0704939307727982,1.0,person::train::12462_1.jpg,0.8926777748561149,1.0,0.7824344790941332,0.8735005333994078,0.18073722653477986,0.0704939307727982,1.0,1.0
bge_m3,person,person::query::26685_1.jpg,llm_human_description,information_reduced,0.9348913839752834,1,49,5,0.06199878395731373,1.0,person::train::06597_2.jpg,0.8728926000179696,1.0,0.7480382071888152,0.8600624097691394,0.18685317678646818,0.06199878395731373,1.0,1.0
bge_m3,person,person::gallery::26474_5.jpg,llm_brief,information_reduced,0.9036303711913606,1,49,5,0.0371104869354274,1.0,person::train::02167_1.jpg,0.8665198842559332,1.0,0.7566579232317041,0.8548569780314389,0.14697244795965647,0.0371104869354274,1.0,1.0
bge_m3,person,person::gallery::26474_5.jpg,llm_balanced,information_reduced,0.950324685393629,1,49,5,0.06859068170957305,1.0,person::gallery::26774_3.jpg,0.881734003684056,1.0,0.7914197768127569,0.8515762152796124,0.15890490858087214,0.06859068170957305,1.0,1.0
bge_m3,person,person::gallery::26474_5.jpg,llm_detailed,information_reduced,0.9602695794938474,1,49,5,0.07925982699306633,1.0,person::gallery::26774_3.jpg,0.8810097525007811,1.0,0.790038629279641,0.8510882985709325,0.17023095021420642,0.07925982699306633,1.0,1.0
bge_m3,person,person::gallery::26474_5.jpg,llm_human_description,information_reduced,0.8783885181803469,1,49,5,0.051234806159034973,1.0,person::gallery::26774_3.jpg,0.8271537120213119,1.0,0.753490470142956,0.8080059157344649,0.12489804803739091,0.051234806159034973,1.0,1.0
bge_m3,person,person::train::03736_1.jpg,llm_brief,information_reduced,0.8597338117385384,1,49,5,0.0709806574766012,1.0,person::train::02167_1.jpg,0.7887531542619372,1.0,0.6604265571864416,0.7398141478470359,0.19930725455209675,0.0709806574766012,1.0,1.0
bge_m3,person,person::train::03736_1.jpg,llm_balanced,information_reduced,0.9733739549454307,1,49,5,0.12176576304872244,1.0,person::query::14994_1.png,0.8516081918967082,1.0,0.7830032610417288,0.8476574880900323,0.19037069390370187,0.12176576304872244,1.0,1.0
bge_m3,person,person::train::03736_1.jpg,llm_detailed,information_reduced,0.9689989619967312,1,49,5,0.13311161753933232,1.0,person::gallery::26774_3.jpg,0.8358873444573989,1.0,0.7725583950961163,0.8250624872764771,0.19644056690061484,0.13311161753933232,1.0,1.0
bge_m3,person,person::train::03736_1.jpg,llm_human_description,information_reduced,0.9266990392429246,1,49,5,0.11065007395592885,1.0,person::gallery::26774_3.jpg,0.8160489652869958,1.0,0.7417294877991008,0.8077672922470629,0.18496955144382388,0.11065007395592885,1.0,1.0
bge_m3,person,person::query::14604_1.png,llm_brief,information_reduced,0.9646414379865629,1,49,5,0.05914184095541053,1.0,person::train::06085_7.jpg,0.9054995970311523,1.0,0.7878962331218244,0.8670388367077101,0.17674520486473844,0.05914184095541053,1.0,1.0
bge_m3,person,person::query::14604_1.png,llm_balanced,information_reduced,0.9889960105013154,1,49,5,0.07774768979647284,1.0,person::train::06085_7.jpg,0.9112483207048425,1.0,0.7801318226712275,0.8775122461128908,0.20886418783008787,0.07774768979647284,1.0,1.0
bge_m3,person,person::query::14604_1.png,llm_detailed,information_reduced,0.9743918600612702,1,49,5,0.05275388905545175,1.0,person::train::06085_7.jpg,0.9216379710058185,1.0,0.792655057149162,0.8855382426295689,0.18173680291210825,0.05275388905545175,1.0,1.0
bge_m3,person,person::query::14604_1.png,llm_human_description,information_reduced,0.9158496500986262,1,49,5,0.020999133051194052,1.0,person::train::06085_7.jpg,0.8948505170474321,1.0,0.7618886211148619,0.8452420131727614,0.1539610289837643,0.020999133051194052,1.0,1.0
bge_m3,vehicle,vehicle::train_images::19666_c077_02.jpg,llm_brief,information_reduced,0.79590151663698,1,49,5,0.16316774498410225,1.0,vehicle::train_images::05432_c163_04.jpg,0.6577817128117153,1.0,0.5258185127548685,0.6347038360596766,0.2700830038821116,0.1381198038252648,1.0,1.0
bge_m3,vehicle,vehicle::train_images::19666_c077_02.jpg,llm_balanced,information_reduced,0.9071678225895307,1,49,5,0.13293078391547086,1.0,vehicle::train_images::13946_c012_04.jpg,0.7742370386740598,1.0,0.6218782752905974,0.708065410807879,0.2852895472989333,0.13293078391547086,1.0,1.0
bge_m3,vehicle,vehicle::train_images::19666_c077_02.jpg,llm_detailed,information_reduced,0.945238486189846,1,49,5,0.19462266757584068,1.0,vehicle::train_images::13946_c012_04.jpg,0.7506158186140053,1.0,0.650671341997173,0.7256341641601394,0.29456714419267294,0.19462266757584068,1.0,1.0
bge_m3,vehicle,vehicle::train_images::19666_c077_02.jpg,llm_human_description,information_reduced,0.9135191411459581,1,49,5,0.12796057411787143,1.0,vehicle::train_images::13946_c012_04.jpg,0.7855585670280867,1.0,0.6587745166847309,0.7269760126031994,0.25474462446122725,0.12796057411787143,1.0,1.0
bge_m3,vehicle,vehicle::query_images::20204_c041_01.jpg,llm_brief,information_reduced,0.8270971159860222,3,49,5,-0.07307536430463468,0.6,vehicle::train_images::16253_c139_00.jpg,0.9001724802906569,0.9591836734693877,0.7068582219877811,0.8026151008791528,0.12023889399824106,-0.07307536430463468,0.0,0.3333333333333333
bge_m3,vehicle,vehicle::query_images::20204_c041_01.jpg,llm_balanced,information_reduced,0.8949630151036415,1,49,5,0.051944685456731365,1.0,vehicle::train_images::16253_c139_00.jpg,0.8430183296469101,1.0,0.6778359678800823,0.7692379066258803,0.21712704722355924,0.051944685456731365,1.0,1.0
bge_m3,vehicle,vehicle::query_images::20204_c041_01.jpg,llm_detailed,information_reduced,0.9524211398991761,1,49,5,0.08447407390053352,1.0,vehicle::train_images::16253_c139_00.jpg,0.8679470659986426,1.0,0.7131749928254048,0.8220314148538113,0.23924614707377134,0.08447407390053352,1.0,1.0
bge_m3,vehicle,vehicle::query_images::20204_c041_01.jpg,llm_human_description,information_reduced,0.9311262988825477,1,49,5,0.07479861262091436,1.0,vehicle::train_images::16253_c139_00.jpg,0.8563276862616334,1.0,0.717148945274969,0.819528644012219,0.21397735360757875,0.07479861262091436,1.0,1.0
bge_m3,vehicle,vehicle::gallery_images::20591_c110_03.jpg,llm_brief,information_reduced,0.8391473177488019,1,49,5,0.13756287857554939,1.0,vehicle::query_images::20949_c003_01.jpg,0.7015844391732525,1.0,0.6006465647162091,0.6830671281177497,0.23850075303259277,0.13756287857554939,1.0,1.0
bge_m3,vehicle,vehicle::gallery_images::20591_c110_03.jpg,llm_balanced,information_reduced,0.9200243808687739,1,49,5,0.15200813882263742,1.0,vehicle::query_images::20949_c003_01.jpg,0.7680162420461365,1.0,0.6289222964396477,0.7053064756675331,0.2911020844291262,0.15200813882263742,1.0,1.0
bge_m3,vehicle,vehicle::gallery_images::20591_c110_03.jpg,llm_detailed,information_reduced,0.9520160773425135,1,49,5,0.15155025730792504,1.0,vehicle::query_images::20949_c003_01.jpg,0.8004658200345884,1.0,0.6342669759052415,0.7193735305876275,0.317749101437272,0.15155025730792504,1.0,1.0
bge_m3,vehicle,vehicle::gallery_images::20591_c110_03.jpg,llm_human_description,information_reduced,0.9304253637611186,1,49,5,0.15985217333588198,1.0,vehicle::query_images::20949_c003_01.jpg,0.7705731904252366,1.0,0.6184438234456646,0.6949103134109434,0.311981540315454,0.15985217333588198,1.0,1.0
bge_m3,vehicle,vehicle::train_images::13184_c012_02.jpg,llm_brief,information_reduced,0.8194591179242748,2,49,5,-0.057842417804176094,0.8,vehicle::train_images::05685_c100_04.jpg,0.8773015357284509,0.9795918367346939,0.6792668437373106,0.7638635325322168,0.14019227418696423,-0.057842417804176094,0.0,0.5
bge_m3,vehicle,vehicle::train_images::13184_c012_02.jpg,llm_balanced,information_reduced,0.9609423898321422,1,49,5,0.12526087890507054,1.0,vehicle::train_images::05685_c100_04.jpg,0.8356815109270717,1.0,0.6774079328538476,0.7708532618763547,0.2835344569782946,0.12526087890507054,1.0,1.0
bge_m3,vehicle,vehicle::train_images::13184_c012_02.jpg,llm_detailed,information_reduced,0.9548911178868396,1,49,5,0.10919596366755746,1.0,vehicle::train_images::05685_c100_04.jpg,0.8456951542192821,1.0,0.6897752852943797,0.7702870129326996,0.26511583259245985,0.10919596366755746,1.0,1.0
bge_m3,vehicle,vehicle::train_images::13184_c012_02.jpg,llm_human_description,information_reduced,0.9001774924179615,1,49,5,0.07490286171817884,1.0,vehicle::train_images::05685_c100_04.jpg,0.8252746306997827,1.0,0.6666521876602325,0.7441222604076759,0.23352530475772904,0.07490286171817884,1.0,1.0
bge_m3,vehicle,vehicle::query_images::21022_c078_01.jpg,llm_brief,information_reduced,0.8986087164130017,1,49,5,0.14205068186193626,1.0,vehicle::query_images::20506_c051_01.jpg,0.7565580345510654,1.0,0.6305006998046762,0.7510127730437797,0.2681080166083255,0.14205068186193626,1.0,1.0
bge_m3,vehicle,vehicle::query_images::21022_c078_01.jpg,llm_balanced,information_reduced,0.9504600655559072,1,49,5,0.1525785010060945,1.0,vehicle::train_images::19520_c034_01.jpg,0.7978815645498127,1.0,0.6242026689169984,0.7462279883415381,0.32625739663890885,0.1525785010060945,1.0,1.0
bge_m3,vehicle,vehicle::query_images::21022_c078_01.jpg,llm_detailed,information_reduced,0.9478203598458028,1,49,5,0.14624705187807485,1.0,vehicle::train_images::19520_c034_01.jpg,0.801573307967728,1.0,0.6241889025230706,0.7485271610192871,0.32363145732273224,0.14624705187807485,1.0,1.0
bge_m3,vehicle,vehicle::query_images::21022_c078_01.jpg,llm_human_description,information_reduced,0.9409590723645915,1,49,5,0.15344418659821057,1.0,vehicle::train_images::19520_c034_01.jpg,0.787514885766381,1.0,0.6284012624060586,0.7558756257389918,0.3125578099585329,0.15344418659821057,1.0,1.0
bge_m3,face,face::train::170623.jpg,llm_brief,information_reduced,0.8179637856158851,3,49,5,-0.008662859946588997,0.8,face::train::109762.jpg,0.8266266455624741,0.9591836734693877,0.7141664068236838,0.7888715728877816,0.1037973787922013,-0.008662859946588997,0.0,0.3333333333333333
bge_m3,face,face::train::170623.jpg,llm_balanced,information_reduced,0.8318514246338972,3,49,5,-0.018242821270664455,0.8,face::train::109762.jpg,0.8500942459045616,0.9591836734693877,0.7380503772055148,0.8159346338113893,0.09380104742838236,-0.018242821270664455,0.0,0.3333333333333333
bge_m3,face,face::train::170623.jpg,llm_detailed,information_reduced,0.9641375971940458,1,49,5,0.010448979558554616,1.0,face::train::109762.jpg,0.9536886176354912,1.0,0.841368662911774,0.9222906017770379,0.12276893428227176,0.010448979558554616,1.0,1.0
bge_m3,face,face::train::170623.jpg,llm_human_description,information_reduced,0.8457796821590053,2,49,5,-0.015215941161759172,0.8,face::train::109762.jpg,0.8609956233207645,0.9795918367346939,0.7448514282245396,0.8178799451125343,0.1009282539344657,-0.015215941161759172,0.0,0.5
bge_m3,face,face::test::189457.jpg,llm_brief,information_reduced,0.822882172040802,2,49,5,-0.011037500617236629,0.8,face::test::196777.jpg,0.8339196726580387,0.9795918367346939,0.7325724921708098,0.8130892870984294,0.09030967986999228,-0.011037500617236629,0.0,0.5
bge_m3,face,face::test::189457.jpg,llm_balanced,information_reduced,0.9017262511226246,2,49,5,-0.007765499068934534,0.8,face::test::196777.jpg,0.9094917501915591,0.9795918367346939,0.8130086263200407,0.8902285504932034,0.08871762480258394,-0.007765499068934534,0.0,0.5
bge_m3,face,face::test::189457.jpg,llm_detailed,information_reduced,0.9198517120164977,1,49,5,0.002773080942607309,1.0,face::test::196777.jpg,0.9170786310738904,1.0,0.8190567312276549,0.9024845854885535,0.10079498078884286,0.002773080942607309,1.0,1.0
bge_m3,face,face::test::189457.jpg,llm_human_description,information_reduced,0.8039033219195075,1,49,5,0.0007121723573818572,1.0,face::test::196777.jpg,0.8031911495621257,1.0,0.730736474631148,0.77888557981023,0.07316684728835954,0.0007121723573818572,1.0,1.0
bge_m3,face,face::train::081413.jpg,llm_brief,information_reduced,0.644438331637739,1,49,5,0.03175223192063148,1.0,face::train::063618.jpg,0.6126860997171075,1.0,0.49828820148419894,0.6014445549033779,0.14615013015354006,0.03175223192063148,1.0,1.0
bge_m3,face,face::train::081413.jpg,llm_balanced,information_reduced,0.7930509708301519,1,49,5,0.021497543444273126,1.0,face::train::109762.jpg,0.7722140140169155,1.0,0.6392723083656909,0.7389450730724907,0.15377866246446092,0.020836956813236385,1.0,1.0
bge_m3,face,face::train::081413.jpg,llm_detailed,information_reduced,0.9090221441854934,1,49,5,0.03475915917682193,1.0,face::train::109762.jpg,0.8869834227165784,1.0,0.8026028255716465,0.8660733873207076,0.1064193186138469,0.022038721468915057,1.0,1.0
bge_m3,face,face::train::081413.jpg,llm_human_description,information_reduced,0.7959258747092722,1,49,5,0.01779781082769727,1.0,face::train::063618.jpg,0.778128063881575,1.0,0.6645817307477376,0.7590824013765065,0.1313441439615346,0.01779781082769727,1.0,1.0
bge_m3,face,face::test::186223.jpg,llm_brief,information_reduced,0.6890844876505788,19,49,5,-0.02116848869178467,0.4,face::test::196611.jpg,0.7804271980042614,0.6326530612244898,0.6700438709327211,0.7423531557570365,0.019040616717857728,-0.09134271035368258,0.0,0.05263157894736842
bge_m3,face,face::test::186223.jpg,llm_balanced,information_reduced,0.7097663294295584,6,49,5,0.01981434154845263,1.0,face::test::196611.jpg,0.773890956275015,0.8979591836734694,0.6367660228823737,0.7121911349154612,0.0730003065471847,-0.06412462684545661,0.0,0.16666666666666666
bge_m3,face,face::test::186223.jpg,llm_detailed,information_reduced,0.821904212300661,2,49,5,0.03501616872970548,1.0,face::test::196611.jpg,0.8356425090969146,0.9795918367346939,0.7237957537246167,0.8036433459849821,0.09810845857604433,-0.013738296796253602,0.0,0.5
bge_m3,face,face::test::186223.jpg,llm_human_description,information_reduced,0.7016647261991892,4,49,5,0.013561004833702262,1.0,face::test::196611.jpg,0.7447642538336421,0.9387755102040817,0.6330902066594012,0.7026929686906501,0.06857451953978799,-0.043099527634452905,0.0,0.25
bge_m3,face,face::train::137722.jpg,llm_brief,information_reduced,0.7471832821460308,1,49,5,0.06452762384252408,1.0,face::train::138886.jpg,0.7382971925874869,1.0,0.6455236131794515,0.7123062349750783,0.1016596689665793,0.008886089558543864,1.0,1.0
bge_m3,face,face::train::137722.jpg,llm_balanced,information_reduced,0.773163337102191,1,49,5,0.06864003950676145,1.0,face::train::138886.jpg,0.7598578427148989,1.0,0.6677739923074947,0.7319426907521609,0.1053893447946963,0.013305494387292116,1.0,1.0
bge_m3,face,face::train::137722.jpg,llm_detailed,information_reduced,0.8456171652248137,2,49,5,0.04862916786055116,1.0,face::train::081413.jpg,0.8504817695414271,0.9795918367346939,0.7989594791969312,0.8296161829102571,0.04665768602788245,-0.004864604316613397,0.0,0.5
bge_m3,face,face::train::137722.jpg,llm_human_description,information_reduced,0.7721315259698742,1,49,5,0.06567911671735982,1.0,face::train::138886.jpg,0.7560143067149122,1.0,0.6728436760140486,0.730339592834865,0.09928784995582562,0.016117219254962012,1.0,1.0
bge_m3,person,person::train::06597_2.jpg,llm_brief,information_reduced,0.9448001245136911,1,49,5,0.03706753178929978,1.0,person::train::12462_1.jpg,0.9077325927243913,1.0,0.7631827070146402,0.879945609951889,0.18161741749905091,0.03706753178929978,1.0,1.0
bge_m3,person,person::train::06597_2.jpg,llm_balanced,information_reduced,0.9911337012980033,1,49,5,0.042993103852846604,1.0,person::train::00233_10.png,0.9481405974451567,1.0,0.7914886293907211,0.91975397140652,0.1996450719072822,0.042993103852846604,1.0,1.0
bge_m3,person,person::train::06597_2.jpg,llm_detailed,information_reduced,0.9911337012980033,1,49,5,0.042993103852846604,1.0,person::train::00233_10.png,0.9481405974451567,1.0,0.7914886293907211,0.91975397140652,0.1996450719072822,0.042993103852846604,1.0,1.0
bge_m3,person,person::train::06597_2.jpg,llm_human_description,information_reduced,0.9281167166297071,1,49,5,0.03178490639986342,1.0,person::train::00233_10.png,0.8963318102298437,1.0,0.7562718690866219,0.8807051341048299,0.17184484754308516,0.03178490639986342,1.0,1.0
bge_m3,person,person::train::10977_1.jpg,llm_brief,information_reduced,0.881411732078903,1,49,5,0.10403919722287502,1.0,person::train::11561_6.jpg,0.777372534856028,1.0,0.6104946612253352,0.7506564431767808,0.27091707085356775,0.10403919722287502,1.0,1.0
bge_m3,person,person::train::10977_1.jpg,llm_balanced,information_reduced,0.9741550021876099,1,49,5,0.12844252853896565,1.0,person::train::11561_6.jpg,0.8457124736486442,1.0,0.7144836618705344,0.8339766343267055,0.2596713403170755,0.12844252853896565,1.0,1.0
bge_m3,person,person::train::10977_1.jpg,llm_detailed,information_reduced,0.9999999999997096,1,49,5,0.1490176154973042,1.0,person::train::08634_3.jpg,0.8509823845024054,1.0,0.7310328465561353,0.8421904797811708,0.26896715344357425,0.1490176154973042,1.0,1.0
bge_m3,person,person::train::10977_1.jpg,llm_human_description,information_reduced,0.9373272624014354,1,49,5,0.1069097428673329,1.0,person::train::11561_6.jpg,0.8304175195341025,1.0,0.6891856154680485,0.8119225638359711,0.24814164693338692,0.1069097428673329,1.0,1.0
bge_m3,person,person::train::12050_5.jpg,llm_brief,information_reduced,0.8439447967057851,1,49,5,0.11771111661454758,1.0,person::query::26943_3.jpg,0.7262336800912376,1.0,0.6470353577839472,0.7171329882820124,0.196909438921838,0.11771111661454758,1.0,1.0
bge_m3,person,person::train::12050_5.jpg,llm_balanced,information_reduced,0.9458396913862543,1,49,5,0.09031535380265698,1.0,person::train::09751_6.jpg,0.8555243375835974,1.0,0.7525283917016539,0.8254876873320363,0.19331129968460048,0.09031535380265698,1.0,1.0
bge_m3,person,person::train::12050_5.jpg,llm_detailed,information_reduced,0.9531128447765371,1,49,5,0.11312083294097364,1.0,person::train::09751_6.jpg,0.8399920118355635,1.0,0.7547346575750384,0.8261776492442418,0.1983781872014987,0.11312083294097364,1.0,1.0
bge_m3,person,person::train::12050_5.jpg,llm_human_description,information_reduced,0.9043512290583912,1,49,5,0.08819880515268397,1.0,person::train::09751_6.jpg,0.8161524239057072,1.0,0.7166757840543816,0.7910694725753695,0.18767544500400957,0.08819880515268397,1.0,1.0
bge_m3,person,person::train::08529_4.jpg,llm_brief,information_reduced,0.8871118417719033,1,49,5,0.06689292454249984,1.0,person::train::01108_7.png,0.8202189172294034,1.0,0.7371872511621327,0.7814892580819498,0.1499245906097706,0.06689292454249984,1.0,1.0
bge_m3,person,person::train::08529_4.jpg,llm_balanced,information_reduced,0.9683889218953015,1,49,5,0.0941448567881289,1.0,person::train::01108_7.png,0.8742440651071726,1.0,0.7793048204052809,0.8436949836556346,0.18908410149002053,0.0941448567881289,1.0,1.0
bge_m3,person,person::train::08529_4.jpg,llm_detailed,information_reduced,0.9977788678682156,1,49,5,0.1286422694300805,1.0,person::train::01108_7.png,0.8691365984381351,1.0,0.7850636394718121,0.8434574267937511,0.21271522839640344,0.1286422694300805,1.0,1.0
bge_m3,person,person::train::08529_4.jpg,llm_human_description,information_reduced,0.9410681474242508,1,49,5,0.06425937416959249,1.0,person::train::01108_7.png,0.8768087732546583,1.0,0.7782227674368931,0.8458402769079426,0.1628453799873577,0.06425937416959249,1.0,1.0
bge_m3,person,person::train::01742_4.jpg,llm_brief,information_reduced,0.9515055512743659,1,49,5,0.09772589870288095,1.0,person::train::00197_4.png,0.8537796525714849,1.0,0.6871371459349094,0.779140475417886,0.2643684053394565,0.09772589870288095,1.0,1.0
bge_m3,person,person::train::01742_4.jpg,llm_balanced,information_reduced,0.9596635764961561,1,49,5,0.10680724088529392,1.0,person::train::00197_4.png,0.8528563356108622,1.0,0.7002234700769802,0.7956490319277285,0.2594401064191759,0.10680724088529392,1.0,1.0
bge_m3,person,person::train::01742_4.jpg,llm_detailed,information_reduced,0.980046486226396,1,49,5,0.12557028259531677,1.0,person::train::00197_4.png,0.8544762036310792,1.0,0.688896787830518,0.7922524040648856,0.291149698395878,0.12557028259531677,1.0,1.0
bge_m3,person,person::train::01742_4.jpg,llm_human_description,information_reduced,0.9451202706446337,1,49,5,0.11476894945288896,1.0,person::train::00197_4.png,0.8303513211917447,1.0,0.6766081767429223,0.7655772595058343,0.2685120939017114,0.11476894945288896,1.0,1.0
bge_m3,person,person::train::05158_3.jpg,llm_brief,information_reduced,0.8806491400587593,1,49,5,0.11705340572355094,1.0,person::gallery::26774_3.jpg,0.7635957343352083,1.0,0.6575923726827078,0.744872302480641,0.2230567673760515,0.11705340572355094,1.0,1.0
bge_m3,person,person::train::05158_3.jpg,llm_balanced,information_reduced,0.974045442115592,1,49,5,0.10899432359170358,1.0,person::train::09715_3.jpg,0.8650511185238884,1.0,0.7666403758739664,0.8539796692735621,0.20740506624162558,0.10899432359170358,1.0,1.0
bge_m3,person,person::train::05158_3.jpg,llm_detailed,information_reduced,0.9712638195911034,1,49,5,0.09992257469924537,1.0,person::train::09715_3.jpg,0.871341244891858,1.0,0.774235565913497,0.861204542871674,0.19702825367760646,0.09992257469924537,1.0,1.0
bge_m3,person,person::train::05158_3.jpg,llm_human_description,information_reduced,0.9089992576074304,1,49,5,0.07820213160344103,1.0,person::train::09715_3.jpg,0.8307971260039894,1.0,0.7390950495359483,0.8177526750887292,0.1699042080714821,0.07820213160344103,1.0,1.0
bge_m3,person,person::train::02167_1.jpg,llm_brief,information_reduced,0.9185408985168197,1,49,5,0.09308093680724805,1.0,person::train::06085_7.jpg,0.8254599617095717,1.0,0.7372212745641902,0.8014602296403989,0.18131962395262957,0.09308093680724805,1.0,1.0
bge_m3,person,person::train::02167_1.jpg,llm_balanced,information_reduced,0.919375884502605,1,49,5,0.09705521202835987,1.0,person::gallery::14888_1.png,0.8223206724742451,1.0,0.740092674459971,0.8011801107491208,0.17928321004263403,0.09705521202835987,1.0,1.0
bge_m3,person,person::train::02167_1.jpg,llm_detailed,information_reduced,0.9353917722459877,1,49,5,0.1059447458287629,1.0,person::gallery::14888_1.png,0.8294470264172248,1.0,0.7289603302645555,0.8119681823174135,0.20643144198143215,0.1059447458287629,1.0,1.0
bge_m3,person,person::train::02167_1.jpg,llm_human_description,information_reduced,0.8933361377079526,1,49,5,0.10248626203162026,1.0,person::train::06085_7.jpg,0.7908498756763324,1.0,0.7077076474798061,0.7809966560062308,0.18562849022814654,0.10248626203162026,1.0,1.0
bge_m3,person,person::train::00233_10.png,llm_brief,information_reduced,0.9355411153866615,1,49,5,0.033268432283093397,1.0,person::train::06597_2.jpg,0.9022726831035681,1.0,0.7540549757539929,0.8457337921636253,0.18148613963266857,0.033268432283093397,1.0,1.0
bge_m3,person,person::train::00233_10.png,llm_balanced,information_reduced,0.9895105258359399,1,49,5,0.03804059501757173,1.0,person::train::06597_2.jpg,0.9514699308183682,1.0,0.7986423288560095,0.8969565147426499,0.1908681969799304,0.03804059501757173,1.0,1.0
bge_m3,person,person::train::00233_10.png,llm_detailed,information_reduced,0.9828647112937718,1,49,5,0.04578094538128663,1.0,person::train::06597_2.jpg,0.9370837659124852,1.0,0.7903281527613744,0.8891761652249525,0.19253655853239748,0.04578094538128663,1.0,1.0
bge_m3,person,person::train::00233_10.png,llm_human_description,information_reduced,0.9374194485911801,2,49,5,-0.015898631795653206,0.8,person::train::06597_2.jpg,0.9533180803868333,0.9795918367346939,0.787858511211791,0.8982877116752372,0.14956093737938914,-0.015898631795653206,0.0,0.5
bge_m3,person,person::train::01108_7.png,llm_brief,information_reduced,0.9412592922550859,1,49,5,0.08850388912578955,1.0,person::gallery::26774_3.jpg,0.8527554031292963,1.0,0.7542332633545514,0.8093958570546117,0.18702602890053444,0.08850388912578955,1.0,1.0
bge_m3,person,person::train::01108_7.png,llm_balanced,information_reduced,0.9750920135144422,1,49,5,0.07652890363025522,1.0,person::gallery::26774_3.jpg,0.898563109884187,1.0,0.7995520190461338,0.8571903426481883,0.17553999446830837,0.07652890363025522,1.0,1.0
bge_m3,person,person::train::01108_7.png,llm_detailed,information_reduced,0.9697022179789418,1,49,5,0.06572126989040372,1.0,person::gallery::26774_3.jpg,0.9039809480885381,1.0,0.8108553063110944,0.8678712378587353,0.15884691166784748,0.06572126989040372,1.0,1.0
bge_m3,person,person::train::01108_7.png,llm_human_description,information_reduced,0.8846676633418159,2,49,5,0.06382917464678683,1.0,person::train::06597_2.jpg,0.8863739216016726,0.9795918367346939,0.7586326776762133,0.8473043794194675,0.12603498566560256,-0.0017062582598567078,0.0,0.5
bge_m3,person,person::train::06085_7.jpg,llm_brief,information_reduced,0.8427568672467494,2,49,5,0.045226872621003444,1.0,person::gallery::15309_3.png,0.8441553530095387,0.9795918367346939,0.7223586336132379,0.8254516128198811,0.12039823363351143,-0.0013984857627893366,0.0,0.5
bge_m3,person,person::train::06085_7.jpg,llm_balanced,information_reduced,0.9320388323035764,1,49,5,0.04138657357841524,1.0,person::query::26789_3.jpg,0.8906522587251612,1.0,0.7755283969934297,0.8722930979288361,0.15651043531014674,0.04138657357841524,1.0,1.0
bge_m3,person,person::train::06085_7.jpg,llm_detailed,information_reduced,0.952763151696743,1,49,5,0.04721681027343316,1.0,person::query::14604_1.png,0.9055463414233098,1.0,0.7805639220185581,0.8841223615885044,0.1721992296781849,0.04721681027343316,1.0,1.0
bge_m3,person,person::train::06085_7.jpg,llm_human_description,information_reduced,0.9195777498982696,1,49,5,0.04277101758526025,1.0,person::query::26789_3.jpg,0.8768067323130093,1.0,0.7617590141703818,0.8461624258945256,0.15781873572788774,0.04277101758526025,1.0,1.0
bge_m3,person,person::train::12462_1.jpg,llm_brief,information_reduced,0.9284518521687624,1,49,5,0.041833976950567786,1.0,person::train::06597_2.jpg,0.8866178752181946,1.0,0.7291593662461657,0.8424713021313607,0.19929248592259663,0.041833976950567786,1.0,1.0
bge_m3,person,person::train::12462_1.jpg,llm_balanced,information_reduced,0.9939878273095065,1,49,5,0.04928431441089931,1.0,person::train::06597_2.jpg,0.9447035128986072,1.0,0.7849361407557129,0.8912374517030258,0.20905168655379358,0.04928431441089931,1.0,1.0
bge_m3,person,person::train::12462_1.jpg,llm_detailed,information_reduced,0.9868866979547922,1,49,5,0.05373921538851656,1.0,person::train::06597_2.jpg,0.9331474825662757,1.0,0.7957629868384046,0.8912371249004354,0.1911237111163876,0.05373921538851656,1.0,1.0
bge_m3,person,person::train::12462_1.jpg,llm_human_description,information_reduced,0.9318908704179152,1,49,5,0.03377258089548629,1.0,person::train::06597_2.jpg,0.8981182895224289,1.0,0.7602266371882485,0.865969705919943,0.17166423322966673,0.03377258089548629,1.0,1.0
bge_m3,person,person::train::01924_2.jpg,llm_brief,information_reduced,0.8907078855883565,1,49,5,0.10653326279767228,1.0,person::gallery::15309_3.png,0.7914609825569731,1.0,0.7168802021909423,0.7813875387177758,0.17382768339741417,0.0992469030313834,1.0,1.0
bge_m3,person,person::train::01924_2.jpg,llm_balanced,information_reduced,0.9383094469365543,1,49,5,0.13492946657563532,1.0,person::gallery::26774_3.jpg,0.803379980360919,1.0,0.7328617026961854,0.7925492896804942,0.20544774424036882,0.13492946657563532,1.0,1.0
bge_m3,person,person::train::01924_2.jpg,llm_detailed,information_reduced,0.9618291458157752,1,49,5,0.11532334909068165,1.0,person::gallery::26774_3.jpg,0.8465057967250935,1.0,0.777858447283079,0.8354612855402809,0.1839706985326962,0.11532334909068165,1.0,1.0
bge_m3,person,person::train::01924_2.jpg,llm_human_description,information_reduced,0.8874438403818108,1,49,5,0.10650461584047477,1.0,person::train::02319_1.jpg,0.780939224541336,1.0,0.7045265626524897,0.7601673085879412,0.1829172777293211,0.10650461584047477,1.0,1.0
bge_m3,person,person::train::00969_2.png,llm_brief,information_reduced,0.8338274758405164,1,49,5,0.05164003218675184,1.0,person::train::09634_1.jpg,0.8138590118256048,1.0,0.734686646126133,0.7980447697206927,0.09914082971438343,0.01996846401491159,1.0,1.0
bge_m3,person,person::train::00969_2.png,llm_balanced,information_reduced,0.9037423901307281,1,49,5,0.06784814649715787,1.0,person::train::00837_3.png,0.8528436561158571,1.0,0.776644623379813,0.8320967529399049,0.1270977667509151,0.050898734014870994,1.0,1.0
bge_m3,person,person::train::00969_2.png,llm_detailed,information_reduced,0.9229041611131819,1,49,5,0.08247562690832844,1.0,person::train::10977_1.jpg,0.8512579142862089,1.0,0.7722495820899052,0.837072822069481,0.1506545790232766,0.07164624682697296,1.0,1.0
bge_m3,person,person::train::00969_2.png,llm_human_description,information_reduced,0.883710415492303,1,49,5,0.055928994054436965,1.0,person::train::10252_1.jpg,0.827781421437866,1.0,0.753880049930508,0.8116242635118144,0.12983036556179506,0.055928994054436965,1.0,1.0
bge_m3,person,person::train::09634_1.jpg,llm_brief,information_reduced,0.8769764870642256,1,49,5,0.10544841801214799,1.0,person::train::08924_1.jpg,0.7715280690520776,1.0,0.6408942610490833,0.7334973559769449,0.23608222601514228,0.10544841801214799,1.0,1.0
bge_m3,person,person::train::09634_1.jpg,llm_balanced,information_reduced,0.9311644965309545,1,49,5,0.10263297788515069,1.0,person::train::10252_1.jpg,0.8285315186458038,1.0,0.6991035760908775,0.7921889288465296,0.23206092044007698,0.10263297788515069,1.0,1.0
bge_m3,person,person::train::09634_1.jpg,llm_detailed,information_reduced,0.9644823242241455,1,49,5,0.1298588923376297,1.0,person::train::10252_1.jpg,0.8346234318865158,1.0,0.7040440676819659,0.8004616721896944,0.26043825654217956,0.1298588923376297,1.0,1.0
bge_m3,person,person::train::09634_1.jpg,llm_human_description,information_reduced,0.9584528993470981,1,49,5,0.12232416527897005,1.0,person::train::10252_1.jpg,0.836128734068128,1.0,0.6930688812872404,0.7965566029754152,0.2653840180598577,0.12232416527897005,1.0,1.0
bge_m3,person,person::train::11561_6.jpg,llm_brief,information_reduced,0.8688217277224111,1,49,5,0.09956135866501048,1.0,person::train::00197_4.png,0.7692603690574006,1.0,0.6381148282364955,0.7493188791305161,0.2307068994859156,0.09956135866501048,1.0,1.0
bge_m3,person,person::train::11561_6.jpg,llm_balanced,information_reduced,0.9719042587564756,1,49,5,0.11616497220341127,1.0,person::train::02319_1.jpg,0.8557392865530643,1.0,0.7351303748186326,0.8415840492495114,0.23677388393784293,0.11616497220341127,1.0,1.0
bge_m3,person,person::train::11561_6.jpg,llm_detailed,information_reduced,0.9748941586555335,1,49,5,0.12514332019072838,1.0,person::train::10252_1.jpg,0.8497508384648051,1.0,0.7224347305857041,0.8261545488662649,0.25245942806982946,0.12514332019072838,1.0,1.0
bge_m3,person,person::train::11561_6.jpg,llm_human_description,information_reduced,0.9292746431880514,1,49,5,0.10465499369392062,1.0,person::train::10252_1.jpg,0.8246196494941308,1.0,0.703567000316516,0.8053744045147717,0.22570764287153544,0.10465499369392062,1.0,1.0
bge_m3,person,person::train::08528_6.jpg,llm_brief,information_reduced,0.9366778064011907,1,49,5,0.04503003697462127,1.0,person::gallery::15309_3.png,0.8936347197752504,1.0,0.8222860432986354,0.8888071913723117,0.11439176310255528,0.04304308662594025,1.0,1.0
bge_m3,person,person::train::08528_6.jpg,llm_balanced,information_reduced,0.9492608794396352,1,49,5,0.07925831851481535,1.0,person::train::05158_3.jpg,0.8817679070233084,1.0,0.8037188849334997,0.8593670734121167,0.14554199450613547,0.06749297241632679,1.0,1.0
bge_m3,person,person::train::08528_6.jpg,llm_detailed,information_reduced,0.9675262301382171,1,49,5,0.10779720452310337,1.0,person::train::05158_3.jpg,0.8677255703996184,1.0,0.8052249079784322,0.8563879877192716,0.162301322159785,0.09980065973859875,1.0,1.0
bge_m3,person,person::train::08528_6.jpg,llm_human_description,information_reduced,0.9126998821016782,1,49,5,0.07510997565650701,1.0,person::train::05158_3.jpg,0.839576849779833,1.0,0.769505261496181,0.8238093935665953,0.14319462060549715,0.07312303232184514,1.0,1.0
bge_m3,person,person::train::01287_5.jpg,llm_brief,information_reduced,0.830043566429784,1,49,5,0.06796659385299397,1.0,person::train::10252_1.jpg,0.7620769725767901,1.0,0.6853989798171165,0.7455034831015861,0.14464458661266755,0.06796659385299397,1.0,1.0
bge_m3,person,person::train::01287_5.jpg,llm_balanced,information_reduced,0.9112978826617412,1,49,5,0.0771271050496849,1.0,person::train::10252_1.jpg,0.8341707776120563,1.0,0.7714109111848373,0.808063285607811,0.13988697147690388,0.0771271050496849,1.0,1.0
bge_m3,person,person::train::01287_5.jpg,llm_detailed,information_reduced,0.925249760670377,1,49,5,0.07495578939344638,1.0,person::train::10252_1.jpg,0.8502939712769306,1.0,0.7761142017596019,0.8235792079099143,0.14913555891077512,0.07495578939344638,1.0,1.0
bge_m3,person,person::train::01287_5.jpg,llm_human_description,information_reduced,0.8238917425566187,1,49,5,0.07463733760329594,1.0,person::train::10252_1.jpg,0.7492544049533227,1.0,0.6660997463087592,0.7235996393616227,0.15779199624785945,0.07463733760329594,1.0,1.0
bge_m3,person,person::train::10252_1.jpg,llm_brief,information_reduced,0.9019085066505458,1,49,5,0.07871685327915878,1.0,person::train::09634_1.jpg,0.823191653371387,1.0,0.6798506497883602,0.7811635569240298,0.2220578568621856,0.07871685327915878,1.0,1.0
bge_m3,person,person::train::10252_1.jpg,llm_balanced,information_reduced,0.9550904770372185,1,49,5,0.08066186369196371,1.0,person::train::11561_6.jpg,0.8744286133452548,1.0,0.7513560413408469,0.8386793174356348,0.20373443569637162,0.08066186369196371,1.0,1.0
bge_m3,person,person::train::10252_1.jpg,llm_detailed,information_reduced,0.9701107754917483,1,49,5,0.08494128117163069,1.0,person::train::11561_6.jpg,0.8851694943201176,1.0,0.7628190896507506,0.8485653282291178,0.20729168584099766,0.08494128117163069,1.0,1.0
bge_m3,person,person::train::10252_1.jpg,llm_human_description,information_reduced,0.9246522279163437,1,49,5,0.06475383082826547,1.0,person::train::11561_6.jpg,0.8598983970880782,1.0,0.7300351162076684,0.8211575095523421,0.19461711170867535,0.06475383082826547,1.0,1.0
bge_m3,person,person::train::08924_1.jpg,llm_brief,information_reduced,0.8510634525203015,1,49,5,0.028079617274120783,1.0,person::train::10252_1.jpg,0.8229838352461807,1.0,0.7186799002166132,0.8028302800465685,0.13238355230368826,0.028079617274120783,1.0,1.0
bge_m3,person,person::train::08924_1.jpg,llm_balanced,information_reduced,0.9799880468302867,1,49,5,0.10141766474777014,1.0,person::query::27008_3.jpg,0.8785703820825166,1.0,0.7042801364464826,0.8232889401456539,0.27570791038380416,0.10141766474777014,1.0,1.0
bge_m3,person,person::train::08924_1.jpg,llm_detailed,information_reduced,0.9807647640967426,1,49,5,0.10640072395578326,1.0,person::query::27008_3.jpg,0.8743640401409594,1.0,0.7009171757561878,0.8265510157706585,0.2798475883405548,0.10640072395578326,1.0,1.0
bge_m3,person,person::train::08924_1.jpg,llm_human_description,information_reduced,0.9554733531940305,1,49,5,0.09867468798709522,1.0,person::query::27008_3.jpg,0.8567986652069353,1.0,0.6845134389734564,0.8035408657572295,0.2709599142205741,0.09867468798709522,1.0,1.0
bge_m3,person,person::train::02319_1.jpg,llm_brief,information_reduced,0.892772891245588,1,49,5,0.049983139487937756,1.0,person::train::01924_2.jpg,0.8427897517576503,1.0,0.7374882759225587,0.7908184060191309,0.15528461532302928,0.049983139487937756,1.0,1.0
bge_m3,person,person::train::02319_1.jpg,llm_balanced,information_reduced,0.9285309936462722,1,49,5,0.06159396487317015,1.0,person::train::11561_6.jpg,0.8669370287731021,1.0,0.7802951126944395,0.8340700119144698,0.1482358809518327,0.06159396487317015,1.0,1.0
bge_m3,person,person::train::02319_1.jpg,llm_detailed,information_reduced,0.9417847625152003,1,49,5,0.052155124777150896,1.0,person::train::11561_6.jpg,0.8896296377380494,1.0,0.7842676683651633,0.8499430390233687,0.157517094150037,0.052155124777150896,1.0,1.0
bge_m3,person,person::train::02319_1.jpg,llm_human_description,information_reduced,0.9261087500865031,1,49,5,0.06252554311409086,1.0,person::train::01924_2.jpg,0.8635832069724122,1.0,0.7539478079240587,0.8261410449869083,0.17216094216244437,0.06252554311409086,1.0,1.0
bge_m3,person,person::train::09715_3.jpg,llm_brief,information_reduced,0.9663186943626391,1,49,5,0.10727045093439036,1.0,person::train::05158_3.jpg,0.8590482434282487,1.0,0.75005185589749,0.8309582227164757,0.21626683846514905,0.10727045093439036,1.0,1.0
bge_m3,person,person::train::09715_3.jpg,llm_balanced,information_reduced,0.9789335656428211,1,49,5,0.09533606122886229,1.0,person::train::05158_3.jpg,0.8835975044139588,1.0,0.7639563796572533,0.8420450197190579,0.2149771859855678,0.09533606122886229,1.0,1.0
bge_m3,person,person::train::09715_3.jpg,llm_detailed,information_reduced,0.9779168582757782,1,49,5,0.09623737024484824,1.0,person::train::05158_3.jpg,0.88167948803093,1.0,0.7677299489581924,0.8459372708242923,0.21018690931758588,0.09623737024484824,1.0,1.0
bge_m3,person,person::train::09715_3.jpg,llm_human_description,information_reduced,0.8650990139689808,1,49,5,0.055407581000914474,1.0,person::train::05158_3.jpg,0.8096914329680663,1.0,0.7226566916016115,0.7823582139179402,0.1424423223673693,0.055407581000914474,1.0,1.0
bge_m3,person,person::train::13508_2.jpg,llm_brief,information_reduced,0.9342640369674494,1,49,5,0.18247860403559146,1.0,person::train::10252_1.jpg,0.751785432931858,1.0,0.6622005228992758,0.7339781025651951,0.27206351406817364,0.18247860403559146,1.0,1.0
bge_m3,person,person::train::13508_2.jpg,llm_balanced,information_reduced,0.9848399025634227,1,49,5,0.20988569005301594,1.0,person::train::10252_1.jpg,0.7749542125104067,1.0,0.6674368637171169,0.748545888730934,0.31740303884630583,0.20988569005301594,1.0,1.0
bge_m3,person,person::train::13508_2.jpg,llm_detailed,information_reduced,0.9672892138907548,1,49,5,0.18256616966867867,1.0,person::train::10252_1.jpg,0.7847230442220762,1.0,0.6552453155620356,0.7518740976562084,0.31204389832871926,0.18256616966867867,1.0,1.0
bge_m3,person,person::train::13508_2.jpg,llm_human_description,information_reduced,0.9406174779942892,1,49,5,0.171118567975849,1.0,person::train::09634_1.jpg,0.7694989100184402,1.0,0.6469997643569103,0.7354133025300688,0.2936177136373789,0.171118567975849,1.0,1.0
bge_m3,person,person::train::09751_6.jpg,llm_brief,information_reduced,0.8699110487544749,1,49,5,0.03911648543580892,1.0,person::query::26943_3.jpg,0.830794563318666,1.0,0.7015569374425639,0.8083952590009881,0.16835411131191103,0.03911648543580892,1.0,1.0
bge_m3,person,person::train::09751_6.jpg,llm_balanced,information_reduced,0.9640835395827665,1,49,5,0.07127029220962888,1.0,person::train::06597_2.jpg,0.8938537633866216,1.0,0.7892558640466193,0.8765378805944963,0.1748276755361472,0.0702297761961449,1.0,1.0
bge_m3,person,person::train::09751_6.jpg,llm_detailed,information_reduced,0.9477903974742911,1,49,5,0.0683145181845185,1.0,person::query::26943_3.jpg,0.8794758792897726,1.0,0.7768175001921924,0.8615177169088705,0.17097289728209863,0.0683145181845185,1.0,1.0
bge_m3,person,person::train::09751_6.jpg,llm_human_description,information_reduced,0.9215390350376431,1,49,5,0.05853326242856505,1.0,person::query::26943_3.jpg,0.8630057726090781,1.0,0.7680480615223968,0.8473533512094684,0.15349097351524632,0.05853326242856505,1.0,1.0
bge_m3,person,person::train::11903_4.jpg,llm_brief,information_reduced,0.8114681945959223,1,49,5,0.04097322419338134,1.0,person::train::09634_1.jpg,0.770494970402541,1.0,0.6404892749426944,0.7448157240651443,0.17097891965322798,0.04097322419338134,1.0,1.0
bge_m3,person,person::train::11903_4.jpg,llm_balanced,information_reduced,0.9016008366087054,1,49,5,0.0692299686465736,1.0,person::train::09634_1.jpg,0.8323708679621318,1.0,0.6921633806353096,0.7933674532449717,0.2094374559733958,0.0692299686465736,1.0,1.0
bge_m3,person,person::train::11903_4.jpg,llm_detailed,information_reduced,0.9641990176460702,1,49,5,0.178565963036586,1.0,person::train::09634_1.jpg,0.7856330546094842,1.0,0.6650831738165457,0.7659011543658637,0.2991158438295245,0.178565963036586,1.0,1.0
bge_m3,person,person::train::11903_4.jpg,llm_human_description,information_reduced,0.8660065236472447,1,49,5,0.04346132804233793,1.0,person::train::09634_1.jpg,0.8225451956049068,1.0,0.6469940717256717,0.7652686655110862,0.21901245192157304,0.04346132804233793,1.0,1.0
bge_m3,person,person::train::03720_4.jpg,llm_brief,information_reduced,0.9059652916568073,1,49,5,0.17074121854909075,1.0,person::train::02319_1.jpg,0.7352240731077165,1.0,0.6066395604435927,0.6843100282234403,0.2993257312132146,0.17074121854909075,1.0,1.0
bge_m3,person,person::train::03720_4.jpg,llm_balanced,information_reduced,0.964627459919934,1,49,5,0.23863872850544532,1.0,person::train::02319_1.jpg,0.7259887314144887,1.0,0.6284651277584725,0.6920637559055852,0.3361623321614615,0.23863872850544532,1.0,1.0
bge_m3,person,person::train::03720_4.jpg,llm_detailed,information_reduced,0.9939498944718921,1,49,5,0.22996713761686327,1.0,person::train::02319_1.jpg,0.7639827568550288,1.0,0.6601023318282139,0.7265744239648169,0.3338475626436782,0.22996713761686327,1.0,1.0
bge_m3,person,person::train::03720_4.jpg,llm_human_description,information_reduced,0.9388747285038509,1,49,5,0.21039271527942305,1.0,person::train::02319_1.jpg,0.7284820132244278,1.0,0.6320156980262883,0.700026407142962,0.3068590304775626,0.21039271527942305,1.0,1.0
bge_m3,person,person::train::26249_12.jpg,llm_brief,information_reduced,0.7785796479122269,7,49,5,-0.046976682558495964,0.8,person::train::00233_10.png,0.8255563304707229,0.8775510204081632,0.6938229825881086,0.7872115651323759,0.0847566653241183,-0.046976682558495964,0.0,0.14285714285714285
bge_m3,person,person::train::26249_12.jpg,llm_balanced,information_reduced,0.942651372344957,1,49,5,0.1797436707254556,1.0,person::train::00837_3.png,0.7629077016195014,1.0,0.6476034028756064,0.7141220831947606,0.29504796946935063,0.1797436707254556,1.0,1.0
bge_m3,person,person::train::26249_12.jpg,llm_detailed,information_reduced,0.9718449016887696,1,49,5,0.2447097014952173,1.0,person::train::00837_3.png,0.7271352001935523,1.0,0.631843968175976,0.6973912552961794,0.3400009335127936,0.2447097014952173,1.0,1.0
bge_m3,person,person::train::26249_12.jpg,llm_human_description,information_reduced,0.9178502632717738,1,49,5,0.21777507088078507,1.0,person::train::00837_3.png,0.7000751923909887,1.0,0.6007087683167776,0.6703189078490459,0.3171414949549962,0.21777507088078507,1.0,1.0
bge_m3,person,person::train::08634_3.jpg,llm_brief,information_reduced,0.8447587704045951,1,49,5,0.05343645355726934,1.0,person::train::10977_1.jpg,0.7913223168473258,1.0,0.6204516897619292,0.7471823027728002,0.2243070806426659,0.05343645355726934,1.0,1.0
bge_m3,person,person::train::08634_3.jpg,llm_balanced,information_reduced,0.9348168603787035,1,49,5,0.09669746857754091,1.0,person::train::09634_1.jpg,0.8381193918011626,1.0,0.7069073476590666,0.8119401961632581,0.2279095127196369,0.09669746857754091,1.0,1.0
bge_m3,person,person::train::08634_3.jpg,llm_detailed,information_reduced,0.9315619752589066,1,49,5,0.10448899124501876,1.0,person::train::11561_6.jpg,0.8270729840138878,1.0,0.7176867190453936,0.8120280078555875,0.213875256213513,0.10448899124501876,1.0,1.0
bge_m3,person,person::train::08634_3.jpg,llm_human_description,information_reduced,0.8645884078711767,1,49,5,0.10800230551197965,1.0,person::train::09634_1.jpg,0.7565861023591971,1.0,0.6374477106880148,0.7449236539360766,0.227140697183162,0.10800230551197965,1.0,1.0
bge_m3,person,person::train::00837_3.png,llm_brief,information_reduced,0.9028278766447186,1,49,5,0.11257765172532341,1.0,person::query::14994_1.png,0.7902502249193952,1.0,0.6798918127982463,0.7418922235727848,0.22293606384647235,0.11257765172532341,1.0,1.0
bge_m3,person,person::train::00837_3.png,llm_balanced,information_reduced,0.9764140206788,1,49,5,0.10051273651271109,1.0,person::query::14994_1.png,0.8759012841660889,1.0,0.7840244087744901,0.8395508811633233,0.19238961190430992,0.10051273651271109,1.0,1.0
bge_m3,person,person::train::00837_3.png,llm_detailed,information_reduced,0.9680781695124795,1,49,5,0.08279325747065092,1.0,person::query::14994_1.png,0.8852849120418286,1.0,0.789769847949197,0.833238368776298,0.17830832156328247,0.08279325747065092,1.0,1.0
bge_m3,person,person::train::00837_3.png,llm_human_description,information_reduced,0.9386737855847099,1,49,5,0.08820328139817846,1.0,person::query::14994_1.png,0.8504705041865315,1.0,0.7727061468523684,0.8226635680229283,0.16596763873234155,0.08820328139817846,1.0,1.0
bge_m3,person,person::query::27008_3.jpg,llm_brief,information_reduced,0.8438479954020403,2,49,5,-0.017432636210202745,0.8,person::query::26761_2.jpg,0.861280631612243,0.9795918367346939,0.777849708031694,0.8341030522620738,0.0659982873703463,-0.017432636210202745,0.0,0.5
bge_m3,person,person::query::27008_3.jpg,llm_balanced,information_reduced,0.9718942703160361,1,49,5,0.10083788569901253,1.0,person::train::08924_1.jpg,0.8710563846170236,1.0,0.7268324828340627,0.7798526604069254,0.2450617874819735,0.10083788569901253,1.0,1.0
bge_m3,person,person::query::27008_3.jpg,llm_detailed,information_reduced,0.9480735726508407,1,49,5,0.06795872291130012,1.0,person::train::08924_1.jpg,0.8801148497395406,1.0,0.7444577730506226,0.8002228781007498,0.20361579960021814,0.06795872291130012,1.0,1.0
bge_m3,person,person::query::27008_3.jpg,llm_human_description,information_reduced,0.9615728861903461,1,49,5,0.09232951609038242,1.0,person::train::08924_1.jpg,0.8692433700999637,1.0,0.7186807771866557,0.7808000683816579,0.2428921090036904,0.09232951609038242,1.0,1.0
bge_m3,person,person::query::14994_1.png,llm_brief,information_reduced,0.8765524925675119,2,49,5,-0.0028110050794536434,0.8,person::train::00837_3.png,0.8793634976469655,0.9795918367346939,0.7292936487614456,0.8104939410860078,0.14725884380606624,-0.0028110050794536434,0.0,0.5
bge_m3,person,person::query::14994_1.png,llm_balanced,information_reduced,0.9355144332283389,1,49,5,0.015317378060418663,1.0,person::train::00837_3.png,0.9201970551679203,1.0,0.8011805844842497,0.8667383155414494,0.13433384874408927,0.015317378060418663,1.0,1.0
bge_m3,person,person::query::14994_1.png,llm_detailed,information_reduced,0.9652738282346238,1,49,5,0.043724549664619805,1.0,person::train::06085_7.jpg,0.921549278570004,1.0,0.804184315733586,0.9021391338183492,0.16108951250103787,0.043724549664619805,1.0,1.0
bge_m3,person,person::query::14994_1.png,llm_human_description,information_reduced,0.9027110945861827,1,49,5,0.0068569968065426146,1.0,person::train::00837_3.png,0.8958540977796401,1.0,0.7788010663804126,0.8435536713533698,0.12391002820577013,0.0068569968065426146,1.0,1.0
bge_m3,person,person::query::14459_1.png,llm_brief,information_reduced,0.8594512414857379,1,49,5,0.0241755120741729,1.0,person::gallery::15309_3.png,0.835275729411565,1.0,0.7094015320316862,0.797441946796378,0.15004970945405172,0.0241755120741729,1.0,1.0
bge_m3,person,person::query::14459_1.png,llm_balanced,information_reduced,0.9710624464914029,1,49,5,0.06285407122855668,1.0,person::query::26685_1.jpg,0.9082083752628463,1.0,0.7844262953095869,0.8682358490308048,0.1866361511818161,0.06285407122855668,1.0,1.0
bge_m3,person,person::query::14459_1.png,llm_detailed,information_reduced,0.9783413563674674,1,49,5,0.07793019136401447,1.0,person::query::26685_1.jpg,0.900411165003453,1.0,0.7868566733065351,0.8584144539749863,0.19148468306093236,0.07793019136401447,1.0,1.0
bge_m3,person,person::query::14459_1.png,llm_human_description,information_reduced,0.9338395019244927,1,49,5,0.0664136150465442,1.0,person::query::26685_1.jpg,0.8674258868779485,1.0,0.7436637631457886,0.8121021362305886,0.19017573877870408,0.0664136150465442,1.0,1.0
bge_m3,person,person::query::26943_3.jpg,llm_brief,information_reduced,0.9298876151716966,1,49,5,0.0966341515283411,1.0,person::gallery::15309_3.png,0.8332534636433555,1.0,0.7187271085413335,0.8239844672747408,0.21116050663036312,0.0966341515283411,1.0,1.0
bge_m3,person,person::query::26943_3.jpg,llm_balanced,information_reduced,0.9999999999997722,1,49,5,0.08983455406853313,1.0,person::gallery::15309_3.png,0.910165445931239,1.0,0.7780049677319109,0.8950715224584049,0.22199503226786133,0.08983455406853313,1.0,1.0
bge_m3,person,person::query::26943_3.jpg,llm_detailed,information_reduced,1.0,1,49,5,0.08983453749044856,1.0,person::gallery::15309_3.png,0.9101654625095514,1.0,0.7780049913700176,0.8950715409675595,0.22199500862998245,0.08983453749044856,1.0,1.0
bge_m3,person,person::query::26943_3.jpg,llm_human_description,information_reduced,0.9540298520130505,1,49,5,0.06421425685200377,1.0,person::train::06597_2.jpg,0.8898155951610467,1.0,0.7536891399190966,0.8664901619052873,0.20034071209395388,0.06421425685200377,1.0,1.0
bge_m3,person,person::query::26789_3.jpg,llm_brief,information_reduced,0.9630670738593964,1,49,5,0.034082118329456734,1.0,person::query::26943_3.jpg,0.9289849555299396,1.0,0.8043612530758208,0.8938295753832444,0.15870582078357554,0.034082118329456734,1.0,1.0
bge_m3,person,person::query::26789_3.jpg,llm_balanced,information_reduced,0.9439173518797066,1,49,5,0.0452762184022244,1.0,person::train::06085_7.jpg,0.8986411334774822,1.0,0.741817584087242,0.8538010133334275,0.20209976779246464,0.0452762184022244,1.0,1.0
bge_m3,person,person::query::26789_3.jpg,llm_detailed,information_reduced,0.9648024542657044,1,49,5,0.06366183323434782,1.0,person::train::06085_7.jpg,0.9011406210313566,1.0,0.7804610026816466,0.8816320145585367,0.1843414515840578,0.06366183323434782,1.0,1.0
bge_m3,person,person::query::26789_3.jpg,llm_human_description,information_reduced,0.916238567977536,1,49,5,0.04947993391192784,1.0,person::train::06085_7.jpg,0.8667586340656082,1.0,0.7396216074912121,0.834444153933546,0.17661696048632392,0.04947993391192784,1.0,1.0
bge_m3,person,person::query::26935_2.jpg,llm_brief,information_reduced,0.8956878236502341,1,49,5,0.10204750203776514,1.0,person::gallery::27153_5.jpg,0.793640321612469,1.0,0.7519311237926872,0.7818015782214277,0.1437566998575469,0.10204750203776514,1.0,1.0
bge_m3,person,person::query::26935_2.jpg,llm_balanced,information_reduced,0.9303129525841918,1,49,5,0.09572288880552682,1.0,person::gallery::27153_5.jpg,0.834590063778665,1.0,0.7636972251175739,0.8038113981756616,0.1666157274666179,0.09572288880552682,1.0,1.0
bge_m3,person,person::query::26935_2.jpg,llm_detailed,information_reduced,0.9232314667133964,1,49,5,0.10799060114148784,1.0,person::train::09751_6.jpg,0.8152408655719086,1.0,0.7595639340243808,0.8049480091650651,0.16366753268901557,0.10799060114148784,1.0,1.0
bge_m3,person,person::query::26935_2.jpg,llm_human_description,information_reduced,0.8768783318865228,1,49,5,0.051224782182083595,1.0,person::gallery::27153_5.jpg,0.8256535497044392,1.0,0.7536624750630918,0.7976724062212126,0.12321585682343095,0.051224782182083595,1.0,1.0
bge_m3,person,person::query::27100_1.jpg,llm_brief,information_reduced,0.8938157294107346,1,49,5,0.06933211949594287,1.0,person::query::26685_1.jpg,0.8244836099147917,1.0,0.6970118582776452,0.7962197707701458,0.1968038711330894,0.06933211949594287,1.0,1.0
bge_m3,person,person::query::27100_1.jpg,llm_balanced,information_reduced,0.9820902428067428,1,49,5,0.0894684980229945,1.0,person::query::26685_1.jpg,0.8926217447837483,1.0,0.7862799774143336,0.8733772537412148,0.1958102653924092,0.0894684980229945,1.0,1.0
bge_m3,person,person::query::27100_1.jpg,llm_detailed,information_reduced,1.0,1,49,5,0.09805334119246645,1.0,person::query::26685_1.jpg,0.9019466588075336,1.0,0.8070402915735362,0.8874290138254041,0.19295970842646382,0.09805334119246645,1.0,1.0
bge_m3,person,person::query::27100_1.jpg,llm_human_description,information_reduced,0.9345272773891042,1,49,5,0.06986515464847964,1.0,person::query::26789_3.jpg,0.8646621227406246,1.0,0.7599424325492788,0.8579916213327994,0.1745848448398254,0.06986515464847964,1.0,1.0
bge_m3,person,person::query::26761_2.jpg,llm_brief,information_reduced,0.8592403261181333,1,49,5,0.052411346531342606,1.0,person::train::01108_7.png,0.8068289795867907,1.0,0.733198917535802,0.7886008510099659,0.12604140858233126,0.052411346531342606,1.0,1.0
bge_m3,person,person::query::26761_2.jpg,llm_balanced,information_reduced,0.9285474467007123,1,49,5,0.04518565262869112,1.0,person::train::01108_7.png,0.8833617940720212,1.0,0.8060877676202883,0.8728855377296679,0.12245967908042399,0.04518565262869112,1.0,1.0
bge_m3,person,person::query::26761_2.jpg,llm_detailed,information_reduced,0.9346791100511165,1,49,5,0.042483384759446574,1.0,person::train::01108_7.png,0.8921957252916699,1.0,0.8110094388637146,0.8794378814743524,0.12366967118740191,0.042483384759446574,1.0,1.0
bge_m3,person,person::query::26761_2.jpg,llm_human_description,information_reduced,0.8895582079417251,1,49,5,0.03369889212375421,1.0,person::train::01108_7.png,0.8558593158179709,1.0,0.7656830050433985,0.8387567753773304,0.12387520289832665,0.03369889212375421,1.0,1.0
bge_m3,person,person::gallery::27153_5.jpg,llm_brief,information_reduced,0.8738516792185135,1,49,5,0.1185326949821569,1.0,person::train::06085_7.jpg,0.7553189842363566,1.0,0.6580479938071662,0.7230826347537787,0.2158036854113473,0.1185326949821569,1.0,1.0
bge_m3,person,person::gallery::27153_5.jpg,llm_balanced,information_reduced,0.9716138929848279,1,49,5,0.129645154126951,1.0,person::gallery::26789_1.jpg,0.8419687388578769,1.0,0.7543382054152401,0.8280744552115359,0.21727568756958782,0.129645154126951,1.0,1.0
bge_m3,person,person::gallery::27153_5.jpg,llm_detailed,information_reduced,0.9609709516610928,1,49,5,0.10689411939241689,1.0,person::gallery::26789_1.jpg,0.8540768322686759,1.0,0.7585545466257606,0.8337266232731902,0.2024164050353322,0.10689411939241689,1.0,1.0
bge_m3,person,person::gallery::27153_5.jpg,llm_human_description,information_reduced,0.9329630049064128,1,49,5,0.12943738821058015,1.0,person::train::00233_10.png,0.8035256166958327,1.0,0.7276395299756241,0.7944380768450506,0.20532347493078873,0.12943738821058015,1.0,1.0
bge_m3,person,person::gallery::26789_1.jpg,llm_brief,information_reduced,0.9344126182423599,1,49,5,0.0861314449644881,1.0,person::query::26943_3.jpg,0.8482811732778718,1.0,0.7426117826744547,0.8007970536901728,0.19180083556790517,0.0861314449644881,1.0,1.0
bge_m3,person,person::gallery::26789_1.jpg,llm_balanced,information_reduced,0.999999999999705,1,49,5,0.14002645014546167,1.0,person::query::26943_3.jpg,0.8599735498542433,1.0,0.7777986939172811,0.8466644253448157,0.22220130608242394,0.14002645014546167,1.0,1.0
bge_m3,person,person::gallery::26789_1.jpg,llm_detailed,information_reduced,0.9999999999999996,1,49,5,0.14002648813447616,1.0,person::query::26943_3.jpg,0.8599735118655234,1.0,0.7777986528034053,0.8466644101073433,0.22220134719659423,0.14002648813447616,1.0,1.0
bge_m3,person,person::gallery::26789_1.jpg,llm_human_description,information_reduced,0.9607943839350457,1,49,5,0.10739796080227915,1.0,person::train::08529_4.jpg,0.8533964231327665,1.0,0.7541994612765535,0.8156412144987941,0.20659492265849222,0.10739796080227915,1.0,1.0
bge_m3,person,person::gallery::26721_4.jpg,llm_brief,information_reduced,0.9058545812797256,1,49,5,0.05094844620399741,1.0,person::query::26761_2.jpg,0.8549061350757282,1.0,0.7730915680609124,0.824627946229993,0.13276301321881323,0.05094844620399741,1.0,1.0
bge_m3,person,person::gallery::26721_4.jpg,llm_balanced,information_reduced,0.9267569627068664,1,49,5,0.04932562132758522,1.0,person::query::26761_2.jpg,0.8774313413792811,1.0,0.7820616320549296,0.8501153274773136,0.14469533065193674,0.04932562132758522,1.0,1.0
bge_m3,person,person::gallery::26721_4.jpg,llm_detailed,information_reduced,0.9018324152296728,1,49,5,0.032538373049993075,1.0,person::train::10252_1.jpg,0.8692940421796798,1.0,0.7793091426892709,0.8579603734223198,0.12252327254040196,0.032538373049993075,1.0,1.0
bge_m3,person,person::gallery::26721_4.jpg,llm_human_description,information_reduced,0.9007119179614005,1,49,5,0.04018620976450937,1.0,person::query::26761_2.jpg,0.8605257081968911,1.0,0.7621708652530923,0.8204160729916421,0.1385410527083082,0.04018620976450937,1.0,1.0
bge_m3,person,person::gallery::26991_3.jpg,llm_brief,information_reduced,0.8697149459051754,1,49,5,0.04084147092535706,1.0,person::query::27008_3.jpg,0.8288734749798183,1.0,0.6512734916575031,0.7397824998427198,0.21844145424767225,0.04084147092535706,1.0,1.0
bge_m3,person,person::gallery::26991_3.jpg,llm_balanced,information_reduced,0.9320080544972431,1,49,5,0.054134248235439664,1.0,person::query::27008_3.jpg,0.8778738062618034,1.0,0.7254579842064874,0.7941963060677815,0.20655007029075567,0.054134248235439664,1.0,1.0
bge_m3,person,person::gallery::26991_3.jpg,llm_detailed,information_reduced,0.9494090446341518,1,49,5,0.10643101161464108,1.0,person::query::27008_3.jpg,0.8429780330195107,1.0,0.7394535096971264,0.8069063887025019,0.20995553493702535,0.10643101161464108,1.0,1.0
bge_m3,person,person::gallery::26991_3.jpg,llm_human_description,information_reduced,0.9144998221639546,1,49,5,0.08298851859462808,1.0,person::query::27008_3.jpg,0.8315113035693266,1.0,0.7112850618786158,0.7757701018286408,0.2032147602853388,0.08298851859462808,1.0,1.0
bge_m3,person,person::gallery::26735_2.jpg,llm_brief,information_reduced,0.8059055864394798,2,49,5,-0.01051890329332239,0.8,person::train::06085_7.jpg,0.8164244897328022,0.9795918367346939,0.674335744405108,0.7782504500479881,0.13156984203437183,-0.01051890329332239,0.0,0.5
bge_m3,person,person::gallery::26735_2.jpg,llm_balanced,information_reduced,0.9609438026421756,1,49,5,0.04547809013082482,1.0,person::train::06085_7.jpg,0.9154657125113508,1.0,0.7979121483138701,0.8960587677632197,0.16303165432830546,0.04547809013082482,1.0,1.0
bge_m3,person,person::gallery::26735_2.jpg,llm_detailed,information_reduced,0.9576757471923221,1,49,5,0.06149535450167842,1.0,person::train::06085_7.jpg,0.8961803926906436,1.0,0.7959511810776532,0.8768586903209968,0.1617245661146689,0.06149535450167842,1.0,1.0
bge_m3,person,person::gallery::26735_2.jpg,llm_human_description,information_reduced,0.9053531674502375,1,49,5,0.031651950544002494,1.0,person::train::06085_7.jpg,0.873701216906235,1.0,0.7680734794428239,0.8487734760495569,0.13727968800741364,0.031651950544002494,1.0,1.0
bge_m3,person,person::gallery::14888_1.png,llm_brief,information_reduced,0.921298382605993,1,49,5,0.08458181674800291,1.0,person::train::02167_1.jpg,0.83671656585799,1.0,0.7262160610474682,0.7883803071376603,0.19508232155852478,0.08458181674800291,1.0,1.0
bge_m3,person,person::gallery::14888_1.png,llm_balanced,information_reduced,0.9371184368187019,1,49,5,0.1053925716730596,1.0,person::train::02167_1.jpg,0.8317258651456423,1.0,0.7317703924947799,0.7994747891837812,0.20534804432392195,0.1053925716730596,1.0,1.0
bge_m3,person,person::gallery::14888_1.png,llm_detailed,information_reduced,0.9476984743594297,1,49,5,0.09199198558667265,1.0,person::train::02167_1.jpg,0.855706488772757,1.0,0.75005557596386,0.81510712188168,0.1976428983955697,0.09199198558667265,1.0,1.0
bge_m3,person,person::gallery::14888_1.png,llm_human_description,information_reduced,0.8717433132232608,1,49,5,0.09089918986816303,1.0,person::train::02167_1.jpg,0.7808441233550978,1.0,0.6812894489134906,0.7444674330909911,0.19045386430977018,0.09089918986816303,1.0,1.0
bge_m3,person,person::gallery::26774_3.jpg,llm_brief,information_reduced,0.9236148046145161,1,49,5,0.06815243737455423,1.0,person::train::01108_7.png,0.8554623672399618,1.0,0.7845316879943518,0.848907201403549,0.13908311662016426,0.06815243737455423,1.0,1.0
bge_m3,person,person::gallery::26774_3.jpg,llm_balanced,information_reduced,0.9480946763750386,1,49,5,0.052676176274761066,1.0,person::train::06085_7.jpg,0.8954185001002776,1.0,0.7890484523289312,0.8799084340973783,0.15904622404610746,0.052676176274761066,1.0,1.0
bge_m3,person,person::gallery::26774_3.jpg,llm_detailed,information_reduced,0.9814358782725087,1,49,5,0.07422919220100099,1.0,person::query::14994_1.png,0.9072066860715077,1.0,0.8197295057757381,0.9013580548271798,0.16170637249677056,0.07422919220100099,1.0,1.0
bge_m3,person,person::gallery::26774_3.jpg,llm_human_description,information_reduced,0.8816536286244657,1,49,5,0.0384244363651598,1.0,person::train::06085_7.jpg,0.8432291922593059,1.0,0.7590836083309832,0.8281851672835941,0.12257002029348252,0.0384244363651598,1.0,1.0
bge_m3,person,person::gallery::15309_3.png,llm_brief,information_reduced,0.9389371101279651,1,49,5,0.04370411096715887,1.0,person::query::26943_3.jpg,0.8952329991608062,1.0,0.7762537383503645,0.8666306054621161,0.16268337177760062,0.04370411096715887,1.0,1.0
bge_m3,person,person::gallery::15309_3.png,llm_balanced,information_reduced,0.9965572910756894,1,49,5,0.04893586669202088,1.0,person::train::06597_2.jpg,0.9476214243836685,1.0,0.8051569595728922,0.9030392886905578,0.19140033150279712,0.04893586669202088,1.0,1.0
bge_m3,person,person::gallery::15309_3.png,llm_detailed,information_reduced,0.9751362374742374,1,49,5,0.04008193893462775,1.0,person::train::06597_2.jpg,0.9350542985396096,1.0,0.8039418929314677,0.8944253147688332,0.17119434454276972,0.04008193893462775,1.0,1.0
bge_m3,person,person::gallery::15309_3.png,llm_human_description,information_reduced,0.9466266985862364,1,49,5,0.03899404160512132,1.0,person::train::06597_2.jpg,0.9076326569811151,1.0,0.7782006969879771,0.8688223776369601,0.16842600159825927,0.03899404160512132,1.0,1.0
bge_m3,person,person::gallery::15194_3.png,llm_brief,information_reduced,0.8520800772885374,1,49,5,0.03638721483665508,1.0,person::train::00837_3.png,0.8156928624518823,1.0,0.716091395088584,0.7986469820501767,0.13598868219995341,0.03638721483665508,1.0,1.0
bge_m3,person,person::gallery::15194_3.png,llm_balanced,information_reduced,0.9473665906417799,1,49,5,0.11892369149343796,1.0,person::train::00837_3.png,0.8284428991483419,1.0,0.7487764163175707,0.791476254571202,0.1985901743242091,0.11892369149343796,1.0,1.0
bge_m3,person,person::gallery::15194_3.png,llm_detailed,information_reduced,0.9516488110086891,1,49,5,0.12503043611283682,1.0,person::train::00837_3.png,0.8266183748958523,1.0,0.7530143553516174,0.8034264133309813,0.19863445565707172,0.12503043611283682,1.0,1.0
bge_m3,person,person::gallery::15194_3.png,llm_human_description,information_reduced,0.8759585987877446,1,49,5,0.02761227864770377,1.0,person::gallery::26474_5.jpg,0.8483463201400409,1.0,0.7348646627208605,0.7864724128512434,0.14109393606688414,0.02761227864770377,1.0,1.0
bge_m3,vehicle,vehicle::train_images::13608_c139_04.jpg,llm_brief,information_reduced,0.8066293207813675,1,49,5,0.013569472463378585,1.0,vehicle::train_images::16253_c139_00.jpg,0.8034598256783501,1.0,0.67121314281788,0.7797505944702465,0.13541617796348748,0.00316949510301745,1.0,1.0
bge_m3,vehicle,vehicle::train_images::13608_c139_04.jpg,llm_balanced,information_reduced,0.9423359256884836,1,49,5,0.1427665926650079,1.0,vehicle::train_images::03678_c014_03.jpg,0.7995693330234757,1.0,0.6757298955924835,0.7803956753623847,0.26660603009600004,0.1427665926650079,1.0,1.0
bge_m3,vehicle,vehicle::train_images::13608_c139_04.jpg,llm_detailed,information_reduced,0.9550787733308495,1,49,5,0.14747426915157313,1.0,vehicle::train_images::03678_c014_03.jpg,0.8076045041792763,1.0,0.6709890346216948,0.7714665113768149,0.28408973870915466,0.14747426915157313,1.0,1.0
bge_m3,vehicle,vehicle::train_images::13608_c139_04.jpg,llm_human_description,information_reduced,0.9244288974745676,1,49,5,0.10157558606628758,1.0,vehicle::train_images::03678_c014_03.jpg,0.82285331140828,1.0,0.6754575621596501,0.7693439116843123,0.24897133531491744,0.10157558606628758,1.0,1.0
bge_m3,vehicle,vehicle::train_images::12849_c170_02.jpg,llm_brief,information_reduced,0.8846970734071131,1,49,5,0.12952153574369452,1.0,vehicle::train_images::05432_c163_04.jpg,0.7551755376634186,1.0,0.5879414425489771,0.7171117839215456,0.29675563085813605,0.12952153574369452,1.0,1.0
bge_m3,vehicle,vehicle::train_images::12849_c170_02.jpg,llm_balanced,information_reduced,0.9448924566965664,1,49,5,0.12289019209623986,1.0,vehicle::train_images::08854_c110_02.jpg,0.8220022646003265,1.0,0.6545444148839631,0.7866776635690684,0.2903480418126033,0.12289019209623986,1.0,1.0
bge_m3,vehicle,vehicle::train_images::12849_c170_02.jpg,llm_detailed,information_reduced,0.9288017433151823,1,49,5,0.13768905492486483,1.0,vehicle::query_images::20272_c102_00.jpg,0.7911126883903175,1.0,0.6377698931579956,0.7511397819794466,0.2910318501571867,0.13768905492486483,1.0,1.0
bge_m3,vehicle,vehicle::train_images::12849_c170_02.jpg,llm_human_description,information_reduced,0.9315830989805645,1,49,5,0.1301033079683508,1.0,vehicle::query_images::20272_c102_00.jpg,0.8014797910122137,1.0,0.6385246611543036,0.7698598543803588,0.29305843782626084,0.1301033079683508,1.0,1.0
bge_m3,vehicle,vehicle::train_images::10839_c110_00.jpg,llm_brief,information_reduced,0.7940299571104625,1,49,5,0.0981266392113107,1.0,vehicle::gallery_images::21216_c003_04.jpg,0.6959033178991518,1.0,0.578886719343773,0.6765720428014103,0.21514323776668953,0.0981266392113107,1.0,1.0
bge_m3,vehicle,vehicle::train_images::10839_c110_00.jpg,llm_balanced,information_reduced,0.8562153270359047,1,49,5,0.11082951032511268,1.0,vehicle::train_images::04724_c110_02.jpg,0.7453858167107921,1.0,0.6165535675532228,0.7184497844461251,0.23966175948268198,0.11082951032511268,1.0,1.0
bge_m3,vehicle,vehicle::train_images::10839_c110_00.jpg,llm_detailed,information_reduced,0.942024838914327,1,49,5,0.19190319614239326,1.0,vehicle::gallery_images::21216_c003_04.jpg,0.7501216427719337,1.0,0.624488712047575,0.6946247783593261,0.31753612686675203,0.19190319614239326,1.0,1.0
bge_m3,vehicle,vehicle::train_images::10839_c110_00.jpg,llm_human_description,information_reduced,0.8887008610687407,1,49,5,0.1674630352006754,1.0,vehicle::train_images::04724_c110_02.jpg,0.7212378258680653,1.0,0.6304500221583614,0.6889682354730122,0.25825083891037925,0.1674630352006754,1.0,1.0
bge_m3,vehicle,vehicle::train_images::02440_c090_02.jpg,llm_brief,information_reduced,0.8453151989314668,1,49,5,0.15008030790179705,1.0,vehicle::train_images::14387_c163_04.jpg,0.6952348910296697,1.0,0.6079362226533135,0.6859554895427978,0.2373789762781533,0.15008030790179705,1.0,1.0
bge_m3,vehicle,vehicle::train_images::02440_c090_02.jpg,llm_balanced,information_reduced,0.9142988124534569,1,49,5,0.21920462566723076,1.0,vehicle::train_images::14387_c163_04.jpg,0.6950941867862261,1.0,0.5988786523255295,0.6553045341489095,0.3154201601279274,0.21920462566723076,1.0,1.0
bge_m3,vehicle,vehicle::train_images::02440_c090_02.jpg,llm_detailed,information_reduced,0.9756313218724316,1,49,5,0.22681811825363973,1.0,vehicle::gallery_images::20877_c110_00.jpg,0.7488132036187919,1.0,0.6432636649029843,0.7047171176715048,0.33236765696944737,0.22681811825363973,1.0,1.0
bge_m3,vehicle,vehicle::train_images::02440_c090_02.jpg,llm_human_description,information_reduced,0.9606944209563215,1,49,5,0.23675429941805803,1.0,vehicle::train_images::14387_c163_04.jpg,0.7239401215382635,1.0,0.6338242782505866,0.68546747741005,0.3268701427057349,0.23675429941805803,1.0,1.0
bge_m3,vehicle,vehicle::train_images::12341_c073_00.jpg,llm_brief,information_reduced,0.869763586832863,1,49,5,0.07046409531886444,1.0,vehicle::train_images::16253_c139_00.jpg,0.7992994915139986,1.0,0.635498238787809,0.7480352382039192,0.23426534804505406,0.07046409531886444,1.0,1.0
bge_m3,vehicle,vehicle::train_images::12341_c073_00.jpg,llm_balanced,information_reduced,0.9314134921688704,1,49,5,0.1399136565810607,1.0,vehicle::query_images::20204_c041_01.jpg,0.7914998355878097,1.0,0.6698025984118274,0.768363329942567,0.26161089375704294,0.1399136565810607,1.0,1.0
bge_m3,vehicle,vehicle::train_images::12341_c073_00.jpg,llm_detailed,information_reduced,0.9465194095329692,1,49,5,0.15285989435545566,1.0,vehicle::query_images::20204_c041_01.jpg,0.7936595151775135,1.0,0.668397133094691,0.7690202458767686,0.27812227643827825,0.15285989435545566,1.0,1.0
bge_m3,vehicle,vehicle::train_images::12341_c073_00.jpg,llm_human_description,information_reduced,0.9369704523985434,1,49,5,0.15610732603456245,1.0,vehicle::train_images::16253_c139_00.jpg,0.7808631263639809,1.0,0.6721757808263844,0.770911515667806,0.26479467157215897,0.15610732603456245,1.0,1.0
bge_m3,vehicle,vehicle::train_images::18263_c110_02.jpg,llm_brief,information_reduced,0.829134151880447,1,49,5,0.1362796822646677,1.0,vehicle::query_images::20298_c122_00.jpg,0.6928544696157793,1.0,0.5272801191317983,0.6300528898932114,0.30185403274864875,0.1362796822646677,1.0,1.0
bge_m3,vehicle,vehicle::train_images::18263_c110_02.jpg,llm_balanced,information_reduced,0.8830859749164525,1,49,5,0.16494380984606993,1.0,vehicle::query_images::21022_c078_01.jpg,0.7181421650703825,1.0,0.5392497372407414,0.6735671676502252,0.34383623767571103,0.16494380984606993,1.0,1.0
bge_m3,vehicle,vehicle::train_images::18263_c110_02.jpg,llm_detailed,information_reduced,0.9531678690607845,1,49,5,0.23246730524916748,1.0,vehicle::train_images::13946_c012_04.jpg,0.7207005638116171,1.0,0.6041663473142083,0.7139530222542826,0.3490015217465763,0.23246730524916748,1.0,1.0
bge_m3,vehicle,vehicle::train_images::18263_c110_02.jpg,llm_human_description,information_reduced,0.941201316181874,1,49,5,0.1851547544275144,1.0,vehicle::query_images::21022_c078_01.jpg,0.7560465617543596,1.0,0.6070819016665503,0.7444131335385724,0.3341194145153237,0.1851547544275144,1.0,1.0
bge_m3,vehicle,vehicle::train_images::10529_c003_02.jpg,llm_brief,information_reduced,0.8156060031811927,1,49,5,0.08032931311265412,1.0,vehicle::train_images::05685_c100_04.jpg,0.7352766900685386,1.0,0.6037744601166775,0.6817809219974443,0.21183154306451524,0.08032931311265412,1.0,1.0
bge_m3,vehicle,vehicle::train_images::10529_c003_02.jpg,llm_balanced,information_reduced,0.9044205519763646,1,49,5,0.11852476708275661,1.0,vehicle::gallery_images::21199_c014_04.jpg,0.785895784893608,1.0,0.6575197246764191,0.7595619486322199,0.24690082729994556,0.11852476708275661,1.0,1.0
bge_m3,vehicle,vehicle::train_images::10529_c003_02.jpg,llm_detailed,information_reduced,0.9489274419322054,1,49,5,0.19266957819957575,1.0,vehicle::train_images::08361_c094_04.jpg,0.7562578637326296,1.0,0.6308955466328852,0.7343306304698358,0.3180318952993202,0.19266957819957575,1.0,1.0
bge_m3,vehicle,vehicle::train_images::10529_c003_02.jpg,llm_human_description,information_reduced,0.9275141142663877,1,49,5,0.1464544569484868,1.0,vehicle::train_images::05685_c100_04.jpg,0.781059657317901,1.0,0.6553339464945718,0.7325620643623634,0.272180167771816,0.1464544569484868,1.0,1.0
bge_m3,vehicle,vehicle::train_images::15907_c041_04.jpg,llm_brief,information_reduced,0.8649626063575736,1,49,5,0.20880828793817274,1.0,vehicle::train_images::16253_c139_00.jpg,0.6561543184194009,1.0,0.5661932780155796,0.6329156193044594,0.298769328341994,0.20880828793817274,1.0,1.0
bge_m3,vehicle,vehicle::train_images::15907_c041_04.jpg,llm_balanced,information_reduced,0.9601380139014914,1,49,5,0.2308692386223996,1.0,vehicle::train_images::16253_c139_00.jpg,0.7292687752790918,1.0,0.6237580803279188,0.699974566521647,0.33637993357357265,0.2308692386223996,1.0,1.0
bge_m3,vehicle,vehicle::train_images::15907_c041_04.jpg,llm_detailed,information_reduced,0.9463464540081057,1,49,5,0.2459662275904918,1.0,vehicle::train_images::16253_c139_00.jpg,0.7003802264176139,1.0,0.6075074082360461,0.684604146625439,0.3388390457720596,0.2459662275904918,1.0,1.0
bge_m3,vehicle,vehicle::train_images::15907_c041_04.jpg,llm_human_description,information_reduced,0.9572769059015362,1,49,5,0.22475156171334532,1.0,vehicle::train_images::16253_c139_00.jpg,0.7325253441881909,1.0,0.6256048148243091,0.707236319827993,0.33167209107722717,0.22475156171334532,1.0,1.0
bge_m3,vehicle,vehicle::train_images::08854_c110_02.jpg,llm_brief,information_reduced,0.9306495708746101,1,49,5,0.09158756979123583,1.0,vehicle::train_images::16253_c139_00.jpg,0.8390620010833743,1.0,0.6970489530639844,0.7765027760977745,0.2336006178106257,0.09158756979123583,1.0,1.0
bge_m3,vehicle,vehicle::train_images::08854_c110_02.jpg,llm_balanced,information_reduced,0.9612295303890994,1,49,5,0.13942842006306955,1.0,vehicle::train_images::16253_c139_00.jpg,0.8218011103260299,1.0,0.6933136164064335,0.8036667719731554,0.2679159139826659,0.13942842006306955,1.0,1.0
bge_m3,vehicle,vehicle::train_images::08854_c110_02.jpg,llm_detailed,information_reduced,0.9271968855372159,1,49,5,0.10566628811865852,1.0,vehicle::train_images::16253_c139_00.jpg,0.8215305974185574,1.0,0.6991957701274907,0.7905888774327544,0.22800111540972523,0.10566628811865852,1.0,1.0
bge_m3,vehicle,vehicle::train_images::08854_c110_02.jpg,llm_human_description,information_reduced,0.9342797842042756,1,49,5,0.09884201537751902,1.0,vehicle::train_images::16253_c139_00.jpg,0.8354377688267566,1.0,0.6970741071134331,0.7954110711077271,0.2372056770908425,0.09884201537751902,1.0,1.0
bge_m3,vehicle,vehicle::train_images::04922_c023_01.jpg,llm_brief,information_reduced,0.8590474080478714,1,49,5,0.2778112201573921,1.0,vehicle::train_images::04724_c110_02.jpg,0.5812361878904793,1.0,0.49025121520026477,0.5495645550459947,0.3687961928476066,0.2778112201573921,1.0,1.0
bge_m3,vehicle,vehicle::train_images::04922_c023_01.jpg,llm_balanced,information_reduced,0.9294628410543684,1,49,5,0.20674735349882467,1.0,vehicle::train_images::04724_c110_02.jpg,0.7227154875555437,1.0,0.5868017897030129,0.6624693788556164,0.3426610513513555,0.20674735349882467,1.0,1.0
bge_m3,vehicle,vehicle::train_images::04922_c023_01.jpg,llm_detailed,information_reduced,0.9485522862988316,1,49,5,0.23169173105949425,1.0,vehicle::train_images::04724_c110_02.jpg,0.7168605552393373,1.0,0.6234828065480758,0.6748819475846225,0.32506947975075584,0.23169173105949425,1.0,1.0
bge_m3,vehicle,vehicle::train_images::04922_c023_01.jpg,llm_human_description,information_reduced,0.906072386454991,1,49,5,0.18569530096177622,1.0,vehicle::train_images::04724_c110_02.jpg,0.7203770854932148,1.0,0.6109931444494292,0.6821341845891016,0.2950792420055618,0.18569530096177622,1.0,1.0
bge_m3,vehicle,vehicle::train_images::19263_c030_03.jpg,llm_brief,information_reduced,0.8663200721825994,1,49,5,0.1673735699143919,1.0,vehicle::train_images::03678_c014_03.jpg,0.6989465022682075,1.0,0.5866728078416494,0.6745073896129782,0.27964726434095,0.1673735699143919,1.0,1.0
bge_m3,vehicle,vehicle::train_images::19263_c030_03.jpg,llm_balanced,information_reduced,0.933569445184876,1,49,5,0.16192411566357312,1.0,vehicle::train_images::03678_c014_03.jpg,0.7716453295213028,1.0,0.6389948478894134,0.74968630000935,0.29457459729546254,0.16192411566357312,1.0,1.0
bge_m3,vehicle,vehicle::train_images::19263_c030_03.jpg,llm_detailed,information_reduced,0.9591117594745605,1,49,5,0.1700066932797103,1.0,vehicle::train_images::03678_c014_03.jpg,0.7891050661948502,1.0,0.6548809933484043,0.7638010153335815,0.3042307661261562,0.1700066932797103,1.0,1.0
bge_m3,vehicle,vehicle::train_images::19263_c030_03.jpg,llm_human_description,information_reduced,0.9416148459170484,1,49,5,0.13823732522395504,1.0,vehicle::train_images::03678_c014_03.jpg,0.8033775206930933,1.0,0.6703650056866672,0.7695512329273424,0.2712498402303811,0.13823732522395504,1.0,1.0
bge_m3,vehicle,vehicle::train_images::07345_c110_03.jpg,llm_brief,information_reduced,0.833193999609559,1,49,5,0.15019915764169478,1.0,vehicle::train_images::16253_c139_00.jpg,0.6829948419678642,1.0,0.597745364410347,0.6659018948191051,0.235448635199212,0.15019915764169478,1.0,1.0
bge_m3,vehicle,vehicle::train_images::07345_c110_03.jpg,llm_balanced,information_reduced,0.9004867257360073,1,49,5,0.15804539128136097,1.0,vehicle::train_images::08854_c110_02.jpg,0.742709579071442,1.0,0.6606200755175415,0.7360844842293414,0.23986665021846576,0.15777714666456533,1.0,1.0
bge_m3,vehicle,vehicle::train_images::07345_c110_03.jpg,llm_detailed,information_reduced,0.9583276202170051,1,49,5,0.18606892819434673,1.0,vehicle::train_images::03678_c014_03.jpg,0.7722586920226584,1.0,0.6814068093612309,0.7528290124875151,0.27692081085577425,0.18606892819434673,1.0,1.0
bge_m3,vehicle,vehicle::train_images::07345_c110_03.jpg,llm_human_description,information_reduced,0.9402212837183186,1,49,5,0.19393743860696733,1.0,vehicle::train_images::03678_c014_03.jpg,0.7462838451113513,1.0,0.6750024994325303,0.736410133972278,0.26521878428578827,0.19393743860696733,1.0,1.0
bge_m3,vehicle,vehicle::train_images::19520_c034_01.jpg,llm_brief,information_reduced,0.8333657506756883,1,49,5,0.13017308744881084,1.0,vehicle::query_images::21022_c078_01.jpg,0.7031926632268775,1.0,0.5607114598937363,0.6723485384524577,0.272654290781952,0.13017308744881084,1.0,1.0
bge_m3,vehicle,vehicle::train_images::19520_c034_01.jpg,llm_balanced,information_reduced,0.9366117834823963,1,49,5,0.10966552366629989,1.0,vehicle::query_images::21022_c078_01.jpg,0.8269462598160964,1.0,0.657577219426712,0.7420650963256739,0.2790345640556843,0.10966552366629989,1.0,1.0
bge_m3,vehicle,vehicle::train_images::19520_c034_01.jpg,llm_detailed,information_reduced,0.9672046175235907,1,49,5,0.17648422977899392,1.0,vehicle::query_images::21022_c078_01.jpg,0.7907203877445967,1.0,0.6347204285178206,0.7231195798865945,0.33248418900577004,0.17648422977899392,1.0,1.0
bge_m3,vehicle,vehicle::train_images::19520_c034_01.jpg,llm_human_description,information_reduced,0.937492730909141,1,49,5,0.16167476743524767,1.0,vehicle::query_images::21022_c078_01.jpg,0.7758179634738933,1.0,0.6189663899364514,0.714224245042258,0.3185263409726896,0.16167476743524767,1.0,1.0
bge_m3,vehicle,vehicle::train_images::16253_c139_00.jpg,llm_brief,information_reduced,0.8558123016861771,1,49,5,0.06154423611261517,1.0,vehicle::train_images::08854_c110_02.jpg,0.7942680655735619,1.0,0.6439229781185958,0.7720686062409771,0.21188932356758128,0.06154423611261517,1.0,1.0
bge_m3,vehicle,vehicle::train_images::16253_c139_00.jpg,llm_balanced,information_reduced,0.9413941901498496,1,49,5,0.09811690814217888,1.0,vehicle::train_images::05432_c163_04.jpg,0.8432772820076707,1.0,0.7083337261685865,0.8257750249311965,0.23306046398126312,0.09811690814217888,1.0,1.0
bge_m3,vehicle,vehicle::train_images::16253_c139_00.jpg,llm_detailed,information_reduced,0.9325880555933892,1,49,5,0.09373485400820725,1.0,vehicle::train_images::05432_c163_04.jpg,0.838853201585182,1.0,0.6987215808487363,0.818116719190139,0.23386647474465294,0.09373485400820725,1.0,1.0
bge_m3,vehicle,vehicle::train_images::16253_c139_00.jpg,llm_human_description,information_reduced,0.9202284073175624,1,49,5,0.09126698415306223,1.0,vehicle::train_images::05432_c163_04.jpg,0.8289614231645002,1.0,0.6887967650276929,0.8104677886630318,0.23143164228986945,0.09126698415306223,1.0,1.0
bge_m3,vehicle,vehicle::train_images::06987_c051_04.jpg,llm_brief,information_reduced,0.8625035036155433,1,49,5,0.07826825878803678,1.0,vehicle::train_images::08854_c110_02.jpg,0.7842352448275065,1.0,0.6361704470495021,0.7075911805057522,0.2263330565660412,0.07826825878803678,1.0,1.0
bge_m3,vehicle,vehicle::train_images::06987_c051_04.jpg,llm_balanced,information_reduced,0.9257264723122932,1,49,5,0.17382161504063698,1.0,vehicle::train_images::08854_c110_02.jpg,0.7519048572716562,1.0,0.6272988546628719,0.6846387013541084,0.2984276176494213,0.17382161504063698,1.0,1.0
bge_m3,vehicle,vehicle::train_images::06987_c051_04.jpg,llm_detailed,information_reduced,0.9740688872849972,1,49,5,0.23841502503573442,1.0,vehicle::train_images::08854_c110_02.jpg,0.7356538622492628,1.0,0.633938676621171,0.717514967358778,0.3401302106638262,0.23841502503573442,1.0,1.0
bge_m3,vehicle,vehicle::train_images::06987_c051_04.jpg,llm_human_description,information_reduced,0.8993114116402308,1,49,5,0.1537078911569948,1.0,vehicle::train_images::08854_c110_02.jpg,0.745603520483236,1.0,0.6207579122400572,0.69052347116965,0.2785534994001736,0.1537078911569948,1.0,1.0
bge_m3,vehicle,vehicle::train_images::05685_c100_04.jpg,llm_brief,information_reduced,0.8784174870651136,1,49,5,0.0793858941883705,1.0,vehicle::train_images::13946_c012_04.jpg,0.7990315928767431,1.0,0.6727099082795955,0.7346996558430648,0.20570757878551804,0.0793858941883705,1.0,1.0
bge_m3,vehicle,vehicle::train_images::05685_c100_04.jpg,llm_balanced,information_reduced,0.9725537014670094,1,49,5,0.12232935200005968,1.0,vehicle::train_images::13946_c012_04.jpg,0.8502243494669497,1.0,0.7260233943734835,0.8095214250120145,0.24653030709352586,0.12232935200005968,1.0,1.0
bge_m3,vehicle,vehicle::train_images::05685_c100_04.jpg,llm_detailed,information_reduced,0.9744664092650834,1,49,5,0.13240345077844073,1.0,vehicle::train_images::13946_c012_04.jpg,0.8420629584866427,1.0,0.723521333982015,0.8091911910276365,0.2509450752830684,0.13240345077844073,1.0,1.0
bge_m3,vehicle,vehicle::train_images::05685_c100_04.jpg,llm_human_description,information_reduced,0.93965328270734,1,49,5,0.08438157291647108,1.0,vehicle::train_images::13946_c012_04.jpg,0.855271709790869,1.0,0.7095664333308693,0.7885941335715282,0.23008684937647073,0.08438157291647108,1.0,1.0
bge_m3,vehicle,vehicle::train_images::16614_c041_04.jpg,llm_brief,information_reduced,0.8584793902710589,1,49,5,0.10141954937945175,1.0,vehicle::train_images::16253_c139_00.jpg,0.7570598408916072,1.0,0.5809087571828431,0.691801386579467,0.27757063308821583,0.10141954937945175,1.0,1.0
bge_m3,vehicle,vehicle::train_images::16614_c041_04.jpg,llm_balanced,information_reduced,0.9580200169781936,1,49,5,0.1275827123604374,1.0,vehicle::train_images::16253_c139_00.jpg,0.8304373046177562,1.0,0.6494029714647419,0.7674756854479804,0.3086170455134517,0.1275827123604374,1.0,1.0
bge_m3,vehicle,vehicle::train_images::16614_c041_04.jpg,llm_detailed,information_reduced,0.9444307743944291,1,49,5,0.12797409582105457,1.0,vehicle::train_images::16253_c139_00.jpg,0.8164566785733746,1.0,0.6473433317996118,0.7625571363988699,0.29708744259481734,0.12797409582105457,1.0,1.0
bge_m3,vehicle,vehicle::train_images::16614_c041_04.jpg,llm_human_description,information_reduced,0.9325709313605319,1,49,5,0.13401674938314434,1.0,vehicle::train_images::16253_c139_00.jpg,0.7985541819773876,1.0,0.6523307248699839,0.7491067130478891,0.28024020649054804,0.13401674938314434,1.0,1.0
bge_m3,vehicle,vehicle::train_images::13946_c012_04.jpg,llm_brief,information_reduced,0.8488491653389131,1,49,5,0.06870051803663746,1.0,vehicle::query_images::20298_c122_00.jpg,0.7801486473022756,1.0,0.5826537593215895,0.6925588359733023,0.2661954060173236,0.06870051803663746,1.0,1.0
bge_m3,vehicle,vehicle::train_images::13946_c012_04.jpg,llm_balanced,information_reduced,0.9578118393685886,1,49,5,0.13039883591660195,1.0,vehicle::train_images::05685_c100_04.jpg,0.8274130034519867,1.0,0.6455949970583209,0.7687631389564347,0.3122168423102677,0.13039883591660195,1.0,1.0
bge_m3,vehicle,vehicle::train_images::13946_c012_04.jpg,llm_detailed,information_reduced,0.9540492394683249,1,49,5,0.12725569665600756,1.0,vehicle::train_images::05685_c100_04.jpg,0.8267935428123173,1.0,0.6525473974429046,0.7660376073894917,0.3015018420254203,0.12725569665600756,1.0,1.0
bge_m3,vehicle,vehicle::train_images::13946_c012_04.jpg,llm_human_description,information_reduced,0.9400261229629416,1,49,5,0.12007630881848141,1.0,vehicle::train_images::05685_c100_04.jpg,0.8199498141444602,1.0,0.6299459264442022,0.7597066911636041,0.3100801965187394,0.12007630881848141,1.0,1.0
bge_m3,vehicle,vehicle::train_images::14133_c170_01.jpg,llm_brief,information_reduced,0.8830929243660753,1,49,5,0.12372197490503367,1.0,vehicle::train_images::16253_c139_00.jpg,0.7593709494610417,1.0,0.6173198973917284,0.7120799349055037,0.2657730269743469,0.12372197490503367,1.0,1.0
bge_m3,vehicle,vehicle::train_images::14133_c170_01.jpg,llm_balanced,information_reduced,0.9582278157404908,1,49,5,0.1924874422767877,1.0,vehicle::train_images::08854_c110_02.jpg,0.765740373463703,1.0,0.6299942619622602,0.7439732589038989,0.3282335537782306,0.1924874422767877,1.0,1.0
bge_m3,vehicle,vehicle::train_images::14133_c170_01.jpg,llm_detailed,information_reduced,0.9484535921579371,1,49,5,0.19045057949120636,1.0,vehicle::query_images::20204_c041_01.jpg,0.7580030126667308,1.0,0.625008927398276,0.7378427412441454,0.32344466475966116,0.19045057949120636,1.0,1.0
bge_m3,vehicle,vehicle::train_images::14133_c170_01.jpg,llm_human_description,information_reduced,0.9231365652946965,1,49,5,0.16108135041357563,1.0,vehicle::train_images::08854_c110_02.jpg,0.7620552148811208,1.0,0.6219620111662711,0.740096562486528,0.3011745541284253,0.16108135041357563,1.0,1.0
bge_m3,vehicle,vehicle::train_images::16747_c163_03.jpg,llm_brief,information_reduced,0.8164024640560521,1,49,5,0.07702374892439545,1.0,vehicle::train_images::03678_c014_03.jpg,0.7393787151316566,1.0,0.610780923055226,0.6797933133554898,0.20562154100082608,0.07702374892439545,1.0,1.0
bge_m3,vehicle,vehicle::train_images::16747_c163_03.jpg,llm_balanced,information_reduced,0.8704297101826689,1,49,5,0.10353316412859359,1.0,vehicle::train_images::03678_c014_03.jpg,0.7668965460540753,1.0,0.615539728678262,0.7188577352754806,0.2548899815044069,0.10353316412859359,1.0,1.0
bge_m3,vehicle,vehicle::train_images::16747_c163_03.jpg,llm_detailed,information_reduced,0.9568271421963688,1,49,5,0.1437205949973115,1.0,vehicle::train_images::03678_c014_03.jpg,0.8131065471990573,1.0,0.6378930982287903,0.7330129084219047,0.3189340439675785,0.1437205949973115,1.0,1.0
bge_m3,vehicle,vehicle::train_images::16747_c163_03.jpg,llm_human_description,information_reduced,0.9508340342578104,1,49,5,0.14901280085286728,1.0,vehicle::train_images::03678_c014_03.jpg,0.8018212334049432,1.0,0.6368255395109762,0.732711629616163,0.31400849474683423,0.14901280085286728,1.0,1.0
bge_m3,vehicle,vehicle::train_images::05432_c163_04.jpg,llm_brief,information_reduced,0.866828148423254,1,49,5,0.06079802718864191,1.0,vehicle::query_images::20249_c003_00.jpg,0.806030121234612,1.0,0.5860693742371622,0.745210740115918,0.28075877418609174,0.06079802718864191,1.0,1.0
bge_m3,vehicle,vehicle::train_images::05432_c163_04.jpg,llm_balanced,information_reduced,0.949009870271009,1,49,5,0.06463200453589435,1.0,vehicle::query_images::20249_c003_00.jpg,0.8843778657351147,1.0,0.646824756218074,0.7989304849706582,0.302185114052935,0.06463200453589435,1.0,1.0
bge_m3,vehicle,vehicle::train_images::05432_c163_04.jpg,llm_detailed,information_reduced,0.9362753850373785,1,49,5,0.060106798446481036,1.0,vehicle::query_images::20249_c003_00.jpg,0.8761685865908975,1.0,0.6404073672936361,0.7911605894056171,0.2958680177437424,0.060106798446481036,1.0,1.0
bge_m3,vehicle,vehicle::train_images::05432_c163_04.jpg,llm_human_description,information_reduced,0.9346245278457517,1,49,5,0.055518233841940656,1.0,vehicle::query_images::20249_c003_00.jpg,0.879106294003811,1.0,0.6453401121912059,0.7939017618966495,0.28928441565454577,0.055518233841940656,1.0,1.0
bge_m3,vehicle,vehicle::train_images::19057_c170_04.jpg,llm_brief,information_reduced,0.8623008664615932,1,49,5,0.14269968227969443,1.0,vehicle::query_images::21022_c078_01.jpg,0.7196011841818988,1.0,0.6369015750090243,0.7048489381504562,0.22539929145256887,0.14269968227969443,1.0,1.0
bge_m3,vehicle,vehicle::train_images::19057_c170_04.jpg,llm_balanced,information_reduced,0.9180211842308166,1,49,5,0.2006254647577992,1.0,vehicle::train_images::19520_c034_01.jpg,0.7173957194730174,1.0,0.6364107845122418,0.7128779148101569,0.2816103997185748,0.2006254647577992,1.0,1.0
bge_m3,vehicle,vehicle::train_images::19057_c170_04.jpg,llm_detailed,information_reduced,0.9877743672374055,1,49,5,0.2706051982696085,1.0,vehicle::query_images::21010_c163_01.jpg,0.717169168967797,1.0,0.6107149019887328,0.7074776852837582,0.37705946524867273,0.2706051982696085,1.0,1.0
bge_m3,vehicle,vehicle::train_images::19057_c170_04.jpg,llm_human_description,information_reduced,0.9577082674517452,1,49,5,0.24487574635142662,1.0,vehicle::query_images::21010_c163_01.jpg,0.7128325211003186,1.0,0.6176886368159811,0.7004528953570762,0.3400196306357641,0.24487574635142662,1.0,1.0
bge_m3,vehicle,vehicle::train_images::04455_c078_00.jpg,llm_brief,information_reduced,0.8841927172485301,1,49,5,0.09264877167253671,1.0,vehicle::train_images::16253_c139_00.jpg,0.7915439455759934,1.0,0.6026717125951032,0.7279081534933018,0.2815210046534269,0.09264877167253671,1.0,1.0
bge_m3,vehicle,vehicle::train_images::04455_c078_00.jpg,llm_balanced,information_reduced,0.9504901319190265,1,49,5,0.13452915594126835,1.0,vehicle::gallery_images::20159_c003_00.jpg,0.8159609759777582,1.0,0.6300133350778934,0.7348204417357335,0.32047679684113317,0.13452915594126835,1.0,1.0
bge_m3,vehicle,vehicle::train_images::04455_c078_00.jpg,llm_detailed,information_reduced,0.9130457761028474,1,49,5,0.11074431439900367,1.0,vehicle::gallery_images::20159_c003_00.jpg,0.8023014617038438,1.0,0.6527183162485801,0.7532644094092202,0.2603274598542673,0.11074431439900367,1.0,1.0
bge_m3,vehicle,vehicle::train_images::04455_c078_00.jpg,llm_human_description,information_reduced,0.8822341057357688,1,49,5,0.06308435038185933,1.0,vehicle::gallery_images::20159_c003_00.jpg,0.8191497553539094,1.0,0.6379153292701732,0.72720448601873,0.24431877646559552,0.06308435038185933,1.0,1.0
bge_m3,vehicle,vehicle::train_images::14387_c163_04.jpg,llm_brief,information_reduced,0.8158148975218903,1,49,5,0.13679981151494414,1.0,vehicle::train_images::19057_c170_04.jpg,0.6999969907259356,1.0,0.5784892299577242,0.6688128083078777,0.23732566756416607,0.11581790679595472,1.0,1.0
bge_m3,vehicle,vehicle::train_images::14387_c163_04.jpg,llm_balanced,information_reduced,0.9150310503249874,1,49,5,0.19386944877818824,1.0,vehicle::train_images::08854_c110_02.jpg,0.7271955206540042,1.0,0.6509624189634445,0.7141479196392596,0.2640686313615429,0.18783552967098327,1.0,1.0
bge_m3,vehicle,vehicle::train_images::14387_c163_04.jpg,llm_detailed,information_reduced,0.9660712173404222,1,49,5,0.22387918676128082,1.0,vehicle::train_images::19520_c034_01.jpg,0.7474927755163281,1.0,0.6715142813762571,0.7420794656557685,0.2945569359641651,0.21857844182409414,1.0,1.0
bge_m3,vehicle,vehicle::train_images::14387_c163_04.jpg,llm_human_description,information_reduced,0.956042426672405,1,49,5,0.19141049947961075,1.0,vehicle::train_images::04724_c110_02.jpg,0.7646319271927943,1.0,0.6825911573662561,0.7555646239273719,0.27345126930614894,0.19141049947961075,1.0,1.0
bge_m3,vehicle,vehicle::train_images::09221_c139_03.jpg,llm_brief,information_reduced,0.8010647118774792,1,49,5,0.06421434226987044,1.0,vehicle::train_images::16253_c139_00.jpg,0.7368503696076087,1.0,0.6485438509317966,0.70265308369108,0.15252086094568262,0.06421434226987044,1.0,1.0
bge_m3,vehicle,vehicle::train_images::09221_c139_03.jpg,llm_balanced,information_reduced,0.8775783154004271,1,49,5,0.10375831797379953,1.0,vehicle::train_images::16253_c139_00.jpg,0.7738199974266275,1.0,0.6871424383753377,0.7648757543813788,0.19043587702508935,0.10375831797379953,1.0,1.0
bge_m3,vehicle,vehicle::train_images::09221_c139_03.jpg,llm_detailed,information_reduced,0.9288508088083914,1,49,5,0.17479753146844956,1.0,vehicle::train_images::07345_c110_03.jpg,0.7809302025889253,1.0,0.6785821932347618,0.7514753141277171,0.25026861557362967,0.14792060621946612,1.0,1.0
bge_m3,vehicle,vehicle::train_images::09221_c139_03.jpg,llm_human_description,information_reduced,0.9241917096050705,1,49,5,0.18555118504085266,1.0,vehicle::train_images::03678_c014_03.jpg,0.7581776150619246,1.0,0.6710756931627921,0.7457718545011879,0.2531160164422783,0.16601409454314586,1.0,1.0
bge_m3,vehicle,vehicle::train_images::04724_c110_02.jpg,llm_brief,information_reduced,0.8526419942729997,1,49,5,0.08566031559508569,1.0,vehicle::query_images::20506_c051_01.jpg,0.766981678677914,1.0,0.6032722040429612,0.6747720384031126,0.24936979023003847,0.08566031559508569,1.0,1.0
bge_m3,vehicle,vehicle::train_images::04724_c110_02.jpg,llm_balanced,information_reduced,0.957114282307831,1,49,5,0.1099616236302764,1.0,vehicle::query_images::20506_c051_01.jpg,0.8471526586775546,1.0,0.6590472460327117,0.7600201801829705,0.2980670362751193,0.1099616236302764,1.0,1.0
bge_m3,vehicle,vehicle::train_images::04724_c110_02.jpg,llm_detailed,information_reduced,0.9537041893456996,1,49,5,0.10833155091988644,1.0,vehicle::query_images::20506_c051_01.jpg,0.8453726384258131,1.0,0.6512071900522218,0.7571652207279735,0.30249699929347773,0.10833155091988644,1.0,1.0
bge_m3,vehicle,vehicle::train_images::04724_c110_02.jpg,llm_human_description,information_reduced,0.9499121721439553,1,49,5,0.11101027109990014,1.0,vehicle::query_images::20506_c051_01.jpg,0.8389019010440552,1.0,0.6521114318613803,0.7529556528367333,0.29780074028257497,0.11101027109990014,1.0,1.0
bge_m3,vehicle,vehicle::train_images::08361_c094_04.jpg,llm_brief,information_reduced,0.8078677500325446,1,49,5,0.10850321095514415,1.0,vehicle::train_images::05685_c100_04.jpg,0.6993645390774005,1.0,0.5969334280844008,0.6605404959079407,0.21093432194814388,0.10850321095514415,1.0,1.0
bge_m3,vehicle,vehicle::train_images::08361_c094_04.jpg,llm_balanced,information_reduced,0.8869429058903695,1,49,5,0.057568421571257744,1.0,vehicle::train_images::05685_c100_04.jpg,0.8293744843191118,1.0,0.6669387508357227,0.7534238261408172,0.22000415505464677,0.057568421571257744,1.0,1.0
bge_m3,vehicle,vehicle::train_images::08361_c094_04.jpg,llm_detailed,information_reduced,0.9658353814639367,1,49,5,0.15116278111708514,1.0,vehicle::train_images::05685_c100_04.jpg,0.8146726003468515,1.0,0.6605892867197822,0.7564947423241105,0.30524609474415443,0.15116278111708514,1.0,1.0
bge_m3,vehicle,vehicle::train_images::08361_c094_04.jpg,llm_human_description,information_reduced,0.9419986849319472,1,49,5,0.1372330802172942,1.0,vehicle::train_images::05685_c100_04.jpg,0.804765604714653,1.0,0.6576986583491473,0.747008456984009,0.28430002658279985,0.1372330802172942,1.0,1.0
bge_m3,vehicle,vehicle::train_images::03678_c014_03.jpg,llm_brief,information_reduced,0.8592866589486281,1,49,5,0.02986204859468955,1.0,vehicle::train_images::16747_c163_03.jpg,0.8294246103539386,1.0,0.6296862344278324,0.7230641067765626,0.22960042452079565,0.02986204859468955,1.0,1.0
bge_m3,vehicle,vehicle::train_images::03678_c014_03.jpg,llm_balanced,information_reduced,0.9619023386902632,1,49,5,0.1407121804798741,1.0,vehicle::train_images::16747_c163_03.jpg,0.8211901582103891,1.0,0.6954409881644665,0.8001854692055158,0.26646135052579667,0.1407121804798741,1.0,1.0
bge_m3,vehicle,vehicle::train_images::03678_c014_03.jpg,llm_detailed,information_reduced,0.9399614942326423,1,49,5,0.13911304219624354,1.0,vehicle::query_images::20949_c003_01.jpg,0.8008484520363988,1.0,0.6923786661015057,0.7868260185145399,0.24758282813113663,0.13911304219624354,1.0,1.0
bge_m3,vehicle,vehicle::train_images::03678_c014_03.jpg,llm_human_description,information_reduced,0.9193646566648592,1,49,5,0.1006617935866354,1.0,vehicle::train_images::16747_c163_03.jpg,0.8187028630782238,1.0,0.6944527079731115,0.7806042096315121,0.2249119486917477,0.1006617935866354,1.0,1.0
bge_m3,vehicle,vehicle::query_images::20039_c015_00.jpg,llm_brief,information_reduced,0.8391499924476118,1,49,5,0.21868418193171157,1.0,vehicle::train_images::13946_c012_04.jpg,0.6263897676227391,1.0,0.5406140524959007,0.6101987516421175,0.2985359399517111,0.21276022482487267,1.0,1.0
bge_m3,vehicle,vehicle::query_images::20039_c015_00.jpg,llm_balanced,information_reduced,0.9151344354618378,1,49,5,0.2426522518058989,1.0,vehicle::train_images::19057_c170_04.jpg,0.6724821836559389,1.0,0.5756212406449637,0.629703781110661,0.33951319481687414,0.2426522518058989,1.0,1.0
bge_m3,vehicle,vehicle::query_images::20039_c015_00.jpg,llm_detailed,information_reduced,0.941525934949818,1,49,5,0.25557216478366995,1.0,vehicle::train_images::19057_c170_04.jpg,0.685953770166148,1.0,0.5974026383012572,0.6456795156722758,0.3441232966485608,0.25557216478366995,1.0,1.0
bge_m3,vehicle,vehicle::query_images::20039_c015_00.jpg,llm_human_description,information_reduced,0.9188529084974527,1,49,5,0.22845643984293584,1.0,vehicle::train_images::19057_c170_04.jpg,0.6903964686545169,1.0,0.6068450544456051,0.6479080917079268,0.3120078540518476,0.22845643984293584,1.0,1.0
bge_m3,vehicle,vehicle::query_images::20298_c122_00.jpg,llm_brief,information_reduced,0.8672996394208388,1,49,5,0.1250766947605524,1.0,vehicle::train_images::13946_c012_04.jpg,0.7422229446602864,1.0,0.5863978138978916,0.6742782639715202,0.2809018255229472,0.1250766947605524,1.0,1.0
bge_m3,vehicle,vehicle::query_images::20298_c122_00.jpg,llm_balanced,information_reduced,0.9524576513745816,1,49,5,0.138421729479016,1.0,vehicle::train_images::13946_c012_04.jpg,0.8140359218955656,1.0,0.6303345128035799,0.722776003469829,0.3221231385710017,0.138421729479016,1.0,1.0
bge_m3,vehicle,vehicle::query_images::20298_c122_00.jpg,llm_detailed,information_reduced,0.9465387389535602,1,49,5,0.13318820652937502,1.0,vehicle::train_images::13946_c012_04.jpg,0.8133505324241852,1.0,0.6448733891504885,0.7315043130637129,0.3016653498030717,0.13318820652937502,1.0,1.0
bge_m3,vehicle,vehicle::query_images::20298_c122_00.jpg,llm_human_description,information_reduced,0.9488416162522575,1,49,5,0.13160175575218558,1.0,vehicle::train_images::13946_c012_04.jpg,0.8172398605000719,1.0,0.6330904613189405,0.7180219602168062,0.31575115493331696,0.13160175575218558,1.0,1.0
bge_m3,vehicle,vehicle::query_images::21010_c163_01.jpg,llm_brief,information_reduced,0.8510626704948897,1,49,5,0.12338568189644938,1.0,vehicle::query_images::21022_c078_01.jpg,0.7276769885984403,1.0,0.5946597169135681,0.6801399511613325,0.2564029535813216,0.12338568189644938,1.0,1.0
bge_m3,vehicle,vehicle::query_images::21010_c163_01.jpg,llm_balanced,information_reduced,0.9074029947442148,1,49,5,0.17674679165580987,1.0,vehicle::query_images::21022_c078_01.jpg,0.730656203088405,1.0,0.6395432761660744,0.7138481555375065,0.2678597185781404,0.17674679165580987,1.0,1.0
bge_m3,vehicle,vehicle::query_images::21010_c163_01.jpg,llm_detailed,information_reduced,0.9573192928183368,1,49,5,0.21226530031418334,1.0,vehicle::train_images::19057_c170_04.jpg,0.7450539925041535,1.0,0.6347157449284639,0.7103518815450531,0.3226035478898729,0.21226530031418334,1.0,1.0
bge_m3,vehicle,vehicle::query_images::21010_c163_01.jpg,llm_human_description,information_reduced,0.9352750286780163,1,49,5,0.1966719621202382,1.0,vehicle::train_images::19057_c170_04.jpg,0.7386030665577781,1.0,0.6320523654235976,0.7017231615613126,0.3032226632544187,0.1966719621202382,1.0,1.0
bge_m3,vehicle,vehicle::query_images::20249_c003_00.jpg,llm_brief,information_reduced,0.806030121234612,2,49,5,-0.06079802718864191,0.8,vehicle::train_images::05432_c163_04.jpg,0.866828148423254,0.9795918367346939,0.5860693742371622,0.745210740115918,0.21996074699744983,-0.06079802718864191,0.0,0.5
bge_m3,vehicle,vehicle::query_images::20249_c003_00.jpg,llm_balanced,information_reduced,0.9685155066543263,1,49,5,0.06274189493465099,1.0,vehicle::train_images::05432_c163_04.jpg,0.9057736117196753,1.0,0.6964725384162985,0.8095424726335724,0.27204296823802776,0.06274189493465099,1.0,1.0
bge_m3,vehicle,vehicle::query_images::20249_c003_00.jpg,llm_detailed,information_reduced,0.9550658946203784,1,49,5,0.05856284588602534,1.0,vehicle::train_images::05432_c163_04.jpg,0.896503048734353,1.0,0.7036802310432106,0.802549328196155,0.25138566357716774,0.05856284588602534,1.0,1.0
bge_m3,vehicle,vehicle::query_images::20249_c003_00.jpg,llm_human_description,information_reduced,0.9492235310441197,1,49,5,0.07418511743834277,1.0,vehicle::train_images::05432_c163_04.jpg,0.8750384136057769,1.0,0.68482698158664,0.7952790779604971,0.2643965494574797,0.07418511743834277,1.0,1.0
bge_m3,vehicle,vehicle::query_images::20506_c051_01.jpg,llm_brief,information_reduced,0.8517458165484582,1,49,5,0.10035710635482598,1.0,vehicle::train_images::04724_c110_02.jpg,0.7513887101936322,1.0,0.570582931505647,0.6675077410011332,0.2811628850428112,0.10035710635482598,1.0,1.0
bge_m3,vehicle,vehicle::query_images::20506_c051_01.jpg,llm_balanced,information_reduced,0.9546276738073598,1,49,5,0.10430515562499143,1.0,vehicle::train_images::04724_c110_02.jpg,0.8503225181823684,1.0,0.6265518894196407,0.7280203532885422,0.3280757843877191,0.10430515562499143,1.0,1.0
bge_m3,vehicle,vehicle::query_images::20506_c051_01.jpg,llm_detailed,information_reduced,0.9347773006057514,1,49,5,0.08298442512722826,1.0,vehicle::train_images::04724_c110_02.jpg,0.8517928754785231,1.0,0.6318918043652108,0.7170369676611398,0.3028854962405406,0.08298442512722826,1.0,1.0
bge_m3,vehicle,vehicle::query_images::20506_c051_01.jpg,llm_human_description,information_reduced,0.941223265368164,1,49,5,0.09145137571121187,1.0,vehicle::train_images::04724_c110_02.jpg,0.8497718896569522,1.0,0.6314874601748128,0.7318240060278336,0.3097358051933512,0.09145137571121187,1.0,1.0
bge_m3,vehicle,vehicle::query_images::21112_c079_00.jpg,llm_brief,information_reduced,0.8727460830221475,1,49,5,0.13954389992202587,1.0,vehicle::query_images::21022_c078_01.jpg,0.733663970745919,1.0,0.5823613909748224,0.6939437765463676,0.2903846920473251,0.13908211227622846,1.0,1.0
bge_m3,vehicle,vehicle::query_images::21112_c079_00.jpg,llm_balanced,information_reduced,0.9092845696994307,1,49,5,0.19835459886307327,1.0,vehicle::query_images::21022_c078_01.jpg,0.7181543322291885,1.0,0.611944493801658,0.6962886875313187,0.29734007589777267,0.19113023747024227,1.0,1.0
bge_m3,vehicle,vehicle::query_images::21112_c079_00.jpg,llm_detailed,information_reduced,0.9581171735244334,1,49,5,0.22485865654904957,1.0,vehicle::train_images::19057_c170_04.jpg,0.7332585169753838,1.0,0.6244808424574961,0.6945058576590555,0.33363633106693724,0.22485865654904957,1.0,1.0
bge_m3,vehicle,vehicle::query_images::21112_c079_00.jpg,llm_human_description,information_reduced,0.931947697787127,1,49,5,0.19917954017923123,1.0,vehicle::train_images::19057_c170_04.jpg,0.7327681576078958,1.0,0.6276947917465376,0.7091440523822083,0.3042529060405894,0.19917954017923123,1.0,1.0
bge_m3,vehicle,vehicle::query_images::20949_c003_01.jpg,llm_brief,information_reduced,0.8207274360889983,3,49,5,-0.06700424094200141,0.8,vehicle::train_images::16253_c139_00.jpg,0.8877316770309998,0.9591836734693877,0.7187778723178193,0.8085008343620026,0.10194956377117903,-0.06700424094200141,0.0,0.3333333333333333
bge_m3,vehicle,vehicle::query_images::20949_c003_01.jpg,llm_balanced,information_reduced,0.8989546819548464,1,49,5,0.04209557591424806,1.0,vehicle::train_images::16253_c139_00.jpg,0.8568591060405983,1.0,0.7232065707226913,0.8336828250345325,0.17574811123215506,0.04209557591424806,1.0,1.0
bge_m3,vehicle,vehicle::query_images::20949_c003_01.jpg,llm_detailed,information_reduced,0.9474752014135301,1,49,5,0.10549093867982728,1.0,vehicle::train_images::03678_c014_03.jpg,0.8419842627337029,1.0,0.717769013273816,0.8231149213455238,0.2297061881397141,0.10549093867982728,1.0,1.0
bge_m3,vehicle,vehicle::query_images::20949_c003_01.jpg,llm_human_description,information_reduced,0.860098360499544,1,49,5,0.05339689665321257,1.0,vehicle::train_images::05685_c100_04.jpg,0.8144750083466302,1.0,0.7190172020033131,0.7858424201110066,0.14108115849623093,0.0456233521529138,1.0,1.0
bge_m3,vehicle,vehicle::query_images::20272_c102_00.jpg,llm_brief,information_reduced,0.8850556991461158,1,49,5,0.12956221215564,1.0,vehicle::train_images::16253_c139_00.jpg,0.7554934869904758,1.0,0.6097747974296719,0.7268620905188513,0.2752809017164439,0.12956221215564,1.0,1.0
bge_m3,vehicle,vehicle::query_images::20272_c102_00.jpg,llm_balanced,information_reduced,0.9600232915938012,1,49,5,0.15475299935201337,1.0,vehicle::train_images::12849_c170_02.jpg,0.8052702922417878,1.0,0.6517210199215989,0.7847228891834029,0.30830227167220225,0.15475299935201337,1.0,1.0
bge_m3,vehicle,vehicle::query_images::20272_c102_00.jpg,llm_detailed,information_reduced,0.9421490881540238,1,49,5,0.15671159795886402,1.0,vehicle::train_images::12849_c170_02.jpg,0.7854374901951597,1.0,0.6521599280642514,0.770076937570567,0.2899891600897724,0.15671159795886402,1.0,1.0
bge_m3,vehicle,vehicle::query_images::20272_c102_00.jpg,llm_human_description,information_reduced,0.9486194945930232,1,49,5,0.15600173688127206,1.0,vehicle::train_images::08854_c110_02.jpg,0.7926177577117511,1.0,0.6451505554709226,0.7747820242526932,0.3034689391221006,0.15600173688127206,1.0,1.0
bge_m3,vehicle,vehicle::gallery_images::20535_c170_02.jpg,llm_brief,information_reduced,0.8774739218214433,1,49,5,0.11927281587559857,1.0,vehicle::gallery_images::21216_c003_04.jpg,0.7582011059458448,1.0,0.5481614205559694,0.6767160434773752,0.32931250126547396,0.11927281587559857,1.0,1.0
bge_m3,vehicle,vehicle::gallery_images::20535_c170_02.jpg,llm_balanced,information_reduced,0.9483308405844916,1,49,5,0.13205069470225939,1.0,vehicle::gallery_images::21216_c003_04.jpg,0.8162801458822322,1.0,0.5979992282242523,0.7284520591159567,0.35033161236023924,0.13205069470225939,1.0,1.0
bge_m3,vehicle,vehicle::gallery_images::20535_c170_02.jpg,llm_detailed,information_reduced,0.9375980507570687,1,49,5,0.1343839350426408,1.0,vehicle::gallery_images::21216_c003_04.jpg,0.8032141157144279,1.0,0.5822319257465355,0.7114114688580685,0.3553661250105332,0.1343839350426408,1.0,1.0
bge_m3,vehicle,vehicle::gallery_images::20535_c170_02.jpg,llm_human_description,information_reduced,0.9402237960299452,1,49,5,0.12562433438295295,1.0,vehicle::gallery_images::21216_c003_04.jpg,0.8145994616469923,1.0,0.625913324905689,0.7535434659923579,0.31431047112425625,0.12562433438295295,1.0,1.0
bge_m3,vehicle,vehicle::gallery_images::20877_c110_00.jpg,llm_brief,information_reduced,0.8400938926496394,2,49,5,-0.05186697583174549,0.8,vehicle::train_images::08854_c110_02.jpg,0.8919608684813849,0.9795918367346939,0.6845598372496335,0.7798511108975814,0.15553405540000587,-0.05186697583174549,0.0,0.5
bge_m3,vehicle,vehicle::gallery_images::20877_c110_00.jpg,llm_balanced,information_reduced,0.8823324433442142,2,49,5,-0.027871141874792893,0.8,vehicle::train_images::08854_c110_02.jpg,0.9102035852190071,0.9795918367346939,0.7099370701606168,0.8306306646758215,0.17239537318359743,-0.027871141874792893,0.0,0.5
bge_m3,vehicle,vehicle::gallery_images::20877_c110_00.jpg,llm_detailed,information_reduced,0.9457978978444725,1,49,5,0.10509249923355046,1.0,vehicle::train_images::08854_c110_02.jpg,0.8407053986109221,1.0,0.7102294823506461,0.8116710004535928,0.23556841549382646,0.10509249923355046,1.0,1.0
bge_m3,vehicle,vehicle::gallery_images::20877_c110_00.jpg,llm_human_description,information_reduced,0.8898352777577543,1,49,5,0.12491862508650242,1.0,vehicle::query_images::20949_c003_01.jpg,0.7649166526712519,1.0,0.6510043041076286,0.7397795042800982,0.23883097365012573,0.12491862508650242,1.0,1.0
bge_m3,vehicle,vehicle::gallery_images::20159_c003_00.jpg,llm_brief,information_reduced,0.8101821532490141,1,49,5,0.0340173298644012,1.0,vehicle::train_images::04455_c078_00.jpg,0.7761648233846129,1.0,0.5741967869619675,0.7194166459957412,0.23598536628704658,0.0340173298644012,1.0,1.0
bge_m3,vehicle,vehicle::gallery_images::20159_c003_00.jpg,llm_balanced,information_reduced,0.9023954414204844,1,49,5,0.13464287143390707,1.0,vehicle::train_images::04455_c078_00.jpg,0.7677525699865774,1.0,0.6448368736503352,0.7512246831392002,0.2575585677701493,0.13464287143390707,1.0,1.0
bge_m3,vehicle,vehicle::gallery_images::20159_c003_00.jpg,llm_detailed,information_reduced,0.9536419245803711,1,49,5,0.16359691743387716,1.0,vehicle::query_images::20204_c041_01.jpg,0.790045007146494,1.0,0.6502413171556236,0.7503031498843864,0.3034006074247475,0.16359691743387716,1.0,1.0
bge_m3,vehicle,vehicle::gallery_images::20159_c003_00.jpg,llm_human_description,information_reduced,0.8882247613191281,1,49,5,0.11487737780347906,1.0,vehicle::train_images::04455_c078_00.jpg,0.773347383515649,1.0,0.6501131410956215,0.7557769558268606,0.23811162022350663,0.11487737780347906,1.0,1.0
bge_m3,vehicle,vehicle::gallery_images::21199_c014_04.jpg,llm_brief,information_reduced,0.8429527477738568,1,49,5,0.16071497842505644,1.0,vehicle::query_images::20298_c122_00.jpg,0.7029673717807416,1.0,0.5910629440466804,0.6762504847191025,0.2518898037271764,0.1399853759931151,1.0,1.0
bge_m3,vehicle,vehicle::gallery_images::21199_c014_04.jpg,llm_balanced,information_reduced,0.9508084619370945,1,49,5,0.15499213163665404,1.0,vehicle::gallery_images::21216_c003_04.jpg,0.7958163303004404,1.0,0.662767431711877,0.7508146994961452,0.28804103022521743,0.15499213163665404,1.0,1.0
bge_m3,vehicle,vehicle::gallery_images::21199_c014_04.jpg,llm_detailed,information_reduced,0.9420157219852716,1,49,5,0.15212751440938188,1.0,vehicle::gallery_images::21216_c003_04.jpg,0.7898882075758897,1.0,0.6567945299698996,0.742960671167781,0.285221192015372,0.15212751440938188,1.0,1.0
bge_m3,vehicle,vehicle::gallery_images::21199_c014_04.jpg,llm_human_description,information_reduced,0.882269496612833,1,49,5,0.12296084460382484,1.0,vehicle::gallery_images::21216_c003_04.jpg,0.7593086520090082,1.0,0.6308733879364802,0.7045430196960097,0.25139610867635287,0.12296084460382484,1.0,1.0
bge_m3,vehicle,vehicle::gallery_images::20762_c156_00.jpg,llm_brief,information_reduced,0.808907124756993,1,49,5,0.16926903328869347,1.0,vehicle::train_images::19666_c077_02.jpg,0.6396380914682995,1.0,0.5193311566746892,0.5884823073180735,0.2895759680823038,0.16926903328869347,1.0,1.0
bge_m3,vehicle,vehicle::gallery_images::20762_c156_00.jpg,llm_balanced,information_reduced,0.9568258598086594,1,49,5,0.2181584053067489,1.0,vehicle::train_images::13946_c012_04.jpg,0.7386674545019105,1.0,0.5893490398157404,0.6542954884943867,0.36747681999291903,0.2181584053067489,1.0,1.0
bge_m3,vehicle,vehicle::gallery_images::20762_c156_00.jpg,llm_detailed,information_reduced,0.9633395812766523,1,49,5,0.20339931172725212,1.0,vehicle::train_images::13946_c012_04.jpg,0.7599402695494002,1.0,0.6144940689329501,0.681903034117282,0.3488455123437022,0.20339931172725212,1.0,1.0
bge_m3,vehicle,vehicle::gallery_images::20762_c156_00.jpg,llm_human_description,information_reduced,0.9241693862842723,1,49,5,0.13541839832123392,1.0,vehicle::train_images::13946_c012_04.jpg,0.7887509879630383,1.0,0.6146909691139586,0.7089641090915519,0.30947841717031366,0.13541839832123392,1.0,1.0
bge_m3,vehicle,vehicle::gallery_images::20070_c017_01.jpg,llm_brief,information_reduced,0.8510428860884641,1,49,5,0.30643315230863244,1.0,vehicle::train_images::04724_c110_02.jpg,0.5539347526909961,1.0,0.4849574950410885,0.5494944651371227,0.36608539104737564,0.297108133397468,1.0,1.0
bge_m3,vehicle,vehicle::gallery_images::20070_c017_01.jpg,llm_balanced,information_reduced,0.9247297914396749,1,49,5,0.37068619593974483,1.0,vehicle::train_images::07345_c110_03.jpg,0.5662864541061702,1.0,0.4956747846177919,0.5528320646121551,0.429055006821883,0.35844333733350475,1.0,1.0
bge_m3,vehicle,vehicle::gallery_images::20070_c017_01.jpg,llm_detailed,information_reduced,0.9697244491139981,1,49,5,0.3748367799894041,1.0,vehicle::train_images::09221_c139_03.jpg,0.594887669124594,1.0,0.517840345748207,0.5833406073945291,0.4518841033657911,0.3748367799894041,1.0,1.0
bge_m3,vehicle,vehicle::gallery_images::20070_c017_01.jpg,llm_human_description,information_reduced,0.8549990886984046,1,49,5,0.30448736250828745,1.0,vehicle::train_images::09221_c139_03.jpg,0.5505117261901171,1.0,0.4885531014980835,0.5460352137093867,0.36644598720032107,0.30448736250828745,1.0,1.0
bge_m3,vehicle,vehicle::gallery_images::21216_c003_04.jpg,llm_brief,information_reduced,0.8163291885863777,1,49,5,0.010490932094433636,1.0,vehicle::gallery_images::20535_c170_02.jpg,0.8058382564919441,1.0,0.5956164448252756,0.7272154887525146,0.22071274376110206,0.010490932094433636,1.0,1.0
bge_m3,vehicle,vehicle::gallery_images::21216_c003_04.jpg,llm_balanced,information_reduced,0.9538367735986072,1,49,5,0.1336939343164819,1.0,vehicle::gallery_images::20535_c170_02.jpg,0.8201428392821253,1.0,0.6505963435096899,0.790860448209929,0.3032404300889173,0.1336939343164819,1.0,1.0
bge_m3,vehicle,vehicle::gallery_images::21216_c003_04.jpg,llm_detailed,information_reduced,0.9465209254597904,1,49,5,0.13557667722763256,1.0,vehicle::gallery_images::20535_c170_02.jpg,0.8109442482321578,1.0,0.6457782054783439,0.7784829684335246,0.3007427199814465,0.13557667722763256,1.0,1.0
bge_m3,vehicle,vehicle::gallery_images::21216_c003_04.jpg,llm_human_description,information_reduced,0.9413914997772309,1,49,5,0.11123169614029071,1.0,vehicle::query_images::20249_c003_00.jpg,0.8301598036369402,1.0,0.6793870981624548,0.7970798610706525,0.2620044016147761,0.11123169614029071,1.0,1.0
bge_m3,vehicle,vehicle::gallery_images::20559_c170_01.jpg,llm_brief,information_reduced,0.8704232849366002,1,49,5,0.11040945979380956,1.0,vehicle::train_images::09221_c139_03.jpg,0.7600138251427906,1.0,0.6249414991724398,0.7244474589198889,0.24548178576416035,0.11040945979380956,1.0,1.0
bge_m3,vehicle,vehicle::gallery_images::20559_c170_01.jpg,llm_balanced,information_reduced,0.9146467442331461,1,49,5,0.16978194813796632,1.0,vehicle::train_images::09221_c139_03.jpg,0.7448647960951797,1.0,0.6157539443511713,0.7260006310277919,0.2988927998819748,0.16978194813796632,1.0,1.0
bge_m3,vehicle,vehicle::gallery_images::20559_c170_01.jpg,llm_detailed,information_reduced,0.9570569823652959,1,49,5,0.1809717783824959,1.0,vehicle::gallery_images::20877_c110_00.jpg,0.7760852039828,1.0,0.6295395475710519,0.7361065719518306,0.327517434794244,0.1809717783824959,1.0,1.0
bge_m3,vehicle,vehicle::gallery_images::20559_c170_01.jpg,llm_human_description,information_reduced,0.895861487570694,1,49,5,0.14590559187175056,1.0,vehicle::train_images::09221_c139_03.jpg,0.7499558956989434,1.0,0.6086349496377261,0.7039749153798163,0.2872265379329678,0.14590559187175056,1.0,1.0
bge_m3,vehicle,vehicle::gallery_images::20401_c023_03.jpg,llm_brief,information_reduced,0.9017114014802814,1,49,5,0.2366638489172621,1.0,vehicle::train_images::04724_c110_02.jpg,0.6650475525630193,1.0,0.5394797632283606,0.6220618130982318,0.36223163825192084,0.2366638489172621,1.0,1.0
bge_m3,vehicle,vehicle::gallery_images::20401_c023_03.jpg,llm_balanced,information_reduced,0.9464208689918152,1,49,5,0.2634073191153832,1.0,vehicle::train_images::04724_c110_02.jpg,0.683013549876432,1.0,0.5912504219387031,0.6521517102605455,0.35517044705311207,0.2634073191153832,1.0,1.0
bge_m3,vehicle,vehicle::gallery_images::20401_c023_03.jpg,llm_detailed,information_reduced,0.9846738020623267,1,49,5,0.26054127504222035,1.0,vehicle::train_images::10839_c110_00.jpg,0.7241325270201063,1.0,0.6277421304987272,0.7013135291548266,0.3569316715635995,0.26054127504222035,1.0,1.0
bge_m3,vehicle,vehicle::gallery_images::20401_c023_03.jpg,llm_human_description,information_reduced,0.8952607270950883,1,49,5,0.23637641779491747,1.0,vehicle::query_images::21112_c079_00.jpg,0.6644657210465256,1.0,0.5931271844381091,0.6535324047935994,0.3021335426569792,0.23079500604856273,1.0,1.0
bge_m3,face,face::train::071174.jpg,llm_brief,information_reduced,0.8041642580187189,3,49,5,0.006742031123790904,1.0,face::train::138886.jpg,0.8223169564535868,0.9591836734693877,0.731604465213989,0.8014232165912906,0.0725597928047299,-0.018152698434867887,0.0,0.3333333333333333
bge_m3,face,face::train::071174.jpg,llm_balanced,information_reduced,0.8230288353075794,2,49,5,0.0013980655885861282,1.0,face::train::138886.jpg,0.8438807367207595,0.9795918367346939,0.7504716027913808,0.8205075297666239,0.07255723251619861,-0.020851901413180052,0.0,0.5
bge_m3,face,face::train::071174.jpg,llm_detailed,information_reduced,0.880863274075148,2,49,5,0.0065778655862894775,1.0,face::train::138886.jpg,0.8952073332172696,0.9795918367346939,0.8113636277734577,0.8684254506729052,0.06949964630169025,-0.014344059142121668,0.0,0.5
bge_m3,face,face::train::071174.jpg,llm_human_description,information_reduced,0.7936420880129476,2,49,5,0.006703024685203118,1.0,face::train::138886.jpg,0.8096905847635609,0.9795918367346939,0.7048800458649014,0.7855056632764549,0.08876204214804617,-0.016048496750613372,0.0,0.5
bge_m3,face,face::train::166091.jpg,llm_brief,information_reduced,0.7583707582633357,12,49,5,0.00560265380125613,1.0,face::train::081413.jpg,0.7948762492044603,0.7755102040816326,0.6735155267509434,0.774687794703556,0.08485523151239227,-0.03650549094112465,0.0,0.08333333333333333
bge_m3,face,face::train::166091.jpg,llm_balanced,information_reduced,0.8110227661107567,9,49,5,0.010376081627432199,1.0,face::train::081413.jpg,0.8347201423573412,0.8367346938775511,0.7239139328574529,0.824215703014753,0.08710883325330387,-0.023697376246584412,0.0,0.1111111111111111
bge_m3,face,face::train::166091.jpg,llm_detailed,information_reduced,0.9045209347789421,3,49,5,0.017370089828339763,1.0,face::test::185812.jpg,0.9073613883999929,0.9591836734693877,0.8016931270989147,0.8993814865967141,0.10282780768002742,-0.002840453621050787,0.0,0.3333333333333333
bge_m3,face,face::train::166091.jpg,llm_human_description,information_reduced,0.759925757287466,3,49,5,0.025688843033070285,1.0,face::train::109762.jpg,0.764158902854418,0.9591836734693877,0.6976858927597592,0.7556887513872729,0.0622398645277068,-0.004233145566951979,0.0,0.3333333333333333
bge_m3,face,face::train::157804.jpg,llm_brief,information_reduced,0.7406258182070857,6,49,5,-0.027619766370260534,0.6,face::train::081413.jpg,0.7682455845773463,0.8979591836734694,0.6567513690803829,0.7521233183141162,0.08387444912670283,-0.027619766370260534,0.0,0.16666666666666666
bge_m3,face,face::train::157804.jpg,llm_balanced,information_reduced,0.8346020419142474,3,49,5,-0.0003151806721032324,0.8,face::train::063618.jpg,0.8451091338086031,0.9591836734693877,0.7301403861644684,0.8273038540600788,0.10446165574977895,-0.010507091894355725,0.0,0.3333333333333333
bge_m3,face,face::train::157804.jpg,llm_detailed,information_reduced,0.8965077905804,2,49,5,-0.010079596417670755,0.8,face::train::081413.jpg,0.9065873869980707,0.9795918367346939,0.7678614488619875,0.8756601663400905,0.1286463417184125,-0.010079596417670755,0.0,0.5
bge_m3,face,face::train::157804.jpg,llm_human_description,information_reduced,0.8002293887280447,2,49,5,-0.003120718808325762,0.8,face::train::081413.jpg,0.8033501075363705,0.9795918367346939,0.7093755538674706,0.7963865713595618,0.09085383486057408,-0.003120718808325762,0.0,0.5
bge_m3,face,face::train::091980.jpg,llm_brief,information_reduced,0.8047332458475489,1,49,5,0.0457590273704096,1.0,face::test::196611.jpg,0.7851684858272063,1.0,0.6986372027861112,0.7588981833639783,0.10609604306143772,0.019564760020342575,1.0,1.0
bge_m3,face,face::train::091980.jpg,llm_balanced,information_reduced,0.866832801335021,1,49,5,0.03438931743220153,1.0,face::test::196611.jpg,0.8345461349812158,1.0,0.7564866098850522,0.8203663324023628,0.11034619144996882,0.03228666635380528,1.0,1.0
bge_m3,face,face::train::091980.jpg,llm_detailed,information_reduced,0.9015737133481485,1,49,5,0.04830479073349758,1.0,face::test::196611.jpg,0.8567892962523973,1.0,0.7984196456937653,0.8522391461130966,0.10315406765438317,0.044784417095751206,1.0,1.0
bge_m3,face,face::train::091980.jpg,llm_human_description,information_reduced,0.8152557198403331,1,49,5,0.022202506945348754,1.0,face::test::196611.jpg,0.8096705986365098,1.0,0.7136660843727539,0.7879428832473986,0.10158963546757915,0.005585121203823262,1.0,1.0
bge_m3,face,face::train::121281.jpg,llm_brief,information_reduced,0.7100996132584863,24,49,5,-0.016145320309682964,0.8,face::train::138886.jpg,0.7493815761634397,0.5306122448979592,0.7062324498214937,0.7387582440844487,0.00386716343699256,-0.03928196290495345,0.0,0.041666666666666664
bge_m3,face,face::train::121281.jpg,llm_balanced,information_reduced,0.7587232182479492,8,49,5,0.004450623783344487,1.0,face::test::196777.jpg,0.7822375479063528,0.8571428571428571,0.7424276952836832,0.7723359196547943,0.01629552296426595,-0.02351432965840361,0.0,0.125
bge_m3,face,face::train::121281.jpg,llm_detailed,information_reduced,0.849364095814487,1,49,5,0.031216152128351826,1.0,face::train::091980.jpg,0.848279836401479,1.0,0.8085271761892354,0.842728923901385,0.0408369196252516,0.0010842594130080485,1.0,1.0
bge_m3,face,face::train::121281.jpg,llm_human_description,information_reduced,0.7386362181951853,7,49,5,0.005855503916363025,1.0,face::train::143554.jpg,0.765862386825526,0.8775510204081632,0.6808587252418434,0.7518438936514912,0.05777749295334189,-0.027226168630340664,0.0,0.14285714285714285
bge_m3,face,face::train::114832.jpg,llm_brief,information_reduced,0.8097429180241477,5,49,5,-0.015895030347972905,0.8,face::test::196777.jpg,0.8256379483721206,0.9183673469387755,0.7288365925731659,0.8173972908771768,0.08090632545098175,-0.015895030347972905,0.0,0.2
bge_m3,face,face::train::114832.jpg,llm_balanced,information_reduced,0.8342683470707607,3,49,5,-0.01232081599776813,0.8,face::test::196777.jpg,0.8465891630685288,0.9591836734693877,0.7412006624623877,0.8310138538642843,0.093067684608373,-0.01232081599776813,0.0,0.3333333333333333
bge_m3,face,face::train::114832.jpg,llm_detailed,information_reduced,0.8852458258477192,3,49,5,-0.00438204225218175,0.8,face::test::196777.jpg,0.8896278680999009,0.9591836734693877,0.8041606132632464,0.8837305378102328,0.08108521258447277,-0.00438204225218175,0.0,0.3333333333333333
bge_m3,face,face::train::114832.jpg,llm_human_description,information_reduced,0.7358970202974965,4,49,5,-0.019316099383146268,0.8,face::test::196777.jpg,0.7552131196806428,0.9387755102040817,0.6729266002134776,0.7394480067223159,0.06297042008401887,-0.019316099383146268,0.0,0.25
bge_m3,face,face::train::090489.jpg,llm_brief,information_reduced,0.7023725815584136,7,49,5,0.0074280334124765535,1.0,face::train::138886.jpg,0.7252608890194738,0.8775510204081632,0.6762049749140677,0.7128752918542443,0.02616760664434592,-0.022888307461060187,0.0,0.14285714285714285
bge_m3,face,face::train::090489.jpg,llm_balanced,information_reduced,0.796947540010112,3,49,5,0.003331763286391398,1.0,face::test::196777.jpg,0.8106098254553875,0.9591836734693877,0.7660695820488261,0.795242524363389,0.030877957961285896,-0.01366228544527548,0.0,0.3333333333333333
bge_m3,face,face::train::090489.jpg,llm_detailed,information_reduced,0.8783822557287642,1,49,5,0.021453747028172487,1.0,face::test::189457.jpg,0.8733715495188519,1.0,0.8382292166380865,0.8637285569676533,0.04015303909067769,0.005010706209912286,1.0,1.0
bge_m3,face,face::train::090489.jpg,llm_human_description,information_reduced,0.7869624387568199,3,49,5,-0.0020138582575827124,0.8,face::train::138886.jpg,0.8015417985688245,0.9591836734693877,0.7088960674335107,0.7821451112340091,0.07806637132330918,-0.014579359812004533,0.0,0.3333333333333333
bge_m3,face,face::train::008309.jpg,llm_brief,information_reduced,0.7750832601833865,2,49,5,-0.02004159753944157,0.8,face::train::109762.jpg,0.795124857722828,0.9795918367346939,0.6716101091410274,0.764314456097092,0.1034731510423591,-0.02004159753944157,0.0,0.5
bge_m3,face,face::train::008309.jpg,llm_balanced,information_reduced,0.8361637137235669,2,49,5,-0.008843253447482491,0.8,face::train::109762.jpg,0.8450069671710494,0.9795918367346939,0.7251192997753442,0.8156593662101895,0.11104441394822273,-0.008843253447482491,0.0,0.5
bge_m3,face,face::train::008309.jpg,llm_detailed,information_reduced,0.8944182192774133,2,49,5,-0.00692593844366618,0.8,face::train::109762.jpg,0.9013441577210795,0.9795918367346939,0.7725058714764039,0.8534483786417392,0.12191234780100935,-0.00692593844366618,0.0,0.5
bge_m3,face,face::train::008309.jpg,llm_human_description,information_reduced,0.8118216568356131,2,49,5,-0.030096247719113123,0.8,face::train::109762.jpg,0.8419179045547263,0.9795918367346939,0.7080980182164207,0.7939374686751924,0.10372363861919243,-0.030096247719113123,0.0,0.5
bge_m3,face,face::train::129132.jpg,llm_brief,information_reduced,0.7370493340119642,5,49,5,0.008357288710404198,1.0,face::train::141457.jpg,0.7810616143243704,0.9183673469387755,0.6704200377297856,0.7642089386886018,0.06662929628217851,-0.04401228031240623,0.0,0.2
bge_m3,face,face::train::129132.jpg,llm_balanced,information_reduced,0.7927954967621478,5,49,5,0.026337936535983708,1.0,face::train::109762.jpg,0.8291135968696786,0.9183673469387755,0.7075534390815295,0.8056384062685078,0.08524205768061832,-0.03631810010753078,0.0,0.2
bge_m3,face,face::train::129132.jpg,llm_detailed,information_reduced,0.8567558294772377,2,49,5,0.030325340297424175,1.0,face::train::109762.jpg,0.8709741536431741,0.9795918367346939,0.7541069950806014,0.8438532763781268,0.1026488343966363,-0.01421832416593638,0.0,0.5
bge_m3,face,face::train::129132.jpg,llm_human_description,information_reduced,0.7628811722448108,4,49,5,0.02947045441262386,1.0,face::train::141457.jpg,0.7832816249403577,0.9387755102040817,0.6809217842827214,0.7614105929726737,0.08195938796208935,-0.02040045269554691,0.0,0.25
bge_m3,face,face::train::053065.jpg,llm_brief,information_reduced,0.8409875227656063,3,49,5,-0.016845474388233916,0.8,face::train::091980.jpg,0.8578329971538402,0.9591836734693877,0.7754898929174285,0.8298345904397864,0.06549762984817775,-0.016845474388233916,0.0,0.3333333333333333
bge_m3,face,face::train::053065.jpg,llm_balanced,information_reduced,0.8692296623378553,2,49,5,-0.012818472205739617,0.8,face::train::091980.jpg,0.8820481345435949,0.9795918367346939,0.8071099956406914,0.857286539765225,0.062119666697163844,-0.012818472205739617,0.0,0.5
bge_m3,face,face::train::053065.jpg,llm_detailed,information_reduced,0.8985488504772516,1,49,5,0.003686771393323518,1.0,face::train::091980.jpg,0.8948620790839281,1.0,0.8266970024099831,0.876000182772345,0.07185184806726852,0.003686771393323518,1.0,1.0
bge_m3,face,face::train::053065.jpg,llm_human_description,information_reduced,0.8085736665265771,4,49,5,-0.026723697860699835,0.8,face::train::138886.jpg,0.8429506477610808,0.9387755102040817,0.7512009000243519,0.8131770500411708,0.057372766502225225,-0.03437698123450361,0.0,0.25
bge_m3,face,face::train::143554.jpg,llm_brief,information_reduced,0.6885064909715961,1,49,5,0.04961046476194331,1.0,face::test::189858.jpg,0.6634916841175589,1.0,0.5921441871349927,0.6554882562450456,0.09636230383660338,0.02501480685403723,1.0,1.0
bge_m3,face,face::train::143554.jpg,llm_balanced,information_reduced,0.7529127616725841,1,49,5,0.07303535039160791,1.0,face::train::138886.jpg,0.7019446933917769,1.0,0.623907853111632,0.687651791387616,0.12900490856095215,0.050968068280807244,1.0,1.0
bge_m3,face,face::train::143554.jpg,llm_detailed,information_reduced,0.8197873840221377,1,49,5,0.07108940428379096,1.0,face::train::138886.jpg,0.7694253953234319,1.0,0.678644403701421,0.7510551094041924,0.1411429803207167,0.050361988698705784,1.0,1.0
bge_m3,face,face::train::143554.jpg,llm_human_description,information_reduced,0.7317835679411175,1,49,5,0.07382383709377904,1.0,face::train::138886.jpg,0.6763597277926527,1.0,0.5914026585701182,0.663757607083626,0.14038090937099934,0.0554238401484648,1.0,1.0
bge_m3,face,face::train::178182.jpg,llm_brief,information_reduced,0.7536832682694274,20,49,5,-0.043556803195419436,0.0,face::train::138886.jpg,0.8235971794004187,0.6122448979591837,0.7324135742462963,0.7975615809958618,0.02126969402313117,-0.06991391113099121,0.0,0.05
bge_m3,face,face::train::178182.jpg,llm_balanced,information_reduced,0.8096154596853415,22,49,5,-0.04285248591114921,0.0,face::train::101485.jpg,0.8587624225767865,0.5714285714285714,0.7797407180906866,0.8473851189134536,0.029874741594654974,-0.049146962891444934,0.0,0.045454545454545456
bge_m3,face,face::train::178182.jpg,llm_detailed,information_reduced,0.8409162281898759,24,49,5,-0.04343281641425667,0.0,face::train::138886.jpg,0.8935516996556385,0.5306122448979592,0.8201404452446867,0.879780620977219,0.020775782945189225,-0.05263547146576264,0.0,0.041666666666666664
bge_m3,face,face::train::178182.jpg,llm_human_description,information_reduced,0.764578545331859,24,49,5,-0.03865130224337365,0.0,face::train::138886.jpg,0.8550985835152709,0.5306122448979592,0.7476753985856266,0.814557691892099,0.01690314674623239,-0.09052003818341192,0.0,0.041666666666666664
bge_m3,face,face::train::063618.jpg,llm_brief,information_reduced,0.768902974672707,2,49,5,-0.00296127959697412,0.8,face::train::081413.jpg,0.7718642542696811,0.9795918367346939,0.6427018607161157,0.7365515770492408,0.12620111395659128,-0.00296127959697412,0.0,0.5
bge_m3,face,face::train::063618.jpg,llm_balanced,information_reduced,0.8053672238433093,1,49,5,0.0007520278836691263,1.0,face::train::081413.jpg,0.8046151959596402,1.0,0.6687915834555984,0.766786373947649,0.13657564038771086,0.0007520278836691263,1.0,1.0
bge_m3,face,face::train::063618.jpg,llm_detailed,information_reduced,0.8836850227532151,1,49,5,0.004617452379790832,1.0,face::train::081413.jpg,0.8790675703734243,1.0,0.7527217722622302,0.8482720700980603,0.1309632504909849,0.004617452379790832,1.0,1.0
bge_m3,face,face::train::063618.jpg,llm_human_description,information_reduced,0.7993349886909995,1,49,5,0.01917480357681023,1.0,face::train::081413.jpg,0.7801601851141893,1.0,0.6613148109222016,0.7674193272667647,0.13802017776879794,0.01917480357681023,1.0,1.0
bge_m3,face,face::train::089537.jpg,llm_brief,information_reduced,0.8183247189039918,12,49,5,-0.013240232748818692,0.6,face::train::138886.jpg,0.8524091429474647,0.7755102040816326,0.7683409597826916,0.8332688841208769,0.049983759121300264,-0.034084424043472894,0.0,0.08333333333333333
bge_m3,face,face::train::089537.jpg,llm_balanced,information_reduced,0.849545224247781,9,49,5,-0.005424377692918703,0.6,face::train::101485.jpg,0.8650067875642672,0.8367346938775511,0.8009694076982818,0.8538915629431151,0.04857581654949916,-0.015461563316486182,0.0,0.1111111111111111
bge_m3,face,face::train::089537.jpg,llm_detailed,information_reduced,0.860526689467904,9,49,5,-0.013729138268607666,0.6,face::train::138886.jpg,0.8953729363579837,0.8367346938775511,0.8243472279894346,0.8735280416600031,0.0361794614784694,-0.034846246890079646,0.0,0.1111111111111111
bge_m3,face,face::train::089537.jpg,llm_human_description,information_reduced,0.7978962022395911,9,49,5,-0.0027503672212317865,0.8,face::train::138886.jpg,0.8306280667272229,0.8367346938775511,0.7471490525316233,0.807998730215176,0.05074714970796779,-0.03273186448763177,0.0,0.1111111111111111
bge_m3,face,face::train::065762.jpg,llm_brief,information_reduced,0.6992900733886831,36,49,5,-0.010463983261747689,0.4,face::train::063618.jpg,0.7627513301844171,0.2857142857142857,0.7106311049075105,0.7477095163955318,-0.011341031518827371,-0.063461256795734,0.0,0.027777777777777776
bge_m3,face,face::train::065762.jpg,llm_balanced,information_reduced,0.7893429778138965,39,49,5,-0.026498568716078807,0.4,face::train::081413.jpg,0.8366243584103461,0.22448979591836735,0.8012564858421314,0.8230895570164676,-0.011913508028234876,-0.047281380596449596,0.0,0.02564102564102564
bge_m3,face,face::train::065762.jpg,llm_detailed,information_reduced,0.8418772390289616,22,49,5,-0.004329629659857281,0.6,face::train::073196.jpg,0.867738921370041,0.5714285714285714,0.8383167507851828,0.8614929590669727,0.0035604882437788588,-0.02586168234107944,0.0,0.045454545454545456
bge_m3,face,face::train::065762.jpg,llm_human_description,information_reduced,0.7435997488548935,40,49,5,-0.02461684178230117,0.2,face::train::101485.jpg,0.7781716059953531,0.20408163265306123,0.7579326807070038,0.7725440413599053,-0.014332931852110264,-0.034571857140459517,0.0,0.025
bge_m3,face,face::train::168471.jpg,llm_brief,information_reduced,0.7391180418755543,14,49,5,0.006163366716126273,1.0,face::test::196611.jpg,0.7852597752389188,0.7346938775510204,0.6878280675573778,0.7765270930232705,0.0512899743181765,-0.04614173336336447,0.0,0.07142857142857142
bge_m3,face,face::train::168471.jpg,llm_balanced,information_reduced,0.8175983150463346,11,49,5,0.0108481287358837,1.0,face::test::196611.jpg,0.8503984963998905,0.7959183673469388,0.7598443261896121,0.8352819085411359,0.05775398885672256,-0.03280018135355589,0.0,0.09090909090909091
bge_m3,face,face::train::168471.jpg,llm_detailed,information_reduced,0.8719831094377541,1,49,5,0.009928736743296418,1.0,face::train::138886.jpg,0.8638754022478101,1.0,0.7949726198091863,0.8624657004849718,0.07701048962856782,0.008107707189944025,1.0,1.0
bge_m3,face,face::train::168471.jpg,llm_human_description,information_reduced,0.7540649244034262,13,49,5,0.010971549721120799,1.0,face::test::196611.jpg,0.8218902029360179,0.7551020408163265,0.7114265434683384,0.7907824063093651,0.04263838093508776,-0.06782527853259168,0.0,0.07692307692307693
bge_m3,face,face::train::101485.jpg,llm_brief,information_reduced,0.6753604615426094,5,49,5,0.017632410449961444,1.0,face::train::138886.jpg,0.6994626618462227,0.9183673469387755,0.6413534790431753,0.6851976228407864,0.034006982499434124,-0.02410220030361332,0.0,0.2
bge_m3,face,face::train::101485.jpg,llm_balanced,information_reduced,0.7953663600193736,4,49,5,0.017577753924483908,1.0,face::train::138886.jpg,0.8267661993156383,0.9387755102040817,0.7021056652093121,0.7959312813832828,0.0932606948100615,-0.031399839296264775,0.0,0.25
bge_m3,face,face::train::101485.jpg,llm_detailed,information_reduced,0.87311212493673,1,49,5,0.00848533307367405,1.0,face::train::138886.jpg,0.8729494395123474,1.0,0.8074387462562943,0.8589861603031109,0.06567337868043566,0.00016268542438258038,1.0,1.0
bge_m3,face,face::train::101485.jpg,llm_human_description,information_reduced,0.7551296538385508,3,49,5,0.03277100131728894,1.0,face::train::138886.jpg,0.7746146283984329,0.9591836734693877,0.6558366089056836,0.7452933876225911,0.09929304493286717,-0.019484974559882073,0.0,0.3333333333333333
bge_m3,face,face::train::023736.jpg,llm_brief,information_reduced,0.7861248227401825,5,49,5,0.00283251565057574,1.0,face::train::109762.jpg,0.8143882950515993,0.9183673469387755,0.7234059557106783,0.7915458141495323,0.06271886702950413,-0.028263472311416793,0.0,0.2
bge_m3,face,face::train::023736.jpg,llm_balanced,information_reduced,0.8510619202320423,8,49,5,-0.004666384746162433,0.6,face::train::109762.jpg,0.8917553529717566,0.8571428571428571,0.776512978390764,0.8609864620454877,0.07454894184127825,-0.040693432739714264,0.0,0.125
bge_m3,face,face::train::023736.jpg,llm_detailed,information_reduced,0.9055476056182721,2,49,5,0.009002226853961903,1.0,face::train::109762.jpg,0.9083888244407285,0.9795918367346939,0.7972020523673682,0.8937200922139339,0.10834555325090389,-0.0028412188224564705,0.0,0.5
bge_m3,face,face::train::023736.jpg,llm_human_description,information_reduced,0.8006479725062747,2,49,5,0.01994960088329123,1.0,face::train::109762.jpg,0.8170232739854757,0.9795918367346939,0.7374671027654784,0.790648822904203,0.06318086974079629,-0.016375301479200965,0.0,0.5
bge_m3,face,face::train::063708.jpg,llm_brief,information_reduced,0.707782754386193,12,49,5,0.004461133632202463,1.0,face::train::081413.jpg,0.7479279490756597,0.7755102040816326,0.6670865872800336,0.7364079804132516,0.04069616710615942,-0.04014519468946676,0.0,0.08333333333333333
bge_m3,face,face::train::063708.jpg,llm_balanced,information_reduced,0.8058810769688636,14,49,5,-0.00217750912946002,0.8,face::train::109762.jpg,0.8316211369738005,0.7346938775510204,0.7396657739703135,0.8238866248110328,0.06621530299855005,-0.025740060004936893,0.0,0.07142857142857142
bge_m3,face,face::train::063708.jpg,llm_detailed,information_reduced,0.8471359740618642,2,49,5,0.018385094258494883,1.0,face::train::081413.jpg,0.84774882715594,0.9795918367346939,0.7496307494523474,0.8432327978862036,0.09750522460951683,-0.0006128530940757715,0.0,0.5
bge_m3,face,face::train::063708.jpg,llm_human_description,information_reduced,0.7486561057619716,13,49,5,0.0003999692595995086,1.0,face::train::060309.jpg,0.7804743599277157,0.7551020408163265,0.6985898685744394,0.7734270639183248,0.050066237187532225,-0.03181825416574413,0.0,0.07692307692307693
bge_m3,face,face::train::138886.jpg,llm_brief,information_reduced,0.7858964636422072,1,49,5,0.010333573768410043,1.0,face::test::196611.jpg,0.7755628898737972,1.0,0.6704526396504075,0.7562106106610738,0.11544382399179975,0.010333573768410043,1.0,1.0
bge_m3,face,face::train::138886.jpg,llm_balanced,information_reduced,0.8485080646264644,1,49,5,0.023390623701882385,1.0,face::test::196611.jpg,0.8251174409245821,1.0,0.7304796425177497,0.8071989040301927,0.11802842210871478,0.023390623701882385,1.0,1.0
bge_m3,face,face::train::138886.jpg,llm_detailed,information_reduced,0.9213655346022183,1,49,5,0.029219399874471197,1.0,face::train::101485.jpg,0.9133232458791916,1.0,0.8430025445103924,0.8967113627362787,0.0783629900918259,0.008042288723026703,1.0,1.0
bge_m3,face,face::train::138886.jpg,llm_human_description,information_reduced,0.8323831047982133,1,49,5,0.02502609591427496,1.0,face::train::101485.jpg,0.8137916014490956,1.0,0.7231938520672471,0.7971708015360627,0.10918925273096625,0.018591503349117744,1.0,1.0
bge_m3,face,face::train::149220.jpg,llm_brief,information_reduced,0.6376730385602674,7,49,5,0.0016419095018804786,1.0,face::test::196611.jpg,0.6686179884136344,0.8775510204081632,0.6119410650985967,0.6469446173206019,0.025731973461670665,-0.030944949853367043,0.0,0.14285714285714285
bge_m3,face,face::train::149220.jpg,llm_balanced,information_reduced,0.6823809778612192,8,49,5,0.007083247163031325,1.0,face::test::196611.jpg,0.7145291746451401,0.8571428571428571,0.655518203790322,0.6916759835587439,0.02686277407089721,-0.03214819678392089,0.0,0.125
bge_m3,face,face::train::149220.jpg,llm_detailed,information_reduced,0.8227101627910137,3,49,5,0.0013924192974809069,1.0,face::test::184003.jpg,0.8250790935444696,0.9591836734693877,0.7944990452844485,0.8214681796296475,0.028211117506565242,-0.0023689307534559,0.0,0.3333333333333333
bge_m3,face,face::train::149220.jpg,llm_human_description,information_reduced,0.684154137107525,8,49,5,0.006164977133328753,1.0,face::train::138886.jpg,0.7252448379903915,0.8571428571428571,0.6626177527070866,0.6941411205215516,0.02153638440043848,-0.04109070088286648,0.0,0.125
bge_m3,face,face::train::060309.jpg,llm_brief,information_reduced,0.7549722225206597,1,49,5,0.048049280500955915,1.0,face::train::081413.jpg,0.7336210964221548,1.0,0.6163477536108677,0.719908925945506,0.13862446890979196,0.02135112609850487,1.0,1.0
bge_m3,face,face::train::060309.jpg,llm_balanced,information_reduced,0.8123367820209286,1,49,5,0.03926366321400865,1.0,face::train::081413.jpg,0.7879628512752482,1.0,0.6748545678774178,0.7794047991015657,0.1374822141435108,0.024373930745680394,1.0,1.0
bge_m3,face,face::train::060309.jpg,llm_detailed,information_reduced,0.9096621634297919,1,49,5,0.03957784655734564,1.0,face::train::081413.jpg,0.881163499998368,1.0,0.7604781295944347,0.8658675907934877,0.14918403383535717,0.028498663431423932,1.0,1.0
bge_m3,face,face::train::060309.jpg,llm_human_description,information_reduced,0.7509685059791147,1,49,5,0.04701284872927025,1.0,face::train::063618.jpg,0.7244578660830905,1.0,0.6177856901708878,0.7061999327405475,0.13318281580822688,0.026510639896024202,1.0,1.0
bge_m3,face,face::train::025692.jpg,llm_brief,information_reduced,0.7724681524250081,3,49,5,0.02077205400039095,1.0,face::train::138886.jpg,0.7934480297819226,0.9591836734693877,0.6694649700731491,0.7643110775513875,0.10300318235185901,-0.020979877356914534,0.0,0.3333333333333333
bge_m3,face,face::train::025692.jpg,llm_balanced,information_reduced,0.851140655682615,2,49,5,0.039120808294131004,1.0,face::train::138886.jpg,0.8524558009438248,0.9795918367346939,0.7430356058784781,0.8304735387327289,0.10810504980413693,-0.0013151452612097936,0.0,0.5
bge_m3,face,face::train::025692.jpg,llm_detailed,information_reduced,0.8891063578505953,2,49,5,0.038658993976607325,1.0,face::train::138886.jpg,0.8925882644521912,0.9795918367346939,0.7827884025045029,0.8636530403172631,0.10631795534609245,-0.0034819066015958633,0.0,0.5
bge_m3,face,face::train::025692.jpg,llm_human_description,information_reduced,0.8095238735614995,3,49,5,0.029591020454925565,1.0,face::train::138886.jpg,0.833544855839492,0.9591836734693877,0.7237112591274134,0.7970060439933203,0.08581261443408605,-0.024020982277992542,0.0,0.3333333333333333
bge_m3,face,face::train::060555.jpg,llm_brief,information_reduced,0.7403728442721227,11,49,5,-0.011505114628789892,0.6,face::train::109762.jpg,0.7887308553374539,0.7959183673469388,0.6822043652326513,0.7679302444387425,0.05816847903947142,-0.04835801106533122,0.0,0.09090909090909091
bge_m3,face,face::train::060555.jpg,llm_balanced,information_reduced,0.7998894838747685,9,49,5,-0.009155858111647097,0.6,face::train::141457.jpg,0.819195822781354,0.8367346938775511,0.7385325380085139,0.8097795063848434,0.06135694586625462,-0.019306338906585507,0.0,0.1111111111111111
bge_m3,face,face::train::060555.jpg,llm_detailed,information_reduced,0.915007217581343,2,49,5,0.01403039844572429,1.0,face::train::008309.jpg,0.9234465721499447,0.9795918367346939,0.8158872250762021,0.9065613934659211,0.09911999250514081,-0.008439354568601787,0.0,0.5
bge_m3,face,face::train::060555.jpg,llm_human_description,information_reduced,0.7840805459246665,8,49,5,-0.013026438291681153,0.6,face::train::109762.jpg,0.8285280684244882,0.8571428571428571,0.7295731670121048,0.8083368728844035,0.05450737891256163,-0.04444752249982176,0.0,0.125
bge_m3,face,face::train::150659.jpg,llm_brief,information_reduced,0.7398672198030207,13,49,5,-0.006734051190175894,0.4,face::train::143554.jpg,0.7921395311351913,0.7551020408163265,0.6871827976266988,0.7716119129678061,0.052684422176321966,-0.052272311332170585,0.0,0.07692307692307693
bge_m3,face,face::train::150659.jpg,llm_balanced,information_reduced,0.7793202908403836,17,49,5,-0.008984590995022357,0.4,face::train::143554.jpg,0.8339410138230545,0.673469387755102,0.7395662973193429,0.8208464693587855,0.0397539935210407,-0.054620722982670955,0.0,0.058823529411764705
bge_m3,face,face::train::150659.jpg,llm_detailed,information_reduced,0.8964801846134212,9,49,5,-0.010227228200638705,0.6,face::train::101485.jpg,0.928700256441755,0.8367346938775511,0.8560958261903346,0.9176506856631376,0.04038435842308652,-0.03222007182833386,0.0,0.1111111111111111
bge_m3,face,face::train::150659.jpg,llm_human_description,information_reduced,0.7511567104532031,14,49,5,-0.015194324471374143,0.8,face::train::138886.jpg,0.8159108972506002,0.7346938775510204,0.7096425256603028,0.7848353954739553,0.041514184792900255,-0.06475418679739708,0.0,0.07142857142857142
bge_m3,face,face::train::026996.jpg,llm_brief,information_reduced,0.8007426543682852,3,49,5,0.03774748539517048,1.0,face::train::091980.jpg,0.8202569438233167,0.9591836734693877,0.7279099665226636,0.7970272170833383,0.07283268784562158,-0.01951428945503153,0.0,0.3333333333333333
bge_m3,face,face::train::026996.jpg,llm_balanced,information_reduced,0.8610464438482444,2,49,5,0.03387667382198489,1.0,face::train::091980.jpg,0.8741208542946144,0.9795918367346939,0.7892405554192331,0.8446140071936316,0.07180588842901126,-0.013074410446370033,0.0,0.5
bge_m3,face,face::train::026996.jpg,llm_detailed,information_reduced,0.8527332574762565,2,49,5,0.0472873595972092,1.0,face::train::091980.jpg,0.8690959433571485,0.9795918367346939,0.7824768692413024,0.8329011408441893,0.07025638823495406,-0.01636268588089196,0.0,0.5
bge_m3,face,face::train::026996.jpg,llm_human_description,information_reduced,0.803161591742687,4,49,5,0.04613556008904329,1.0,face::train::091980.jpg,0.8227687680635171,0.9387755102040817,0.7325756305625247,0.8041817796813016,0.07058596118016225,-0.01960717632083009,0.0,0.25
bge_m3,face,face::train::082954.jpg,llm_brief,information_reduced,0.7191786001577727,1,49,5,0.04290458338756564,1.0,face::test::189858.jpg,0.6783600419436864,1.0,0.6076934295081258,0.675254512473461,0.11148517064964691,0.04081855821408631,1.0,1.0
bge_m3,face,face::train::082954.jpg,llm_balanced,information_reduced,0.7834409172394647,1,49,5,0.02667621269497411,1.0,face::train::101485.jpg,0.7567647045444906,1.0,0.671445669019082,0.7396679971281022,0.11199524822038276,0.02667621269497411,1.0,1.0
bge_m3,face,face::train::082954.jpg,llm_detailed,information_reduced,0.8943588180422775,1,49,5,0.030257047897051303,1.0,face::train::101485.jpg,0.8641017701452262,1.0,0.7943184123344543,0.8445787831576581,0.10004040570782313,0.030257047897051303,1.0,1.0
bge_m3,face,face::train::082954.jpg,llm_human_description,information_reduced,0.786809811839602,1,49,5,0.02051404942855084,1.0,face::train::138886.jpg,0.7746658396304106,1.0,0.6701001571609381,0.761427424443027,0.1167096546786639,0.01214397220919139,1.0,1.0
bge_m3,face,face::train::042973.jpg,llm_brief,information_reduced,0.7805321844712241,9,49,5,-0.013606348252158007,0.4,face::train::101485.jpg,0.8100679339177818,0.8367346938775511,0.7192567254979992,0.7917783962687551,0.06127545897322484,-0.02953574944655768,0.0,0.1111111111111111
bge_m3,face,face::train::042973.jpg,llm_balanced,information_reduced,0.8314153330636753,10,49,5,-0.01936634950718008,0.4,face::train::101485.jpg,0.8632398415363431,0.8163265306122449,0.7818985615930558,0.8537706572691551,0.0495167714706195,-0.03182450847266782,0.0,0.1
bge_m3,face,face::train::042973.jpg,llm_detailed,information_reduced,0.880899487352856,5,49,5,-0.011478709794864095,0.6,face::train::101485.jpg,0.8958695117691795,0.9183673469387755,0.8239458640641146,0.8857926654957451,0.05695362328874132,-0.014970024416323557,0.0,0.2
bge_m3,face,face::train::042973.jpg,llm_human_description,information_reduced,0.7830287955638606,9,49,5,-0.008772695872672376,0.4,face::train::138886.jpg,0.8283999917087056,0.8367346938775511,0.7290696897607254,0.8018911903499034,0.05395910580313523,-0.04537119614484497,0.0,0.1111111111111111
bge_m3,face,face::train::092618.jpg,llm_brief,information_reduced,0.7526746489296969,5,49,5,-0.0130247085336207,0.8,face::test::196777.jpg,0.7656993574633176,0.9183673469387755,0.6871321698720484,0.7577645823472794,0.06554247905764854,-0.0130247085336207,0.0,0.2
bge_m3,face,face::train::092618.jpg,llm_balanced,information_reduced,0.8126106586975738,9,49,5,-0.02284990837442258,0.8,face::test::196777.jpg,0.8354605670719963,0.8367346938775511,0.7430075992686241,0.8275735021259266,0.06960305942894962,-0.02284990837442258,0.0,0.1111111111111111
bge_m3,face,face::train::092618.jpg,llm_detailed,information_reduced,0.8662040739674941,3,49,5,-0.0007898877724550335,0.8,face::test::189457.jpg,0.8709627953452697,0.9591836734693877,0.7947529116177726,0.8627688596960259,0.07145116234972149,-0.004758721377775554,0.0,0.3333333333333333
bge_m3,face,face::train::092618.jpg,llm_human_description,information_reduced,0.7031239161477849,3,49,5,-0.022915209560173233,0.8,face::test::196777.jpg,0.7260391257079581,0.9591836734693877,0.6348812786226038,0.7006392070819204,0.06824263752518112,-0.022915209560173233,0.0,0.3333333333333333
bge_m3,face,face::train::073196.jpg,llm_brief,information_reduced,0.7174371670405877,16,49,5,-0.01489363995747428,0.8,face::train::081413.jpg,0.7794561428447311,0.6938775510204082,0.6422233828059505,0.7570284791740233,0.0752137842346372,-0.062018975804143395,0.0,0.0625
bge_m3,face,face::train::073196.jpg,llm_balanced,information_reduced,0.7760190551762601,11,49,5,-0.004496798408835434,0.6,face::train::081413.jpg,0.832358541922244,0.7959183673469388,0.6871352671809332,0.7977151284245235,0.08888378799532692,-0.05633948674598388,0.0,0.09090909090909091
bge_m3,face,face::train::073196.jpg,llm_detailed,information_reduced,0.9188874026712106,2,49,5,0.003715237919165615,1.0,face::train::008309.jpg,0.9217419191562457,0.9795918367346939,0.8072822963782639,0.9111320237377475,0.11160510629294673,-0.002854516485035097,0.0,0.5
bge_m3,face,face::train::073196.jpg,llm_human_description,information_reduced,0.7241316013289667,9,49,5,0.0006527091798689266,1.0,face::train::063618.jpg,0.7714510190709328,0.8367346938775511,0.6646981142477169,0.7577453264801097,0.05943348708124985,-0.04731941774196613,0.0,0.1111111111111111
bge_m3,face,face::train::178129.jpg,llm_brief,information_reduced,0.7107823413241043,22,49,5,-0.0372029243687817,0.6,face::train::109762.jpg,0.7769811522536539,0.5714285714285714,0.7081429359217499,0.7595613161698579,0.002639405402354411,-0.0661988109295496,0.0,0.045454545454545456
bge_m3,face,face::train::178129.jpg,llm_balanced,information_reduced,0.8184707405626999,13,49,5,-0.03182517839074461,0.8,face::train::109762.jpg,0.8622794210525717,0.7551020408163265,0.7968352353061999,0.851114161923358,0.02163550525649993,-0.043808680489871854,0.0,0.07692307692307693
bge_m3,face,face::train::178129.jpg,llm_detailed,information_reduced,0.8559796867932247,5,49,5,-0.005331413510425764,0.8,face::train::008309.jpg,0.8817852832136062,0.9183673469387755,0.8143895966244606,0.8616295267373963,0.04159009016876403,-0.025805596420381494,0.0,0.2
bge_m3,face,face::train::178129.jpg,llm_human_description,information_reduced,0.7658375488540647,8,49,5,-0.018104524724409155,0.6,face::train::109762.jpg,0.8009527180558604,0.8571428571428571,0.7360217598919017,0.7867914813580495,0.02981578896216308,-0.03511516920179569,0.0,0.125
bge_m3,face,face::train::123459.jpg,llm_brief,information_reduced,0.7152367479325409,5,49,5,0.0020324815490588843,1.0,face::train::081413.jpg,0.7459054132132278,0.9183673469387755,0.6091261712619582,0.7174585149366687,0.10611057667058266,-0.030668665280686902,0.0,0.2
bge_m3,face,face::train::123459.jpg,llm_balanced,information_reduced,0.8000497149639547,6,49,5,-0.009523344209909967,0.8,face::train::081413.jpg,0.8188619308325149,0.8979591836734694,0.7053741331382961,0.8056569253393511,0.0946755818256586,-0.01881221586856019,0.0,0.16666666666666666
bge_m3,face,face::train::123459.jpg,llm_detailed,information_reduced,0.8951965364152543,6,49,5,-0.004771916592492431,0.6,face::train::081413.jpg,0.904278142276977,0.8979591836734694,0.8015390498468192,0.8988877049073103,0.09365748656843509,-0.009081605861722686,0.0,0.16666666666666666
bge_m3,face,face::train::123459.jpg,llm_human_description,information_reduced,0.7942862248288205,7,49,5,-0.011897512362175955,0.6,face::train::109762.jpg,0.8091113480631935,0.8775510204081632,0.7118242980385647,0.8042757509528663,0.08246192679025577,-0.014825123234373017,0.0,0.14285714285714285
bge_m3,face,face::train::088914.jpg,llm_brief,information_reduced,0.7130697340981934,8,49,5,0.0029382849516997878,1.0,face::train::063618.jpg,0.7465216179740337,0.8571428571428571,0.6250592252382501,0.7372649326815902,0.08801050885994333,-0.033451883875840305,0.0,0.125
bge_m3,face,face::train::088914.jpg,llm_balanced,information_reduced,0.7611423400461355,10,49,5,0.0005135665265969536,1.0,face::train::063618.jpg,0.7989236050718194,0.8163265306122449,0.6770886166343952,0.7821638109277335,0.08405372341174022,-0.03778126502568391,0.0,0.1
bge_m3,face,face::train::088914.jpg,llm_detailed,information_reduced,0.8424507408255946,6,49,5,0.00508667110606309,1.0,face::train::081413.jpg,0.8590286189788868,0.8979591836734694,0.7443827686880856,0.8516469974225055,0.09806797213750895,-0.016577878153292258,0.0,0.16666666666666666
bge_m3,face,face::train::088914.jpg,llm_human_description,information_reduced,0.6908575368166756,5,49,5,0.014844428693843725,1.0,face::train::109762.jpg,0.7024254713148939,0.9183673469387755,0.6027726698866882,0.694882421303507,0.0880848669299874,-0.011567934498218246,0.0,0.2
bge_m3,face,face::train::141457.jpg,llm_brief,information_reduced,0.7687303253587453,1,49,5,0.041682416610889006,1.0,face::train::109762.jpg,0.7427736694377693,1.0,0.6468940383459556,0.7146662318704311,0.1218362870127897,0.025956655920975957,1.0,1.0
bge_m3,face,face::train::141457.jpg,llm_balanced,information_reduced,0.8491400883069404,1,49,5,0.05407227202301368,1.0,face::train::109762.jpg,0.8037741567034942,1.0,0.7060909623458494,0.7761960754417409,0.14304912596109098,0.04536593160344626,1.0,1.0
bge_m3,face,face::train::141457.jpg,llm_detailed,information_reduced,0.9109059506786873,1,49,5,0.04267505534861027,1.0,face::train::109762.jpg,0.8829542853038814,1.0,0.7783491170526182,0.8654096016532254,0.13255683362606907,0.027951665374805867,1.0,1.0
bge_m3,face,face::train::141457.jpg,llm_human_description,information_reduced,0.770514904814928,1,49,5,0.05917939189667598,1.0,face::train::109762.jpg,0.7235872179503474,1.0,0.6309539335467984,0.6943033836295353,0.1395609712681296,0.0469276868645806,1.0,1.0
bge_m3,face,face::train::001042.jpg,llm_brief,information_reduced,0.763305164403192,13,49,5,0.016324960280968526,1.0,face::train::109762.jpg,0.7879001370937218,0.7551020408163265,0.7453860451187021,0.7807859051361835,0.01791911928448986,-0.024594972690529793,0.0,0.07692307692307693
bge_m3,face,face::train::001042.jpg,llm_balanced,information_reduced,0.792798513927544,12,49,5,0.008330306527843723,1.0,face::train::109762.jpg,0.8174632750951236,0.7755102040816326,0.781017793325398,0.8119843019695735,0.011780720602145967,-0.024664761167579652,0.0,0.08333333333333333
bge_m3,face,face::train::001042.jpg,llm_detailed,information_reduced,0.9258785420663478,1,49,5,0.01906436161017122,1.0,face::train::065762.jpg,0.9068141804561766,1.0,0.8387182519383247,0.8951874582456066,0.08716029012802307,0.01906436161017122,1.0,1.0
bge_m3,face,face::train::001042.jpg,llm_human_description,information_reduced,0.7903095671214837,1,49,5,0.02071738461567274,1.0,face::train::138886.jpg,0.7870417478520165,1.0,0.7666440515738415,0.7845144503418094,0.02366551554764218,0.003267819269467176,1.0,1.0
bge_m3,face,face::train::032580.jpg,llm_brief,information_reduced,0.805747647723629,5,49,5,0.0012427018426004466,1.0,face::train::081413.jpg,0.8492271012081276,0.9183673469387755,0.7113761704767265,0.8173306120724176,0.09437147724690242,-0.043479453484498665,0.0,0.2
bge_m3,face,face::train::032580.jpg,llm_balanced,information_reduced,0.852924213174189,7,49,5,-0.0016345972255233931,0.8,face::train::081413.jpg,0.8859707752304424,0.8775510204081632,0.7524479739468245,0.8632663532505666,0.10047623922736448,-0.03304656205625345,0.0,0.14285714285714285
bge_m3,face,face::train::032580.jpg,llm_detailed,information_reduced,0.8985738029771628,3,49,5,0.002846912205581753,1.0,face::train::109762.jpg,0.9139289386522056,0.9591836734693877,0.7973896975871622,0.8953994638167264,0.10118410539000067,-0.015355135675042764,0.0,0.3333333333333333
bge_m3,face,face::train::032580.jpg,llm_human_description,information_reduced,0.8096909356515294,12,49,5,-0.010892189119772078,0.4,face::train::081413.jpg,0.8432922329941258,0.7755102040816326,0.7276174423058915,0.832688988000806,0.08207349334563785,-0.033601297342596426,0.0,0.08333333333333333
bge_m3,face,face::train::109762.jpg,llm_brief,information_reduced,0.8400759230802076,1,49,5,0.03257514865169575,1.0,face::train::008309.jpg,0.8075007744285119,1.0,0.7113955318244105,0.8014959827113417,0.1286803912557971,0.03257514865169575,1.0,1.0
bge_m3,face,face::train::109762.jpg,llm_balanced,information_reduced,0.8624281589820975,1,49,5,0.037302640392989916,1.0,face::train::008309.jpg,0.8251255185891075,1.0,0.7229139948914349,0.8175633023531107,0.13951416409066253,0.037302640392989916,1.0,1.0
bge_m3,face,face::train::109762.jpg,llm_detailed,information_reduced,0.9149502147368339,1,49,5,0.02987571278044021,1.0,face::train::008309.jpg,0.8850745019563937,1.0,0.7800961765674765,0.8630171728251645,0.13485403816935737,0.02987571278044021,1.0,1.0
bge_m3,face,face::train::109762.jpg,llm_human_description,information_reduced,0.8633566837623629,1,49,5,0.03710833873536734,1.0,face::train::008309.jpg,0.8262483450269955,1.0,0.7229213059730883,0.8079153049760537,0.1404353777892745,0.03710833873536734,1.0,1.0
bge_m3,face,face::test::185812.jpg,llm_brief,information_reduced,0.7955184295257756,1,49,5,0.03142677351580292,1.0,face::train::141457.jpg,0.7852935816081046,1.0,0.6664506516609203,0.7802212213448163,0.12906777786485524,0.010224847917670976,1.0,1.0
bge_m3,face,face::test::185812.jpg,llm_balanced,information_reduced,0.8553760688365217,1,49,5,0.03225055815489797,1.0,face::train::109762.jpg,0.844722998731144,1.0,0.7323923897360521,0.8361985994901745,0.12298367910046959,0.010653070105377749,1.0,1.0
bge_m3,face,face::test::185812.jpg,llm_detailed,information_reduced,0.9139942123158187,1,49,5,0.03765075714207855,1.0,face::train::060309.jpg,0.9031992866968445,1.0,0.7922040936047863,0.8894963550459026,0.1217901187110324,0.010794925618974216,1.0,1.0
bge_m3,face,face::test::185812.jpg,llm_human_description,information_reduced,0.7730607853975956,1,49,5,0.036542053720492684,1.0,face::train::141457.jpg,0.764878597109838,1.0,0.6650531577421235,0.7494827295817006,0.10800762765547212,0.00818218828775763,1.0,1.0
bge_m3,face,face::test::189858.jpg,llm_brief,information_reduced,0.678398517809978,3,49,5,-0.016350066133067,0.8,face::train::138886.jpg,0.694748583943045,0.9591836734693877,0.5980803722548127,0.6670395958071863,0.08031814555516525,-0.016350066133067,0.0,0.3333333333333333
bge_m3,face,face::test::189858.jpg,llm_balanced,information_reduced,0.7346095994747885,3,49,5,-0.014546876937842068,0.8,face::train::138886.jpg,0.7491564764126306,0.9591836734693877,0.6499242214965985,0.7305529054596313,0.08468537797819009,-0.014546876937842068,0.0,0.3333333333333333
bge_m3,face,face::test::189858.jpg,llm_detailed,information_reduced,0.8412978493599783,2,49,5,-0.005568113521019491,0.8,face::train::138886.jpg,0.8468659628809978,0.9795918367346939,0.7507171860694597,0.8217920276995455,0.09058066329051861,-0.005568113521019491,0.0,0.5
bge_m3,face,face::test::189858.jpg,llm_human_description,information_reduced,0.7564436527514634,3,49,5,-0.003962109978094319,0.8,face::train::138886.jpg,0.7604057627295577,0.9591836734693877,0.6756028258793073,0.7479639394470412,0.0808408268721561,-0.003962109978094319,0.0,0.3333333333333333
bge_m3,face,face::test::183801.jpg,llm_brief,information_reduced,0.7812529279756031,3,49,5,0.027946561825754612,1.0,face::test::196611.jpg,0.8068290263133282,0.9591836734693877,0.6841184282121167,0.7585715107029168,0.09713449976348643,-0.025576098337725117,0.0,0.3333333333333333
bge_m3,face,face::test::183801.jpg,llm_balanced,information_reduced,0.806255142035929,3,49,5,0.028485503336015183,1.0,face::test::196611.jpg,0.8287576885834333,0.9591836734693877,0.7048320326450335,0.7865642807218391,0.1014231093908955,-0.022502546547504387,0.0,0.3333333333333333
bge_m3,face,face::test::183801.jpg,llm_detailed,information_reduced,0.8665700880008933,1,49,5,0.004082785550079571,1.0,face::train::091980.jpg,0.8624873024508137,1.0,0.7802144327723735,0.847862638144996,0.08635565522851985,0.004082785550079571,1.0,1.0
bge_m3,face,face::test::183801.jpg,llm_human_description,information_reduced,0.8122401506316945,3,49,5,0.0262319235136923,1.0,face::test::196611.jpg,0.8359329039402763,0.9591836734693877,0.7209759931451829,0.7973948930995137,0.09126415748651162,-0.023692753308581782,0.0,0.3333333333333333
bge_m3,face,face::test::188858.jpg,llm_brief,information_reduced,0.7534428039112685,3,49,5,-0.008294502821688976,0.8,face::train::138886.jpg,0.7865936857621038,0.9591836734693877,0.6608025685725111,0.7444732124193175,0.09264023533875743,-0.033150881850835257,0.0,0.3333333333333333
bge_m3,face,face::test::188858.jpg,llm_balanced,information_reduced,0.8161714364134771,4,49,5,-0.0022637960257330114,0.8,face::train::138886.jpg,0.8308883532542971,0.9387755102040817,0.7334066281744347,0.814745777640226,0.08276480823904242,-0.014716916840819994,0.0,0.25
bge_m3,face,face::test::188858.jpg,llm_detailed,information_reduced,0.8966555088846373,2,49,5,0.005100892538878687,1.0,face::train::138886.jpg,0.9017460528066696,0.9795918367346939,0.8234750687231474,0.8889289584959904,0.07318044016148995,-0.005090543922032342,0.0,0.5
bge_m3,face,face::test::188858.jpg,llm_human_description,information_reduced,0.8041973348304128,2,49,5,0.001852493616869122,1.0,face::train::138886.jpg,0.8201180765233829,0.9795918367346939,0.7263125127184562,0.7949011649019597,0.07788482211195658,-0.015920741692970086,0.0,0.5
bge_m3,face,face::test::196777.jpg,llm_brief,information_reduced,0.8233728035449287,1,49,5,0.011271594906782645,1.0,face::test::189457.jpg,0.812101208638146,1.0,0.7274123322894431,0.8029500281407747,0.09596047125548557,0.011271594906782645,1.0,1.0
bge_m3,face,face::test::196777.jpg,llm_balanced,information_reduced,0.8582146174872723,1,49,5,0.00760330133140763,1.0,face::test::189457.jpg,0.8506113161558647,1.0,0.7564262842587923,0.8390887505213591,0.10178833322848002,0.00760330133140763,1.0,1.0
bge_m3,face,face::test::196777.jpg,llm_detailed,information_reduced,0.9169203647509441,1,49,5,0.0017282770753370702,1.0,face::test::189457.jpg,0.915192087675607,1.0,0.82638980935964,0.8939473757877396,0.09053055539130406,0.0017282770753370702,1.0,1.0
bge_m3,face,face::test::196777.jpg,llm_human_description,information_reduced,0.8300643168549788,1,49,5,0.021489159843160577,1.0,face::test::189457.jpg,0.8085751570118183,1.0,0.7272349094877388,0.796184703899922,0.10282940736724,0.021489159843160577,1.0,1.0
bge_m3,face,face::test::184003.jpg,llm_brief,information_reduced,0.7711165219034435,2,49,5,-0.009065985440273927,0.8,face::test::196777.jpg,0.7801825073437174,0.9795918367346939,0.7002298143163466,0.7603025995811351,0.07088670758709692,-0.009065985440273927,0.0,0.5
bge_m3,face,face::test::184003.jpg,llm_balanced,information_reduced,0.8826910913904926,1,49,5,0.0015417928272125625,1.0,face::test::196777.jpg,0.8811492985632801,1.0,0.787752235094388,0.8710708286775303,0.09493885629610466,0.0015417928272125625,1.0,1.0
bge_m3,face,face::test::184003.jpg,llm_detailed,information_reduced,0.9158075723973726,1,49,5,0.00019310076898637618,1.0,face::test::189457.jpg,0.9156144716283863,1.0,0.8232157560657289,0.9024583699756767,0.0925918163316437,0.00019310076898637618,1.0,1.0
bge_m3,face,face::test::184003.jpg,llm_human_description,information_reduced,0.8534887166143992,2,49,5,-0.0032010894288700964,0.8,face::test::196777.jpg,0.8566898060432693,0.9795918367346939,0.7745183986071089,0.834888403735284,0.07897031800729026,-0.0032010894288700964,0.0,0.5
bge_m3,face,face::test::201409.jpg,llm_brief,information_reduced,0.7880343466088617,6,49,5,-0.026162836756889574,0.8,face::test::196777.jpg,0.8141971833657513,0.8979591836734694,0.7162468455762432,0.7967324990174541,0.07178750103261855,-0.026162836756889574,0.0,0.16666666666666666
bge_m3,face,face::test::201409.jpg,llm_balanced,information_reduced,0.8270317475949307,7,49,5,-0.026033845429687785,0.6,face::test::196777.jpg,0.8530655930246185,0.8775510204081632,0.7582756150308373,0.8332699798267295,0.06875613256409341,-0.026033845429687785,0.0,0.14285714285714285
bge_m3,face,face::test::201409.jpg,llm_detailed,information_reduced,0.8791611747032363,16,49,5,-0.027268250985677756,0.4,face::test::196777.jpg,0.906429425688914,0.6938775510204082,0.8284541119919238,0.8926882683382222,0.050707062711312534,-0.027268250985677756,0.0,0.0625
bge_m3,face,face::test::201409.jpg,llm_human_description,information_reduced,0.7485060597384889,6,49,5,-0.03584186538573664,0.6,face::test::196777.jpg,0.7843479251242256,0.8979591836734694,0.691961608275692,0.7668446152538629,0.05654445146279696,-0.03584186538573664,0.0,0.16666666666666666
bge_m3,face,face::test::196611.jpg,llm_brief,information_reduced,0.809858950587521,1,49,5,0.039246488928157075,1.0,face::train::138886.jpg,0.7916829132044757,1.0,0.6849422447313935,0.7605508733352919,0.12491670585612746,0.018176037383045296,1.0,1.0
bge_m3,face,face::test::196611.jpg,llm_balanced,information_reduced,0.8292185220980863,1,49,5,0.09179459859006733,1.0,face::train::138886.jpg,0.7814957095226599,1.0,0.6782792524554236,0.74328904746309,0.1509392696426627,0.04772281257542643,1.0,1.0
bge_m3,face,face::test::196611.jpg,llm_detailed,information_reduced,0.9022546270814324,1,49,5,0.05819864985352763,1.0,face::train::138886.jpg,0.862534971162821,1.0,0.7852237428363383,0.8536352516065406,0.11703088424509411,0.039719655918611485,1.0,1.0
bge_m3,face,face::test::196611.jpg,llm_human_description,information_reduced,0.805092488482527,1,49,5,0.08973843858106312,1.0,face::train::138886.jpg,0.7420111828061012,1.0,0.6465160722673342,0.7130780942732076,0.1585764162151928,0.06308130567642578,1.0,1.0
bge_m3,person,person::train::00197_4.png,llm_attribute_list,information_reduced,0.9526982765911108,1,49,5,0.11488324767377811,1.0,person::train::01742_4.jpg,0.8378150289173327,1.0,0.6860761172414711,0.7961183166204115,0.26662215934963973,0.11488324767377811,1.0,1.0
bge_m3,person,person::train::00197_4.png,llm_distinctive_first,information_reduced,0.9694193593983876,1,49,5,0.13321857090922873,1.0,person::train::01742_4.jpg,0.8362007884891589,1.0,0.6715104589747922,0.7732505545475233,0.2979089004235954,0.13321857090922873,1.0,1.0
bge_m3,person,person::train::03736_1.jpg,llm_attribute_list,information_reduced,0.9079207495526677,1,49,5,0.06732562376872597,1.0,person::train::08528_6.jpg,0.8405951257839417,1.0,0.7774796323144554,0.8239043798017648,0.13044111723821228,0.06732562376872597,1.0,1.0
bge_m3,person,person::train::03736_1.jpg,llm_distinctive_first,information_reduced,0.94273688522669,1,49,5,0.10945091523270023,1.0,person::train::02167_1.jpg,0.8332859699939897,1.0,0.7171639006295731,0.794475013439389,0.22557298459711683,0.10945091523270023,1.0,1.0
bge_m3,person,person::train::06597_2.jpg,llm_attribute_list,information_reduced,0.9050304534216642,1,49,5,0.010923930810087912,1.0,person::train::12462_1.jpg,0.8941065226115763,1.0,0.7796698806683415,0.87009346858786,0.12536057275332269,0.010923930810087912,1.0,1.0
bge_m3,person,person::train::06597_2.jpg,llm_distinctive_first,information_reduced,0.9411679020058891,1,49,5,0.032191158554594757,1.0,person::train::00233_10.png,0.9089767434512943,1.0,0.7574019618520644,0.8698332478180456,0.18376594015382464,0.032191158554594757,1.0,1.0
bge_m3,person,person::train::10977_1.jpg,llm_attribute_list,information_reduced,0.9052842944047794,1,49,5,0.09633325115673275,1.0,person::train::08634_3.jpg,0.8089510432480467,1.0,0.6631532107591327,0.7799671412788531,0.24213108364564673,0.09633325115673275,1.0,1.0
bge_m3,person,person::train::10977_1.jpg,llm_distinctive_first,information_reduced,0.9523562235386619,1,49,5,0.12270172459156359,1.0,person::train::09634_1.jpg,0.8314545533870117,1.0,0.7056595781423114,0.8279971605430236,0.2466966453963505,0.12090167015165021,1.0,1.0
bge_m3,person,person::train::12050_5.jpg,llm_attribute_list,information_reduced,0.9364897661438574,1,49,5,0.07952105094434203,1.0,person::train::09751_6.jpg,0.8569687151995153,1.0,0.7573270000004807,0.8151906087116182,0.17916276614337667,0.07952105094434203,1.0,1.0
bge_m3,person,person::train::12050_5.jpg,llm_distinctive_first,information_reduced,0.9204608478522323,1,49,5,0.08743072879474478,1.0,person::train::09751_6.jpg,0.8330301190574875,1.0,0.718786062431662,0.8051381808421794,0.20167478542057027,0.08743072879474478,1.0,1.0
bge_m3,person,person::train::08529_4.jpg,llm_attribute_list,information_reduced,0.9212595554267495,1,49,5,0.05342639185451592,1.0,person::train::01108_7.png,0.8678331635722336,1.0,0.7956214298988036,0.8453463576046397,0.12563812552794595,0.05342639185451592,1.0,1.0
bge_m3,person,person::train::08529_4.jpg,llm_distinctive_first,information_reduced,0.9375847311392245,1,49,5,0.09232818269445131,1.0,person::train::01108_7.png,0.8452565484447732,1.0,0.770000377094647,0.8226393977697235,0.1675843540445775,0.09232818269445131,1.0,1.0
bge_m3,person,person::train::01742_4.jpg,llm_attribute_list,information_reduced,0.9696198191144183,1,49,5,0.13996955515620213,1.0,person::train::00197_4.png,0.8296502639582162,1.0,0.7065680488883248,0.8157451578044222,0.2630517702260935,0.13996955515620213,1.0,1.0
bge_m3,person,person::train::01742_4.jpg,llm_distinctive_first,information_reduced,0.9540754576467925,1,49,5,0.11765982171650569,1.0,person::train::00197_4.png,0.8364156359302868,1.0,0.6714583172112256,0.7712921632289231,0.28261714043556685,0.11765982171650569,1.0,1.0
bge_m3,person,person::train::05158_3.jpg,llm_attribute_list,information_reduced,0.9500462118730634,1,49,5,0.06522954821718563,1.0,person::gallery::26774_3.jpg,0.8848166636558777,1.0,0.7924361957475374,0.8635940505457913,0.15761001612552594,0.06522954821718563,1.0,1.0
bge_m3,person,person::train::05158_3.jpg,llm_distinctive_first,information_reduced,0.9691423225312588,1,49,5,0.11251076488302136,1.0,person::train::01108_7.png,0.8566315576482374,1.0,0.7541612344637911,0.8381529977840638,0.21498108806746763,0.11251076488302136,1.0,1.0
bge_m3,person,person::train::02167_1.jpg,llm_attribute_list,information_reduced,0.9270658937411141,1,49,5,0.09935329244946067,1.0,person::train::10252_1.jpg,0.8367170919654975,1.0,0.754730792935067,0.8265608493083736,0.1723351008060472,0.09034880177561666,1.0,1.0
bge_m3,person,person::train::02167_1.jpg,llm_distinctive_first,information_reduced,0.8979967209559262,1,49,5,0.1081188326631436,1.0,person::train::03736_1.jpg,0.8012956388611796,1.0,0.7230016111320637,0.7859408742770753,0.17499510982386246,0.0967010820947466,1.0,1.0
bge_m3,person,person::train::00233_10.png,llm_attribute_list,information_reduced,0.9617337402790009,1,49,5,0.04091126159132763,1.0,person::train::06597_2.jpg,0.9208224786876733,1.0,0.7964458853830603,0.8883787020630076,0.16528785489594067,0.04091126159132763,1.0,1.0
bge_m3,person,person::train::00233_10.png,llm_distinctive_first,information_reduced,0.9321319005944125,1,49,5,0.020130052932025078,1.0,person::train::06597_2.jpg,0.9120018476623875,1.0,0.7574133155691094,0.8485488624648287,0.17471858502530313,0.020130052932025078,1.0,1.0
bge_m3,person,person::train::01108_7.png,llm_attribute_list,information_reduced,0.9596607834701039,1,49,5,0.04929380257320548,1.0,person::gallery::26774_3.jpg,0.9103669808968984,1.0,0.8171522609328477,0.8575565824024552,0.1425085225372562,0.04929380257320548,1.0,1.0
bge_m3,person,person::train::01108_7.png,llm_distinctive_first,information_reduced,0.9519910429780577,1,49,5,0.08395496695546101,1.0,person::gallery::26774_3.jpg,0.8680360760225967,1.0,0.7813341910082529,0.8551065616378168,0.17065685196980485,0.08395496695546101,1.0,1.0
bge_m3,person,person::train::06085_7.jpg,llm_attribute_list,information_reduced,0.9579647559179624,1,49,5,0.03604121013643202,1.0,person::gallery::26735_2.jpg,0.9219235457815304,1.0,0.8088357557678321,0.8967798458952998,0.1491290001501303,0.03604121013643202,1.0,1.0
bge_m3,person,person::train::06085_7.jpg,llm_distinctive_first,information_reduced,0.9184838273646498,1,49,5,0.03742466329852756,1.0,person::query::26789_3.jpg,0.8810591640661223,1.0,0.7383775529280475,0.8561908449829405,0.18010627443660232,0.03742466329852756,1.0,1.0
bge_m3,person,person::train::12462_1.jpg,llm_attribute_list,information_reduced,0.9345047283942864,1,49,5,0.05443522929617184,1.0,person::query::26685_1.jpg,0.8800694990981146,1.0,0.7776377017916654,0.8609081809747123,0.15686702660262108,0.05443522929617184,1.0,1.0
bge_m3,person,person::train::12462_1.jpg,llm_distinctive_first,information_reduced,0.9571045684748896,1,49,5,0.06726149247908064,1.0,person::train::06597_2.jpg,0.8898430759958089,1.0,0.7638594906202203,0.8583730534744259,0.19324507785466927,0.06726149247908064,1.0,1.0
bge_m3,person,person::train::01924_2.jpg,llm_attribute_list,information_reduced,0.9704082572371238,1,49,5,0.11805323135557688,1.0,person::train::02319_1.jpg,0.8523550258815469,1.0,0.7705544432581848,0.8302597309252018,0.19985381397893898,0.11805323135557688,1.0,1.0
bge_m3,person,person::train::01924_2.jpg,llm_distinctive_first,information_reduced,0.937067532355409,1,49,5,0.12524676559505776,1.0,person::train::02319_1.jpg,0.8118207667603512,1.0,0.7062439489870305,0.7889941013730352,0.2308235833683785,0.12524676559505776,1.0,1.0
bge_m3,person,person::train::00969_2.png,llm_attribute_list,information_reduced,0.9396671426579193,1,49,5,0.07299522907035572,1.0,person::train::10252_1.jpg,0.8666719135875636,1.0,0.7886143226611855,0.8446817793860624,0.1510528199967338,0.07299522907035572,1.0,1.0
bge_m3,person,person::train::00969_2.png,llm_distinctive_first,information_reduced,0.907825238761741,1,49,5,0.10163948515291332,1.0,person::train::00837_3.png,0.8148991415277055,1.0,0.7559880023121843,0.8058964186109597,0.1518372364495567,0.09292609723403555,1.0,1.0
bge_m3,person,person::train::09634_1.jpg,llm_attribute_list,information_reduced,0.923869000673522,1,49,5,0.07779715160478196,1.0,person::train::10252_1.jpg,0.84607184906874,1.0,0.7793279027414318,0.8191154977867127,0.14454109793209013,0.07779715160478196,1.0,1.0
bge_m3,person,person::train::09634_1.jpg,llm_distinctive_first,information_reduced,0.8958412358585703,1,49,5,0.09857490478019582,1.0,person::train::10252_1.jpg,0.7972663310783745,1.0,0.7134401980039815,0.7768964760225375,0.18240103785458883,0.09857490478019582,1.0,1.0
bge_m3,person,person::train::11561_6.jpg,llm_attribute_list,information_reduced,0.9570298645080512,1,49,5,0.08789483316143254,1.0,person::train::10252_1.jpg,0.8691350313466186,1.0,0.7462791543045071,0.8251255202665955,0.21075071020354408,0.08789483316143254,1.0,1.0
bge_m3,person,person::train::11561_6.jpg,llm_distinctive_first,information_reduced,0.9617957027747209,1,49,5,0.1081376884999411,1.0,person::train::10252_1.jpg,0.8536580142747798,1.0,0.7179516746394432,0.797138491073858,0.24384402813527772,0.1081376884999411,1.0,1.0
bge_m3,person,person::train::08528_6.jpg,llm_attribute_list,information_reduced,0.9200259233346308,1,49,5,0.06730283687426464,1.0,person::gallery::26474_5.jpg,0.8527230864603662,1.0,0.7928958567578868,0.8451598286649556,0.12713006657674408,0.06730283687426464,1.0,1.0
bge_m3,person,person::train::08528_6.jpg,llm_distinctive_first,information_reduced,0.9364712461587343,1,49,5,0.08384285502945632,1.0,person::train::05158_3.jpg,0.853715648097466,1.0,0.7794657815943007,0.8297794947674122,0.15700546456443365,0.08275559806126831,1.0,1.0
bge_m3,person,person::train::01287_5.jpg,llm_attribute_list,information_reduced,0.9184361738157167,1,49,5,0.06207427854650216,1.0,person::train::10252_1.jpg,0.8563618952692146,1.0,0.7677978586755182,0.8020077123864507,0.15063831514019854,0.06207427854650216,1.0,1.0
bge_m3,person,person::train::01287_5.jpg,llm_distinctive_first,information_reduced,0.9413020479671559,1,49,5,0.1332503463381718,1.0,person::query::26761_2.jpg,0.8080517016289841,1.0,0.7463394175060796,0.7890491339580051,0.19496263046107631,0.1332503463381718,1.0,1.0
bge_m3,person,person::train::10252_1.jpg,llm_attribute_list,information_reduced,0.9657621484727819,1,49,5,0.09433779229999262,1.0,person::train::11561_6.jpg,0.8714243561727892,1.0,0.7787605628338214,0.8430770214245117,0.1870015856389604,0.09433779229999262,1.0,1.0
bge_m3,person,person::train::10252_1.jpg,llm_distinctive_first,information_reduced,0.9206018483696369,1,49,5,0.06535586114543512,1.0,person::train::11561_6.jpg,0.8552459872242018,1.0,0.7325376114507357,0.8183153391931274,0.18806423691890117,0.06535586114543512,1.0,1.0
bge_m3,person,person::train::08924_1.jpg,llm_attribute_list,information_reduced,0.9371326486529464,1,49,5,0.07714341254505341,1.0,person::query::27008_3.jpg,0.859989236107893,1.0,0.718049930136202,0.8013959860833972,0.21908271851674443,0.07714341254505341,1.0,1.0
bge_m3,person,person::train::08924_1.jpg,llm_distinctive_first,information_reduced,0.9371111380305905,1,49,5,0.11737713712782216,1.0,person::query::27008_3.jpg,0.8197340009027684,1.0,0.6625337546946345,0.7817851325991517,0.27457738333595605,0.11737713712782216,1.0,1.0
bge_m3,person,person::train::02319_1.jpg,llm_attribute_list,information_reduced,0.9534463943721274,1,49,5,0.07757381939466967,1.0,person::train::01924_2.jpg,0.8758725749774577,1.0,0.766443973096407,0.8325960145584913,0.18700242127572042,0.07757381939466967,1.0,1.0
bge_m3,person,person::train::02319_1.jpg,llm_distinctive_first,information_reduced,0.9374941482604984,1,49,5,0.07690836089122266,1.0,person::train::01924_2.jpg,0.8605857873692757,1.0,0.7400928462969827,0.8190297405599305,0.19740130196351569,0.07690836089122266,1.0,1.0
bge_m3,person,person::train::09715_3.jpg,llm_attribute_list,information_reduced,0.8958571762571379,1,49,5,0.06136490311198661,1.0,person::train::05158_3.jpg,0.8344922731451513,1.0,0.7257040869832931,0.7877867179655695,0.17015308927384476,0.06136490311198661,1.0,1.0
bge_m3,person,person::train::09715_3.jpg,llm_distinctive_first,information_reduced,0.9220834522225008,1,49,5,0.082666844473412,1.0,person::train::05158_3.jpg,0.8394166077490888,1.0,0.7520855826728945,0.803978347510127,0.16999786954960627,0.082666844473412,1.0,1.0
bge_m3,person,person::train::13508_2.jpg,llm_attribute_list,information_reduced,0.943977721482787,1,49,5,0.15812679243628613,1.0,person::train::10252_1.jpg,0.7858509290465009,1.0,0.6679439618798594,0.7407270383552929,0.27603375960292764,0.15812679243628613,1.0,1.0
bge_m3,person,person::train::13508_2.jpg,llm_distinctive_first,information_reduced,0.9727531257201301,1,49,5,0.213346262139682,1.0,person::train::10252_1.jpg,0.7594068635804481,1.0,0.6386024942148648,0.7299042577206094,0.33415063150526525,0.213346262139682,1.0,1.0
bge_m3,person,person::train::09751_6.jpg,llm_attribute_list,information_reduced,0.9283467252770445,1,49,5,0.07958876596616837,1.0,person::gallery::26991_3.jpg,0.8626159071765307,1.0,0.7780908896085814,0.8449230824902109,0.15025583566846312,0.06573081810051384,1.0,1.0
bge_m3,person,person::train::09751_6.jpg,llm_distinctive_first,information_reduced,0.921554443988304,1,49,5,0.08148804352148209,1.0,person::query::26943_3.jpg,0.8400664004668219,1.0,0.7539393201167695,0.8262067078026759,0.16761512387153454,0.08148804352148209,1.0,1.0
bge_m3,person,person::train::11903_4.jpg,llm_attribute_list,information_reduced,0.9442101692445828,1,49,5,0.14295532249912757,1.0,person::train::08634_3.jpg,0.8012548467454552,1.0,0.7476400912852802,0.7902996169641201,0.1965700779593026,0.14295532249912757,1.0,1.0
bge_m3,person,person::train::11903_4.jpg,llm_distinctive_first,information_reduced,0.9389834540959826,1,49,5,0.18080659731257887,1.0,person::train::08634_3.jpg,0.7581768567834037,1.0,0.6566923834228635,0.7247599819344286,0.2822910706731191,0.18080659731257887,1.0,1.0
bge_m3,person,person::train::03720_4.jpg,llm_attribute_list,information_reduced,0.9473165056600255,1,49,5,0.18888418867842238,1.0,person::train::02319_1.jpg,0.7584323169816031,1.0,0.6695728806895335,0.7295506342252496,0.277743624970492,0.18888418867842238,1.0,1.0
bge_m3,person,person::train::03720_4.jpg,llm_distinctive_first,information_reduced,0.9480045008498108,1,49,5,0.22078860216596485,1.0,person::train::02319_1.jpg,0.727215898683846,1.0,0.6243792336152352,0.6908464584355343,0.32362526723457563,0.22078860216596485,1.0,1.0
bge_m3,person,person::train::26249_12.jpg,llm_attribute_list,information_reduced,0.9140781966819362,1,49,5,0.08642974123889524,1.0,person::train::00233_10.png,0.827648455443041,1.0,0.741004999351241,0.7867458197286911,0.17307319733069526,0.08642974123889524,1.0,1.0
bge_m3,person,person::train::26249_12.jpg,llm_distinctive_first,information_reduced,0.9517359025639349,1,49,5,0.1755199531213737,1.0,person::train::00233_10.png,0.7762159494425612,1.0,0.6801335623293203,0.7381301778593111,0.2716023402346146,0.1755199531213737,1.0,1.0
bge_m3,person,person::train::08634_3.jpg,llm_attribute_list,information_reduced,0.9499145415225747,1,49,5,0.08871267098758973,1.0,person::gallery::26735_2.jpg,0.861201870534985,1.0,0.7761123535302803,0.8069212174313598,0.1738021879922944,0.08871267098758973,1.0,1.0
bge_m3,person,person::train::08634_3.jpg,llm_distinctive_first,information_reduced,0.9276256155979741,1,49,5,0.0975001123211664,1.0,person::gallery::26735_2.jpg,0.8301255032768077,1.0,0.7571777708213473,0.8045621677181182,0.17044784477662678,0.0975001123211664,1.0,1.0
bge_m3,person,person::train::00837_3.png,llm_attribute_list,information_reduced,0.9435644813918431,1,49,5,0.05683112468807028,1.0,person::query::14994_1.png,0.8867333567037728,1.0,0.8025854513330708,0.8556869864096127,0.14097903005877233,0.05683112468807028,1.0,1.0
bge_m3,person,person::train::00837_3.png,llm_distinctive_first,information_reduced,0.9462305318485057,1,49,5,0.054960590660077635,1.0,person::query::14994_1.png,0.8912699411884281,1.0,0.7877580316980702,0.8322158951982117,0.15847250015043546,0.054960590660077635,1.0,1.0
bge_m3,person,person::query::26685_1.jpg,llm_attribute_list,information_reduced,0.9568712948193071,1,49,5,0.08084278682967805,1.0,person::train::12462_1.jpg,0.8760285079896291,1.0,0.7869582071317824,0.863020516982337,0.16991308768752467,0.08084278682967805,1.0,1.0
bge_m3,person,person::query::26685_1.jpg,llm_distinctive_first,information_reduced,0.9619019311941513,1,49,5,0.07679550795007883,1.0,person::train::06597_2.jpg,0.8851064232440725,1.0,0.771676078532518,0.8713553457803851,0.1902258526616334,0.07679550795007883,1.0,1.0
bge_m3,person,person::query::14604_1.png,llm_attribute_list,information_reduced,0.9366422626579214,1,49,5,0.028543332947372102,1.0,person::train::06085_7.jpg,0.9080989297105493,1.0,0.7869904006397941,0.8684755437193838,0.1496518620181273,0.028543332947372102,1.0,1.0
bge_m3,person,person::query::14604_1.png,llm_distinctive_first,information_reduced,0.9273668847586151,1,49,5,0.068051629244822,1.0,person::train::06085_7.jpg,0.8593152555137931,1.0,0.741808797224928,0.8310054445623428,0.18555808753368708,0.068051629244822,1.0,1.0
bge_m3,person,person::query::27008_3.jpg,llm_attribute_list,information_reduced,0.9458408793046845,1,49,5,0.0702651942589746,1.0,person::train::08924_1.jpg,0.8755756850457099,1.0,0.7395956693781089,0.7978356926988213,0.20624520992657558,0.0702651942589746,1.0,1.0
bge_m3,person,person::query::27008_3.jpg,llm_distinctive_first,information_reduced,0.9568463210680547,1,49,5,0.11634014077216603,1.0,person::train::08924_1.jpg,0.8405061802958886,1.0,0.7049596214630073,0.7585773170605672,0.2518866996050474,0.11634014077216603,1.0,1.0
bge_m3,person,person::query::14994_1.png,llm_attribute_list,information_reduced,0.9566254501137832,1,49,5,0.057561462000602304,1.0,person::gallery::26735_2.jpg,0.8990639881131809,1.0,0.8054036459999345,0.8908731635775246,0.15122180411384867,0.057561462000602304,1.0,1.0
bge_m3,person,person::query::14994_1.png,llm_distinctive_first,information_reduced,0.8939583663151076,1,49,5,0.06663405099443698,1.0,person::train::06085_7.jpg,0.8273243153206706,1.0,0.6996759760483773,0.8206480547360611,0.19428239026673033,0.06663405099443698,1.0,1.0
bge_m3,person,person::query::14459_1.png,llm_attribute_list,information_reduced,0.9391788448871953,1,49,5,0.0589641725093869,1.0,person::query::26685_1.jpg,0.8802146723778084,1.0,0.7796416145711309,0.838689174783527,0.15953723031606437,0.0589641725093869,1.0,1.0
bge_m3,person,person::query::14459_1.png,llm_distinctive_first,information_reduced,0.9332367423039252,1,49,5,0.07389774976371322,1.0,person::query::26685_1.jpg,0.859338992540212,1.0,0.7263151643950695,0.7904468372439731,0.20692157790885568,0.07389774976371322,1.0,1.0
bge_m3,person,person::query::26943_3.jpg,llm_attribute_list,information_reduced,0.9318993994506404,1,49,5,0.042241367342481295,1.0,person::train::09751_6.jpg,0.8896580321081591,1.0,0.7738111193639199,0.8578429679547266,0.1580882800867205,0.042241367342481295,1.0,1.0
bge_m3,person,person::query::26943_3.jpg,llm_distinctive_first,information_reduced,0.9371887843836051,1,49,5,0.09052926202835065,1.0,person::train::09751_6.jpg,0.8466595223552544,1.0,0.7383155133659705,0.8269860265345594,0.19887327101763463,0.09052926202835065,1.0,1.0
bge_m3,person,person::query::26789_3.jpg,llm_attribute_list,information_reduced,0.9510831589840444,1,49,5,0.029628670402448876,1.0,person::train::06085_7.jpg,0.9214544885815955,1.0,0.7850671390620219,0.8775349321088651,0.16601601992202253,0.029628670402448876,1.0,1.0
bge_m3,person,person::query::26789_3.jpg,llm_distinctive_first,information_reduced,0.9313859744724126,1,49,5,0.06267509448303965,1.0,person::train::06085_7.jpg,0.8687108799893729,1.0,0.719549919733064,0.8353366546171134,0.21183605473934852,0.06267509448303965,1.0,1.0
bge_m3,person,person::query::26935_2.jpg,llm_attribute_list,information_reduced,0.9303218699508781,1,49,5,0.13013447156432323,1.0,person::train::10252_1.jpg,0.800209002157695,1.0,0.7461421042108446,0.7971701765786531,0.18417976574003347,0.1301128677931831,1.0,1.0
bge_m3,person,person::query::26935_2.jpg,llm_distinctive_first,information_reduced,0.9412210434307896,1,49,5,0.1339693576907648,1.0,person::train::09751_6.jpg,0.8072516857400248,1.0,0.7400845606573829,0.798948096901507,0.20113648277340668,0.1339693576907648,1.0,1.0
bge_m3,person,person::query::27100_1.jpg,llm_attribute_list,information_reduced,0.9388889228589136,1,49,5,0.06713711930604804,1.0,person::gallery::26735_2.jpg,0.8748980789654945,1.0,0.7889690645465529,0.8680017840486287,0.14991985831236065,0.06399084389341902,1.0,1.0
bge_m3,person,person::query::27100_1.jpg,llm_distinctive_first,information_reduced,0.9296162827091281,1,49,5,0.09029237526438971,1.0,person::query::26789_3.jpg,0.8393239074447384,1.0,0.7359560511996307,0.8073659246841641,0.1936602315094974,0.09029237526438971,1.0,1.0
bge_m3,person,person::query::26761_2.jpg,llm_attribute_list,information_reduced,0.9288225331774562,1,49,5,0.05021222358352617,1.0,person::train::10252_1.jpg,0.8802794764451553,1.0,0.7999241634170067,0.8722610444613239,0.12889836976044955,0.04854305673230097,1.0,1.0
bge_m3,person,person::query::26761_2.jpg,llm_distinctive_first,information_reduced,0.9121887351729722,1,49,5,0.042880432961129644,1.0,person::train::05158_3.jpg,0.8693083022118425,1.0,0.7602946915671964,0.8436806232143234,0.15189404360577574,0.042880432961129644,1.0,1.0
bge_m3,person,person::gallery::26474_5.jpg,llm_attribute_list,information_reduced,0.9443009146099022,1,49,5,0.05901605389839104,1.0,person::gallery::26735_2.jpg,0.8852848607115111,1.0,0.7742399398032795,0.861304630628592,0.17006097480662263,0.05901605389839104,1.0,1.0
bge_m3,person,person::gallery::26474_5.jpg,llm_distinctive_first,information_reduced,0.9265006205616008,1,49,5,0.05936826757428093,1.0,person::gallery::26774_3.jpg,0.8671323529873198,1.0,0.7611862583551225,0.8505967733771945,0.16531436220647822,0.05936826757428093,1.0,1.0
bge_m3,person,person::gallery::27153_5.jpg,llm_attribute_list,information_reduced,0.936884997245172,1,49,5,0.08938553700931084,1.0,person::train::09751_6.jpg,0.8474994602358612,1.0,0.7682916423750592,0.8333010452377863,0.16859335487011284,0.08938553700931084,1.0,1.0
bge_m3,person,person::gallery::27153_5.jpg,llm_distinctive_first,information_reduced,0.9601676975474007,1,49,5,0.12558254609293162,1.0,person::train::09751_6.jpg,0.8345851514544691,1.0,0.7621921813341743,0.8254562449460505,0.1979755162132264,0.12558254609293162,1.0,1.0
bge_m3,person,person::gallery::26789_1.jpg,llm_attribute_list,information_reduced,0.9077836971058983,1,49,5,0.08556176804577298,1.0,person::gallery::26721_4.jpg,0.8222219290601254,1.0,0.741450356013551,0.7855927209569348,0.16633334109234732,0.08556176804577298,1.0,1.0
bge_m3,person,person::gallery::26789_1.jpg,llm_distinctive_first,information_reduced,0.9640969705714411,1,49,5,0.12139048279673526,1.0,person::train::08529_4.jpg,0.8427064877747058,1.0,0.7458543246900892,0.8017682965785109,0.2182426458813519,0.12139048279673526,1.0,1.0
bge_m3,person,person::gallery::26721_4.jpg,llm_attribute_list,information_reduced,0.9332467312652142,1,49,5,0.04581895844779804,1.0,person::query::26761_2.jpg,0.8874277728174161,1.0,0.7782360702165003,0.8496932487045875,0.15501066104871386,0.04581895844779804,1.0,1.0
bge_m3,person,person::gallery::26721_4.jpg,llm_distinctive_first,information_reduced,0.9245437573185531,1,49,5,0.048397327730468565,1.0,person::query::26761_2.jpg,0.8761464295880845,1.0,0.7615632489127715,0.8511516112078932,0.1629805084057816,0.048397327730468565,1.0,1.0
bge_m3,person,person::gallery::26991_3.jpg,llm_attribute_list,information_reduced,0.9822712228131845,1,49,5,0.10853181590871164,1.0,person::train::09751_6.jpg,0.8737394069044728,1.0,0.7682634139554256,0.8429924969220083,0.21400780885775883,0.10853181590871164,1.0,1.0
bge_m3,person,person::gallery::26991_3.jpg,llm_distinctive_first,information_reduced,0.929832450709557,1,49,5,0.09488616203191369,1.0,person::query::27008_3.jpg,0.8349462886776433,1.0,0.7048194957252757,0.7771115489936608,0.2250129549842813,0.09488616203191369,1.0,1.0
bge_m3,person,person::gallery::26735_2.jpg,llm_attribute_list,information_reduced,0.9715032957362087,1,49,5,0.08452772110196971,1.0,person::train::06085_7.jpg,0.886975574634239,1.0,0.7872911476540021,0.8619391390367905,0.18421214808220665,0.08452772110196971,1.0,1.0
bge_m3,person,person::gallery::26735_2.jpg,llm_distinctive_first,information_reduced,0.9648987795701536,1,49,5,0.08432290054904112,1.0,person::train::06085_7.jpg,0.8805758790211125,1.0,0.765790426091461,0.8595219912570751,0.1991083534786926,0.08432290054904112,1.0,1.0
bge_m3,person,person::gallery::14888_1.png,llm_attribute_list,information_reduced,0.910368941503779,1,49,5,0.08453674764937935,1.0,person::train::10252_1.jpg,0.8369917985787975,1.0,0.7505701796270479,0.8131986638465247,0.15979876187673114,0.07337714292498154,1.0,1.0
bge_m3,person,person::gallery::14888_1.png,llm_distinctive_first,information_reduced,0.931551474587377,1,49,5,0.1012945694143913,1.0,person::train::02167_1.jpg,0.8302569051729857,1.0,0.7179070981709844,0.8114179557179948,0.21364437641639256,0.1012945694143913,1.0,1.0
bge_m3,person,person::gallery::26774_3.jpg,llm_attribute_list,information_reduced,0.9531914952464715,1,49,5,0.03793312181875674,1.0,person::gallery::26735_2.jpg,0.9152583734277148,1.0,0.8027175877636696,0.8847317932620605,0.15047390748280187,0.03793312181875674,1.0,1.0
bge_m3,person,person::gallery::26774_3.jpg,llm_distinctive_first,information_reduced,0.8749537296981418,1,49,5,0.0657843010066359,1.0,person::query::14604_1.png,0.8287642004013318,1.0,0.7216178919111061,0.8078612594386197,0.15333583778703563,0.04618952929680997,1.0,1.0
bge_m3,person,person::gallery::15309_3.png,llm_attribute_list,information_reduced,0.9491841966809662,1,49,5,0.04771108455894668,1.0,person::train::06597_2.jpg,0.9014731121220195,1.0,0.7909898899800488,0.880014632552529,0.1581943067009174,0.04771108455894668,1.0,1.0
bge_m3,person,person::gallery::15309_3.png,llm_distinctive_first,information_reduced,0.9196962886634678,1,49,5,0.032990914748220135,1.0,person::train::06597_2.jpg,0.8867053739152476,1.0,0.7655568921234026,0.8470001061375192,0.15413939654006514,0.032990914748220135,1.0,1.0
bge_m3,person,person::gallery::15194_3.png,llm_attribute_list,information_reduced,0.9272651821918603,1,49,5,0.09535273871131611,1.0,person::train::10252_1.jpg,0.8332095474601754,1.0,0.7763491753524585,0.8119326655421171,0.15091600683940176,0.09405563473168488,1.0,1.0
bge_m3,person,person::gallery::15194_3.png,llm_distinctive_first,information_reduced,0.9035138668515039,1,49,5,0.10205251305616458,1.0,person::train::10252_1.jpg,0.8128815384249567,1.0,0.7479193836190317,0.7937176237796191,0.15559448323247227,0.09063232842654723,1.0,1.0
bge_m3,vehicle,vehicle::train_images::19666_c077_02.jpg,llm_attribute_list,information_reduced,0.9767559347649536,1,49,5,0.211637933525468,1.0,vehicle::train_images::13946_c012_04.jpg,0.7651180012394856,1.0,0.6797779179222262,0.7442230969748067,0.2969780168427274,0.211637933525468,1.0,1.0
bge_m3,vehicle,vehicle::train_images::19666_c077_02.jpg,llm_distinctive_first,information_reduced,0.9393513976150903,1,49,5,0.1879747589257832,1.0,vehicle::train_images::13946_c012_04.jpg,0.7513766386893072,1.0,0.6442666248999676,0.7145257957857619,0.2950847727151228,0.1879747589257832,1.0,1.0
bge_m3,vehicle,vehicle::train_images::13184_c012_02.jpg,llm_attribute_list,information_reduced,0.9569613338861005,1,49,5,0.13750352901953244,1.0,vehicle::train_images::05685_c100_04.jpg,0.819457804866568,1.0,0.6930528056913693,0.7780889989367319,0.2639085281947312,0.13750352901953244,1.0,1.0
bge_m3,vehicle,vehicle::train_images::13184_c012_02.jpg,llm_distinctive_first,information_reduced,0.9573918981115297,1,49,5,0.14352628158585434,1.0,vehicle::train_images::05685_c100_04.jpg,0.8138656165256754,1.0,0.6591666115264787,0.7489405269220827,0.298225286585051,0.14352628158585434,1.0,1.0
bge_m3,vehicle,vehicle::train_images::13608_c139_04.jpg,llm_attribute_list,information_reduced,0.9390441094012717,1,49,5,0.11075361359442326,1.0,vehicle::train_images::03678_c014_03.jpg,0.8282904958068484,1.0,0.6881538054473141,0.7716967040271512,0.2508903039539576,0.11075361359442326,1.0,1.0
bge_m3,vehicle,vehicle::train_images::13608_c139_04.jpg,llm_distinctive_first,information_reduced,0.9556267101848193,1,49,5,0.14081043785094605,1.0,vehicle::train_images::03678_c014_03.jpg,0.8148162723338732,1.0,0.6698117874424994,0.771040701024241,0.2858149227423199,0.14081043785094605,1.0,1.0
bge_m3,vehicle,vehicle::train_images::12849_c170_02.jpg,llm_attribute_list,information_reduced,0.960014340154338,1,49,5,0.16567361769539313,1.0,vehicle::query_images::20272_c102_00.jpg,0.7943407224589448,1.0,0.6518790576560185,0.7753773729563698,0.30813528249831945,0.16567361769539313,1.0,1.0
bge_m3,vehicle,vehicle::train_images::12849_c170_02.jpg,llm_distinctive_first,information_reduced,0.9469540857328796,1,49,5,0.1378990248299835,1.0,vehicle::train_images::08854_c110_02.jpg,0.8090550609028961,1.0,0.6334873007176983,0.76510077246796,0.3134667850151813,0.1378990248299835,1.0,1.0
bge_m3,vehicle,vehicle::train_images::10839_c110_00.jpg,llm_attribute_list,information_reduced,0.9590746437193445,1,49,5,0.18704746063984412,1.0,vehicle::gallery_images::21216_c003_04.jpg,0.7720271830795004,1.0,0.6811512281335641,0.7482807502576814,0.2779234155857804,0.18704746063984412,1.0,1.0
bge_m3,vehicle,vehicle::train_images::10839_c110_00.jpg,llm_distinctive_first,information_reduced,0.934547957316921,1,49,5,0.1986032612608123,1.0,vehicle::gallery_images::21216_c003_04.jpg,0.7359446960561087,1.0,0.6085975588442293,0.681636634627357,0.3259503984726917,0.1986032612608123,1.0,1.0
bge_m3,vehicle,vehicle::train_images::02440_c090_02.jpg,llm_attribute_list,information_reduced,0.9344977786998929,1,49,5,0.20701157704732198,1.0,vehicle::train_images::14387_c163_04.jpg,0.7274862016525709,1.0,0.6287691627665694,0.6981244092378417,0.30572861593332357,0.20701157704732198,1.0,1.0
bge_m3,vehicle,vehicle::train_images::02440_c090_02.jpg,llm_distinctive_first,information_reduced,0.9557189607219182,1,49,5,0.22963424907954622,1.0,vehicle::gallery_images::20877_c110_00.jpg,0.726084711642372,1.0,0.6188492795839016,0.6876346675091038,0.33686968113801663,0.22963424907954622,1.0,1.0
bge_m3,vehicle,vehicle::train_images::12341_c073_00.jpg,llm_attribute_list,information_reduced,0.9657695145049447,1,49,5,0.15520590714467397,1.0,vehicle::query_images::20204_c041_01.jpg,0.8105636073602708,1.0,0.674345511417852,0.7733214755734779,0.2914240030870927,0.15520590714467397,1.0,1.0
bge_m3,vehicle,vehicle::train_images::12341_c073_00.jpg,llm_distinctive_first,information_reduced,0.9505350008410853,1,49,5,0.16473980620865536,1.0,vehicle::query_images::20204_c041_01.jpg,0.78579519463243,1.0,0.6713187158987788,0.7702290247193614,0.27921628494230655,0.16473980620865536,1.0,1.0
bge_m3,vehicle,vehicle::train_images::18263_c110_02.jpg,llm_attribute_list,information_reduced,0.9063113389978326,1,49,5,0.16815177534573456,1.0,vehicle::train_images::19520_c034_01.jpg,0.738159563652098,1.0,0.6250040741727241,0.7200049698458995,0.2813072648251085,0.16815177534573456,1.0,1.0
bge_m3,vehicle,vehicle::train_images::18263_c110_02.jpg,llm_distinctive_first,information_reduced,0.9531678690607845,1,49,5,0.23246730524916748,1.0,vehicle::train_images::13946_c012_04.jpg,0.7207005638116171,1.0,0.6041663473142083,0.7139530222542826,0.3490015217465763,0.23246730524916748,1.0,1.0
bge_m3,vehicle,vehicle::train_images::10529_c003_02.jpg,llm_attribute_list,information_reduced,0.9717341309780452,1,49,5,0.1754033287813902,1.0,vehicle::train_images::05685_c100_04.jpg,0.796330802196655,1.0,0.694403627398742,0.784499377202259,0.2773305035793032,0.1754033287813902,1.0,1.0
bge_m3,vehicle,vehicle::train_images::10529_c003_02.jpg,llm_distinctive_first,information_reduced,0.9489274161302799,1,49,5,0.19266955291183518,1.0,vehicle::train_images::08361_c094_04.jpg,0.7562578632184447,1.0,0.6308955400329913,0.734330643318257,0.31803187609728856,0.19266955291183518,1.0,1.0
bge_m3,vehicle,vehicle::train_images::15907_c041_04.jpg,llm_attribute_list,information_reduced,0.9599314528228119,1,49,5,0.2222241203112344,1.0,vehicle::train_images::16253_c139_00.jpg,0.7377073325115775,1.0,0.651776693903114,0.7174638989023356,0.3081547589196979,0.2222241203112344,1.0,1.0
bge_m3,vehicle,vehicle::train_images::15907_c041_04.jpg,llm_distinctive_first,information_reduced,0.9601380091305679,1,49,5,0.2308692659301792,1.0,vehicle::train_images::16253_c139_00.jpg,0.7292687432003887,1.0,0.6237580572241248,0.699974562128021,0.3363799519064431,0.2308692659301792,1.0,1.0
bge_m3,vehicle,vehicle::train_images::08854_c110_02.jpg,llm_attribute_list,information_reduced,0.9362297561874751,1,49,5,0.09455827878245204,1.0,vehicle::gallery_images::20877_c110_00.jpg,0.841671477405023,1.0,0.7059660002273587,0.8090848935027475,0.2302637559601164,0.09455827878245204,1.0,1.0
bge_m3,vehicle,vehicle::train_images::08854_c110_02.jpg,llm_distinctive_first,information_reduced,0.9695022945155022,1,49,5,0.1392104932990822,1.0,vehicle::train_images::16253_c139_00.jpg,0.83029180121642,1.0,0.69523981331442,0.8099144061611687,0.2742624812010822,0.1392104932990822,1.0,1.0
bge_m3,vehicle,vehicle::train_images::04922_c023_01.jpg,llm_attribute_list,information_reduced,0.9532474882532035,1,49,5,0.22040971279552368,1.0,vehicle::train_images::04724_c110_02.jpg,0.7328377754576798,1.0,0.6245887200731093,0.6796625538193738,0.3286587681800942,0.22040971279552368,1.0,1.0
bge_m3,vehicle,vehicle::train_images::04922_c023_01.jpg,llm_distinctive_first,information_reduced,0.9571519435121507,1,49,5,0.2340110192909466,1.0,vehicle::train_images::04724_c110_02.jpg,0.7231409242212041,1.0,0.6201240851848915,0.6818336317717256,0.33702785832725923,0.2340110192909466,1.0,1.0
bge_m3,vehicle,vehicle::train_images::19263_c030_03.jpg,llm_attribute_list,information_reduced,0.9596861031317561,1,49,5,0.15005019723903557,1.0,vehicle::train_images::03678_c014_03.jpg,0.8096359058927205,1.0,0.6690265817515738,0.7821383586912016,0.29065952138018225,0.15005019723903557,1.0,1.0
bge_m3,vehicle,vehicle::train_images::19263_c030_03.jpg,llm_distinctive_first,information_reduced,0.9669933890777047,1,49,5,0.16970629575900564,1.0,vehicle::train_images::03678_c014_03.jpg,0.7972870933186991,1.0,0.6646624745956404,0.7735326098207226,0.3023309144820643,0.16970629575900564,1.0,1.0
bge_m3,vehicle,vehicle::train_images::07345_c110_03.jpg,llm_attribute_list,information_reduced,0.9733957361816583,1,49,5,0.15703439851020917,1.0,vehicle::query_images::20204_c041_01.jpg,0.8163613376714491,1.0,0.7118081970631401,0.7830556472634914,0.2615875391185182,0.15703439851020917,1.0,1.0
bge_m3,vehicle,vehicle::train_images::07345_c110_03.jpg,llm_distinctive_first,information_reduced,0.9660882863762229,1,49,5,0.22657829713072652,1.0,vehicle::train_images::03678_c014_03.jpg,0.7395099892454964,1.0,0.6518591855872407,0.7264946990553636,0.31422910078898225,0.22657829713072652,1.0,1.0
bge_m3,vehicle,vehicle::train_images::19520_c034_01.jpg,llm_attribute_list,information_reduced,0.9626358638147903,1,49,5,0.1658507960804294,1.0,vehicle::query_images::21022_c078_01.jpg,0.7967850677343609,1.0,0.6506333502504009,0.7480759216230183,0.31200251356438935,0.1658507960804294,1.0,1.0
bge_m3,vehicle,vehicle::train_images::19520_c034_01.jpg,llm_distinctive_first,information_reduced,0.9567584359822096,1,49,5,0.18880535389412212,1.0,vehicle::query_images::21022_c078_01.jpg,0.7679530820880874,1.0,0.6200371047710194,0.7009986963303053,0.3367213312111902,0.18880535389412212,1.0,1.0
bge_m3,vehicle,vehicle::train_images::16253_c139_00.jpg,llm_attribute_list,information_reduced,0.880955728646227,1,49,5,0.031075677974506388,1.0,vehicle::query_images::20204_c041_01.jpg,0.8498800506717206,1.0,0.6899148059796095,0.7904717477788963,0.19104092266661743,0.031075677974506388,1.0,1.0
bge_m3,vehicle,vehicle::train_images::16253_c139_00.jpg,llm_distinctive_first,information_reduced,0.9413941901498496,1,49,5,0.09811690814217888,1.0,vehicle::train_images::05432_c163_04.jpg,0.8432772820076707,1.0,0.7083337261685865,0.8257750249311965,0.23306046398126312,0.09811690814217888,1.0,1.0
bge_m3,vehicle,vehicle::train_images::06987_c051_04.jpg,llm_attribute_list,information_reduced,0.9734102443684549,1,49,5,0.24352319113478205,1.0,vehicle::train_images::04724_c110_02.jpg,0.7298870532336729,1.0,0.6298000065800347,0.698026459835495,0.34361023778842026,0.24352319113478205,1.0,1.0
bge_m3,vehicle,vehicle::train_images::06987_c051_04.jpg,llm_distinctive_first,information_reduced,0.9736117309994275,1,49,5,0.224988370451909,1.0,vehicle::train_images::04724_c110_02.jpg,0.7486233605475185,1.0,0.6354031603934711,0.7142355023773658,0.33820857060595644,0.224988370451909,1.0,1.0
bge_m3,vehicle,vehicle::train_images::05685_c100_04.jpg,llm_attribute_list,information_reduced,0.9199309825752522,1,49,5,0.10228147421412959,1.0,vehicle::train_images::13946_c012_04.jpg,0.8176495083611226,1.0,0.7130599372848689,0.7856396593564502,0.20687104529038325,0.10228147421412959,1.0,1.0
bge_m3,vehicle,vehicle::train_images::05685_c100_04.jpg,llm_distinctive_first,information_reduced,0.9723334524700684,1,49,5,0.1359776033644685,1.0,vehicle::train_images::13946_c012_04.jpg,0.8363558491055999,1.0,0.7267610309655053,0.8159725798346565,0.24557242150456315,0.1359776033644685,1.0,1.0
bge_m3,vehicle,vehicle::train_images::16614_c041_04.jpg,llm_attribute_list,information_reduced,0.9428874339396685,1,49,5,0.11258434339975065,1.0,vehicle::query_images::20204_c041_01.jpg,0.8303030905399178,1.0,0.6862480407971373,0.7997206229968618,0.25663939314253115,0.11258434339975065,1.0,1.0
bge_m3,vehicle,vehicle::train_images::16614_c041_04.jpg,llm_distinctive_first,information_reduced,0.9444307743944291,1,49,5,0.12797409582105457,1.0,vehicle::train_images::16253_c139_00.jpg,0.8164566785733746,1.0,0.6473433317996118,0.7625571363988699,0.29708744259481734,0.12797409582105457,1.0,1.0
bge_m3,vehicle,vehicle::train_images::13946_c012_04.jpg,llm_attribute_list,information_reduced,0.9535743756612437,1,49,5,0.12618400807732455,1.0,vehicle::train_images::05685_c100_04.jpg,0.8273903675839192,1.0,0.6682162489612806,0.7737106485667633,0.2853581266999631,0.12618400807732455,1.0,1.0
bge_m3,vehicle,vehicle::train_images::13946_c012_04.jpg,llm_distinctive_first,information_reduced,0.9578118393448997,1,49,5,0.13039879744747618,1.0,vehicle::train_images::05685_c100_04.jpg,0.8274130418974235,1.0,0.6455950496595314,0.7687631405448677,0.31221678968536826,0.13039879744747618,1.0,1.0
bge_m3,vehicle,vehicle::train_images::14133_c170_01.jpg,llm_attribute_list,information_reduced,0.9307236176252425,1,49,5,0.13114942215260583,1.0,vehicle::query_images::20204_c041_01.jpg,0.7995741954726366,1.0,0.6595999304087633,0.770950919110643,0.27112368721647917,0.13114942215260583,1.0,1.0
bge_m3,vehicle,vehicle::train_images::14133_c170_01.jpg,llm_distinctive_first,information_reduced,0.923844568502223,1,49,5,0.222353512259305,1.0,vehicle::train_images::08854_c110_02.jpg,0.701491056242918,1.0,0.585445839940631,0.6917518765877602,0.3383987285615919,0.222353512259305,1.0,1.0
bge_m3,vehicle,vehicle::train_images::16747_c163_03.jpg,llm_attribute_list,information_reduced,0.9582417561686345,1,49,5,0.12396192134125017,1.0,vehicle::train_images::03678_c014_03.jpg,0.8342798348273843,1.0,0.6697497968997249,0.7470131106396856,0.2884919592689096,0.12396192134125017,1.0,1.0
bge_m3,vehicle,vehicle::train_images::16747_c163_03.jpg,llm_distinctive_first,information_reduced,0.9623293632254115,1,49,5,0.15432929207350465,1.0,vehicle::train_images::03678_c014_03.jpg,0.8080000711519069,1.0,0.6281065541236069,0.7290842331980523,0.3342228091018046,0.15432929207350465,1.0,1.0
bge_m3,vehicle,vehicle::train_images::05432_c163_04.jpg,llm_attribute_list,information_reduced,0.9565641571134109,1,49,5,0.02731085681067924,1.0,vehicle::query_images::20249_c003_00.jpg,0.9292533003027317,1.0,0.6718485412569863,0.8265082981363627,0.2847156158564246,0.02731085681067924,1.0,1.0
bge_m3,vehicle,vehicle::train_images::05432_c163_04.jpg,llm_distinctive_first,information_reduced,0.9341749175836682,1,49,5,0.05901626303774232,1.0,vehicle::query_images::20249_c003_00.jpg,0.8751586545459259,1.0,0.6329131441445829,0.788597347797404,0.30126177343908533,0.05901626303774232,1.0,1.0
bge_m3,vehicle,vehicle::train_images::19057_c170_04.jpg,llm_attribute_list,information_reduced,0.9118712734528024,1,49,5,0.1870509465203729,1.0,vehicle::train_images::19520_c034_01.jpg,0.7248203269324295,1.0,0.6231426975145582,0.7089986228212707,0.2887285759382442,0.1870509465203729,1.0,1.0
bge_m3,vehicle,vehicle::train_images::19057_c170_04.jpg,llm_distinctive_first,information_reduced,0.965394260140581,1,49,5,0.2619419493281735,1.0,vehicle::query_images::21010_c163_01.jpg,0.7034523108124076,1.0,0.5974943452722584,0.6918646689282433,0.36789991486832263,0.2619419493281735,1.0,1.0
bge_m3,vehicle,vehicle::train_images::04455_c078_00.jpg,llm_attribute_list,information_reduced,0.9754700982436137,1,49,5,0.18378565400106495,1.0,vehicle::gallery_images::20159_c003_00.jpg,0.7916844442425488,1.0,0.602764492677862,0.7077897215263416,0.3727056055657517,0.18378565400106495,1.0,1.0
bge_m3,vehicle,vehicle::train_images::04455_c078_00.jpg,llm_distinctive_first,information_reduced,0.9332686410267539,1,49,5,0.1649151700483651,1.0,vehicle::gallery_images::20159_c003_00.jpg,0.7683534709783888,1.0,0.6020451873265009,0.6688309718139762,0.33122345370025297,0.1649151700483651,1.0,1.0
bge_m3,vehicle,vehicle::train_images::14387_c163_04.jpg,llm_attribute_list,information_reduced,0.9570556357273385,1,49,5,0.20568752527160672,1.0,vehicle::train_images::19520_c034_01.jpg,0.7532307166678531,1.0,0.6860786027407433,0.748127891526846,0.27097703298659526,0.2038249190594854,1.0,1.0
bge_m3,vehicle,vehicle::train_images::14387_c163_04.jpg,llm_distinctive_first,information_reduced,0.9660712173404222,1,49,5,0.22387918676128082,1.0,vehicle::train_images::19520_c034_01.jpg,0.7474927755163281,1.0,0.6715142813762571,0.7420794656557685,0.2945569359641651,0.21857844182409414,1.0,1.0
bge_m3,vehicle,vehicle::train_images::09221_c139_03.jpg,llm_attribute_list,information_reduced,0.8942637145825754,1,49,5,0.14557015026334186,1.0,vehicle::gallery_images::20877_c110_00.jpg,0.7486935643192335,1.0,0.6701720407069046,0.7447575402525969,0.22409167387567075,0.14557015026334186,1.0,1.0
bge_m3,vehicle,vehicle::train_images::09221_c139_03.jpg,llm_distinctive_first,information_reduced,0.9151380936803273,1,49,5,0.15730783544031102,1.0,vehicle::train_images::03678_c014_03.jpg,0.7815197059625996,1.0,0.6748793723872046,0.7535702922759673,0.24025872129312265,0.13361838771772772,1.0,1.0
bge_m3,vehicle,vehicle::train_images::04724_c110_02.jpg,llm_attribute_list,information_reduced,0.9624106460840345,1,49,5,0.11084394553706622,1.0,vehicle::query_images::20506_c051_01.jpg,0.8515667005469683,1.0,0.6565007655993438,0.7628678431092408,0.3059098804846907,0.11084394553706622,1.0,1.0
bge_m3,vehicle,vehicle::train_images::04724_c110_02.jpg,llm_distinctive_first,information_reduced,0.9538070972870557,1,49,5,0.10988294258765474,1.0,vehicle::query_images::20506_c051_01.jpg,0.843924154699401,1.0,0.661776230332564,0.7548930404421473,0.29203086695449165,0.10988294258765474,1.0,1.0
bge_m3,vehicle,vehicle::train_images::08361_c094_04.jpg,llm_attribute_list,information_reduced,0.945047061381153,1,49,5,0.1657165009481849,1.0,vehicle::train_images::10529_c003_02.jpg,0.7793305604329681,1.0,0.6621009215698348,0.736887253917917,0.2829461398113182,0.1657165009481849,1.0,1.0
bge_m3,vehicle,vehicle::train_images::08361_c094_04.jpg,llm_distinctive_first,information_reduced,0.9327546072180728,1,49,5,0.18723433807706857,1.0,vehicle::train_images::05685_c100_04.jpg,0.7455202691410042,1.0,0.6055309120390797,0.6904745138382812,0.3272236951789931,0.18723433807706857,1.0,1.0
bge_m3,vehicle,vehicle::train_images::03678_c014_03.jpg,llm_attribute_list,information_reduced,0.9415602385427579,1,49,5,0.10475482755214804,1.0,vehicle::query_images::20949_c003_01.jpg,0.8368054109906099,1.0,0.7116140333945942,0.8008617965510205,0.22994620514816377,0.10475482755214804,1.0,1.0
bge_m3,vehicle,vehicle::train_images::03678_c014_03.jpg,llm_distinctive_first,information_reduced,0.9171621862849444,1,49,5,0.1351796393295983,1.0,vehicle::train_images::16747_c163_03.jpg,0.7819825469553461,1.0,0.6523870061313295,0.7379082711437487,0.2647751801536149,0.1351796393295983,1.0,1.0
bge_m3,vehicle,vehicle::query_images::20204_c041_01.jpg,llm_attribute_list,information_reduced,0.9788100664470327,1,49,5,0.10043071131339865,1.0,vehicle::train_images::16253_c139_00.jpg,0.8783793551336341,1.0,0.7258472292517768,0.8462966246260939,0.2529628371952559,0.10043071131339865,1.0,1.0
bge_m3,vehicle,vehicle::query_images::20204_c041_01.jpg,llm_distinctive_first,information_reduced,0.9513593079860129,1,49,5,0.0954024944012557,1.0,vehicle::train_images::16253_c139_00.jpg,0.8559568135847572,1.0,0.7093256145447542,0.8203274545429085,0.2420336934412587,0.0954024944012557,1.0,1.0
bge_m3,vehicle,vehicle::query_images::21022_c078_01.jpg,llm_attribute_list,information_reduced,0.9663827798359009,1,49,5,0.15962322143857655,1.0,vehicle::train_images::19520_c034_01.jpg,0.8067595583973244,1.0,0.6599606861002989,0.7774721144435404,0.30642209373560203,0.15962322143857655,1.0,1.0
bge_m3,vehicle,vehicle::query_images::21022_c078_01.jpg,llm_distinctive_first,information_reduced,0.9535301103122559,1,49,5,0.16071398522231206,1.0,vehicle::train_images::19520_c034_01.jpg,0.7928161250899438,1.0,0.6277505729817917,0.754403285614772,0.32577953733046416,0.16071398522231206,1.0,1.0
bge_m3,vehicle,vehicle::query_images::20039_c015_00.jpg,llm_attribute_list,information_reduced,0.9145464442870093,1,49,5,0.28764979715484573,1.0,vehicle::gallery_images::20877_c110_00.jpg,0.6268966471321635,1.0,0.5614038179989544,0.6111504616572376,0.3531426262880548,0.28764979715484573,1.0,1.0
bge_m3,vehicle,vehicle::query_images::20039_c015_00.jpg,llm_distinctive_first,information_reduced,0.9283144174360706,1,49,5,0.279014268111218,1.0,vehicle::train_images::19057_c170_04.jpg,0.6493001493248526,1.0,0.5643378206018228,0.6160356223190282,0.36397659683424777,0.279014268111218,1.0,1.0
bge_m3,vehicle,vehicle::query_images::20298_c122_00.jpg,llm_attribute_list,information_reduced,0.9544345734760276,1,49,5,0.14289382011074903,1.0,vehicle::train_images::13946_c012_04.jpg,0.8115407533652785,1.0,0.6330369332403476,0.724265380178042,0.32139764023567996,0.14289382011074903,1.0,1.0
bge_m3,vehicle,vehicle::query_images::20298_c122_00.jpg,llm_distinctive_first,information_reduced,0.9524576513745816,1,49,5,0.138421729479016,1.0,vehicle::train_images::13946_c012_04.jpg,0.8140359218955656,1.0,0.6303345128035799,0.722776003469829,0.3221231385710017,0.138421729479016,1.0,1.0
bge_m3,vehicle,vehicle::query_images::21010_c163_01.jpg,llm_attribute_list,information_reduced,0.9583660046178851,1,49,5,0.19033447607794807,1.0,vehicle::train_images::19057_c170_04.jpg,0.7680315285399371,1.0,0.669393393475507,0.7300872754408193,0.28897261114237816,0.19033447607794807,1.0,1.0
bge_m3,vehicle,vehicle::query_images::21010_c163_01.jpg,llm_distinctive_first,information_reduced,0.9467929191204005,1,49,5,0.20882246369709734,1.0,vehicle::train_images::19057_c170_04.jpg,0.7379704554233032,1.0,0.616312585260389,0.6958049323862593,0.3304803338600115,0.20882246369709734,1.0,1.0
bge_m3,vehicle,vehicle::query_images::20249_c003_00.jpg,llm_attribute_list,information_reduced,0.9554137764376658,1,49,5,0.07487617599221053,1.0,vehicle::train_images::05432_c163_04.jpg,0.8805376004454553,1.0,0.7085861440067305,0.804586468615627,0.2468276324309353,0.07487617599221053,1.0,1.0
bge_m3,vehicle,vehicle::query_images::20249_c003_00.jpg,llm_distinctive_first,information_reduced,0.9553585927581787,1,49,5,0.06365245998796676,1.0,vehicle::train_images::05432_c163_04.jpg,0.8917061327702119,1.0,0.685608833431246,0.7947247083302772,0.2697497593269327,0.06365245998796676,1.0,1.0
bge_m3,vehicle,vehicle::query_images::20506_c051_01.jpg,llm_attribute_list,information_reduced,0.953353959359406,1,49,5,0.1166976489146776,1.0,vehicle::train_images::04724_c110_02.jpg,0.8366563104447284,1.0,0.6600075971943115,0.745831552633796,0.2933463621650946,0.1166976489146776,1.0,1.0
bge_m3,vehicle,vehicle::query_images::20506_c051_01.jpg,llm_distinctive_first,information_reduced,0.9455686023086683,1,49,5,0.11390525723718892,1.0,vehicle::train_images::04724_c110_02.jpg,0.8316633450714794,1.0,0.6265722856733256,0.718959852378817,0.3189963166353428,0.11390525723718892,1.0,1.0
bge_m3,vehicle,vehicle::query_images::21112_c079_00.jpg,llm_attribute_list,information_reduced,0.9590531856192592,1,49,5,0.22750316178428454,1.0,vehicle::train_images::19057_c170_04.jpg,0.7315500238349747,1.0,0.6316976782626037,0.6857421140342337,0.32735550735665553,0.22750316178428454,1.0,1.0
bge_m3,vehicle,vehicle::query_images::21112_c079_00.jpg,llm_distinctive_first,information_reduced,0.9461611453765321,1,49,5,0.2125999702498792,1.0,vehicle::train_images::19057_c170_04.jpg,0.7335611751266529,1.0,0.6060152655895386,0.6621310034486393,0.3401458797869935,0.2125999702498792,1.0,1.0
bge_m3,vehicle,vehicle::query_images::20949_c003_01.jpg,llm_attribute_list,information_reduced,0.9609907290570189,1,49,5,0.09193847702928748,1.0,vehicle::query_images::20204_c041_01.jpg,0.8690522520277314,1.0,0.7411384380233524,0.8540965550349353,0.21985229103366644,0.09193847702928748,1.0,1.0
bge_m3,vehicle,vehicle::query_images::20949_c003_01.jpg,llm_distinctive_first,information_reduced,0.8975588757615707,1,49,5,0.07451082054741931,1.0,vehicle::train_images::03678_c014_03.jpg,0.8230480552141514,1.0,0.7000197776922321,0.789505887012011,0.19753909806933856,0.07451082054741931,1.0,1.0
bge_m3,vehicle,vehicle::query_images::20272_c102_00.jpg,llm_attribute_list,information_reduced,0.9293161051814094,1,49,5,0.1487956405339821,1.0,vehicle::query_images::20204_c041_01.jpg,0.7805204646474273,1.0,0.676412752349851,0.7727780986893567,0.2529033528315584,0.1487956405339821,1.0,1.0
bge_m3,vehicle,vehicle::query_images::20272_c102_00.jpg,llm_distinctive_first,information_reduced,0.9623560727266792,1,49,5,0.1628797340607786,1.0,vehicle::train_images::08854_c110_02.jpg,0.7994763386659006,1.0,0.6634662174086292,0.7884950600784599,0.29888985531805,0.1628797340607786,1.0,1.0
bge_m3,vehicle,vehicle::gallery_images::20591_c110_03.jpg,llm_attribute_list,information_reduced,0.9658171457084858,1,49,5,0.15691821405983852,1.0,vehicle::query_images::20949_c003_01.jpg,0.8088989316486472,1.0,0.6416348860844269,0.7328541573793919,0.3241822596240589,0.15691821405983852,1.0,1.0
bge_m3,vehicle,vehicle::gallery_images::20591_c110_03.jpg,llm_distinctive_first,information_reduced,0.9435894218683566,1,49,5,0.17027728795645103,1.0,vehicle::query_images::20949_c003_01.jpg,0.7733121339119056,1.0,0.6140830140588621,0.688195615598829,0.3295064078094945,0.17027728795645103,1.0,1.0
bge_m3,vehicle,vehicle::gallery_images::20535_c170_02.jpg,llm_attribute_list,information_reduced,0.9123509071550382,1,49,5,0.13435168960959176,1.0,vehicle::gallery_images::21216_c003_04.jpg,0.7779992175454464,1.0,0.5742297932338851,0.6807378685973237,0.33812111392115307,0.13435168960959176,1.0,1.0
bge_m3,vehicle,vehicle::gallery_images::20535_c170_02.jpg,llm_distinctive_first,information_reduced,0.9375980507570687,1,49,5,0.1343839350426408,1.0,vehicle::gallery_images::21216_c003_04.jpg,0.8032141157144279,1.0,0.5822319257465355,0.7114114688580685,0.3553661250105332,0.1343839350426408,1.0,1.0
bge_m3,vehicle,vehicle::gallery_images::20877_c110_00.jpg,llm_attribute_list,information_reduced,0.9636998052979411,1,49,5,0.08874416525552209,1.0,vehicle::query_images::20949_c003_01.jpg,0.874955640042419,1.0,0.7054415491066757,0.8206700852025709,0.2582582561912654,0.08874416525552209,1.0,1.0
bge_m3,vehicle,vehicle::gallery_images::20877_c110_00.jpg,llm_distinctive_first,information_reduced,0.9436824247159806,1,49,5,0.14028630298454248,1.0,vehicle::train_images::08854_c110_02.jpg,0.8033961217314382,1.0,0.6793034207767132,0.7824496980300963,0.2643790039392674,0.14028630298454248,1.0,1.0
bge_m3,vehicle,vehicle::gallery_images::20159_c003_00.jpg,llm_attribute_list,information_reduced,0.966435401103347,1,49,5,0.14719951602525405,1.0,vehicle::query_images::20204_c041_01.jpg,0.819235885078093,1.0,0.6657505158173822,0.7677103800694565,0.3006848852859648,0.14719951602525405,1.0,1.0
bge_m3,vehicle,vehicle::gallery_images::20159_c003_00.jpg,llm_distinctive_first,information_reduced,0.95592059675785,1,49,5,0.15061354106090352,1.0,vehicle::query_images::20204_c041_01.jpg,0.8053070556969465,1.0,0.6498084026350816,0.7562150712160923,0.30611219412276847,0.15061354106090352,1.0,1.0
bge_m3,vehicle,vehicle::gallery_images::21199_c014_04.jpg,llm_attribute_list,information_reduced,0.9663278457681932,1,49,5,0.1310622009667034,1.0,vehicle::gallery_images::21216_c003_04.jpg,0.8352656448014898,1.0,0.7215885532193573,0.798610975543615,0.24473929254883586,0.1310622009667034,1.0,1.0
bge_m3,vehicle,vehicle::gallery_images::21199_c014_04.jpg,llm_distinctive_first,information_reduced,0.9427179229885152,1,49,5,0.14906984422396574,1.0,vehicle::gallery_images::21216_c003_04.jpg,0.7936480787645495,1.0,0.6560432244944815,0.7427401071350134,0.2866746984940337,0.14906984422396574,1.0,1.0
bge_m3,vehicle,vehicle::gallery_images::20762_c156_00.jpg,llm_attribute_list,information_reduced,0.9298009456028673,1,49,5,0.17458603018471008,1.0,vehicle::train_images::13946_c012_04.jpg,0.7552149154181572,1.0,0.6482815466256108,0.6899120556803716,0.28151939897725653,0.17458603018471008,1.0,1.0
bge_m3,vehicle,vehicle::gallery_images::20762_c156_00.jpg,llm_distinctive_first,information_reduced,0.9471738855583518,1,49,5,0.2194654398371635,1.0,vehicle::train_images::19666_c077_02.jpg,0.7277084457211883,1.0,0.5866435242258581,0.6447887723614204,0.3605303613324937,0.2194654398371635,1.0,1.0
bge_m3,vehicle,vehicle::gallery_images::20070_c017_01.jpg,llm_attribute_list,information_reduced,0.9774258108092231,1,49,5,0.3377207109180589,1.0,vehicle::gallery_images::20877_c110_00.jpg,0.6397050998911642,1.0,0.5528064585444843,0.617103787105431,0.4246193522647388,0.3377207109180589,1.0,1.0
bge_m3,vehicle,vehicle::gallery_images::20070_c017_01.jpg,llm_distinctive_first,information_reduced,0.9632618796220282,1,49,5,0.3825781339077221,1.0,vehicle::gallery_images::20877_c110_00.jpg,0.5806837457143061,1.0,0.49953048768547964,0.5695382352968827,0.4637313919365486,0.3825781339077221,1.0,1.0
bge_m3,vehicle,vehicle::gallery_images::21216_c003_04.jpg,llm_attribute_list,information_reduced,0.9803326079975807,1,49,5,0.10991752010976752,1.0,vehicle::query_images::20249_c003_00.jpg,0.8704150878878132,1.0,0.6900129739320631,0.8214832457128723,0.29031963406551764,0.10991752010976752,1.0,1.0
bge_m3,vehicle,vehicle::gallery_images::21216_c003_04.jpg,llm_distinctive_first,information_reduced,0.9538367758711153,1,49,5,0.13369392153745818,1.0,vehicle::gallery_images::20535_c170_02.jpg,0.8201428543336571,1.0,0.6505963219489989,0.7908604298158239,0.3032404539221164,0.13369392153745818,1.0,1.0
bge_m3,vehicle,vehicle::gallery_images::20559_c170_01.jpg,llm_attribute_list,information_reduced,0.9674313365828003,1,49,5,0.1645743740217115,1.0,vehicle::gallery_images::20877_c110_00.jpg,0.8028569625610888,1.0,0.6394853427476604,0.7589058587872954,0.3279459938351399,0.1645743740217115,1.0,1.0
bge_m3,vehicle,vehicle::gallery_images::20559_c170_01.jpg,llm_distinctive_first,information_reduced,0.9251622560482056,1,49,5,0.2039160392820759,1.0,vehicle::gallery_images::20877_c110_00.jpg,0.7212462167661297,1.0,0.5855372016347892,0.6907694250901436,0.3396250544134164,0.2039160392820759,1.0,1.0
bge_m3,vehicle,vehicle::gallery_images::20401_c023_03.jpg,llm_attribute_list,information_reduced,0.9455371683229323,1,49,5,0.25234212696378155,1.0,vehicle::train_images::19520_c034_01.jpg,0.6931950413591508,1.0,0.6184403649244207,0.6799894818170453,0.32709680339851166,0.25234212696378155,1.0,1.0
bge_m3,vehicle,vehicle::gallery_images::20401_c023_03.jpg,llm_distinctive_first,information_reduced,0.9604535346077983,1,49,5,0.2649108505997264,1.0,vehicle::train_images::04724_c110_02.jpg,0.6955426840080718,1.0,0.6083351825087696,0.6747316319188099,0.35211835209902864,0.2649108505997264,1.0,1.0
bge_m3,face,face::train::170623.jpg,llm_attribute_list,information_reduced,0.8700277320411582,11,49,5,-0.00205467515190616,0.6,face::test::189457.jpg,0.8912751564861906,0.7959183673469388,0.8463183974921262,0.879502106864494,0.023709334549032013,-0.02124742444503236,0.0,0.09090909090909091
bge_m3,face,face::train::170623.jpg,llm_distinctive_first,information_reduced,0.8386619355667654,3,49,5,-0.0006773350552637947,0.8,face::test::185812.jpg,0.8472746120521631,0.9591836734693877,0.8056960822694197,0.8368977184369355,0.03296585329734569,-0.008612676485397763,0.0,0.3333333333333333
bge_m3,face,face::train::081413.jpg,llm_attribute_list,information_reduced,0.8642230663806363,5,49,5,-0.024562747439689003,0.4,face::train::073196.jpg,0.8887858138203253,0.9183673469387755,0.8235795938655479,0.8684170722661699,0.040643472515088375,-0.024562747439689003,0.0,0.2
bge_m3,face,face::train::081413.jpg,llm_distinctive_first,information_reduced,0.8022765243369183,6,49,5,-0.017582385252997712,0.6,face::test::184003.jpg,0.8242923083564172,0.8979591836734694,0.778594501221912,0.8091073274405345,0.023682023115006334,-0.022015784019498885,0.0,0.16666666666666666
bge_m3,face,face::train::137722.jpg,llm_attribute_list,information_reduced,0.8393992958107133,11,49,5,0.0009961153924863408,1.0,face::test::184003.jpg,0.8643577410451524,0.7959183673469388,0.8277744677701864,0.8581596330672191,0.011624828040526891,-0.02495844523443913,0.0,0.09090909090909091
bge_m3,face,face::train::137722.jpg,llm_distinctive_first,information_reduced,0.8086284277259437,1,49,5,0.047597382652375675,1.0,face::train::001042.jpg,0.77528084844897,1.0,0.7529460475666706,0.7720838654474842,0.05568238015927307,0.03334757927697363,1.0,1.0
bge_m3,face,face::train::071174.jpg,llm_attribute_list,information_reduced,0.8648760291092474,8,49,5,0.0025628495084798475,1.0,face::train::073196.jpg,0.8851486103227759,0.8571428571428571,0.845829484399211,0.8730562905016974,0.019046544710036417,-0.020272581213528484,0.0,0.125
bge_m3,face,face::train::071174.jpg,llm_distinctive_first,information_reduced,0.8278868302900875,2,49,5,0.010269956792028911,1.0,face::test::184003.jpg,0.8381237216704516,0.9795918367346939,0.8000671300547888,0.8271167338187527,0.027819700235298672,-0.0102368913803641,0.0,0.5
bge_m3,face,face::train::166091.jpg,llm_attribute_list,information_reduced,0.8698860141774429,3,49,5,0.004685123984338402,1.0,face::test::189457.jpg,0.8742262488258985,0.9591836734693877,0.8275649278035496,0.8674799604687418,0.04232108637389331,-0.004340234648455565,0.0,0.3333333333333333
bge_m3,face,face::train::166091.jpg,llm_distinctive_first,information_reduced,0.8012636442957088,4,49,5,0.007931731682032872,1.0,face::test::185812.jpg,0.8178483795222777,0.9387755102040817,0.764238095393623,0.8013806117440789,0.03702554890208587,-0.016584735226568892,0.0,0.25
bge_m3,face,face::train::157804.jpg,llm_attribute_list,information_reduced,0.8588584226747343,9,49,5,-0.003856514305140779,0.8,face::train::073196.jpg,0.8781037366992268,0.8367346938775511,0.8403160487219721,0.8708753298639725,0.01854237395276226,-0.019245314024492477,0.0,0.1111111111111111
bge_m3,face,face::train::157804.jpg,llm_distinctive_first,information_reduced,0.8661495103558765,1,49,5,0.0533655878173378,1.0,face::train::081413.jpg,0.8127839225385387,1.0,0.7643460546876474,0.7917993768645052,0.10180345566822913,0.0533655878173378,1.0,1.0
bge_m3,face,face::train::091980.jpg,llm_attribute_list,information_reduced,0.8493811327248708,20,49,5,-0.014252134833183439,0.6,face::train::123459.jpg,0.8840647265368602,0.6122448979591837,0.841351244244329,0.8732554999527459,0.008029888480541758,-0.03468359381198938,0.0,0.05
bge_m3,face,face::train::091980.jpg,llm_distinctive_first,information_reduced,0.8299625382460926,1,49,5,0.02753907496171515,1.0,face::train::109762.jpg,0.8117416638524362,1.0,0.7824022649752103,0.8026204123718527,0.0475602732708823,0.018220874393656383,1.0,1.0
bge_m3,face,face::train::121281.jpg,llm_attribute_list,information_reduced,0.8617173033097697,10,49,5,0.005060716723250036,1.0,face::train::073196.jpg,0.8852268773101029,0.8163265306122449,0.8394103780883326,0.8800571918009303,0.02230692522143707,-0.023509574000333155,0.0,0.1
bge_m3,face,face::train::121281.jpg,llm_distinctive_first,information_reduced,0.8280203056827938,1,49,5,0.013698574246121864,1.0,face::train::123459.jpg,0.8247311089525518,1.0,0.7936929053827825,0.8193538358778607,0.03432740030001136,0.0032891967302420833,1.0,1.0
bge_m3,face,face::train::114832.jpg,llm_attribute_list,information_reduced,0.8827179487520509,1,49,5,0.02546453293070683,1.0,face::train::123459.jpg,0.8741865020949908,1.0,0.8385429161281535,0.8653188303429538,0.04417503262389744,0.008531446657060071,1.0,1.0
bge_m3,face,face::train::114832.jpg,llm_distinctive_first,information_reduced,0.8590110272146501,1,49,5,0.0035021108653690014,1.0,face::test::196777.jpg,0.8555089163492811,1.0,0.7694551175254882,0.8461117278375242,0.08955590968916183,0.0035021108653690014,1.0,1.0
bge_m3,face,face::train::090489.jpg,llm_attribute_list,information_reduced,0.8621883728786957,10,49,5,-0.00607001789133621,0.8,face::train::073196.jpg,0.8889136356762313,0.8163265306122449,0.8413938879810673,0.8758101208124717,0.020794484897628362,-0.02672526279753562,0.0,0.1
bge_m3,face,face::train::090489.jpg,llm_distinctive_first,information_reduced,0.8313899271519065,1,49,5,0.020366517237112358,1.0,face::test::185812.jpg,0.8226171965645802,1.0,0.794987035678586,0.8172434714013039,0.03640289147332054,0.008772730587326305,1.0,1.0
bge_m3,face,face::train::008309.jpg,llm_attribute_list,information_reduced,0.8657688103745409,1,49,5,0.010695534135775842,1.0,face::train::073196.jpg,0.8550732762387651,1.0,0.8040715691157876,0.8418401891170947,0.06169724125875331,0.010695534135775842,1.0,1.0
bge_m3,face,face::train::008309.jpg,llm_distinctive_first,information_reduced,0.7425618535442108,1,49,5,0.02419381516773822,1.0,face::train::138886.jpg,0.7189106524394002,1.0,0.6831258354247711,0.7146612746943809,0.05943601811943966,0.02365120110481056,1.0,1.0
bge_m3,face,face::train::129132.jpg,llm_attribute_list,information_reduced,0.8597141827149926,6,49,5,-0.0014650878531227152,0.8,face::train::073196.jpg,0.8795225326678195,0.8979591836734694,0.8373886226711853,0.8701619696459231,0.022325560043807258,-0.019808349952826987,0.0,0.16666666666666666
bge_m3,face,face::train::129132.jpg,llm_distinctive_first,information_reduced,0.7705409638732454,6,49,5,0.017647554047611758,1.0,face::train::109762.jpg,0.794640027664208,0.8979591836734694,0.7208914775498609,0.7778993491367615,0.049649486323384506,-0.024099063790962605,0.0,0.16666666666666666
bge_m3,face,face::train::053065.jpg,llm_attribute_list,information_reduced,0.8502833034259489,27,49,5,-0.024531486878188957,0.8,face::test::189457.jpg,0.8858896618862843,0.46938775510204084,0.8523593600713066,0.878352454475143,-0.0020760566453577045,-0.03560635846033533,0.0,0.037037037037037035
bge_m3,face,face::train::053065.jpg,llm_distinctive_first,information_reduced,0.7944015857416432,37,49,5,-0.04209404096947933,0.8,face::train::001042.jpg,0.8364956267111225,0.2653061224489796,0.8021163693125367,0.8246562786779925,-0.007714783570893502,-0.04209404096947933,0.0,0.02702702702702703
bge_m3,face,face::train::143554.jpg,llm_attribute_list,information_reduced,0.8567056636332924,1,49,5,0.03855211644138712,1.0,face::train::114832.jpg,0.8384593224529832,1.0,0.8107040290750143,0.836153457270829,0.046001634558278104,0.01824634118030921,1.0,1.0
bge_m3,face,face::train::143554.jpg,llm_distinctive_first,information_reduced,0.8564607958482513,1,49,5,0.07925860553620989,1.0,face::train::157804.jpg,0.7921737253800821,1.0,0.7611523503110186,0.7844927282579798,0.09530844553723272,0.06428707046816917,1.0,1.0
bge_m3,face,face::train::178182.jpg,llm_attribute_list,information_reduced,0.8003674045413107,44,49,5,-0.041831496694903714,0.0,face::test::189457.jpg,0.8736926878980407,0.12244897959183673,0.8296470741098475,0.8630182030263838,-0.02927966956853678,-0.07332528335672994,0.0,0.022727272727272728
bge_m3,face,face::train::178182.jpg,llm_distinctive_first,information_reduced,0.7741589600414798,35,49,5,-0.023197710354923018,0.2,face::train::166091.jpg,0.8193641182105246,0.30612244897959184,0.7853696975002735,0.809066913654788,-0.011210737458793751,-0.0452051581690448,0.0,0.02857142857142857
bge_m3,face,face::train::063618.jpg,llm_attribute_list,information_reduced,0.8331882303432498,14,49,5,-0.03511896221615729,0.4,face::train::073196.jpg,0.8896881943325967,0.7346938775510204,0.8229733373574988,0.8642854768830683,0.010214892985751067,-0.05649996398934687,0.0,0.07142857142857142
bge_m3,face,face::train::063618.jpg,llm_distinctive_first,information_reduced,0.8015193187919833,12,49,5,-0.008210334791634244,0.2,face::test::185812.jpg,0.8251674570783836,0.7755102040816326,0.7896047865539548,0.8084407142301729,0.011914532238028519,-0.023648138286400222,0.0,0.08333333333333333
bge_m3,face,face::train::089537.jpg,llm_attribute_list,information_reduced,0.8842125810739399,3,49,5,0.013687162064426328,1.0,face::test::189457.jpg,0.8911957634475948,0.9591836734693877,0.8530802618843321,0.8763886063443008,0.031132319189607793,-0.006983182373654917,0.0,0.3333333333333333
bge_m3,face,face::train::089537.jpg,llm_distinctive_first,information_reduced,0.8193922440113283,13,49,5,-0.007159706579874858,0.8,face::test::184003.jpg,0.8443282511713112,0.7551020408163265,0.8018213057530093,0.8323155094487624,0.017570938258319013,-0.024936007159982898,0.0,0.07692307692307693
bge_m3,face,face::train::065762.jpg,llm_attribute_list,information_reduced,0.8738800150992425,8,49,5,0.0001588117373996223,1.0,face::train::073196.jpg,0.903369541392302,0.8571428571428571,0.8571877070778277,0.8859556749652265,0.01669230802141486,-0.029489526293059454,0.0,0.125
bge_m3,face,face::train::065762.jpg,llm_distinctive_first,information_reduced,0.8294819116916125,19,49,5,-0.02116727672547125,0.6,face::train::001042.jpg,0.8506491884170837,0.6326530612244898,0.8255602747663432,0.8459290616419319,0.003921636925269256,-0.02116727672547125,0.0,0.05263157894736842
bge_m3,face,face::train::168471.jpg,llm_attribute_list,information_reduced,0.8872281281384701,2,49,5,0.012282354648633698,1.0,face::train::073196.jpg,0.8877913711459614,0.9795918367346939,0.8502724693818308,0.8811397258485691,0.03695565875663931,-0.0005632430074913319,0.0,0.5
bge_m3,face,face::train::168471.jpg,llm_distinctive_first,information_reduced,0.8158481923568897,1,49,5,0.02002471538247419,1.0,face::train::123459.jpg,0.8070315954020805,1.0,0.7666787706376832,0.7962028566681587,0.04916942171920646,0.008816596954809186,1.0,1.0
bge_m3,face,face::train::101485.jpg,llm_attribute_list,information_reduced,0.8759172356788529,1,49,5,0.018812250408122067,1.0,face::train::073196.jpg,0.8756615466155081,1.0,0.8378401040758088,0.8674839632427394,0.038077131603044156,0.00025568906334483277,1.0,1.0
bge_m3,face,face::train::101485.jpg,llm_distinctive_first,information_reduced,0.8256623501117683,1,49,5,0.029878865919811926,1.0,face::train::157804.jpg,0.8206919438901163,1.0,0.7874525773786603,0.8138868754996001,0.038209772733107994,0.004970406221651902,1.0,1.0
bge_m3,face,face::train::023736.jpg,llm_attribute_list,information_reduced,0.8846854679311775,5,49,5,0.0010347915121686757,1.0,face::train::123459.jpg,0.8949863804571779,0.9183673469387755,0.8501347096624411,0.888004158608838,0.03455075826873644,-0.010300912526000405,0.0,0.2
bge_m3,face,face::train::023736.jpg,llm_distinctive_first,information_reduced,0.8617662449182484,2,49,5,0.020425109186535506,1.0,face::train::109762.jpg,0.8676685656970311,0.9795918367346939,0.7999017395760675,0.8388904990641448,0.06186450534218091,-0.005902320778782721,0.0,0.5
bge_m3,face,face::train::063708.jpg,llm_attribute_list,information_reduced,0.8929455411123639,1,49,5,0.00633467212585026,1.0,face::test::189457.jpg,0.889459679468732,1.0,0.8532898568707994,0.8865284038287862,0.039655684241564515,0.00348586164363196,1.0,1.0
bge_m3,face,face::train::063708.jpg,llm_distinctive_first,information_reduced,0.8146467369773055,3,49,5,0.0052899403496666775,1.0,face::test::185812.jpg,0.8214094897132127,0.9591836734693877,0.7841875336544173,0.8094132569019383,0.030459203322888206,-0.006762752735907207,0.0,0.3333333333333333
bge_m3,face,face::train::138886.jpg,llm_attribute_list,information_reduced,0.792605444123649,47,49,5,-0.047484038162345144,0.4,face::train::073196.jpg,0.8829208822289186,0.061224489795918366,0.8343614182524458,0.8719316208023752,-0.041755974128796836,-0.09031543810526965,0.0,0.02127659574468085
bge_m3,face,face::train::138886.jpg,llm_distinctive_first,information_reduced,0.7950807312984904,41,49,5,-0.014696663413284572,0.2,face::train::123459.jpg,0.84825330592949,0.1836734693877551,0.8042168998543305,0.8310182915900135,-0.009136168555840096,-0.05317257463099956,0.0,0.024390243902439025
bge_m3,face,face::train::149220.jpg,llm_attribute_list,information_reduced,0.8800943777544448,2,49,5,-0.00867986845146973,0.8,face::test::189457.jpg,0.8887742462059145,0.9795918367346939,0.8342673339493872,0.8734441863688871,0.04582704380505753,-0.00867986845146973,0.0,0.5
bge_m3,face,face::train::149220.jpg,llm_distinctive_first,information_reduced,0.8296035788252962,5,49,5,-0.005273619067921453,0.8,face::test::184003.jpg,0.8478948575871164,0.9183673469387755,0.8017359395838934,0.8343970467649695,0.027867639241402786,-0.01829127876182013,0.0,0.2
bge_m3,face,face::train::060309.jpg,llm_attribute_list,information_reduced,0.8662042068749389,5,49,5,-0.019868600694579186,0.8,face::test::185812.jpg,0.8860728075695181,0.9183673469387755,0.8333796906178859,0.8702399446522121,0.03282451625705307,-0.019868600694579186,0.0,0.2
bge_m3,face,face::train::060309.jpg,llm_distinctive_first,information_reduced,0.8539804339451118,1,49,5,0.05400808336775986,1.0,face::train::157804.jpg,0.8015981946901429,1.0,0.7352204496100667,0.7902131829434358,0.11875998433504509,0.052382239254968876,1.0,1.0
bge_m3,face,face::train::025692.jpg,llm_attribute_list,information_reduced,0.8370172531732194,35,49,5,-0.029591539371162323,0.2,face::test::189457.jpg,0.8821882209434122,0.30612244897959184,0.8465905103751021,0.8741352498484012,-0.009573257201882734,-0.045170967770192805,0.0,0.02857142857142857
bge_m3,face,face::train::025692.jpg,llm_distinctive_first,information_reduced,0.7983599727294941,7,49,5,-0.003000659474816536,0.8,face::test::196777.jpg,0.8073499997284386,0.8775510204081632,0.7834702176140665,0.801390273621367,0.014889755115427561,-0.008990026998944467,0.0,0.14285714285714285
bge_m3,face,face::train::060555.jpg,llm_attribute_list,information_reduced,0.8960768813464051,1,49,5,0.0004463303879742586,1.0,face::train::073196.jpg,0.8956305509584308,1.0,0.8543329504176078,0.885132066070578,0.041743930928797246,0.0004463303879742586,1.0,1.0
bge_m3,face,face::train::060555.jpg,llm_distinctive_first,information_reduced,0.785575644421165,32,49,5,-0.010428425589446788,0.8,face::test::196611.jpg,0.8296312266810524,0.3673469387755102,0.7892043751914735,0.8177249378255746,-0.0036287307703084526,-0.04405558225988737,0.0,0.03125
bge_m3,face,face::train::150659.jpg,llm_attribute_list,information_reduced,0.8701583273707334,12,49,5,-0.00350465845066672,0.6,face::test::189457.jpg,0.8918157012352638,0.7755102040816326,0.8570075860050415,0.8848122247268861,0.013150741365691943,-0.02165737386453037,0.0,0.08333333333333333
bge_m3,face,face::train::150659.jpg,llm_distinctive_first,information_reduced,0.7827256721490037,8,49,5,0.006549110947746906,1.0,face::train::143554.jpg,0.8073389775099928,0.8571428571428571,0.7670854587740057,0.7962029541055131,0.01564021337499799,-0.024613305360989157,0.0,0.125
bge_m3,face,face::train::026996.jpg,llm_attribute_list,information_reduced,0.8788410563826319,3,49,5,0.013120117252453656,1.0,face::test::189457.jpg,0.8886916064767447,0.9591836734693877,0.8439621848352568,0.8743658324119002,0.03487887154737512,-0.009850550094112842,0.0,0.3333333333333333
bge_m3,face,face::train::026996.jpg,llm_distinctive_first,information_reduced,0.8157906081718984,5,49,5,0.029099137880871373,1.0,face::test::196777.jpg,0.822794455046975,0.9183673469387755,0.7946596088295199,0.8178205790512049,0.021130999342378498,-0.0070038468750766025,0.0,0.2
bge_m3,face,face::train::082954.jpg,llm_attribute_list,information_reduced,0.8684553268737336,2,49,5,0.02179967970249641,1.0,face::train::073196.jpg,0.8714654739161339,0.9795918367346939,0.8190605406720697,0.8551451118448872,0.04939478620166393,-0.003010147042400324,0.0,0.5
bge_m3,face,face::train::082954.jpg,llm_distinctive_first,information_reduced,0.8233983966116772,2,49,5,0.038662907392639,1.0,face::test::184003.jpg,0.8241357383099247,0.9795918367346939,0.772732984103731,0.8131836377455193,0.050665412507946206,-0.0007373416982474623,0.0,0.5
bge_m3,face,face::train::042973.jpg,llm_attribute_list,information_reduced,0.8400677418065645,18,49,5,-0.0008604534848191125,0.8,face::test::189457.jpg,0.8735653730967059,0.6530612244897959,0.8287789165670287,0.8620245148321225,0.011288825239535782,-0.03349763129014138,0.0,0.05555555555555555
bge_m3,face,face::train::042973.jpg,llm_distinctive_first,information_reduced,0.8002019669217109,12,49,5,-0.012868898173124421,0.8,face::test::185812.jpg,0.817003320022806,0.7755102040816326,0.787692423897246,0.8107914173658776,0.012509543024464831,-0.016801353101095096,0.0,0.08333333333333333
bge_m3,face,face::train::092618.jpg,llm_attribute_list,information_reduced,0.8738844671087345,10,49,5,-0.011863731023029622,0.6,face::test::189457.jpg,0.889787980146801,0.8163265306122449,0.8572427164941221,0.8878032016700738,0.01664175061461237,-0.015903513038066586,0.0,0.1
bge_m3,face,face::train::092618.jpg,llm_distinctive_first,information_reduced,0.7728154368784196,7,49,5,-0.004384744302032395,0.8,face::test::185812.jpg,0.7971338167476566,0.8775510204081632,0.7542969920784945,0.7778031689832309,0.018518444799925038,-0.024318379869237017,0.0,0.14285714285714285
bge_m3,face,face::train::073196.jpg,llm_attribute_list,information_reduced,0.9020280300653132,1,49,5,0.017555127261168924,1.0,face::test::189457.jpg,0.8846465157633714,1.0,0.8485715643769318,0.8784341980750469,0.05345646568838136,0.01738151430194179,1.0,1.0
bge_m3,face,face::train::073196.jpg,llm_distinctive_first,information_reduced,0.7917526237818213,17,49,5,-0.023753392821929564,0.4,face::train::109762.jpg,0.8368710205357195,0.673469387755102,0.778862163657441,0.8145926256267302,0.012890460124380332,-0.04511839675389817,0.0,0.058823529411764705
bge_m3,face,face::train::178129.jpg,llm_attribute_list,information_reduced,0.8660169633220991,7,49,5,0.0008725173673722608,1.0,face::test::185812.jpg,0.8869498704066274,0.8775510204081632,0.84356745407728,0.8760113944059132,0.022449509244819144,-0.02093290708452833,0.0,0.14285714285714285
bge_m3,face,face::train::178129.jpg,llm_distinctive_first,information_reduced,0.7475227616683652,13,49,5,-0.007000778051741263,0.6,face::test::185812.jpg,0.7721585982752103,0.7551020408163265,0.7372734816819534,0.7639205911904068,0.010249279986411786,-0.024635836606845096,0.0,0.07692307692307693
bge_m3,face,face::train::123459.jpg,llm_attribute_list,information_reduced,0.886814142073828,1,49,5,0.0028571954577283343,1.0,face::test::185812.jpg,0.8839569466160997,1.0,0.8395154529762174,0.8746868176074497,0.04729868909761059,0.0028571954577283343,1.0,1.0
bge_m3,face,face::train::123459.jpg,llm_distinctive_first,information_reduced,0.8194723625459182,1,49,5,0.005531619828052392,1.0,face::test::185812.jpg,0.8139407427178658,1.0,0.7680479759901215,0.798920523286483,0.05142438655579662,0.005531619828052392,1.0,1.0
bge_m3,face,face::train::088914.jpg,llm_attribute_list,information_reduced,0.8641465615624605,4,49,5,-0.00432756683452451,0.8,face::test::185812.jpg,0.8699392533248549,0.9387755102040817,0.836370280633769,0.8649098718473439,0.027776280928691555,-0.005792691762394386,0.0,0.25
bge_m3,face,face::train::088914.jpg,llm_distinctive_first,information_reduced,0.8157398791575907,1,49,5,0.02949627258378862,1.0,face::train::143554.jpg,0.7972732811928123,1.0,0.7615732962311175,0.7866659293004034,0.05416658292647325,0.018466597964778453,1.0,1.0
bge_m3,face,face::train::141457.jpg,llm_attribute_list,information_reduced,0.854191421542607,10,49,5,-0.008073857126534634,0.8,face::test::185812.jpg,0.8745848443608796,0.8163265306122449,0.8345582329121978,0.8606036279604438,0.019633188630409193,-0.02039342281827261,0.0,0.1
bge_m3,face,face::train::141457.jpg,llm_distinctive_first,information_reduced,0.8067656835901411,1,49,5,0.03958013489280621,1.0,face::train::138886.jpg,0.7852211222002558,1.0,0.7434428408709377,0.7780061650775824,0.06332284271920341,0.021544561389885364,1.0,1.0
bge_m3,face,face::train::001042.jpg,llm_attribute_list,information_reduced,0.8776293183123629,1,49,5,0.01902054364584338,1.0,face::test::185812.jpg,0.8703542720603494,1.0,0.830634912631686,0.8578505089928979,0.04699440568067692,0.007275046252013473,1.0,1.0
bge_m3,face,face::train::001042.jpg,llm_distinctive_first,information_reduced,0.8449683292121092,1,49,5,0.044260184986616546,1.0,face::train::109762.jpg,0.8358173270303372,1.0,0.7989488109015186,0.8250127533339445,0.04601951831059059,0.009151002181772006,1.0,1.0
bge_m3,face,face::train::032580.jpg,llm_attribute_list,information_reduced,0.8914951911468751,1,49,5,0.0010536922954966776,1.0,face::train::073196.jpg,0.8904414988513785,1.0,0.8236993092606515,0.869033883976335,0.06779588188622365,0.0010536922954966776,1.0,1.0
bge_m3,face,face::train::032580.jpg,llm_distinctive_first,information_reduced,0.8334348659811308,1,49,5,0.011361149045021723,1.0,face::train::109762.jpg,0.8259907531543983,1.0,0.7832827413831416,0.8204269686416097,0.050152124597989234,0.0074441128267325185,1.0,1.0
bge_m3,face,face::train::109762.jpg,llm_attribute_list,information_reduced,0.8777875059640623,2,49,5,-0.0026212108307983595,0.8,face::train::073196.jpg,0.8804087167948607,0.9795918367346939,0.8381475319299805,0.8709615803770172,0.039639974034081815,-0.0026212108307983595,0.0,0.5
bge_m3,face,face::train::109762.jpg,llm_distinctive_first,information_reduced,0.8093048839623644,2,49,5,0.024810703612480944,1.0,face::test::185812.jpg,0.8098284960198432,0.9795918367346939,0.7706551176425881,0.796698942983896,0.038649766319776346,-0.0005236120574787506,0.0,0.5
bge_m3,face,face::test::189457.jpg,llm_attribute_list,information_reduced,0.8776694391314609,4,49,5,-0.010194457320739758,0.8,face::train::073196.jpg,0.8878638964522007,0.9387755102040817,0.8473712395902457,0.8805377234299073,0.030298199541215154,-0.010194457320739758,0.0,0.25
bge_m3,face,face::test::189457.jpg,llm_distinctive_first,information_reduced,0.8395716756928718,2,49,5,-0.015718154255364936,0.8,face::test::196777.jpg,0.8552898299482368,0.9795918367346939,0.7635816835670743,0.8246643963848533,0.07598999212579749,-0.015718154255364936,0.0,0.5
bge_m3,face,face::test::186223.jpg,llm_attribute_list,information_reduced,0.8889968273090856,1,49,5,0.0170166417233395,1.0,face::test::185812.jpg,0.8755091855680945,1.0,0.8421139552328227,0.871451275638454,0.04688287207626285,0.013487641740991041,1.0,1.0
bge_m3,face,face::test::186223.jpg,llm_distinctive_first,information_reduced,0.7826028774352509,1,49,5,0.04777331231535531,1.0,face::train::143554.jpg,0.7600614410624607,1.0,0.7131309842763105,0.7511873481904308,0.06947189315894042,0.02254143637279027,1.0,1.0
bge_m3,face,face::test::185812.jpg,llm_attribute_list,information_reduced,0.9082656266734691,1,49,5,0.020918959841312423,1.0,face::train::073196.jpg,0.8873466668321567,1.0,0.8448303978674614,0.8759752943219713,0.06343522880600772,0.020918959841312423,1.0,1.0
bge_m3,face,face::test::185812.jpg,llm_distinctive_first,information_reduced,0.7859343542513756,1,49,5,0.038939774874797384,1.0,face::train::060309.jpg,0.7602493451280581,1.0,0.731995491649319,0.755427447952459,0.0539388626020566,0.025685009123317504,1.0,1.0
bge_m3,face,face::test::189858.jpg,llm_attribute_list,information_reduced,0.7868960819791547,38,49,5,-0.02500600253219243,0.4,face::train::123459.jpg,0.8484362219059969,0.24489795918367346,0.8079748288718418,0.840587872060584,-0.021078746892687072,-0.06154013992684215,0.0,0.02631578947368421
bge_m3,face,face::test::189858.jpg,llm_distinctive_first,information_reduced,0.7841385641816371,22,49,5,0.002029350081725778,1.0,face::test::196777.jpg,0.8077218911006687,0.5714285714285714,0.7798104020426023,0.804261843489803,0.0043281621390347524,-0.023583326919031644,0.0,0.045454545454545456
bge_m3,face,face::test::183801.jpg,llm_attribute_list,information_reduced,0.860603648885012,16,49,5,-0.0077487640045319495,0.8,face::train::073196.jpg,0.8892965308018717,0.6938775510204082,0.8485219191014676,0.8804660056499201,0.012081729783544382,-0.028692881916859703,0.0,0.0625
bge_m3,face,face::test::183801.jpg,llm_distinctive_first,information_reduced,0.8071549463455381,5,49,5,0.024810469145056135,1.0,face::train::166091.jpg,0.8155459128559617,0.9183673469387755,0.7837622512000634,0.8115066937685821,0.023392695145474707,-0.008390966510423592,0.0,0.2
bge_m3,face,face::test::188858.jpg,llm_attribute_list,information_reduced,0.8148514481726402,44,49,5,-0.028937548542061653,0.2,face::test::189457.jpg,0.882389555199611,0.12244897959183673,0.8437889967147019,0.8702965304192442,-0.028937548542061653,-0.06753810702697083,0.0,0.022727272727272728
bge_m3,face,face::test::188858.jpg,llm_distinctive_first,information_reduced,0.8066305519750823,23,49,5,-0.015190835964863592,0.8,face::train::001042.jpg,0.8389533087470433,0.5510204081632653,0.8046511482092085,0.8295236109155026,0.0019794037658737995,-0.03232275677196106,0.0,0.043478260869565216
bge_m3,face,face::test::196777.jpg,llm_attribute_list,information_reduced,0.8683523438005052,11,49,5,-0.016438778563875767,0.6,face::train::073196.jpg,0.8888130970365071,0.7959183673469388,0.8478523202053718,0.8811366512539385,0.020500023595133365,-0.02046075323600194,0.0,0.09090909090909091
bge_m3,face,face::test::196777.jpg,llm_distinctive_first,information_reduced,0.8478624498766139,1,49,5,0.029403588023698024,1.0,face::test::184003.jpg,0.821446193847925,1.0,0.7795082739516122,0.8062494293980959,0.0683541759250017,0.0264162560286888,1.0,1.0
bge_m3,face,face::test::184003.jpg,llm_attribute_list,information_reduced,0.9002566088903392,1,49,5,0.008999029743853582,1.0,face::train::073196.jpg,0.8917697393088339,1.0,0.8522982586020244,0.8777564132589807,0.047958350288314855,0.008486869581505352,1.0,1.0
bge_m3,face,face::test::184003.jpg,llm_distinctive_first,information_reduced,0.8617987335481111,1,49,5,0.011373862057289852,1.0,face::train::109762.jpg,0.85250799576517,1.0,0.817570947975532,0.8428947590674537,0.044227785572579115,0.009290737782941094,1.0,1.0
bge_m3,face,face::test::201409.jpg,llm_attribute_list,information_reduced,0.8740150122586415,1,49,5,0.01805310266558635,1.0,face::train::123459.jpg,0.8559619095930552,1.0,0.8226669162364981,0.850016272710537,0.05134809602214341,0.01805310266558635,1.0,1.0
bge_m3,face,face::test::201409.jpg,llm_distinctive_first,information_reduced,0.7824761549440465,2,49,5,0.0005488189330108417,1.0,face::train::001042.jpg,0.7824913247765967,0.9795918367346939,0.7450983603997606,0.7764641245545487,0.037377794544285914,-1.5169832550121498e-05,0.0,0.5
bge_m3,face,face::test::196611.jpg,llm_attribute_list,information_reduced,0.7650217448185201,47,49,5,-0.038586616450917655,0.4,face::train::073196.jpg,0.8628557278474446,0.061224489795918366,0.8042280503342041,0.8458860042608727,-0.03920630551568394,-0.09783398302892443,0.0,0.02127659574468085
bge_m3,face,face::test::196611.jpg,llm_distinctive_first,information_reduced,0.8199641195367717,1,49,5,0.08148364834025812,1.0,face::train::138886.jpg,0.7842923585849269,1.0,0.6897500328853002,0.7492027364338756,0.1302140866514715,0.03567176095184488,1.0,1.0
bge_m3,person,person::train::00197_4.png,control_synonym,semantic_preserving,0.9970349550681279,1,49,5,0.1349328068695378,1.0,person::train::01742_4.jpg,0.8621021481985901,1.0,0.6898662434618883,0.7943909289361715,0.3071687116062396,0.1349328068695378,1.0,1.0
bge_m3,person,person::train::00197_4.png,control_one_fact,semantic_changed,0.9923199297696764,1,49,5,0.1310744029416827,1.0,person::train::01742_4.jpg,0.8612455268279937,1.0,0.688509453940125,0.7866611885578413,0.30381047582955145,0.1310744029416827,1.0,1.0
bge_m3,person,person::query::26685_1.jpg,control_synonym,semantic_preserving,0.971154061615944,1,49,5,0.06763017381955094,1.0,person::train::06597_2.jpg,0.903523887796393,1.0,0.7782524450684527,0.8826318645715149,0.19290161654749127,0.06763017381955094,1.0,1.0
bge_m3,person,person::query::26685_1.jpg,control_one_fact,semantic_changed,0.9360423942289177,1,49,5,0.05252895942920921,1.0,person::query::26943_3.jpg,0.9141921157654876,1.0,0.7767004719641974,0.873615055322632,0.15934192226472021,0.021850278463430017,1.0,1.0
bge_m3,person,person::gallery::26474_5.jpg,control_synonym,semantic_preserving,0.9494788000228391,1,49,5,0.07331525738527933,1.0,person::gallery::26774_3.jpg,0.8761635426375598,1.0,0.7900215382327134,0.8483313206324105,0.15945726179012576,0.07331525738527933,1.0,1.0
bge_m3,person,person::gallery::26474_5.jpg,control_one_fact,semantic_changed,0.9445041617886714,1,49,5,0.06393971887828487,1.0,person::gallery::26774_3.jpg,0.8805644429103865,1.0,0.7887119225929629,0.85101780376825,0.1557922391957085,0.06393971887828487,1.0,1.0
bge_m3,person,person::train::03736_1.jpg,control_synonym,semantic_preserving,0.9715618403454337,1,49,5,0.1226831478344631,1.0,person::train::02167_1.jpg,0.8488786925109706,1.0,0.783491040347057,0.8436222064559723,0.18807079999837673,0.1226831478344631,1.0,1.0
bge_m3,person,person::train::03736_1.jpg,control_one_fact,semantic_changed,0.9694672154164765,1,49,5,0.12501875316922728,1.0,person::gallery::26774_3.jpg,0.8444484622472492,1.0,0.7787733276692724,0.8413334926830458,0.19069388774720408,0.12501875316922728,1.0,1.0
bge_m3,person,person::query::14604_1.png,control_one_fact,semantic_changed,0.960733838672021,1,49,5,0.0662012129615116,1.0,person::train::06085_7.jpg,0.8945326257105094,1.0,0.7691375456838654,0.8685068325852806,0.19159629298815561,0.0662012129615116,1.0,1.0
bge_m3,vehicle,vehicle::train_images::19666_c077_02.jpg,control_synonym,semantic_preserving,0.88359790995474,1,49,5,0.10271184406979295,1.0,vehicle::train_images::13946_c012_04.jpg,0.780886065884947,1.0,0.6137950042454732,0.699330029264429,0.2698029057092668,0.10271184406979295,1.0,1.0
bge_m3,vehicle,vehicle::train_images::19666_c077_02.jpg,control_one_fact,semantic_changed,0.8889923535887574,1,49,5,0.07843187487440817,1.0,vehicle::train_images::13946_c012_04.jpg,0.8105604787143492,1.0,0.62742753435799,0.7450607442716775,0.26156481923076735,0.07843187487440817,1.0,1.0
bge_m3,vehicle,vehicle::query_images::20204_c041_01.jpg,control_synonym,semantic_preserving,0.8987866539002524,1,49,5,0.03814361182741266,1.0,vehicle::train_images::16253_c139_00.jpg,0.8606430420728397,1.0,0.6783776552659037,0.7749568946099163,0.2204089986343487,0.03814361182741266,1.0,1.0
bge_m3,vehicle,vehicle::query_images::20204_c041_01.jpg,control_one_fact,semantic_changed,0.8416385550994634,1,49,5,0.04473886521783155,1.0,vehicle::train_images::16253_c139_00.jpg,0.7968996898816318,1.0,0.6967145457298096,0.7633769386898633,0.14492400936965377,0.04473886521783155,1.0,1.0
bge_m3,vehicle,vehicle::gallery_images::20591_c110_03.jpg,control_synonym,semantic_preserving,0.9231470085335451,1,49,5,0.14880869596177637,1.0,vehicle::query_images::20949_c003_01.jpg,0.7743383125717688,1.0,0.6332224923213376,0.7132363319220775,0.2899245162122075,0.14880869596177637,1.0,1.0
bge_m3,vehicle,vehicle::gallery_images::20591_c110_03.jpg,control_one_fact,semantic_changed,0.8941554331742114,1,49,5,0.10537712221358764,1.0,vehicle::gallery_images::21199_c014_04.jpg,0.7887783109606238,1.0,0.650584578856527,0.7353638219639776,0.24357085431768444,0.10537712221358764,1.0,1.0
bge_m3,vehicle,vehicle::train_images::13184_c012_02.jpg,control_synonym,semantic_preserving,0.963871936311038,1,49,5,0.119586812163887,1.0,vehicle::train_images::05685_c100_04.jpg,0.844285124147151,1.0,0.6832424574307991,0.7743107894643222,0.2806294788802388,0.119586812163887,1.0,1.0
bge_m3,vehicle,vehicle::train_images::13184_c012_02.jpg,control_one_fact,semantic_changed,0.9552479758185124,1,49,5,0.12411090527118418,1.0,vehicle::train_images::05685_c100_04.jpg,0.8311370705473282,1.0,0.674551708807511,0.768807287616936,0.28069626701100137,0.12411090527118418,1.0,1.0
bge_m3,vehicle,vehicle::query_images::21022_c078_01.jpg,control_synonym,semantic_preserving,0.9348627514774157,1,49,5,0.14593439315120005,1.0,vehicle::train_images::19520_c034_01.jpg,0.7889283583262157,1.0,0.6295845963941888,0.7402691457259373,0.30527815508322687,0.14593439315120005,1.0,1.0
bge_m3,vehicle,vehicle::query_images::21022_c078_01.jpg,control_one_fact,semantic_changed,0.9109367377760677,1,49,5,0.13608102537164135,1.0,vehicle::train_images::19520_c034_01.jpg,0.7748557124044263,1.0,0.6495383236162896,0.7267272378581425,0.26139841415977805,0.13608102537164135,1.0,1.0
bge_m3,face,face::train::170623.jpg,control_synonym,semantic_preserving,0.8308166552278959,3,49,5,-0.018722290638222394,0.8,face::train::109762.jpg,0.8495389458661183,0.9591836734693877,0.7375297122527995,0.8161491579591356,0.09328694297509643,-0.018722290638222394,0.0,0.3333333333333333
bge_m3,face,face::train::170623.jpg,control_one_fact,semantic_changed,0.8223571229162022,3,49,5,-0.022510312790904097,0.8,face::train::109762.jpg,0.8448674357071063,0.9591836734693877,0.7319149344705445,0.8094464975536979,0.09044218844565777,-0.022510312790904097,0.0,0.3333333333333333
bge_m3,face,face::test::189457.jpg,control_one_fact,semantic_changed,0.8877024877230741,2,49,5,-0.0065806700288495446,0.8,face::test::196777.jpg,0.8942831577519237,0.9795918367346939,0.7973667674751053,0.8789326612281435,0.09033572024796888,-0.0065806700288495446,0.0,0.5
bge_m3,face,face::train::081413.jpg,control_one_fact,semantic_changed,0.7926499669814906,1,49,5,0.018532950795884684,1.0,face::train::063618.jpg,0.7741170161856059,1.0,0.6588030100340099,0.7545911418296567,0.13384695694748072,0.018532950795884684,1.0,1.0
bge_m3,face,face::test::186223.jpg,control_synonym,semantic_preserving,0.708681765280146,6,49,5,0.0182197230962301,1.0,face::test::196611.jpg,0.7741942514215148,0.8979591836734694,0.6380564936356438,0.7130111871610315,0.07062527164450227,-0.06551248614136873,0.0,0.16666666666666666
bge_m3,face,face::test::186223.jpg,control_one_fact,semantic_changed,0.7002465062637553,5,49,5,0.017399560555137028,1.0,face::test::196611.jpg,0.7579853813921554,0.9183673469387755,0.63267279206709,0.7061744262025803,0.06757371419666525,-0.05773887512840015,0.0,0.2
bge_m3,face,face::train::137722.jpg,control_synonym,semantic_preserving,0.7737034872506544,1,49,5,0.06714027823853563,1.0,face::train::138886.jpg,0.7622620617068143,1.0,0.6683301706087859,0.7342655045623717,0.10537331664186855,0.01144142554384009,1.0,1.0
bge_m3,face,face::train::137722.jpg,control_one_fact,semantic_changed,0.7630155394065496,1,49,5,0.06610373345857035,1.0,face::train::138886.jpg,0.7575957535170017,1.0,0.6611911329161911,0.7226876136285408,0.10182440649035851,0.005419785889547946,1.0,1.0
bge_m3,person,person::train::06597_2.jpg,control_synonym,semantic_preserving,0.988830218079856,1,49,5,0.04479834971559349,1.0,person::train::00233_10.png,0.9440318683642626,1.0,0.7910957256390477,0.9181948419404962,0.19773449244080832,0.04479834971559349,1.0,1.0
bge_m3,person,person::train::10977_1.jpg,control_synonym,semantic_preserving,0.9724854161168386,1,49,5,0.12549573314008022,1.0,person::train::11561_6.jpg,0.8469896829767584,1.0,0.7154937446269523,0.8336019479983264,0.25699167148988633,0.12549573314008022,1.0,1.0
bge_m3,person,person::train::10977_1.jpg,control_one_fact,semantic_changed,0.9701032577927254,1,49,5,0.13092723957421326,1.0,person::train::11561_6.jpg,0.8391760182185122,1.0,0.7077193080566075,0.8314448619178784,0.2623839497361179,0.13092723957421326,1.0,1.0
bge_m3,person,person::train::12050_5.jpg,control_synonym,semantic_preserving,0.9449066629654445,1,49,5,0.0937615995482598,1.0,person::train::09751_6.jpg,0.8511450634171847,1.0,0.7478722122478989,0.8198503656808311,0.19703445071754555,0.0937615995482598,1.0,1.0
bge_m3,person,person::train::12050_5.jpg,control_one_fact,semantic_changed,0.9369770235165111,1,49,5,0.07931353299534583,1.0,person::train::09751_6.jpg,0.8576634905211653,1.0,0.7604240394081165,0.8386991186215814,0.1765529841083946,0.07931353299534583,1.0,1.0
bge_m3,person,person::train::08529_4.jpg,control_synonym,semantic_preserving,0.96749285101498,1,49,5,0.09330292114419148,1.0,person::train::01108_7.png,0.8741899298707885,1.0,0.783729831379709,0.8449395384779436,0.18376301963527097,0.09330292114419148,1.0,1.0
bge_m3,person,person::train::08529_4.jpg,control_one_fact,semantic_changed,0.9675578261895827,1,49,5,0.08924056855914264,1.0,person::gallery::26789_1.jpg,0.8783172576304401,1.0,0.7866198787302883,0.8502496480099808,0.18093794745929448,0.08924056855914264,1.0,1.0
bge_m3,person,person::train::01742_4.jpg,control_synonym,semantic_preserving,0.9596278324548675,1,49,5,0.11005859480225277,1.0,person::train::00197_4.png,0.8495692376526147,1.0,0.7015374760186595,0.8006456498414242,0.25809035643620803,0.11005859480225277,1.0,1.0
bge_m3,person,person::train::01742_4.jpg,control_one_fact,semantic_changed,0.956816799504749,1,49,5,0.11171372371077104,1.0,person::train::00197_4.png,0.8451030757939779,1.0,0.6972267283709801,0.7929032694838739,0.25959007113376886,0.11171372371077104,1.0,1.0
bge_m3,person,person::train::05158_3.jpg,control_synonym,semantic_preserving,0.971481220836095,1,49,5,0.10809394007838813,1.0,person::train::01108_7.png,0.8633872807577069,1.0,0.7665578930336773,0.8536058178249997,0.20492332780241773,0.10809394007838813,1.0,1.0
bge_m3,person,person::train::05158_3.jpg,control_one_fact,semantic_changed,0.9217504341753002,1,49,5,0.07213671829804436,1.0,person::train::01108_7.png,0.8496137158772559,1.0,0.7526072500450007,0.8268079795697537,0.1691431841302995,0.07213671829804436,1.0,1.0
bge_m3,person,person::train::02167_1.jpg,control_synonym,semantic_preserving,0.9192757514247267,1,49,5,0.09631101293855071,1.0,person::gallery::14888_1.png,0.822964738486176,1.0,0.7405330938242153,0.8011860139697897,0.17874265760051145,0.09631101293855071,1.0,1.0
bge_m3,person,person::train::02167_1.jpg,control_one_fact,semantic_changed,0.9200211870271373,1,49,5,0.09564021754393126,1.0,person::gallery::14888_1.png,0.824380969483206,1.0,0.740471315049238,0.8042458968081663,0.1795498719778993,0.09564021754393126,1.0,1.0
bge_m3,person,person::train::00233_10.png,control_synonym,semantic_preserving,0.9875660474322806,1,49,5,0.03855009003848042,1.0,person::train::06597_2.jpg,0.9490159573938002,1.0,0.7982321140185473,0.8962701153297573,0.18933393341373328,0.03855009003848042,1.0,1.0
bge_m3,person,person::train::00233_10.png,control_one_fact,semantic_changed,0.9859538042315972,1,49,5,0.03570272818515163,1.0,person::train::06597_2.jpg,0.9502510760464455,1.0,0.798103158415222,0.9026788129617044,0.18785064581637523,0.03570272818515163,1.0,1.0
bge_m3,person,person::train::01108_7.png,control_synonym,semantic_preserving,0.9750369592966771,1,49,5,0.07508928714133856,1.0,person::gallery::26774_3.jpg,0.8999476721553386,1.0,0.7979276428121167,0.8565347730883927,0.1771093164845604,0.07508928714133856,1.0,1.0
bge_m3,person,person::train::06085_7.jpg,control_synonym,semantic_preserving,0.9293480918920802,1,49,5,0.043128830301810694,1.0,person::query::26789_3.jpg,0.8862192615902695,1.0,0.771973121575011,0.8703659720253165,0.15737497031706926,0.043128830301810694,1.0,1.0
bge_m3,person,person::train::06085_7.jpg,control_one_fact,semantic_changed,0.9288442882500347,1,49,5,0.03705072847073232,1.0,person::query::26789_3.jpg,0.8917935597793024,1.0,0.7771749392568315,0.8690974802312286,0.15166934899320328,0.03705072847073232,1.0,1.0
bge_m3,person,person::train::12462_1.jpg,control_synonym,semantic_preserving,0.9884901252484338,1,49,5,0.04889994180608226,1.0,person::train::06597_2.jpg,0.9395901834423516,1.0,0.7797787231076271,0.8886645756405986,0.20871140214080675,0.04889994180608226,1.0,1.0
bge_m3,person,person::train::12462_1.jpg,control_one_fact,semantic_changed,0.9552896473888609,1,49,5,0.025564288966326343,1.0,person::train::06597_2.jpg,0.9297253584225346,1.0,0.7730815001765973,0.8862459367522683,0.18220814721226364,0.025564288966326343,1.0,1.0
bge_m3,person,person::train::01924_2.jpg,control_synonym,semantic_preserving,0.9385206819989623,1,49,5,0.13823135413305976,1.0,person::gallery::26774_3.jpg,0.8002893278659026,1.0,0.7285259991539985,0.789644215020876,0.2099946828449638,0.13823135413305976,1.0,1.0
bge_m3,person,person::train::01924_2.jpg,control_one_fact,semantic_changed,0.9380330782961217,1,49,5,0.1331052152648069,1.0,person::gallery::26774_3.jpg,0.8049278630313148,1.0,0.7331531837282623,0.792653049121851,0.20487989456785938,0.1331052152648069,1.0,1.0
bge_m3,person,person::train::00969_2.png,control_synonym,semantic_preserving,0.8936679056710221,1,49,5,0.06576175653843641,1.0,person::train::00837_3.png,0.8509494577447915,1.0,0.7668357503954801,0.8276989158545938,0.12683215527554192,0.042718447926230585,1.0,1.0
bge_m3,person,person::train::00969_2.png,control_one_fact,semantic_changed,0.9001011714639225,1,49,5,0.052613119927477636,1.0,person::train::00837_3.png,0.8588471312094561,1.0,0.7766801677112307,0.8324059684813305,0.12342100375269183,0.04125404025446644,1.0,1.0
bge_m3,person,person::train::09634_1.jpg,control_synonym,semantic_preserving,0.9281893540070612,1,49,5,0.10248842523476276,1.0,person::train::10252_1.jpg,0.8257009287722984,1.0,0.6972775144316392,0.7876190000432339,0.23091183957542194,0.10248842523476276,1.0,1.0
bge_m3,person,person::train::09634_1.jpg,control_one_fact,semantic_changed,0.9306486048548239,1,49,5,0.1077340282558823,1.0,person::train::10252_1.jpg,0.8229145765989416,1.0,0.6959986480104863,0.7906630784055456,0.23464995684433765,0.1077340282558823,1.0,1.0
bge_m3,person,person::train::11561_6.jpg,control_synonym,semantic_preserving,0.9714767320764063,1,49,5,0.11652432023101322,1.0,person::train::02319_1.jpg,0.8549524118453931,1.0,0.7308444771656348,0.8375691608933828,0.24063225491077145,0.11652432023101322,1.0,1.0
bge_m3,person,person::train::11561_6.jpg,control_one_fact,semantic_changed,0.9447718940287827,1,49,5,0.08340405275848817,1.0,person::train::02319_1.jpg,0.8613678412702945,1.0,0.7281688576888814,0.8301293787778885,0.2166030363399013,0.08340405275848817,1.0,1.0
bge_m3,person,person::train::08528_6.jpg,control_one_fact,semantic_changed,0.9455920397040367,1,49,5,0.07670565665267137,1.0,person::train::05158_3.jpg,0.8784892452257738,1.0,0.8003974981982845,0.864250015559308,0.14519454150575217,0.06710279447826295,1.0,1.0
bge_m3,person,person::train::01287_5.jpg,control_synonym,semantic_preserving,0.9113084386288082,1,49,5,0.07541551549952485,1.0,person::train::10252_1.jpg,0.8358929231292833,1.0,0.7693765058955107,0.8083015568833068,0.14193193273329752,0.07541551549952485,1.0,1.0
bge_m3,person,person::train::01287_5.jpg,control_one_fact,semantic_changed,0.911205755140397,1,49,5,0.08014795761517213,1.0,person::train::10252_1.jpg,0.8310577975252249,1.0,0.7698425387743322,0.8087216531487055,0.14136321636606486,0.08014795761517213,1.0,1.0
bge_m3,person,person::train::10252_1.jpg,control_synonym,semantic_preserving,0.9538923249912192,1,49,5,0.07846882646116238,1.0,person::train::11561_6.jpg,0.8754234985300569,1.0,0.7490830714489978,0.83999527843034,0.20480925354222146,0.07846882646116238,1.0,1.0
bge_m3,person,person::train::10252_1.jpg,control_one_fact,semantic_changed,0.9365436833865188,1,49,5,0.0579222798619603,1.0,person::train::09634_1.jpg,0.8786214035245585,1.0,0.7397937927330599,0.8369974392740679,0.19674989065345894,0.0579222798619603,1.0,1.0
bge_m3,person,person::train::08924_1.jpg,control_synonym,semantic_preserving,0.978240468489437,1,49,5,0.10415384023053609,1.0,person::query::27008_3.jpg,0.8740866282589009,1.0,0.7033000996419188,0.821199151457372,0.27494036884751827,0.10415384023053609,1.0,1.0
bge_m3,person,person::train::02319_1.jpg,control_synonym,semantic_preserving,0.9292883869107083,1,49,5,0.059026284226330716,1.0,person::train::01924_2.jpg,0.8702621026843775,1.0,0.7783881315836343,0.8326329350098443,0.15090025532707396,0.059026284226330716,1.0,1.0
bge_m3,person,person::train::02319_1.jpg,control_one_fact,semantic_changed,0.9249022775892155,1,49,5,0.0585703514586996,1.0,person::train::11561_6.jpg,0.8663319261305159,1.0,0.7801386174422055,0.8279964979791204,0.14476366014701003,0.0585703514586996,1.0,1.0
bge_m3,person,person::train::09715_3.jpg,control_synonym,semantic_preserving,0.9762132298040285,1,49,5,0.0990232714419127,1.0,person::train::05158_3.jpg,0.8771899583621158,1.0,0.7608805911505987,0.840493500560278,0.21533263865342978,0.0990232714419127,1.0,1.0
bge_m3,person,person::train::09715_3.jpg,control_one_fact,semantic_changed,0.9529747380826834,1,49,5,0.10581009263804853,1.0,person::train::05158_3.jpg,0.8471646454446349,1.0,0.7601609088136967,0.8311517198629791,0.19281382926898671,0.10581009263804853,1.0,1.0
bge_m3,person,person::train::13508_2.jpg,control_synonym,semantic_preserving,0.9819761668591094,1,49,5,0.20182566799212065,1.0,person::train::10252_1.jpg,0.7801504988669887,1.0,0.6705745001953448,0.7514806996945348,0.31140166666376456,0.20182566799212065,1.0,1.0
bge_m3,person,person::train::13508_2.jpg,control_one_fact,semantic_changed,0.9539174118661492,1,49,5,0.1664221562574527,1.0,person::train::09634_1.jpg,0.7874952556086965,1.0,0.6508108515998914,0.7496385192624391,0.3031065602662578,0.1664221562574527,1.0,1.0
bge_m3,person,person::train::09751_6.jpg,control_synonym,semantic_preserving,0.9629053154748174,1,49,5,0.0711360360301675,1.0,person::query::26943_3.jpg,0.8917692794446499,1.0,0.7870642018263432,0.872816282211618,0.1758411136484742,0.0711360360301675,1.0,1.0
bge_m3,person,person::train::09751_6.jpg,control_one_fact,semantic_changed,0.9486464195587773,1,49,5,0.05758703720698455,1.0,person::train::06597_2.jpg,0.8990207834487454,1.0,0.7988393817772012,0.8851556434743448,0.1498070377815761,0.0496256361100319,1.0,1.0
bge_m3,person,person::train::11903_4.jpg,control_synonym,semantic_preserving,0.9027448361325137,1,49,5,0.07581948278335182,1.0,person::train::09634_1.jpg,0.8269253533491618,1.0,0.687117247946686,0.787835358886018,0.2156275881858276,0.07581948278335182,1.0,1.0
bge_m3,person,person::train::11903_4.jpg,control_one_fact,semantic_changed,0.8992803901694109,1,49,5,0.07425690709104593,1.0,person::train::09634_1.jpg,0.8250234830783649,1.0,0.6919568833864589,0.7975783391544747,0.20732350678295197,0.07425690709104593,1.0,1.0
bge_m3,person,person::train::03720_4.jpg,control_synonym,semantic_preserving,0.9642553819765833,1,49,5,0.24190582067588862,1.0,person::train::02319_1.jpg,0.7223495613006947,1.0,0.6229329697946275,0.6894298862619469,0.3413224121819558,0.24190582067588862,1.0,1.0
bge_m3,person,person::train::03720_4.jpg,control_one_fact,semantic_changed,0.9647337029060015,1,49,5,0.2433418969257224,1.0,person::train::02319_1.jpg,0.7213918059802791,1.0,0.6295319932917894,0.6874111045197914,0.33520170961421203,0.2433418969257224,1.0,1.0
bge_m3,person,person::train::26249_12.jpg,control_synonym,semantic_preserving,0.9414913630562642,1,49,5,0.17963092110337242,1.0,person::train::00837_3.png,0.7618604419528918,1.0,0.6421838285759014,0.7147264288459173,0.29930753448036285,0.17963092110337242,1.0,1.0
bge_m3,person,person::train::26249_12.jpg,control_one_fact,semantic_changed,0.9283780281838545,1,49,5,0.1747091153850524,1.0,person::train::00837_3.png,0.7536689127988021,1.0,0.6391059153978198,0.7101800541928598,0.2892721127860347,0.1747091153850524,1.0,1.0
bge_m3,person,person::train::08634_3.jpg,control_synonym,semantic_preserving,0.9338359710795151,1,49,5,0.09447843656888144,1.0,person::train::09634_1.jpg,0.8393575345106337,1.0,0.7042176285049037,0.8111411392903752,0.22961834257461144,0.09447843656888144,1.0,1.0
bge_m3,person,person::train::08634_3.jpg,control_one_fact,semantic_changed,0.9347272212736136,1,49,5,0.09673170397223496,1.0,person::train::09634_1.jpg,0.8379955173013787,1.0,0.7059816809285626,0.8106612301098434,0.228745540345051,0.09673170397223496,1.0,1.0
bge_m3,person,person::train::00837_3.png,control_synonym,semantic_preserving,0.9752396734657944,1,49,5,0.1021038722398685,1.0,person::query::14994_1.png,0.8731358012259259,1.0,0.7827807021644991,0.8372890718785001,0.1924589713012953,0.1021038722398685,1.0,1.0
bge_m3,person,person::train::00837_3.png,control_one_fact,semantic_changed,0.9700907137579828,1,49,5,0.09463246035860495,1.0,person::query::14994_1.png,0.8754582533993779,1.0,0.7961437077577276,0.8459038572300673,0.17394700600025526,0.09463246035860495,1.0,1.0
bge_m3,person,person::query::27008_3.jpg,control_synonym,semantic_preserving,0.9697916287232257,1,49,5,0.1009989986683939,1.0,person::train::08924_1.jpg,0.8687926300548318,1.0,0.725870237935186,0.7799754822933269,0.24392139078803965,0.1009989986683939,1.0,1.0
bge_m3,person,person::query::27008_3.jpg,control_one_fact,semantic_changed,0.9581121286448024,1,49,5,0.09189901899536024,1.0,person::train::08924_1.jpg,0.8662131096494422,1.0,0.7260002934927805,0.7757264916908309,0.23211183515202194,0.09189901899536024,1.0,1.0
bge_m3,person,person::query::14994_1.png,control_synonym,semantic_preserving,0.9343378393307343,1,49,5,0.012431806567111736,1.0,person::train::00837_3.png,0.9219060327636226,1.0,0.7992369994479334,0.8636527664959602,0.13510083988280097,0.012431806567111736,1.0,1.0
bge_m3,person,person::query::14994_1.png,control_one_fact,semantic_changed,0.9192365821860919,2,49,5,-0.0005457196476876813,0.8,person::train::00837_3.png,0.9197823018337796,0.9795918367346939,0.7857953969137081,0.8589819862044715,0.1334411852723838,-0.0005457196476876813,0.0,0.5
bge_m3,person,person::query::14459_1.png,control_synonym,semantic_preserving,0.9690822179595266,1,49,5,0.06629731810560291,1.0,person::query::26685_1.jpg,0.9027848998539237,1.0,0.7838868403800114,0.8589666568621929,0.1851953775795152,0.06629731810560291,1.0,1.0
bge_m3,person,person::query::14459_1.png,control_one_fact,semantic_changed,0.9699093974925956,1,49,5,0.05931961822230769,1.0,person::query::26685_1.jpg,0.910589779270288,1.0,0.7891655968850341,0.8721951057853611,0.18074380060756157,0.05931961822230769,1.0,1.0
bge_m3,person,person::query::26943_3.jpg,control_synonym,semantic_preserving,0.9961821581662714,1,49,5,0.09662571176742518,1.0,person::gallery::15309_3.png,0.8995564463988462,1.0,0.7724314279004303,0.8893675135729285,0.22375073026584114,0.09662571176742518,1.0,1.0
bge_m3,person,person::query::26943_3.jpg,control_one_fact,semantic_changed,0.9969676233776463,1,49,5,0.08134358909365591,1.0,person::gallery::15309_3.png,0.9156240342839904,1.0,0.7787466425763856,0.8943449732042249,0.21822098080126073,0.08134358909365591,1.0,1.0
bge_m3,person,person::query::26789_3.jpg,control_synonym,semantic_preserving,0.946136323636049,1,49,5,0.047629046591898594,1.0,person::train::06085_7.jpg,0.8985072770441505,1.0,0.7379876292902855,0.8563050547702905,0.20814869434576355,0.047629046591898594,1.0,1.0
bge_m3,person,person::query::26789_3.jpg,control_one_fact,semantic_changed,0.9438958243334753,1,49,5,0.04267628897842812,1.0,person::train::06085_7.jpg,0.9012195353550472,1.0,0.7402320349275602,0.85633805867861,0.20366378940591512,0.04267628897842812,1.0,1.0
bge_m3,person,person::query::26935_2.jpg,control_synonym,semantic_preserving,0.9278622280216896,1,49,5,0.0997667972267946,1.0,person::gallery::27153_5.jpg,0.828095430794895,1.0,0.7598790086020413,0.8008776791537785,0.16798321941964833,0.0997667972267946,1.0,1.0
bge_m3,person,person::query::26935_2.jpg,control_one_fact,semantic_changed,0.8878005757422511,1,49,5,0.04954785839942788,1.0,person::train::05158_3.jpg,0.8488979283412941,1.0,0.7781367555713037,0.8357411706682691,0.10966382017094745,0.03890264740095706,1.0,1.0
bge_m3,person,person::query::27100_1.jpg,control_synonym,semantic_preserving,0.9797677304046933,1,49,5,0.08802709339082138,1.0,person::query::26789_3.jpg,0.891740637013872,1.0,0.7835723685225704,0.8672190178264243,0.19619536188212294,0.08802709339082138,1.0,1.0
bge_m3,person,person::query::26761_2.jpg,control_synonym,semantic_preserving,0.9296206285638584,1,49,5,0.04679978974816579,1.0,person::train::01108_7.png,0.8828208388156926,1.0,0.8018319020235002,0.8721568104451932,0.12778872654035822,0.04679978974816579,1.0,1.0
bge_m3,person,person::gallery::27153_5.jpg,control_synonym,semantic_preserving,0.969296734310243,1,49,5,0.12854693548651874,1.0,person::train::09751_6.jpg,0.8407497988237242,1.0,0.7544017409668679,0.8270302319550323,0.21489499334337514,0.12854693548651874,1.0,1.0
bge_m3,person,person::gallery::27153_5.jpg,control_one_fact,semantic_changed,0.9672388090390955,1,49,5,0.12136451707104745,1.0,person::gallery::26789_1.jpg,0.8458742919680481,1.0,0.7503095074713586,0.8316964927667747,0.21692930156773693,0.12136451707104745,1.0,1.0
bge_m3,person,person::gallery::26789_1.jpg,control_synonym,semantic_preserving,0.9938590215812517,1,49,5,0.12923710745152617,1.0,person::query::26943_3.jpg,0.8646219141297256,1.0,0.7837175336218647,0.8415617047576562,0.21014148795938703,0.12923710745152617,1.0,1.0
bge_m3,person,person::gallery::26721_4.jpg,control_synonym,semantic_preserving,0.9244016192922794,1,49,5,0.04734251002646328,1.0,person::query::26761_2.jpg,0.8770591092658161,1.0,0.7801738764202869,0.852070695538065,0.14422774287199247,0.04734251002646328,1.0,1.0
bge_m3,person,person::gallery::26991_3.jpg,control_synonym,semantic_preserving,0.9274883042703332,1,49,5,0.05262268641238188,1.0,person::query::27008_3.jpg,0.8748656178579514,1.0,0.722441055661631,0.7861396525717183,0.20504724860870227,0.05262268641238188,1.0,1.0
bge_m3,person,person::gallery::26991_3.jpg,control_one_fact,semantic_changed,0.9278979786301604,1,49,5,0.04413497929358301,1.0,person::query::27008_3.jpg,0.8837629993365774,1.0,0.7277600255375284,0.8013604389994189,0.20013795309263205,0.04413497929358301,1.0,1.0
bge_m3,person,person::gallery::26735_2.jpg,control_synonym,semantic_preserving,0.9574025009645862,1,49,5,0.04807285682946494,1.0,person::train::06085_7.jpg,0.9093296441351213,1.0,0.7980612907356993,0.8902008948977529,0.15934121022888692,0.04807285682946494,1.0,1.0
bge_m3,person,person::gallery::26735_2.jpg,control_one_fact,semantic_changed,0.9577472227145235,1,49,5,0.03388810634544448,1.0,person::train::06085_7.jpg,0.923859116369079,1.0,0.8006234472170449,0.8970025109412081,0.15712377549747858,0.03388810634544448,1.0,1.0
bge_m3,person,person::gallery::14888_1.png,control_synonym,semantic_preserving,0.9353507988922274,1,49,5,0.10673823792564041,1.0,person::train::02167_1.jpg,0.828612560966587,1.0,0.7324789987139624,0.79797224548587,0.202871800178265,0.10673823792564041,1.0,1.0
bge_m3,person,person::gallery::14888_1.png,control_one_fact,semantic_changed,0.9318461152851367,1,49,5,0.1016568701105307,1.0,person::train::02167_1.jpg,0.830189245174606,1.0,0.7274960986541407,0.797579848450119,0.20435001663099606,0.1016568701105307,1.0,1.0
bge_m3,person,person::gallery::26774_3.jpg,control_synonym,semantic_preserving,0.9488824401378052,1,49,5,0.055630750754159464,1.0,person::train::06085_7.jpg,0.8932516893836457,1.0,0.7892415812159939,0.8776263613937301,0.15964085892181135,0.055630750754159464,1.0,1.0
bge_m3,person,person::gallery::26774_3.jpg,control_one_fact,semantic_changed,0.9426678796213758,1,49,5,0.055317594951412974,1.0,person::train::06085_7.jpg,0.8873502846699628,1.0,0.7813557040127357,0.8718895820771739,0.16131217560864008,0.055317594951412974,1.0,1.0
bge_m3,person,person::gallery::15309_3.png,control_synonym,semantic_preserving,0.9936536514839662,1,49,5,0.049007597704016526,1.0,person::train::06597_2.jpg,0.9446460537799497,1.0,0.8053025314442673,0.9020816857101125,0.1883511200396989,0.049007597704016526,1.0,1.0
bge_m3,person,person::gallery::15194_3.png,control_synonym,semantic_preserving,0.9491564002951733,1,49,5,0.12046881593315584,1.0,person::train::00837_3.png,0.8286875843620175,1.0,0.7511433294339587,0.7937916123500205,0.19801307086121467,0.12046881593315584,1.0,1.0
bge_m3,vehicle,vehicle::train_images::13608_c139_04.jpg,control_synonym,semantic_preserving,0.9433174920246401,1,49,5,0.13549519804889965,1.0,vehicle::train_images::03678_c014_03.jpg,0.8078222939757405,1.0,0.6870974264538331,0.7886203348734466,0.256220065570807,0.13549519804889965,1.0,1.0
bge_m3,vehicle,vehicle::train_images::13608_c139_04.jpg,control_one_fact,semantic_changed,0.9052705608454361,1,49,5,0.06954011668376969,1.0,vehicle::train_images::03678_c014_03.jpg,0.8357304441616664,1.0,0.6872221957997652,0.7782285185320574,0.21804836504567093,0.06954011668376969,1.0,1.0
bge_m3,vehicle,vehicle::train_images::12849_c170_02.jpg,control_one_fact,semantic_changed,0.8964353388524401,1,49,5,0.097668004831582,1.0,vehicle::train_images::08854_c110_02.jpg,0.7987673340208581,1.0,0.6640325743782148,0.7619274559459897,0.23240276447422525,0.097668004831582,1.0,1.0
bge_m3,vehicle,vehicle::train_images::10839_c110_00.jpg,control_one_fact,semantic_changed,0.8278809841640016,1,49,5,0.07842723721003386,1.0,vehicle::train_images::04724_c110_02.jpg,0.7494537469539677,1.0,0.6124092561570367,0.7269437954211604,0.2154717280069649,0.07842723721003386,1.0,1.0
bge_m3,vehicle,vehicle::train_images::02440_c090_02.jpg,control_synonym,semantic_preserving,0.9162634746728759,1,49,5,0.21883892565572127,1.0,vehicle::train_images::14387_c163_04.jpg,0.6974245490171547,1.0,0.6047318295714571,0.6621681889635362,0.31153164510141884,0.21883892565572127,1.0,1.0
bge_m3,vehicle,vehicle::train_images::02440_c090_02.jpg,control_one_fact,semantic_changed,0.895167982529187,1,49,5,0.21136737539263706,1.0,vehicle::train_images::14387_c163_04.jpg,0.6838006071365499,1.0,0.5879344717225155,0.6514285731220111,0.3072335108066715,0.21136737539263706,1.0,1.0
bge_m3,vehicle,vehicle::train_images::12341_c073_00.jpg,control_synonym,semantic_preserving,0.9376024528460476,1,49,5,0.14198004055497637,1.0,vehicle::query_images::20204_c041_01.jpg,0.7956224122910712,1.0,0.6793387521267913,0.775781522366518,0.2582637007192563,0.14198004055497637,1.0,1.0
bge_m3,vehicle,vehicle::train_images::12341_c073_00.jpg,control_one_fact,semantic_changed,0.8909218986497677,1,49,5,0.10186568907057703,1.0,vehicle::train_images::08361_c094_04.jpg,0.7890562095791906,1.0,0.6764369939560044,0.7531510406048568,0.21448490469376325,0.10186568907057703,1.0,1.0
bge_m3,vehicle,vehicle::train_images::18263_c110_02.jpg,control_one_fact,semantic_changed,0.8244161753676078,1,49,5,0.11226194977791548,1.0,vehicle::query_images::21022_c078_01.jpg,0.7121542255896923,1.0,0.5644001051640678,0.6494232341207448,0.26001607020354,0.11226194977791548,1.0,1.0
bge_m3,vehicle,vehicle::train_images::10529_c003_02.jpg,control_one_fact,semantic_changed,0.8568814324060005,1,49,5,0.1258662471670795,1.0,vehicle::train_images::16253_c139_00.jpg,0.7716819640645225,1.0,0.6553174786642877,0.7276936999526483,0.20156395374171276,0.08519946834147796,1.0,1.0
bge_m3,vehicle,vehicle::train_images::08854_c110_02.jpg,control_synonym,semantic_preserving,0.965579549883685,1,49,5,0.1320701589652482,1.0,vehicle::train_images::16253_c139_00.jpg,0.8335093909184368,1.0,0.6973066967667274,0.8056961428541932,0.2682728531169576,0.1320701589652482,1.0,1.0
bge_m3,vehicle,vehicle::train_images::08854_c110_02.jpg,control_one_fact,semantic_changed,0.8893903854025033,1,49,5,0.08635824387468505,1.0,vehicle::train_images::16253_c139_00.jpg,0.8030321415278182,1.0,0.6901493145939652,0.7787249939408072,0.19924107080853803,0.08635824387468505,1.0,1.0
bge_m3,vehicle,vehicle::train_images::19263_c030_03.jpg,control_synonym,semantic_preserving,0.9166392960416727,1,49,5,0.16513587124399398,1.0,vehicle::train_images::03678_c014_03.jpg,0.7515034247976787,1.0,0.6328019807208811,0.7400223269914944,0.2838373153207916,0.16513587124399398,1.0,1.0
bge_m3,vehicle,vehicle::train_images::19263_c030_03.jpg,control_one_fact,semantic_changed,0.8745921088925865,1,49,5,0.09011778727384123,1.0,vehicle::gallery_images::20877_c110_00.jpg,0.7844743216187453,1.0,0.6434001874275919,0.7660863091944659,0.23119192146499468,0.09011778727384123,1.0,1.0
bge_m3,vehicle,vehicle::train_images::07345_c110_03.jpg,control_one_fact,semantic_changed,0.8767907752894533,1,49,5,0.06644413104673819,1.0,vehicle::train_images::16253_c139_00.jpg,0.8103466442427151,1.0,0.6592090726633508,0.7747668332340518,0.21758170262610244,0.06644413104673819,1.0,1.0
bge_m3,vehicle,vehicle::train_images::19520_c034_01.jpg,control_synonym,semantic_preserving,0.9302908693370484,1,49,5,0.1153662200441059,1.0,vehicle::query_images::21022_c078_01.jpg,0.8149246492929425,1.0,0.6498989321013409,0.7445810553238909,0.28039193723570754,0.1153662200441059,1.0,1.0
bge_m3,vehicle,vehicle::train_images::19520_c034_01.jpg,control_one_fact,semantic_changed,0.9086145558294392,1,49,5,0.1266271628758311,1.0,vehicle::query_images::21022_c078_01.jpg,0.7819873929536081,1.0,0.6613432037865894,0.7378601644881507,0.24727135204284978,0.1266271628758311,1.0,1.0
bge_m3,vehicle,vehicle::train_images::16253_c139_00.jpg,control_synonym,semantic_preserving,0.9001724802906569,1,49,5,0.062361266974595764,1.0,vehicle::train_images::08854_c110_02.jpg,0.8378112133160611,1.0,0.7068582219877811,0.8026151008791528,0.19331425830287574,0.062361266974595764,1.0,1.0
bge_m3,vehicle,vehicle::train_images::16253_c139_00.jpg,control_one_fact,semantic_changed,0.8679281919450827,1,49,5,0.0864543209187294,1.0,vehicle::train_images::05685_c100_04.jpg,0.8162548137544576,1.0,0.7198506033399115,0.7860723916216211,0.14807758860517128,0.05167337819062512,1.0,1.0
bge_m3,vehicle,vehicle::train_images::06987_c051_04.jpg,control_synonym,semantic_preserving,0.9257323316675747,1,49,5,0.16101324157351948,1.0,vehicle::train_images::08854_c110_02.jpg,0.7647190900940553,1.0,0.633173439451552,0.6885562477889982,0.2925588922160227,0.16101324157351948,1.0,1.0
bge_m3,vehicle,vehicle::train_images::06987_c051_04.jpg,control_one_fact,semantic_changed,0.9171809587794145,1,49,5,0.1460028374861848,1.0,vehicle::train_images::04724_c110_02.jpg,0.7711781212932297,1.0,0.6257171935807434,0.6949556580660285,0.2914637651986711,0.1460028374861848,1.0,1.0
bge_m3,vehicle,vehicle::train_images::05685_c100_04.jpg,control_synonym,semantic_preserving,0.9554786080420141,1,49,5,0.09649745579696978,1.0,vehicle::train_images::13946_c012_04.jpg,0.8589811522450443,1.0,0.7218693013683289,0.8136117477805854,0.23360930667368518,0.09649745579696978,1.0,1.0
bge_m3,vehicle,vehicle::train_images::05685_c100_04.jpg,control_one_fact,semantic_changed,0.887159561761349,1,49,5,0.0397655909834328,1.0,vehicle::train_images::16253_c139_00.jpg,0.8678164894344113,1.0,0.7314795650381127,0.8253042409908224,0.1556799967232363,0.01934307232693777,1.0,1.0
bge_m3,vehicle,vehicle::train_images::16614_c041_04.jpg,control_synonym,semantic_preserving,0.943481818640334,1,49,5,0.13475194192424111,1.0,vehicle::train_images::16253_c139_00.jpg,0.8087298767160929,1.0,0.6526645856178324,0.7629374290622275,0.2908172330225016,0.13475194192424111,1.0,1.0
bge_m3,vehicle,vehicle::train_images::16614_c041_04.jpg,control_one_fact,semantic_changed,0.9178495374280525,1,49,5,0.1321817593046274,1.0,vehicle::train_images::16253_c139_00.jpg,0.7856677781234251,1.0,0.6719850162520484,0.7358438714989737,0.2458645211760041,0.1321817593046274,1.0,1.0
bge_m3,vehicle,vehicle::train_images::13946_c012_04.jpg,control_one_fact,semantic_changed,0.8946573230241246,1,49,5,0.11226435188666262,1.0,vehicle::train_images::04724_c110_02.jpg,0.782392971137462,1.0,0.6600740697766794,0.7502452973013501,0.23458325324744522,0.11226435188666262,1.0,1.0
bge_m3,vehicle,vehicle::train_images::14133_c170_01.jpg,control_one_fact,semantic_changed,0.9197690305136161,1,49,5,0.17018480199753783,1.0,vehicle::train_images::19057_c170_04.jpg,0.7507801402706491,1.0,0.6501253793408703,0.7402487429716593,0.2696436511727458,0.16898889024296704,1.0,1.0
bge_m3,vehicle,vehicle::train_images::16747_c163_03.jpg,control_one_fact,semantic_changed,0.8251538521959227,1,49,5,0.07458978409525518,1.0,vehicle::train_images::13608_c139_04.jpg,0.7505640681006676,1.0,0.6229098092438745,0.7219382575185967,0.20224404295204823,0.07458978409525518,1.0,1.0
bge_m3,vehicle,vehicle::train_images::05432_c163_04.jpg,control_synonym,semantic_preserving,0.914634089284047,1,49,5,0.06558754567884106,1.0,vehicle::query_images::20249_c003_00.jpg,0.8490465436052059,1.0,0.645887850558744,0.8090417946107995,0.268746238725303,0.06558754567884106,1.0,1.0
bge_m3,vehicle,vehicle::train_images::05432_c163_04.jpg,control_one_fact,semantic_changed,0.8912508827276912,1,49,5,0.03964018816422166,1.0,vehicle::query_images::20249_c003_00.jpg,0.8516106945634695,1.0,0.6653399423431425,0.8034095608334707,0.22591094038454862,0.03964018816422166,1.0,1.0
bge_m3,vehicle,vehicle::train_images::19057_c170_04.jpg,control_synonym,semantic_preserving,0.9198239473633639,1,49,5,0.1967216918949456,1.0,vehicle::train_images::19520_c034_01.jpg,0.7231022554684183,1.0,0.6474692972632757,0.7201706031096873,0.2723546501000882,0.1967216918949456,1.0,1.0
bge_m3,vehicle,vehicle::train_images::19057_c170_04.jpg,control_one_fact,semantic_changed,0.913820111861082,1,49,5,0.17640963864725245,1.0,vehicle::train_images::14387_c163_04.jpg,0.7374104732138296,1.0,0.6351957778473023,0.7212785438201019,0.27862433401377973,0.17640963864725245,1.0,1.0
bge_m3,vehicle,vehicle::train_images::04455_c078_00.jpg,control_synonym,semantic_preserving,0.92517832194243,1,49,5,0.10953266743518297,1.0,vehicle::gallery_images::20159_c003_00.jpg,0.815645654507247,1.0,0.6327065069897888,0.7264935353137851,0.2924718149526412,0.10953266743518297,1.0,1.0
bge_m3,vehicle,vehicle::train_images::04455_c078_00.jpg,control_one_fact,semantic_changed,0.9132064309455165,1,49,5,0.1367041027445134,1.0,vehicle::gallery_images::20159_c003_00.jpg,0.7765023282010031,1.0,0.6323377864204152,0.728061610722946,0.2808686445251013,0.1367041027445134,1.0,1.0
bge_m3,vehicle,vehicle::train_images::14387_c163_04.jpg,control_one_fact,semantic_changed,0.8639314196437888,1,49,5,0.11570350090297232,1.0,vehicle::query_images::20272_c102_00.jpg,0.7637691472479318,1.0,0.6511702641922148,0.7519622726150121,0.21276115545157404,0.10016227239585707,1.0,1.0
bge_m3,vehicle,vehicle::train_images::09221_c139_03.jpg,control_synonym,semantic_preserving,0.8669526963079022,1,49,5,0.11626688152406262,1.0,vehicle::train_images::07345_c110_03.jpg,0.7636377690980721,1.0,0.6886883098678577,0.754533017539781,0.1782643864400445,0.10331492720983004,1.0,1.0
bge_m3,vehicle,vehicle::train_images::09221_c139_03.jpg,control_one_fact,semantic_changed,0.8459268658576641,1,49,5,0.0010386451144460684,1.0,vehicle::train_images::16253_c139_00.jpg,0.844888220743218,1.0,0.6856433313466161,0.786071267939233,0.16028353451104793,0.0010386451144460684,1.0,1.0
bge_m3,vehicle,vehicle::train_images::04724_c110_02.jpg,control_one_fact,semantic_changed,0.8819219050618954,1,49,5,0.09063725132224609,1.0,vehicle::query_images::20506_c051_01.jpg,0.7912846537396493,1.0,0.6651591690161602,0.7440014580422831,0.21676273604573515,0.09063725132224609,1.0,1.0
bge_m3,vehicle,vehicle::train_images::08361_c094_04.jpg,control_one_fact,semantic_changed,0.8469979666548251,1,49,5,0.03623619409188672,1.0,vehicle::train_images::12341_c073_00.jpg,0.8107617725629384,1.0,0.6704936961134187,0.7464671802469838,0.17650427054140638,0.03623619409188672,1.0,1.0
bge_m3,vehicle,vehicle::train_images::03678_c014_03.jpg,control_synonym,semantic_preserving,0.9621920013047747,1,49,5,0.13631426093311516,1.0,vehicle::train_images::16747_c163_03.jpg,0.8258777403716595,1.0,0.6957264063686135,0.8013413217747474,0.2664655949361612,0.13631426093311516,1.0,1.0
bge_m3,vehicle,vehicle::train_images::03678_c014_03.jpg,control_one_fact,semantic_changed,0.9259765928573432,1,49,5,0.07834275612910091,1.0,vehicle::query_images::20949_c003_01.jpg,0.8476338367282423,1.0,0.6925720727765696,0.7849555777736874,0.23340452008077361,0.07834275612910091,1.0,1.0
bge_m3,vehicle,vehicle::query_images::20039_c015_00.jpg,control_synonym,semantic_preserving,0.9191382560709196,1,49,5,0.24365288743589342,1.0,vehicle::train_images::19057_c170_04.jpg,0.6754853686350262,1.0,0.5857056682434507,0.6336074489334621,0.3334325878274689,0.24365288743589342,1.0,1.0
bge_m3,vehicle,vehicle::query_images::20039_c015_00.jpg,control_one_fact,semantic_changed,0.9161358968196784,1,49,5,0.2385160138270661,1.0,vehicle::train_images::19057_c170_04.jpg,0.6776198829926123,1.0,0.5831897703513262,0.6288376132224438,0.3329461264683522,0.2385160138270661,1.0,1.0
bge_m3,vehicle,vehicle::query_images::20298_c122_00.jpg,control_one_fact,semantic_changed,0.9057164892762244,1,49,5,0.12331836409308572,1.0,vehicle::train_images::13946_c012_04.jpg,0.7823981251831387,1.0,0.6574388676729459,0.7189405139580812,0.2482776216032785,0.12331836409308572,1.0,1.0
bge_m3,vehicle,vehicle::query_images::21010_c163_01.jpg,control_synonym,semantic_preserving,0.9098151967202179,1,49,5,0.16681087274866835,1.0,vehicle::query_images::21022_c078_01.jpg,0.7430043239715496,1.0,0.640167400015822,0.7151808555902264,0.269647796704396,0.16681087274866835,1.0,1.0
bge_m3,vehicle,vehicle::query_images::21010_c163_01.jpg,control_one_fact,semantic_changed,0.8870587980168442,1,49,5,0.09281779200260876,1.0,vehicle::query_images::21022_c078_01.jpg,0.7942410060142354,1.0,0.6341522205682537,0.7508559660857668,0.25290657744859046,0.09281779200260876,1.0,1.0
bge_m3,vehicle,vehicle::query_images::20249_c003_00.jpg,control_synonym,semantic_preserving,0.9493900006159721,1,49,5,0.06534491401748366,1.0,vehicle::train_images::05432_c163_04.jpg,0.8840450865984885,1.0,0.7012535030924789,0.8009995106510175,0.2481364975234932,0.06534491401748366,1.0,1.0
bge_m3,vehicle,vehicle::query_images::20249_c003_00.jpg,control_one_fact,semantic_changed,0.9180710316771947,1,49,5,0.06029188483759729,1.0,vehicle::gallery_images::21216_c003_04.jpg,0.8577791468395974,1.0,0.6959673240779143,0.7893264193139516,0.22210370759928044,0.06029188483759729,1.0,1.0
bge_m3,vehicle,vehicle::query_images::20506_c051_01.jpg,control_synonym,semantic_preserving,0.9354543411373567,1,49,5,0.06957982267295171,1.0,vehicle::train_images::04724_c110_02.jpg,0.865874518464405,1.0,0.6305001971668643,0.709123431569052,0.30495414397049236,0.06957982267295171,1.0,1.0
bge_m3,vehicle,vehicle::query_images::20506_c051_01.jpg,control_one_fact,semantic_changed,0.8970889091038234,1,49,5,0.11456631961010832,1.0,vehicle::train_images::04724_c110_02.jpg,0.7825225894937151,1.0,0.6452221162614941,0.7136284567840795,0.2518667928423294,0.11456631961010832,1.0,1.0
bge_m3,vehicle,vehicle::query_images::21112_c079_00.jpg,control_synonym,semantic_preserving,0.9120397630491192,1,49,5,0.1980948084622024,1.0,vehicle::query_images::21022_c078_01.jpg,0.7273912303619302,1.0,0.6122642246851613,0.7002718621175066,0.29977553836395787,0.18464853268718895,1.0,1.0
bge_m3,vehicle,vehicle::query_images::21112_c079_00.jpg,control_one_fact,semantic_changed,0.8907290267569491,1,49,5,0.18372407080442898,1.0,vehicle::query_images::21010_c163_01.jpg,0.7070049559525201,1.0,0.6182693488444554,0.6884349205133335,0.2724596779124937,0.18372407080442898,1.0,1.0
bge_m3,vehicle,vehicle::query_images::20949_c003_01.jpg,control_synonym,semantic_preserving,0.8773277202489606,1,49,5,0.04971279337455248,1.0,vehicle::train_images::08854_c110_02.jpg,0.8547968348944108,1.0,0.7088687251434652,0.820885050655888,0.16845899510549533,0.022530885354549723,1.0,1.0
bge_m3,vehicle,vehicle::query_images::20949_c003_01.jpg,control_one_fact,semantic_changed,0.8663108737444326,3,49,5,-0.022163749131458244,0.8,vehicle::train_images::03678_c014_03.jpg,0.8884746228758909,0.9591836734693877,0.7464714226215892,0.8258129680583306,0.11983945112284344,-0.022163749131458244,0.0,0.3333333333333333
bge_m3,vehicle,vehicle::query_images::20272_c102_00.jpg,control_one_fact,semantic_changed,0.9286006019456121,1,49,5,0.13800422712427485,1.0,vehicle::train_images::08854_c110_02.jpg,0.7905963748213373,1.0,0.6689446071028806,0.7513978484645846,0.2596559948427315,0.13800422712427485,1.0,1.0
bge_m3,vehicle,vehicle::gallery_images::20535_c170_02.jpg,control_one_fact,semantic_changed,0.8858585408568713,1,49,5,0.046916209456682845,1.0,vehicle::train_images::05432_c163_04.jpg,0.8389423314001885,1.0,0.610768774043954,0.7524178461125468,0.2750897668129173,0.046916209456682845,1.0,1.0
bge_m3,vehicle,vehicle::gallery_images::20877_c110_00.jpg,control_synonym,semantic_preserving,0.8658516945518094,2,49,5,-0.05706849200738218,0.8,vehicle::train_images::08854_c110_02.jpg,0.9229201865591916,0.9795918367346939,0.7107808118981197,0.8109177548059928,0.15507088265368973,-0.05706849200738218,0.0,0.5
bge_m3,vehicle,vehicle::gallery_images::20877_c110_00.jpg,control_one_fact,semantic_changed,0.8394265131155758,2,49,5,0.0269522891190217,1.0,vehicle::train_images::19263_c030_03.jpg,0.8424900870593588,0.9795918367346939,0.7033142870575009,0.810204139109336,0.13611222605807494,-0.0030635739437829823,0.0,0.5
bge_m3,vehicle,vehicle::gallery_images::20159_c003_00.jpg,control_one_fact,semantic_changed,0.8631211287496175,1,49,5,0.1367312925898032,1.0,vehicle::train_images::09221_c139_03.jpg,0.7444229826902159,1.0,0.6588184928289333,0.7261868715770236,0.2043026359206842,0.11869814605940165,1.0,1.0
bge_m3,vehicle,vehicle::gallery_images::21199_c014_04.jpg,control_synonym,semantic_preserving,0.9322864014093828,1,49,5,0.1264565567691056,1.0,vehicle::gallery_images::21216_c003_04.jpg,0.8058298446402772,1.0,0.6532679734152993,0.7420855034359557,0.2790184279940835,0.1264565567691056,1.0,1.0
bge_m3,vehicle,vehicle::gallery_images::21199_c014_04.jpg,control_one_fact,semantic_changed,0.910044174795068,1,49,5,0.11756935782427291,1.0,vehicle::train_images::16253_c139_00.jpg,0.8013591282399586,1.0,0.6657779717924481,0.783274430923805,0.24426620300261992,0.10868504655510947,1.0,1.0
bge_m3,vehicle,vehicle::gallery_images::20762_c156_00.jpg,control_synonym,semantic_preserving,0.9400546870907112,1,49,5,0.2005476188089046,1.0,vehicle::train_images::13946_c012_04.jpg,0.7395070682818066,1.0,0.5790032914215573,0.6611881631495534,0.3610513956691539,0.2005476188089046,1.0,1.0
bge_m3,vehicle,vehicle::gallery_images::20762_c156_00.jpg,control_one_fact,semantic_changed,0.938308444362024,1,49,5,0.16398261218043508,1.0,vehicle::train_images::13946_c012_04.jpg,0.7743258321815889,1.0,0.6024930910011805,0.684839030236428,0.33581535336084345,0.16398261218043508,1.0,1.0
bge_m3,vehicle,vehicle::gallery_images::20070_c017_01.jpg,control_one_fact,semantic_changed,0.9142752209375954,1,49,5,0.3590767920107186,1.0,vehicle::gallery_images::20877_c110_00.jpg,0.5551984289268768,1.0,0.5006619520906574,0.5445610537223714,0.41361326884693794,0.3590767920107186,1.0,1.0
bge_m3,vehicle,vehicle::gallery_images::21216_c003_04.jpg,control_one_fact,semantic_changed,0.916305242852014,1,49,5,0.050243347289490536,1.0,vehicle::query_images::20249_c003_00.jpg,0.8660618955625234,1.0,0.650277885822061,0.7875154416645007,0.26602735702995295,0.050243347289490536,1.0,1.0
bge_m3,vehicle,vehicle::gallery_images::20559_c170_01.jpg,control_synonym,semantic_preserving,0.9115353214006375,1,49,5,0.16950586853764837,1.0,vehicle::train_images::09221_c139_03.jpg,0.7420294528629892,1.0,0.6203321213194487,0.723138299168277,0.29120320008118883,0.16950586853764837,1.0,1.0
bge_m3,vehicle,vehicle::gallery_images::20559_c170_01.jpg,control_one_fact,semantic_changed,0.8892935331649121,1,49,5,0.13132333400046892,1.0,vehicle::gallery_images::20877_c110_00.jpg,0.7579701991644432,1.0,0.6306666140327609,0.7320535827280772,0.2586269191321512,0.13132333400046892,1.0,1.0
bge_m3,vehicle,vehicle::gallery_images::20401_c023_03.jpg,control_synonym,semantic_preserving,0.9480828225374548,1,49,5,0.2519680952657388,1.0,vehicle::train_images::04724_c110_02.jpg,0.696114727271716,1.0,0.6012972083539825,0.6596345930839754,0.3467856141834723,0.2519680952657388,1.0,1.0
bge_m3,vehicle,vehicle::gallery_images::20401_c023_03.jpg,control_one_fact,semantic_changed,0.9303821026299165,1,49,5,0.2799423801588027,1.0,vehicle::train_images::06987_c051_04.jpg,0.6621472721771016,1.0,0.594499892627259,0.645231073579436,0.3358822100026575,0.26823483045281493,1.0,1.0
bge_m3,face,face::train::071174.jpg,control_synonym,semantic_preserving,0.8297826356231888,3,49,5,-0.0005500137740224176,0.8,face::train::138886.jpg,0.8476138728468061,0.9591836734693877,0.7595250602668817,0.8248917378096028,0.07025757535630706,-0.017831237223617347,0.0,0.3333333333333333
bge_m3,face,face::train::071174.jpg,control_one_fact,semantic_changed,0.8083078344637035,2,49,5,0.004188185008245471,1.0,face::train::138886.jpg,0.8369085573624058,0.9795918367346939,0.7348717326260524,0.8040107506834836,0.07343610183765104,-0.028600722898702302,0.0,0.5
bge_m3,face,face::train::166091.jpg,control_one_fact,semantic_changed,0.7991777503769137,10,49,5,0.012045598702291604,1.0,face::train::081413.jpg,0.8243336986766098,0.8163265306122449,0.712812029726262,0.8187172406217104,0.08636572065065173,-0.02515594829969603,0.0,0.1
bge_m3,face,face::train::157804.jpg,control_one_fact,semantic_changed,0.8295711308596434,3,49,5,-0.0006522805317362712,0.8,face::train::063618.jpg,0.8498895293069724,0.9591836734693877,0.7181884745609179,0.8253735275074731,0.11138265629872546,-0.020318398447328967,0.0,0.3333333333333333
bge_m3,face,face::train::091980.jpg,control_one_fact,semantic_changed,0.8533600715611606,1,49,5,0.030368669884385358,1.0,face::test::196611.jpg,0.8247143277353148,1.0,0.7461350219610418,0.8167488394857215,0.1072250496001188,0.028645743825845726,1.0,1.0
bge_m3,face,face::train::121281.jpg,control_one_fact,semantic_changed,0.7488122922650555,9,49,5,0.005281013047655714,1.0,face::test::196777.jpg,0.7711993679202339,0.8367346938775511,0.7332655664493757,0.7614070294382238,0.01554672581567984,-0.02238707565517839,0.0,0.1111111111111111
bge_m3,face,face::train::114832.jpg,control_one_fact,semantic_changed,0.8202423062722415,4,49,5,-0.013082221880828193,0.8,face::test::196777.jpg,0.8333245281530697,0.9387755102040817,0.7320128585413616,0.8211193664504727,0.08822944773087993,-0.013082221880828193,0.0,0.25
bge_m3,face,face::train::090489.jpg,control_one_fact,semantic_changed,0.780785049176721,5,49,5,0.004121598798197512,1.0,face::train::138886.jpg,0.7965362952383366,0.9183673469387755,0.7534354656117462,0.7829079987020953,0.027349583564974744,-0.015751246061615598,0.0,0.2
bge_m3,face,face::train::008309.jpg,control_one_fact,semantic_changed,0.8325252776400596,3,49,5,-0.005460448894753167,0.8,face::train::109762.jpg,0.8379857265348127,0.9591836734693877,0.739211284436401,0.8230587566211266,0.09331399320365852,-0.005460448894753167,0.0,0.3333333333333333
bge_m3,face,face::train::129132.jpg,control_synonym,semantic_preserving,0.7860987725124858,5,49,5,0.026582048553675075,1.0,face::train::109762.jpg,0.8240410817195551,0.9183673469387755,0.7016991676297196,0.801215019179943,0.08439960488276621,-0.037942309207069314,0.0,0.2
bge_m3,face,face::train::129132.jpg,control_one_fact,semantic_changed,0.7793532159913951,5,49,5,0.025030234803312124,1.0,face::train::109762.jpg,0.822232520663928,0.9183673469387755,0.6968437819548919,0.7946941296741221,0.08250943403650313,-0.04287930467253298,0.0,0.2
bge_m3,face,face::train::053065.jpg,control_synonym,semantic_preserving,0.8687269106506983,2,49,5,-0.012857789822211751,0.8,face::train::091980.jpg,0.88158470047291,0.9795918367346939,0.8073167896955717,0.8567254052220171,0.061410120955126546,-0.012857789822211751,0.0,0.5
bge_m3,face,face::train::053065.jpg,control_one_fact,semantic_changed,0.8603135270973454,3,49,5,-0.010697422113182142,0.8,face::train::091980.jpg,0.8710109492105276,0.9591836734693877,0.7988244955157708,0.8477217259622631,0.061489031581574594,-0.010697422113182142,0.0,0.3333333333333333
bge_m3,face,face::train::178182.jpg,control_synonym,semantic_preserving,0.8087240727599504,22,49,5,-0.04226164416757883,0.0,face::train::101485.jpg,0.8573354968739739,0.5714285714285714,0.7784393060090117,0.8459576167677155,0.03028476675093872,-0.04861142411402353,0.0,0.045454545454545456
bge_m3,face,face::train::178182.jpg,control_one_fact,semantic_changed,0.7981151989845227,22,49,5,-0.03807618504590027,0.0,face::train::138886.jpg,0.8444801232652177,0.5714285714285714,0.7624790691912647,0.832538560613856,0.03563612979325792,-0.04636492428069505,0.0,0.045454545454545456
bge_m3,face,face::train::089537.jpg,control_synonym,semantic_preserving,0.8492319535741171,9,49,5,-0.004398141809159761,0.6,face::train::101485.jpg,0.8636224052795374,0.8367346938775511,0.7993949471341955,0.85245454490636,0.049837006439921616,-0.014390451705420304,0.0,0.1111111111111111
bge_m3,face,face::train::089537.jpg,control_one_fact,semantic_changed,0.8400347406818118,9,49,5,-0.004586902503413315,0.4,face::train::138886.jpg,0.8615249506359542,0.8367346938775511,0.7893392832287178,0.843652320276966,0.050695457453094006,-0.021490209954142414,0.0,0.1111111111111111
bge_m3,face,face::train::065762.jpg,control_one_fact,semantic_changed,0.7767701591430652,39,49,5,-0.028053849183327206,0.2,face::train::081413.jpg,0.8258957362757411,0.22448979591836735,0.788441396113688,0.8145792294732765,-0.011671236970622778,-0.049125577132675846,0.0,0.02564102564102564
bge_m3,face,face::train::168471.jpg,control_one_fact,semantic_changed,0.8031734207243182,11,49,5,0.010563732475945553,1.0,face::train::138886.jpg,0.8328215146742001,0.7959183673469388,0.7506805069310338,0.8203692612873338,0.05249291379328436,-0.029648093949881882,0.0,0.09090909090909091
bge_m3,face,face::train::101485.jpg,control_one_fact,semantic_changed,0.7788483703193871,4,49,5,0.016730906939501855,1.0,face::train::138886.jpg,0.8218428995924812,0.9387755102040817,0.6856202944866103,0.7827726047716491,0.09322807583277681,-0.042994529273094106,0.0,0.25
bge_m3,face,face::train::023736.jpg,control_one_fact,semantic_changed,0.841316887707187,10,49,5,-0.0054746114562880255,0.6,face::train::109762.jpg,0.8873682781463478,0.8163265306122449,0.7663101611555497,0.8559564786725751,0.07500672655163731,-0.04605139043916073,0.0,0.1
bge_m3,face,face::train::063708.jpg,control_one_fact,semantic_changed,0.7853345244266315,14,49,5,-0.0038779551775268706,0.8,face::train::060309.jpg,0.8178128771287847,0.7346938775510204,0.7257493125831578,0.8093849371179064,0.05958521184347376,-0.03247835270215316,0.0,0.07142857142857142
bge_m3,face,face::train::138886.jpg,control_synonym,semantic_preserving,0.8469782020376654,1,49,5,0.023341419538891794,1.0,face::test::196611.jpg,0.8236367824987736,1.0,0.7282716294973004,0.8049596999640981,0.11870657254036499,0.023341419538891794,1.0,1.0
bge_m3,face,face::train::138886.jpg,control_one_fact,semantic_changed,0.8426279962867763,1,49,5,0.035530995372301644,1.0,face::test::196611.jpg,0.8070970009144747,1.0,0.7152837794746798,0.7940393960482311,0.1273442168120965,0.035530995372301644,1.0,1.0
bge_m3,face,face::train::149220.jpg,control_one_fact,semantic_changed,0.6735575319165388,11,49,5,0.0018316876145083594,1.0,face::train::138886.jpg,0.7125373516988449,0.7959183673469388,0.650961192794892,0.6861860451347225,0.022596339121646825,-0.038979819782306135,0.0,0.09090909090909091
bge_m3,face,face::train::060309.jpg,control_synonym,semantic_preserving,0.8150176413462714,1,49,5,0.036216515421792495,1.0,face::train::081413.jpg,0.7936023473807372,1.0,0.6781027504570102,0.7847553728885679,0.13691489088926123,0.02141529396553421,1.0,1.0
bge_m3,face,face::train::025692.jpg,control_one_fact,semantic_changed,0.841365546409039,2,49,5,0.04104949626238619,1.0,face::train::138886.jpg,0.8487900469656594,0.9795918367346939,0.7346217131121449,0.8193206313295399,0.10674383329689419,-0.0074245005566203615,0.0,0.5
bge_m3,face,face::train::060555.jpg,control_one_fact,semantic_changed,0.7945034843466003,9,49,5,-0.008451048232858138,0.6,face::train::141457.jpg,0.8173073425754263,0.8367346938775511,0.7326322060279851,0.8151307352483138,0.061871278318615275,-0.022803858228825913,0.0,0.1111111111111111
bge_m3,face,face::train::150659.jpg,control_one_fact,semantic_changed,0.769055057859283,17,49,5,-0.010760068178048643,0.4,face::train::138886.jpg,0.8275823141778882,0.673469387755102,0.727015013045375,0.8064787606801743,0.042040044813907995,-0.058527256318605225,0.0,0.058823529411764705
bge_m3,face,face::train::026996.jpg,control_one_fact,semantic_changed,0.8481224520992041,2,49,5,0.030770721050507488,1.0,face::train::091980.jpg,0.8602371664046151,0.9795918367346939,0.7821440373656038,0.8361204971912404,0.06597841473360033,-0.012114714305411,0.0,0.5
bge_m3,face,face::train::042973.jpg,control_one_fact,semantic_changed,0.8197547663815526,9,49,5,-0.01617865855403766,0.4,face::train::138886.jpg,0.8490457306539669,0.8367346938775511,0.7654675430235375,0.8389605017943398,0.05428722335801517,-0.029290964272414288,0.0,0.1111111111111111
bge_m3,face,face::train::092618.jpg,control_one_fact,semantic_changed,0.8011314331874464,10,49,5,-0.023168907427811858,0.8,face::test::196777.jpg,0.8243003406152583,0.8163265306122449,0.7338492891180599,0.8195071872640763,0.06728214406938648,-0.023168907427811858,0.0,0.1
bge_m3,face,face::train::073196.jpg,control_one_fact,semantic_changed,0.7825067250822915,18,49,5,-0.013536029834846808,0.6,face::train::081413.jpg,0.8317808169667225,0.6530612244897959,0.7055167266351381,0.8100714923032145,0.07698999844715337,-0.04927409188443099,0.0,0.05555555555555555
bge_m3,face,face::train::178129.jpg,control_synonym,semantic_preserving,0.8182422770539574,11,49,5,-0.032587474132945826,0.8,face::train::109762.jpg,0.8615291720990824,0.7959183673469388,0.7961038977892859,0.8506415862941568,0.022138379264671437,-0.04328689504512506,0.0,0.09090909090909091
bge_m3,face,face::train::178129.jpg,control_one_fact,semantic_changed,0.8126442096212112,12,49,5,-0.03071406461539372,0.8,face::train::109762.jpg,0.8594538686839607,0.7755102040816326,0.7932802981940887,0.8446180711951111,0.01936391142712246,-0.046809659062749476,0.0,0.08333333333333333
bge_m3,face,face::train::123459.jpg,control_one_fact,semantic_changed,0.7882241511859307,7,49,5,-0.004914775831871054,0.6,face::train::081413.jpg,0.8091205306599505,0.8775510204081632,0.695523576878563,0.7968096491056412,0.09270057430736767,-0.02089637947401979,0.0,0.14285714285714285
bge_m3,face,face::train::088914.jpg,control_synonym,semantic_preserving,0.7685537859755316,11,49,5,-0.00038663663974536355,0.8,face::train::063618.jpg,0.8058297950275028,0.7959183673469388,0.6807192059333429,0.7905796142956221,0.08783458004218869,-0.03727600905197126,0.0,0.09090909090909091
bge_m3,face,face::train::088914.jpg,control_one_fact,semantic_changed,0.743611361988884,12,49,5,0.0014011808587214292,1.0,face::train::063618.jpg,0.7952660665699627,0.7755102040816326,0.6577079172078681,0.771385031247863,0.08590344478101586,-0.05165470458107868,0.0,0.08333333333333333
bge_m3,face,face::train::141457.jpg,control_one_fact,semantic_changed,0.8351901163644574,1,49,5,0.05137531091594949,1.0,face::train::109762.jpg,0.7975405359877736,1.0,0.6913287690268577,0.7672823300531822,0.1438613473375997,0.037649580376683756,1.0,1.0
bge_m3,face,face::train::001042.jpg,control_synonym,semantic_preserving,0.7920744170085304,12,49,5,0.008077234414870849,1.0,face::train::109762.jpg,0.8169493478795615,0.7755102040816326,0.7812004212714247,0.8119196855395834,0.01087399573710568,-0.024874930871031098,0.0,0.08333333333333333
bge_m3,face,face::train::001042.jpg,control_one_fact,semantic_changed,0.7760796518139321,17,49,5,0.002316357055599072,1.0,face::train::109762.jpg,0.8065604745193591,0.673469387755102,0.7664806653238527,0.803515236662639,0.009598986490079398,-0.030480822705426958,0.0,0.058823529411764705
bge_m3,face,face::train::032580.jpg,control_one_fact,semantic_changed,0.853358239179249,15,49,5,-0.011689502562184373,0.4,face::train::081413.jpg,0.883095323664729,0.7142857142857143,0.7672307344575552,0.8657323317173691,0.08612750472169384,-0.02973708448547996,0.0,0.06666666666666667
bge_m3,face,face::test::185812.jpg,control_synonym,semantic_preserving,0.8508490878815637,1,49,5,0.03471115225830179,1.0,face::train::141457.jpg,0.8477603377760163,1.0,0.7281907924664606,0.8327664546492501,0.12265829541510309,0.003088750105547322,1.0,1.0
bge_m3,face,face::test::189858.jpg,control_one_fact,semantic_changed,0.7255444842651182,3,49,5,-0.022313927860640792,0.8,face::train::138886.jpg,0.747858412125759,0.9591836734693877,0.6389902929862128,0.7199799398707396,0.0865541912789054,-0.022313927860640792,0.0,0.3333333333333333
bge_m3,face,face::test::183801.jpg,control_one_fact,semantic_changed,0.7989350639291655,3,49,5,0.027317810928711994,1.0,face::test::196611.jpg,0.8149828851335199,0.9591836734693877,0.699633679459047,0.7787770976809271,0.09930138447011849,-0.01604782120435444,0.0,0.3333333333333333
bge_m3,face,face::test::188858.jpg,control_synonym,semantic_preserving,0.8148192070910774,4,49,5,-0.001969549608938248,0.8,face::train::138886.jpg,0.8296503816043314,0.9387755102040817,0.7320754570933559,0.8132356439541503,0.0827437499977215,-0.014831174513253997,0.0,0.25
bge_m3,face,face::test::188858.jpg,control_one_fact,semantic_changed,0.8005183031118707,3,49,5,0.00013062785171313873,1.0,face::train::138886.jpg,0.8215723881018558,0.9591836734693877,0.713484786729082,0.7956802889152412,0.08703351638278867,-0.021054084989985178,0.0,0.3333333333333333
bge_m3,face,face::test::196777.jpg,control_one_fact,semantic_changed,0.8468279725164938,1,49,5,0.004359826786844545,1.0,face::test::189457.jpg,0.8424681457296492,1.0,0.7465868869331347,0.8347242171271322,0.10024108558335909,0.004359826786844545,1.0,1.0
bge_m3,face,face::test::184003.jpg,control_synonym,semantic_preserving,0.8814603070234078,1,49,5,0.0014384004036605003,1.0,face::test::196777.jpg,0.8800219066197473,1.0,0.7868094629172974,0.8703371340858406,0.09465084410611047,0.0014384004036605003,1.0,1.0
bge_m3,face,face::test::184003.jpg,control_one_fact,semantic_changed,0.8693204035684068,1,49,5,0.0022584604417903442,1.0,face::test::196777.jpg,0.8670619431266164,1.0,0.7822309476950118,0.8584314072569678,0.087089455873395,0.0022584604417903442,1.0,1.0
bge_m3,face,face::test::201409.jpg,control_one_fact,semantic_changed,0.8214812042126634,5,49,5,-0.016544082055893528,0.8,face::test::196777.jpg,0.8380252862685569,0.9183673469387755,0.7455989219273791,0.8267795244694609,0.07588228228528426,-0.016544082055893528,0.0,0.2
bge_m3,face,face::test::196611.jpg,control_synonym,semantic_preserving,0.829176135954594,1,49,5,0.09009130154521328,1.0,face::train::138886.jpg,0.7789837614441064,1.0,0.6754692906035581,0.7427356947112141,0.15370684535103596,0.050192374510487636,1.0,1.0
bge_m3,face,face::test::196611.jpg,control_one_fact,semantic_changed,0.8119580218101932,1,49,5,0.08378818123975496,1.0,face::train::138886.jpg,0.7753628988436234,1.0,0.6705084422705889,0.730780671844332,0.14144957953960424,0.03659512296656975,1.0,1.0
